215, 0, 1, 0, 0
464, 1041655, 1, 0, 0
714, 1720320, 1, 0, 0
965, 688128, 1, 0, 0
1214, 1891726, 1, 0, 0
1464, 2097152, 1, 0, 0
1714, 1900544, 1, 0, 0
1965, 1802240, 1, 0, 0
2214, 1990425, 1, 0, 0
2464, 2310144, 1, 0, 0
2714, 933888, 1, 0, 0
2965, 1835008, 1, 0, 0
3214, 1973975, 1, 0, 0
3464, 2064384, 1, 0, 0
3715, 2162688, 1, 0, 0
3964, 2319421, 1, 0, 0
4214, 2064384, 1, 0, 0
4464, 2326528, 1, 0, 0
4715, 2048000, 1, 0, 0
4964, 1858827, 1, 0, 0
5214, 2260992, 1, 0, 0
5464, 2162688, 1, 0, 0
5714, 2146304, 1, 0, 0
5965, 2310144, 1, 0, 0
6214, 1973975, 1, 0, 0
6464, 1785856, 1, 0, 0
6714, 1769472, 1, 0, 0
6965, 933888, 1, 0, 0
7215, 2015232, 1, 0, 0
7464, 2253622, 1, 0, 0
7714, 1998848, 1, 0, 0
7964, 2162688, 1, 0, 0
8215, 2244608, 1, 0, 0
8464, 2072674, 1, 0, 0
8714, 1638400, 1, 0, 0
8964, 2113536, 1, 0, 0
9215, 2015232, 1, 0, 0
9464, 2368771, 1, 0, 0
9714, 2179072, 1, 0, 0
9964, 2113536, 1, 0, 0
10214, 2244608, 1, 0, 0
10465, 2277376, 1, 0, 0
10714, 2237172, 1, 0, 0
10964, 2195456, 1, 0, 0
11214, 2211840, 1, 0, 0
11464, 2015232, 1, 0, 0
11715, 1949696, 1, 0, 0
11964, 2483919, 1, 0, 0
12214, 2080768, 1, 0, 0
12464, 2244608, 1, 0, 0
12714, 1900544, 1, 0, 0
12965, 2015232, 1, 0, 0
13214, 2039775, 1, 0, 0
13464, 1736704, 1, 0, 0
13714, 2293760, 1, 0, 0
13964, 2162688, 1, 0, 0
14215, 2179072, 1, 0, 0
14464, 2418120, 1, 0, 0
14714, 2129920, 1, 0, 0
14964, 442368, 1, 0, 0
15215, 1982464, 1, 0, 0
15464, 2122024, 1, 0, 0
15714, 2277376, 1, 0, 0
15964, 2310144, 1, 0, 0
16214, 2211840, 1, 0, 0
16465, 2244608, 1, 0, 0
16714, 2056224, 1, 0, 0
16964, 2228224, 1, 0, 0
17214, 2064384, 1, 0, 0
17464, 2244608, 1, 0, 0
17714, 2473984, 1, 0, 0
17965, 1998848, 1, 0, 0
18214, 1727228, 1, 0, 0
18464, 2424832, 1, 0, 0
18714, 2342912, 1, 0, 0
18964, 2228224, 1, 0, 0
19215, 2129920, 1, 0, 0
19464, 2056224, 1, 0, 0
19714, 2441216, 1, 0, 0
19964, 2457600, 1, 0, 0
20214, 2162688, 1, 0, 0
20464, 2506752, 1, 0, 0
20715, 2179072, 1, 0, 0
20964, 2039775, 1, 0, 0
21214, 2326528, 1, 0, 0
21464, 2310144, 1, 0, 0
21714, 2441216, 1, 0, 0
21965, 2605056, 1, 0, 0
22214, 1941076, 1, 0, 0
22464, 1933312, 1, 0, 0
22714, 2342912, 1, 0, 0
22965, 2375680, 1, 0, 0
23214, 2599068, 1, 0, 0
23464, 2326528, 1, 0, 0
23714, 2310144, 1, 0, 0
23964, 2277376, 1, 0, 0
24215, 2473984, 1, 0, 0
24464, 1891726, 1, 0, 0
24714, 2064384, 1, 0, 0
24964, 1736704, 1, 0, 0
25214, 1933312, 1, 0, 0
25464, 2375680, 1, 0, 0
25715, 2015232, 1, 0, 0
25964, 2302971, 1, 0, 0
26214, 2211840, 1, 0, 0
26464, 1818624, 1, 0, 0
26714, 1949696, 1, 0, 0
26965, 2097152, 1, 0, 0
27214, 2418120, 1, 0, 0
27464, 2211840, 1, 0, 0
27714, 1949696, 1, 0, 0
27965, 2031616, 1, 0, 0
28214, 2286522, 1, 0, 0
28464, 2392064, 1, 0, 0
28714, 2490368, 1, 0, 0
28964, 2048000, 1, 0, 0
29215, 2342912, 1, 0, 0
29464, 2006875, 1, 0, 0
29714, 2228224, 1, 0, 0
29964, 1687552, 1, 0, 0
30214, 1916928, 1, 0, 0
30465, 2310144, 1, 0, 0
30714, 2418120, 1, 0, 0
30964, 983040, 1, 0, 0
31214, 1130496, 1, 0, 0
31465, 2211840, 1, 0, 0
31714, 2385220, 1, 0, 0
31964, 2588672, 1, 0, 0
32214, 2424832, 1, 0, 0
32464, 2539520, 1, 0, 0
32715, 2195456, 1, 0, 0
32964, 1941076, 1, 0, 0
33214, 212992, 1, 0, 0
33464, 2015232, 1, 0, 0
33714, 2277376, 1, 0, 0
33965, 2228224, 1, 0, 0
34214, 2072674, 1, 0, 0
34464, 2244608, 1, 0, 0
34714, 2523136, 1, 0, 0
34964, 2146304, 1, 0, 0
35215, 2211840, 1, 0, 0
35464, 2302971, 1, 0, 0
35714, 2473984, 1, 0, 0
35964, 2392064, 1, 0, 0
36214, 1966080, 1, 0, 0
36464, 2572288, 1, 0, 0
36715, 2113536, 1, 0, 0
36964, 1809477, 1, 0, 0
37214, 2490368, 1, 0, 0
37464, 2129920, 1, 0, 0
37714, 2818048, 1, 0, 0
37964, 1957526, 1, 0, 0
38214, 2228224, 1, 0, 0
38464, 1884160, 1, 0, 0
38714, 2228224, 1, 0, 0
38965, 2359296, 1, 0, 0
39214, 2352321, 1, 0, 0
39464, 2326528, 1, 0, 0
39714, 2654208, 1, 0, 0
39964, 2523136, 1, 0, 0
40214, 2375680, 1, 0, 0
40464, 2122024, 1, 0, 0
40714, 1785856, 1, 0, 0
40964, 2211840, 1, 0, 0
41215, 2195456, 1, 0, 0
41465, 2424832, 1, 0, 0
41714, 2105574, 1, 0, 0
41964, 2801664, 1, 0, 0
42214, 2441216, 1, 0, 0
42464, 2129920, 1, 0, 0
42715, 2326528, 1, 0, 0
42964, 2204273, 1, 0, 0
43214, 2146304, 1, 0, 0
43464, 2523136, 1, 0, 0
43714, 2293760, 1, 0, 0
43964, 2654208, 1, 0, 0
44215, 2686976, 1, 0, 0
44464, 2500369, 1, 0, 0
44714, 2179072, 1, 0, 0
44964, 1966080, 1, 0, 0
45214, 2277376, 1, 0, 0
45465, 1900544, 1, 0, 0
45714, 1661429, 1, 0, 0
45964, 2228224, 1, 0, 0
46214, 2342912, 1, 0, 0
46464, 2555904, 1, 0, 0
46715, 2097152, 1, 0, 0
46964, 2681317, 1, 0, 0
47214, 2342912, 1, 0, 0
47464, 2441216, 1, 0, 0
47714, 2228224, 1, 0, 0
47964, 2310144, 1, 0, 0
48215, 2228224, 1, 0, 0
48464, 2368771, 1, 0, 0
48714, 1867776, 1, 0, 0
48964, 2064384, 1, 0, 0
49215, 1933312, 1, 0, 0
49464, 2072674, 1, 0, 0
49714, 2326528, 1, 0, 0
49964, 2244608, 1, 0, 0
50214, 2539520, 1, 0, 0
50464, 2342912, 1, 0, 0
50715, 2490368, 1, 0, 0
50964, 2599068, 1, 0, 0
51214, 2588672, 1, 0, 0
51464, 2539520, 1, 0, 0
51714, 2293760, 1, 0, 0
51965, 1261568, 1, 0, 0
52214, 2566168, 1, 0, 0
52464, 2310144, 1, 0, 0
52714, 2605056, 1, 0, 0
52965, 2424832, 1, 0, 0
53214, 2270072, 1, 0, 0
53464, 2686976, 1, 0, 0
53714, 2260992, 1, 0, 0
53964, 2457600, 1, 0, 0
54215, 2326528, 1, 0, 0
54464, 2451020, 1, 0, 0
54714, 2080768, 1, 0, 0
54964, 2326528, 1, 0, 0
55214, 2490368, 1, 0, 0
55465, 2457600, 1, 0, 0
55714, 2648417, 1, 0, 0
55964, 2260992, 1, 0, 0
56214, 2621440, 1, 0, 0
56465, 2310144, 1, 0, 0
56714, 2319421, 1, 0, 0
56964, 2539520, 1, 0, 0
57214, 2277376, 1, 0, 0
57464, 1998848, 1, 0, 0
57714, 2326528, 1, 0, 0
57965, 2441216, 1, 0, 0
58214, 2171373, 1, 0, 0
58464, 2359296, 1, 0, 0
58714, 2260992, 1, 0, 0
58964, 737280, 1, 0, 0
59215, 2375680, 1, 0, 0
59464, 2615518, 1, 0, 0
59714, 2277376, 1, 0, 0
59964, 2359296, 1, 0, 0
60215, 1884160, 1, 0, 0
60465, 1998848, 1, 0, 0
60714, 2418120, 1, 0, 0
60964, 2588672, 1, 0, 0
61214, 2277376, 1, 0, 0
61464, 2736128, 1, 0, 0
61715, 2244608, 1, 0, 0
61964, 2138473, 1, 0, 0
62214, 2490368, 1, 0, 0
62464, 1916928, 1, 0, 0
62714, 917504, 1, 0, 0
62965, 376832, 1, 0, 0
63214, 1661429, 1, 0, 0
63464, 2932736, 1, 0, 0
63714, 2293760, 1, 0, 0
63965, 2539520, 1, 0, 0
64214, 2566168, 1, 0, 0
64464, 2228224, 1, 0, 0
64714, 2162688, 1, 0, 0
64964, 2048000, 1, 0, 0
65214, 2965504, 1, 0, 0
65465, 2588672, 1, 0, 0
65714, 2631967, 1, 0, 0
65964, 2244608, 1, 0, 0
66214, 2424832, 1, 0, 0
66464, 2654208, 1, 0, 0
66714, 2637824, 1, 0, 0
66964, 2681317, 1, 0, 0
67214, 2342912, 1, 0, 0
67464, 2424832, 1, 0, 0
67714, 2293760, 1, 0, 0
67964, 1900544, 1, 0, 0
68215, 2113536, 1, 0, 0
68464, 2829365, 1, 0, 0
68714, 2260992, 1, 0, 0
68964, 2834432, 1, 0, 0
69215, 2768896, 1, 0, 0
69465, 2883584, 1, 0, 0
69714, 2615518, 1, 0, 0
69964, 2637824, 1, 0, 0
70214, 2555904, 1, 0, 0
70465, 2179072, 1, 0, 0
70714, 2122024, 1, 0, 0
70964, 2834432, 1, 0, 0
71214, 2310144, 1, 0, 0
71464, 2916352, 1, 0, 0
71715, 2539520, 1, 0, 0
71964, 2796465, 1, 0, 0
72214, 2768896, 1, 0, 0
72464, 2621440, 1, 0, 0
72714, 2408448, 1, 0, 0
72965, 2162688, 1, 0, 0
73214, 263196, 1, 0, 0
73464, 2015232, 1, 0, 0
73714, 2228224, 1, 0, 0
73964, 2539520, 1, 0, 0
74215, 2539520, 1, 0, 0
74464, 2533269, 1, 0, 0
74714, 2670592, 1, 0, 0
74964, 2326528, 1, 0, 0
75214, 2129920, 1, 0, 0
75465, 2736128, 1, 0, 0
75714, 2385220, 1, 0, 0
75964, 2506752, 1, 0, 0
76214, 2211840, 1, 0, 0
76464, 2048000, 1, 0, 0
76715, 2654208, 1, 0, 0
76964, 2681317, 1, 0, 0
77214, 2326528, 1, 0, 0
77464, 2736128, 1, 0, 0
77714, 2686976, 1, 0, 0
77964, 2277376, 1, 0, 0
78215, 2359296, 1, 0, 0
78464, 2319421, 1, 0, 0
78714, 2211840, 1, 0, 0
78964, 2392064, 1, 0, 0
79214, 2228224, 1, 0, 0
79465, 2244608, 1, 0, 0
79714, 2664867, 1, 0, 0
79964, 2113536, 1, 0, 0
80214, 1982464, 1, 0, 0
80464, 2310144, 1, 0, 0
80714, 2211840, 1, 0, 0
80965, 2326528, 1, 0, 0
81214, 2286522, 1, 0, 0
81464, 1736704, 1, 0, 0
81714, 2097152, 1, 0, 0
81964, 2260992, 1, 0, 0
82215, 1949696, 1, 0, 0
82464, 2039775, 1, 0, 0
82714, 1785856, 1, 0, 0
82964, 2342912, 1, 0, 0
83214, 2064384, 1, 0, 0
83464, 2293760, 1, 0, 0
83715, 1261568, 1, 0, 0
83964, 625092, 1, 0, 0
84214, 2260992, 1, 0, 0
84464, 2064384, 1, 0, 0
84714, 2064384, 1, 0, 0
84965, 2392064, 1, 0, 0
85214, 1644979, 1, 0, 0
85464, 2637824, 1, 0, 0
85714, 2424832, 1, 0, 0
85964, 2457600, 1, 0, 0
86215, 1933312, 1, 0, 0
86464, 2335871, 1, 0, 0
86714, 1605632, 1, 0, 0
86964, 2441216, 1, 0, 0
87215, 2473984, 1, 0, 0
87464, 2319421, 1, 0, 0
87714, 2244608, 1, 0, 0
87964, 2162688, 1, 0, 0
88214, 2572288, 1, 0, 0
88465, 2015232, 1, 0, 0
88714, 2648417, 1, 0, 0
88964, 2490368, 1, 0, 0
89214, 2129920, 1, 0, 0
89464, 2506752, 1, 0, 0
89715, 2670592, 1, 0, 0
89964, 2549718, 1, 0, 0
90214, 2473984, 1, 0, 0
90464, 2179072, 1, 0, 0
90714, 2850816, 1, 0, 0
90964, 2424832, 1, 0, 0
91214, 2451020, 1, 0, 0
91464, 2392064, 1, 0, 0
91714, 2244608, 1, 0, 0
91964, 2736128, 1, 0, 0
92214, 2473984, 1, 0, 0
92465, 2490368, 1, 0, 0
92714, 2368771, 1, 0, 0
92964, 2015232, 1, 0, 0
93214, 2162688, 1, 0, 0
93464, 2473984, 1, 0, 0
93715, 1638400, 1, 0, 0
93964, 460594, 1, 0, 0
94214, 2342912, 1, 0, 0
94464, 2113536, 1, 0, 0
94714, 2605056, 1, 0, 0
94965, 2260992, 1, 0, 0
95214, 2270072, 1, 0, 0
95464, 2326528, 1, 0, 0
95714, 2277376, 1, 0, 0
95964, 2441216, 1, 0, 0
96214, 2342912, 1, 0, 0
96465, 2293760, 1, 0, 0
96714, 2418120, 1, 0, 0
96964, 2080768, 1, 0, 0
97214, 2228224, 1, 0, 0
97464, 2506752, 1, 0, 0
97715, 2490368, 1, 0, 0
97964, 2023325, 1, 0, 0
98214, 1785856, 1, 0, 0
98464, 999424, 1, 0, 0
98714, 2654208, 1, 0, 0
98965, 1998848, 1, 0, 0
99214, 2401670, 1, 0, 0
99464, 2457600, 1, 0, 0
99714, 1933312, 1, 0, 0
99964, 2457600, 1, 0, 0
100215, 2490368, 1, 0, 0
100464, 2401670, 1, 0, 0
100714, 2424832, 1, 0, 0
100964, 1409024, 1, 0, 0
101214, 2228224, 1, 0, 0
101465, 2260992, 1, 0, 0
101714, 2566168, 1, 0, 0
101964, 2605056, 1, 0, 0
102214, 2605056, 1, 0, 0
102464, 2359296, 1, 0, 0
102715, 2686976, 1, 0, 0
102964, 2319421, 1, 0, 0
103214, 2588672, 1, 0, 0
103464, 2441216, 1, 0, 0
103714, 2539520, 1, 0, 0
103965, 2113536, 1, 0, 0
104214, 2171373, 1, 0, 0
104464, 245760, 1, 0, 0
104714, 2031616, 1, 0, 0
104965, 2555904, 1, 0, 0
105214, 2418120, 1, 0, 0
105464, 2375680, 1, 0, 0
105714, 1949696, 1, 0, 0
105964, 2326528, 1, 0, 0
106214, 2467469, 1, 0, 0
106464, 2818048, 1, 0, 0
106714, 2408448, 1, 0, 0
106964, 2211840, 1, 0, 0
107214, 2293760, 1, 0, 0
107465, 3145728, 1, 0, 0
107714, 2681317, 1, 0, 0
107964, 2736128, 1, 0, 0
108214, 2605056, 1, 0, 0
108464, 2015232, 1, 0, 0
108715, 2080768, 1, 0, 0
108964, 1990425, 1, 0, 0
109214, 2506752, 1, 0, 0
109464, 2539520, 1, 0, 0
109714, 2523136, 1, 0, 0
109965, 2523136, 1, 0, 0
110214, 2566168, 1, 0, 0
110464, 2260992, 1, 0, 0
110714, 2408448, 1, 0, 0
110964, 2129920, 1, 0, 0
111215, 2457600, 1, 0, 0
111464, 2631967, 1, 0, 0
111714, 2342912, 1, 0, 0
111964, 2359296, 1, 0, 0
112214, 2342912, 1, 0, 0
112464, 2441216, 1, 0, 0
112715, 2097152, 1, 0, 0
112964, 2154923, 1, 0, 0
113214, 2162688, 1, 0, 0
113464, 180224, 1, 0, 0
113714, 2064384, 1, 0, 0
113965, 2097152, 1, 0, 0
114214, 2418120, 1, 0, 0
114464, 2555904, 1, 0, 0
114714, 2179072, 1, 0, 0
114964, 2670592, 1, 0, 0
115215, 2506752, 1, 0, 0
115464, 2253622, 1, 0, 0
115714, 2228224, 1, 0, 0
115964, 2703360, 1, 0, 0
116214, 2375680, 1, 0, 0
116465, 1982464, 1, 0, 0
116714, 2549718, 1, 0, 0
116964, 2539520, 1, 0, 0
117214, 2654208, 1, 0, 0
117464, 2408448, 1, 0, 0
117715, 2277376, 1, 0, 0
117964, 2582618, 1, 0, 0
118214, 2539520, 1, 0, 0
118464, 2441216, 1, 0, 0
118714, 1589248, 1, 0, 0
118964, 2146304, 1, 0, 0
119215, 2260992, 1, 0, 0
119464, 2483919, 1, 0, 0
119714, 1982464, 1, 0, 0
119964, 2572288, 1, 0, 0
120214, 2506752, 1, 0, 0
120465, 2686976, 1, 0, 0
120714, 2500369, 1, 0, 0
120964, 2064384, 1, 0, 0
121214, 2408448, 1, 0, 0
121464, 2490368, 1, 0, 0
121714, 2195456, 1, 0, 0
121965, 1867776, 1, 0, 0
122214, 1315983, 1, 0, 0
122464, 1196032, 1, 0, 0
122714, 2310144, 1, 0, 0
122965, 2424832, 1, 0, 0
123214, 2385220, 1, 0, 0
123464, 2392064, 1, 0, 0
123714, 2523136, 1, 0, 0
123964, 2555904, 1, 0, 0
124215, 2195456, 1, 0, 0
124464, 2516819, 1, 0, 0
124714, 2588672, 1, 0, 0
124964, 1966080, 1, 0, 0
125214, 16384, 1, 0, 0
125464, 1163264, 1, 0, 0
125715, 2654208, 1, 0, 0
125964, 2845815, 1, 0, 0
126214, 2342912, 1, 0, 0
126464, 2408448, 1, 0, 0
126714, 1982464, 1, 0, 0
126965, 2801664, 1, 0, 0
127214, 2368771, 1, 0, 0
127464, 2129920, 1, 0, 0
127714, 2473984, 1, 0, 0
127964, 2555904, 1, 0, 0
128215, 2605056, 1, 0, 0
128464, 2434570, 1, 0, 0
128714, 753664, 1, 0, 0
128964, 3031040, 1, 0, 0
129214, 2621440, 1, 0, 0
129464, 2408448, 1, 0, 0
129715, 2555904, 1, 0, 0
129964, 2434570, 1, 0, 0
130214, 2015232, 1, 0, 0
130464, 1425408, 1, 0, 0
130714, 2834432, 1, 0, 0
130965, 2768896, 1, 0, 0
131214, 2286522, 1, 0, 0
131464, 2654208, 1, 0, 0
131714, 2490368, 1, 0, 0
131964, 2260992, 1, 0, 0
132215, 2195456, 1, 0, 0
132464, 1184385, 1, 0, 0
132714, 2768896, 1, 0, 0
132964, 2605056, 1, 0, 0
133215, 2555904, 1, 0, 0
133464, 2286522, 1, 0, 0
133714, 1867776, 1, 0, 0
133964, 1572864, 1, 0, 0
134214, 2949120, 1, 0, 0
134465, 2588672, 1, 0, 0
134714, 2599068, 1, 0, 0
134964, 1785856, 1, 0, 0
135214, 1179648, 1, 0, 0
135465, 835584, 1, 0, 0
135715, 2408448, 1, 0, 0
135964, 2533269, 1, 0, 0
136214, 1884160, 1, 0, 0
136464, 2015232, 1, 0, 0
136714, 2424832, 1, 0, 0
136965, 2392064, 1, 0, 0
137214, 2368771, 1, 0, 0
137464, 2506752, 1, 0, 0
137714, 2441216, 1, 0, 0
137965, 1982464, 1, 0, 0
138214, 1760128, 1, 0, 0
138464, 1622016, 1, 0, 0
138714, 2359296, 1, 0, 0
138964, 2129920, 1, 0, 0
139215, 2277376, 1, 0, 0
139464, 2187823, 1, 0, 0
139714, 2162688, 1, 0, 0
139964, 1622016, 1, 0, 0
140215, 1228800, 1, 0, 0
140465, 770048, 1, 0, 0
140714, 1496931, 1, 0, 0
140964, 950272, 1, 0, 0
141214, 1589248, 1, 0, 0
141465, 1523712, 1, 0, 0
141714, 1283084, 1, 0, 0
141964, 1327104, 1, 0, 0
142214, 1294336, 1, 0, 0
142465, 1245184, 1, 0, 0
142714, 559293, 1, 0, 0
142964, 212992, 1, 0, 0
143214, 0, 1, 0, 0
143464, 0, 1, 0, 0
143715, 819200, 1, 0, 0
143965, 720896, 1, 0, 0
144214, 921188, 1, 0, 0
144464, 393216, 1, 0, 0
144714, 0, 1, 0, 0
144964, 0, 1, 0, 0
145214, 0, 1, 0, 0
145464, 0, 1, 0, 0
145714, 0, 1, 0, 0
145964, 0, 1, 0, 0
146214, 0, 1, 0, 0
146464, 0, 1, 0, 0
146714, 0, 1, 0, 0
146964, 0, 1, 0, 0
147214, 0, 1, 0, 0
147464, 0, 1, 0, 0
147714, 0, 1, 0, 0
147964, 0, 1, 0, 0
148214, 0, 1, 0, 0
148464, 0, 1, 0, 0
148714, 0, 1, 0, 0
148964, 0, 1, 0, 0
149214, 0, 1, 0, 0
149464, 0, 1, 0, 0
149714, 0, 1, 0, 0
149964, 0, 1, 0, 0
150214, 0, 1, 0, 0
150464, 0, 1, 0, 0
150714, 0, 1, 0, 0
150964, 0, 1, 0, 0
151214, 0, 1, 0, 0
151464, 0, 1, 0, 0
151714, 0, 1, 0, 0
151964, 0, 1, 0, 0
152214, 0, 1, 0, 0
152464, 0, 1, 0, 0
152714, 0, 1, 0, 0
152964, 0, 1, 0, 0
153214, 0, 1, 0, 0
153464, 0, 1, 0, 0
153714, 0, 1, 0, 0
153964, 0, 1, 0, 0
154214, 0, 1, 0, 0
154464, 0, 1, 0, 0
154714, 0, 1, 0, 0
154964, 0, 1, 0, 0
155214, 0, 1, 0, 0
155464, 0, 1, 0, 0
155714, 0, 1, 0, 0
155964, 0, 1, 0, 0
156214, 0, 1, 0, 0
156464, 0, 1, 0, 0
156714, 0, 1, 0, 0
156964, 0, 1, 0, 0
157214, 0, 1, 0, 0
157464, 0, 1, 0, 0
157714, 0, 1, 0, 0
157964, 0, 1, 0, 0
158214, 0, 1, 0, 0
158464, 0, 1, 0, 0
158714, 0, 1, 0, 0
158964, 0, 1, 0, 0
159214, 0, 1, 0, 0
159464, 0, 1, 0, 0
159714, 0, 1, 0, 0
159964, 0, 1, 0, 0
160215, 0, 1, 0, 0
160464, 0, 1, 0, 0
160714, 0, 1, 0, 0
160964, 0, 1, 0, 0
161214, 0, 1, 0, 0
161464, 0, 1, 0, 0
161714, 0, 1, 0, 0
161964, 0, 1, 0, 0
162214, 0, 1, 0, 0
162465, 0, 1, 0, 0
162714, 0, 1, 0, 0
162964, 0, 1, 0, 0
163214, 0, 1, 0, 0
163464, 0, 1, 0, 0
163714, 966656, 1, 0, 0
163964, 1474560, 1, 0, 0
164215, 114688, 1, 0, 0
164464, 0, 1, 0, 0
164714, 999424, 1, 0, 0
164964, 1163264, 1, 0, 0
165214, 81920, 1, 0, 0
165465, 0, 1, 0, 0
165714, 1036337, 1, 0, 0
165964, 1277952, 1, 0, 0
166214, 278528, 1, 0, 0
166464, 376832, 1, 0, 0
166715, 1032192, 1, 0, 0
166964, 49349, 1, 0, 0
167214, 0, 1, 0, 0
167464, 278528, 1, 0, 0
167714, 1572864, 1, 0, 0
167965, 1540096, 1, 0, 0
168214, 559293, 1, 0, 0
168464, 360448, 1, 0, 0
168714, 2719744, 1, 0, 0
168965, 1343488, 1, 0, 0
169215, 196608, 1, 0, 0
169464, 312546, 1, 0, 0
169714, 1835008, 1, 0, 0
169964, 606208, 1, 0, 0
170214, 0, 1, 0, 0
170464, 230297, 1, 0, 0
170714, 1867776, 1, 0, 0
170964, 425984, 1, 0, 0
171214, 0, 1, 0, 0
171464, 360448, 1, 0, 0
171715, 1687552, 1, 0, 0
171964, 789590, 1, 0, 0
172214, 360448, 1, 0, 0
172464, 278528, 1, 0, 0
172714, 2310144, 1, 0, 0
172965, 1556480, 1, 0, 0
173214, 460594, 1, 0, 0
173464, 278528, 1, 0, 0
173714, 2064384, 1, 0, 0
173964, 901120, 1, 0, 0
174215, 81920, 1, 0, 0
174464, 131598, 1, 0, 0
174714, 901120, 1, 0, 0
174964, 1212416, 1, 0, 0
175214, 622592, 1, 0, 0
175465, 278528, 1, 0, 0
175714, 2631967, 1, 0, 0
175964, 2490368, 1, 0, 0
176214, 2490368, 1, 0, 0
176465, 2752512, 1, 0, 0
176714, 2335871, 1, 0, 0
176964, 2752512, 1, 0, 0
177214, 2490368, 1, 0, 0
177464, 2310144, 1, 0, 0
177715, 2654208, 1, 0, 0
177964, 2714216, 1, 0, 0
178214, 2801664, 1, 0, 0
178464, 2752512, 1, 0, 0
178714, 2818048, 1, 0, 0
178965, 3031040, 1, 0, 0
179214, 2845815, 1, 0, 0
179464, 2965504, 1, 0, 0
179714, 2670592, 1, 0, 0
179964, 2703360, 1, 0, 0
180215, 2588672, 1, 0, 0
180465, 1245184, 1, 0, 0
180714, 2944514, 1, 0, 0
180964, 2670592, 1, 0, 0
181214, 2801664, 1, 0, 0
181465, 2981888, 1, 0, 0
181714, 2434570, 1, 0, 0
181964, 3047424, 1, 0, 0
182214, 2867200, 1, 0, 0
182464, 2785280, 1, 0, 0
182715, 2703360, 1, 0, 0
182964, 3240610, 1, 0, 0
183214, 2588672, 1, 0, 0
183464, 2949120, 1, 0, 0
183714, 3145728, 1, 0, 0
183965, 2883584, 1, 0, 0
184214, 2467469, 1, 0, 0
184464, 2621440, 1, 0, 0
184714, 1998848, 1, 0, 0
184964, 2916352, 1, 0, 0
185215, 3145728, 1, 0, 0
185464, 3026763, 1, 0, 0
185714, 2424832, 1, 0, 0
185964, 2818048, 1, 0, 0
186214, 2670592, 1, 0, 0
186465, 2523136, 1, 0, 0
186714, 2944514, 1, 0, 0
186964, 3178496, 1, 0, 0
187214, 2949120, 1, 0, 0
187464, 2785280, 1, 0, 0
187715, 2424832, 1, 0, 0
187964, 2648417, 1, 0, 0
188214, 2490368, 1, 0, 0
188464, 2686976, 1, 0, 0
188714, 2605056, 1, 0, 0
188964, 2998272, 1, 0, 0
189214, 2944514, 1, 0, 0
189464, 2752512, 1, 0, 0
189714, 2834432, 1, 0, 0
189964, 2768896, 1, 0, 0
190214, 2834432, 1, 0, 0
190465, 3112960, 1, 0, 0
190714, 2730666, 1, 0, 0
190964, 2965504, 1, 0, 0
191214, 3014656, 1, 0, 0
191464, 2736128, 1, 0, 0
191715, 2441216, 1, 0, 0
191964, 2549718, 1, 0, 0
192214, 2408448, 1, 0, 0
192464, 2949120, 1, 0, 0
192715, 2818048, 1, 0, 0
192965, 2736128, 1, 0, 0
193214, 3010313, 1, 0, 0
193464, 3407872, 1, 0, 0
193714, 3244032, 1, 0, 0
193964, 917504, 1, 0, 0
194215, 2342912, 1, 0, 0
194464, 2582618, 1, 0, 0
194714, 2048000, 1, 0, 0
194964, 1556480, 1, 0, 0
195215, 2293760, 1, 0, 0
195464, 1233734, 1, 0, 0
195714, 1622016, 1, 0, 0
195964, 1572864, 1, 0, 0
196215, 1589248, 1, 0, 0
196465, 1540096, 1, 0, 0
196714, 1283084, 1, 0, 0
196964, 2621440, 1, 0, 0
197214, 3047424, 1, 0, 0
197465, 3080192, 1, 0, 0
197714, 2845815, 1, 0, 0
197964, 1523712, 1, 0, 0
198214, 983040, 1, 0, 0
198464, 1130496, 1, 0, 0
198715, 1146880, 1, 0, 0
198964, 394795, 1, 0, 0
199214, 131072, 1, 0, 0
199464, 0, 1, 0, 0
199714, 2473984, 1, 0, 0
199964, 802816, 1, 0, 0
200215, 229376, 1, 0, 0
200464, 723791, 1, 0, 0
200714, 524288, 1, 0, 0
200964, 458752, 1, 0, 0
201215, 737280, 1, 0, 0
201464, 1644979, 1, 0, 0
201714, 917504, 1, 0, 0
201964, 1425408, 1, 0, 0
202215, 1507328, 1, 0, 0
202464, 1924626, 1, 0, 0
202714, 2293760, 1, 0, 0
202964, 2293760, 1, 0, 0
203214, 606208, 1, 0, 0
203465, 0, 1, 0, 0
203714, 0, 1, 0, 0
203964, 0, 1, 0, 0
204214, 0, 1, 0, 0
204464, 0, 1, 0, 0
204714, 0, 1, 0, 0
204964, 0, 1, 0, 0
205214, 32768, 1, 0, 0
205464, 16384, 1, 0, 0
205714, 378345, 1, 0, 0
205964, 0, 1, 0, 0
206214, 0, 1, 0, 0
206464, 0, 1, 0, 0
206714, 0, 1, 0, 0
206964, 0, 1, 0, 0
207214, 0, 1, 0, 0
207465, 147456, 1, 0, 0
207714, 444144, 1, 0, 0
207964, 524288, 1, 0, 0
208214, 475136, 1, 0, 0
208464, 458752, 1, 0, 0
208715, 671744, 1, 0, 0
208965, 491520, 1, 0, 0
209214, 509943, 1, 0, 0
209464, 557056, 1, 0, 0
209714, 540672, 1, 0, 0
209965, 573440, 1, 0, 0
210214, 246746, 1, 0, 0
210464, 32768, 1, 0, 0
210714, 0, 1, 0, 0
210964, 0, 1, 0, 0
211214, 0, 1, 0, 0
211464, 0, 1, 0, 0
211714, 65536, 1, 0, 0
211964, 394795, 1, 0, 0
212214, 425984, 1, 0, 0
212464, 0, 1, 0, 0
212714, 0, 1, 0, 0
212964, 16384, 1, 0, 0
213214, 212992, 1, 0, 0
213465, 770048, 1, 0, 0
213714, 789590, 1, 0, 0
213964, 851968, 1, 0, 0
214214, 671744, 1, 0, 0
214465, 704512, 1, 0, 0
214714, 427694, 1, 0, 0
214964, 0, 1, 0, 0
215214, 0, 1, 0, 0
215464, 0, 1, 0, 0
215714, 65536, 1, 0, 0
215964, 0, 1, 0, 0
216214, 0, 1, 0, 0
216464, 0, 1, 0, 0
216714, 0, 1, 0, 0
216964, 0, 1, 0, 0
217214, 0, 1, 0, 0
217464, 0, 1, 0, 0
217714, 49152, 1, 0, 0
217964, 81920, 1, 0, 0
218214, 0, 1, 0, 0
218464, 0, 1, 0, 0
218714, 32768, 1, 0, 0
218964, 0, 1, 0, 0
219214, 0, 1, 0, 0
219464, 0, 1, 0, 0
219714, 245760, 1, 0, 0
219964, 0, 1, 0, 0
220214, 0, 1, 0, 0
220464, 0, 1, 0, 0
220714, 1359872, 1, 0, 0
220964, 1409024, 1, 0, 0
221214, 1884160, 1, 0, 0
221464, 1966080, 1, 0, 0
221715, 1851392, 1, 0, 0
221964, 1710779, 1, 0, 0
222214, 1720320, 1, 0, 0
222464, 1998848, 1, 0, 0
222714, 2539520, 1, 0, 0
222964, 2293760, 1, 0, 0
223215, 2457600, 1, 0, 0
223464, 2220722, 1, 0, 0
223714, 2277376, 1, 0, 0
223964, 2408448, 1, 0, 0
224215, 1916928, 1, 0, 0
224464, 2829365, 1, 0, 0
224714, 2703360, 1, 0, 0
224964, 2326528, 1, 0, 0
225215, 2359296, 1, 0, 0
225464, 1299534, 1, 0, 0
225714, 2031616, 1, 0, 0
225964, 1638400, 1, 0, 0
226215, 475136, 1, 0, 0
226465, 1425408, 1, 0, 0
226714, 855389, 1, 0, 0
226964, 409600, 1, 0, 0
227214, 1114112, 1, 0, 0
227465, 524288, 1, 0, 0
227714, 493493, 1, 0, 0
227964, 98304, 1, 0, 0
228214, 16384, 1, 0, 0
228464, 376832, 1, 0, 0
228715, 524288, 1, 0, 0
228964, 32899, 1, 0, 0
229214, 737280, 1, 0, 0
229464, 1179648, 1, 0, 0
229714, 131072, 1, 0, 0
229964, 1196032, 1, 0, 0
230215, 2146304, 1, 0, 0
230464, 2253622, 1, 0, 0
230714, 1785856, 1, 0, 0
230964, 2228224, 1, 0, 0
231215, 1736704, 1, 0, 0
231465, 720896, 1, 0, 0
231714, 1184385, 1, 0, 0
231964, 819200, 1, 0, 0
232214, 1720320, 1, 0, 0
232465, 2260992, 1, 0, 0
232714, 1036337, 1, 0, 0
232964, 1441792, 1, 0, 0
233214, 819200, 1, 0, 0
233465, 2277376, 1, 0, 0
233714, 2122024, 1, 0, 0
233964, 1966080, 1, 0, 0
234214, 704512, 1, 0, 0
234464, 2555904, 1, 0, 0
234714, 851968, 1, 0, 0
234965, 2113536, 1, 0, 0
235214, 1365333, 1, 0, 0
235464, 1196032, 1, 0, 0
235714, 1409024, 1, 0, 0
235965, 344064, 1, 0, 0
236214, 1431132, 1, 0, 0
236464, 1425408, 1, 0, 0
236714, 1867776, 1, 0, 0
236964, 606208, 1, 0, 0
237215, 1179648, 1, 0, 0
237464, 2056224, 1, 0, 0
237714, 1540096, 1, 0, 0
237964, 720896, 1, 0, 0
238214, 507904, 1, 0, 0
238465, 737280, 1, 0, 0
238715, 2113536, 1, 0, 0
238964, 1842377, 1, 0, 0
239214, 999424, 1, 0, 0
239464, 737280, 1, 0, 0
239715, 212992, 1, 0, 0
239964, 0, 1, 0, 0
240214, 0, 1, 0, 0
240464, 0, 1, 0, 0
240714, 0, 1, 0, 0
240964, 0, 1, 0, 0
241214, 0, 1, 0, 0
241465, 0, 1, 0, 0
241714, 65799, 1, 0, 0
241964, 311296, 1, 0, 0
242214, 196608, 1, 0, 0
242464, 0, 1, 0, 0
242714, 0, 1, 0, 0
242964, 131072, 1, 0, 0
243215, 1130496, 1, 0, 0
243464, 1283084, 1, 0, 0
243714, 294912, 1, 0, 0
243964, 0, 1, 0, 0
244214, 0, 1, 0, 0
244464, 0, 1, 0, 0
244715, 409600, 1, 0, 0
244965, 0, 1, 0, 0
245214, 0, 1, 0, 0
245464, 0, 1, 0, 0
245714, 212992, 1, 0, 0
245964, 0, 1, 0, 0
246214, 0, 1, 0, 0
246464, 0, 1, 0, 0
246714, 0, 1, 0, 0
246964, 147456, 1, 0, 0
247214, 81920, 1, 0, 0
247464, 0, 1, 0, 0
247714, 0, 1, 0, 0
247964, 1261568, 1, 0, 0
248215, 1884160, 1, 0, 0
248464, 1825927, 1, 0, 0
248714, 409600, 1, 0, 0
248964, 0, 1, 0, 0
249214, 0, 1, 0, 0
249464, 0, 1, 0, 0
249715, 65536, 1, 0, 0
249964, 0, 1, 0, 0
250214, 0, 1, 0, 0
250464, 0, 1, 0, 0
250714, 81920, 1, 0, 0
250964, 0, 1, 0, 0
251214, 0, 1, 0, 0
251464, 0, 1, 0, 0
251714, 16384, 1, 0, 0
251964, 394795, 1, 0, 0
252214, 0, 1, 0, 0
252464, 0, 1, 0, 0
252714, 114688, 1, 0, 0
252964, 0, 1, 0, 0
253214, 0, 1, 0, 0
253464, 0, 1, 0, 0
253714, 163840, 1, 0, 0
253964, 0, 1, 0, 0
254214, 0, 1, 0, 0
254464, 0, 1, 0, 0
254714, 606208, 1, 0, 0
254964, 2457600, 1, 0, 0
255214, 2408448, 1, 0, 0
255465, 2441216, 1, 0, 0
255714, 2730666, 1, 0, 0
255964, 3112960, 1, 0, 0
256214, 2834432, 1, 0, 0
256464, 2539520, 1, 0, 0
256714, 2506752, 1, 0, 0
256965, 2670592, 1, 0, 0
257214, 2039775, 1, 0, 0
257464, 1212416, 1, 0, 0
257715, 1097728, 1, 0, 0
257964, 2270072, 1, 0, 0
258214, 2473984, 1, 0, 0
258464, 1966080, 1, 0, 0
258714, 2490368, 1, 0, 0
258965, 2392064, 1, 0, 0
259214, 2549718, 1, 0, 0
259464, 2424832, 1, 0, 0
259714, 2883584, 1, 0, 0
259964, 2818048, 1, 0, 0
260214, 2392064, 1, 0, 0
260465, 2572288, 1, 0, 0
260714, 2418120, 1, 0, 0
260964, 2097152, 1, 0, 0
261214, 2228224, 1, 0, 0
261464, 1785856, 1, 0, 0
261714, 1736704, 1, 0, 0
261965, 1835008, 1, 0, 0
262214, 2187823, 1, 0, 0
262464, 1851392, 1, 0, 0
262714, 2424832, 1, 0, 0
262965, 2785280, 1, 0, 0
263214, 2648417, 1, 0, 0
263464, 2473984, 1, 0, 0
263714, 2375680, 1, 0, 0
263964, 802816, 1, 0, 0
264215, 999424, 1, 0, 0
264464, 838939, 1, 0, 0
264714, 2572288, 1, 0, 0
264964, 2883584, 1, 0, 0
265215, 2883584, 1, 0, 0
265465, 2637824, 1, 0, 0
265714, 1990425, 1, 0, 0
265964, 2441216, 1, 0, 0
266215, 2392064, 1, 0, 0
266464, 1414682, 1, 0, 0
266714, 1376256, 1, 0, 0
266964, 2605056, 1, 0, 0
267214, 1245184, 1, 0, 0
267464, 2768896, 1, 0, 0
267715, 2195456, 1, 0, 0
267964, 2812915, 1, 0, 0
268214, 2916352, 1, 0, 0
268464, 2932736, 1, 0, 0
268714, 3211264, 1, 0, 0
268964, 2500369, 1, 0, 0
269214, 2113536, 1, 0, 0
269464, 1638400, 1, 0, 0
269714, 1671168, 1, 0, 0
269964, 933888, 1, 0, 0
270215, 1720320, 1, 0, 0
270464, 1908176, 1, 0, 0
270714, 98304, 1, 0, 0
270964, 0, 1, 0, 0
271214, 0, 1, 0, 0
271464, 0, 1, 0, 0
271714, 0, 1, 0, 0
271964, 0, 1, 0, 0
272214, 0, 1, 0, 0
272464, 0, 1, 0, 0
272714, 49152, 1, 0, 0
272964, 0, 1, 0, 0
273214, 0, 1, 0, 0
273464, 327680, 1, 0, 0
273714, 0, 1, 0, 0
273964, 115148, 1, 0, 0
274214, 802816, 1, 0, 0
274464, 622592, 1, 0, 0
274714, 1343488, 1, 0, 0
274964, 1310720, 1, 0, 0
275215, 458752, 1, 0, 0
275464, 1151485, 1, 0, 0
275714, 1048576, 1, 0, 0
275964, 1343488, 1, 0, 0
276214, 557056, 1, 0, 0
276465, 1245184, 1, 0, 0
276714, 1513381, 1, 0, 0
276964, 1474560, 1, 0, 0
277215, 1261568, 1, 0, 0
277464, 542843, 1, 0, 0
277714, 147456, 1, 0, 0
277964, 0, 1, 0, 0
278214, 0, 1, 0, 0
278464, 0, 1, 0, 0
278714, 16449, 1, 0, 0
278964, 147456, 1, 0, 0
279214, 0, 1, 0, 0
279464, 0, 1, 0, 0
279714, 0, 1, 0, 0
279964, 245760, 1, 0, 0
280214, 0, 1, 0, 0
280464, 0, 1, 0, 0
280714, 0, 1, 0, 0
280964, 0, 1, 0, 0
281214, 163840, 1, 0, 0
281464, 917504, 1, 0, 0
281714, 1327104, 1, 0, 0
281965, 1310720, 1, 0, 0
282214, 1365333, 1, 0, 0
282464, 1638400, 1, 0, 0
282715, 737280, 1, 0, 0
282964, 0, 1, 0, 0
283214, 0, 1, 0, 0
283464, 0, 1, 0, 0
283714, 131072, 1, 0, 0
283964, 0, 1, 0, 0
284215, 0, 1, 0, 0
284464, 0, 1, 0, 0
284714, 0, 1, 0, 0
284964, 16384, 1, 0, 0
285214, 0, 1, 0, 0
285464, 0, 1, 0, 0
285714, 0, 1, 0, 0
285964, 180224, 1, 0, 0
286215, 0, 1, 0, 0
286464, 0, 1, 0, 0
286714, 65536, 1, 0, 0
286964, 0, 1, 0, 0
287214, 0, 1, 0, 0
287464, 0, 1, 0, 0
287714, 163840, 1, 0, 0
287964, 0, 1, 0, 0
288214, 0, 1, 0, 0
288464, 0, 1, 0, 0
288714, 901120, 1, 0, 0
288964, 2539520, 1, 0, 0
289215, 1933312, 1, 0, 0
289464, 2089124, 1, 0, 0
289714, 2310144, 1, 0, 0
289964, 1835008, 1, 0, 0
290214, 2637824, 1, 0, 0
290465, 2654208, 1, 0, 0
290714, 2302971, 1, 0, 0
290964, 2719744, 1, 0, 0
291214, 2424832, 1, 0, 0
291465, 2392064, 1, 0, 0
291714, 2747116, 1, 0, 0
291964, 2605056, 1, 0, 0
292214, 1916928, 1, 0, 0
292464, 1163264, 1, 0, 0
292715, 2326528, 1, 0, 0
292964, 1957526, 1, 0, 0
293214, 2048000, 1, 0, 0
293464, 2686976, 1, 0, 0
293714, 2441216, 1, 0, 0
293965, 2654208, 1, 0, 0
294214, 2862265, 1, 0, 0
294464, 2523136, 1, 0, 0
294714, 2686976, 1, 0, 0
294964, 2605056, 1, 0, 0
295215, 2523136, 1, 0, 0
295464, 707341, 1, 0, 0
295714, 2523136, 1, 0, 0
295964, 2457600, 1, 0, 0
296215, 2555904, 1, 0, 0
296464, 2138473, 1, 0, 0
296714, 2015232, 1, 0, 0
296964, 1409024, 1, 0, 0
297215, 1671168, 1, 0, 0
297464, 2122024, 1, 0, 0
297714, 2654208, 1, 0, 0
297964, 2277376, 1, 0, 0
298214, 2621440, 1, 0, 0
298465, 2703360, 1, 0, 0
298714, 1299534, 1, 0, 0
298964, 2146304, 1, 0, 0
299214, 2244608, 1, 0, 0
299465, 1064960, 1, 0, 0
299714, 1875277, 1, 0, 0
299964, 2228224, 1, 0, 0
300214, 983040, 1, 0, 0
300464, 1884160, 1, 0, 0
300715, 1507328, 1, 0, 0
300964, 937638, 1, 0, 0
301214, 2457600, 1, 0, 0
301465, 2113536, 1, 0, 0
301715, 2211840, 1, 0, 0
301964, 2401670, 1, 0, 0
302214, 1720320, 1, 0, 0
302464, 360448, 1, 0, 0
302715, 638976, 1, 0, 0
302964, 0, 1, 0, 0
303214, 0, 1, 0, 0
303464, 0, 1, 0, 0
303714, 0, 1, 0, 0
303964, 32768, 1, 0, 0
304214, 16384, 1, 0, 0
304464, 0, 1, 0, 0
304714, 0, 1, 0, 0
304964, 0, 1, 0, 0
305214, 0, 1, 0, 0
305464, 0, 1, 0, 0
305714, 294912, 1, 0, 0
305964, 147456, 1, 0, 0
306214, 0, 1, 0, 0
306465, 442368, 1, 0, 0
306714, 1217285, 1, 0, 0
306964, 770048, 1, 0, 0
307214, 1409024, 1, 0, 0
307464, 1589248, 1, 0, 0
307715, 1851392, 1, 0, 0
307964, 1661429, 1, 0, 0
308214, 1884160, 1, 0, 0
308464, 1802240, 1, 0, 0
308714, 1654784, 1, 0, 0
308965, 1720320, 1, 0, 0
309214, 1644979, 1, 0, 0
309464, 1998848, 1, 0, 0
309715, 688128, 1, 0, 0
309964, 0, 1, 0, 0
310214, 0, 1, 0, 0
310464, 0, 1, 0, 0
310714, 16384, 1, 0, 0
310964, 0, 1, 0, 0
311214, 0, 1, 0, 0
311464, 0, 1, 0, 0
311715, 32768, 1, 0, 0
311964, 164497, 1, 0, 0
312214, 344064, 1, 0, 0
312464, 442368, 1, 0, 0
312714, 98304, 1, 0, 0
312965, 376832, 1, 0, 0
313214, 1135036, 1, 0, 0
313464, 1490944, 1, 0, 0
313714, 1654784, 1, 0, 0
313964, 1605632, 1, 0, 0
314215, 1785856, 1, 0, 0
314464, 1529831, 1, 0, 0
314714, 1392640, 1, 0, 0
314964, 0, 1, 0, 0
315214, 0, 1, 0, 0
315464, 0, 1, 0, 0
315714, 16384, 1, 0, 0
315964, 296096, 1, 0, 0
316214, 0, 1, 0, 0
316464, 0, 1, 0, 0
316714, 16384, 1, 0, 0
316964, 32768, 1, 0, 0
317214, 0, 1, 0, 0
317464, 0, 1, 0, 0
317714, 0, 1, 0, 0
317964, 180947, 1, 0, 0
318214, 0, 1, 0, 0
318464, 0, 1, 0, 0
318714, 32768, 1, 0, 0
318964, 0, 1, 0, 0
319214, 0, 1, 0, 0
319464, 0, 1, 0, 0
319714, 81920, 1, 0, 0
319965, 32768, 1, 0, 0
320214, 0, 1, 0, 0
320464, 0, 1, 0, 0
320714, 376832, 1, 0, 0
320964, 1605632, 1, 0, 0
321214, 2195456, 1, 0, 0
321465, 1998848, 1, 0, 0
321714, 1875277, 1, 0, 0
321964, 2195456, 1, 0, 0
322214, 1949696, 1, 0, 0
322464, 2375680, 1, 0, 0
322715, 2605056, 1, 0, 0
322964, 2418120, 1, 0, 0
323214, 1998848, 1, 0, 0
323464, 2342912, 1, 0, 0
323714, 1900544, 1, 0, 0
323964, 2408448, 1, 0, 0
324214, 2582618, 1, 0, 0
324464, 2392064, 1, 0, 0
324714, 2359296, 1, 0, 0
324964, 1998848, 1, 0, 0
325215, 2195456, 1, 0, 0
325465, 1687552, 1, 0, 0
325714, 1776578, 1, 0, 0
325964, 1966080, 1, 0, 0
326214, 2326528, 1, 0, 0
326464, 1769472, 1, 0, 0
326715, 1703936, 1, 0, 0
326964, 2599068, 1, 0, 0
327214, 2588672, 1, 0, 0
327464, 2113536, 1, 0, 0
327714, 1277952, 1, 0, 0
327965, 2310144, 1, 0, 0
328214, 1973975, 1, 0, 0
328464, 2129920, 1, 0, 0
328714, 950272, 1, 0, 0
328964, 16384, 1, 0, 0
329215, 589824, 1, 0, 0
329464, 2302971, 1, 0, 0
329714, 2277376, 1, 0, 0
329964, 1933312, 1, 0, 0
330214, 2686976, 1, 0, 0
330465, 2310144, 1, 0, 0
330714, 937638, 1, 0, 0
330964, 1540096, 1, 0, 0
331214, 458752, 1, 0, 0
331464, 2768896, 1, 0, 0
331715, 1966080, 1, 0, 0
331964, 954088, 1, 0, 0
332214, 2736128, 1, 0, 0
332464, 2441216, 1, 0, 0
332714, 2326528, 1, 0, 0
332965, 1720320, 1, 0, 0
333214, 1957526, 1, 0, 0
333464, 2457600, 1, 0, 0
333714, 2555904, 1, 0, 0
333964, 2490368, 1, 0, 0
334215, 2244608, 1, 0, 0
334464, 2072674, 1, 0, 0
334714, 2048000, 1, 0, 0
334964, 2244608, 1, 0, 0
335214, 2588672, 1, 0, 0
335464, 2342912, 1, 0, 0
335714, 2911614, 1, 0, 0
335964, 2293760, 1, 0, 0
336214, 2293760, 1, 0, 0
336464, 2260992, 1, 0, 0
336715, 2785280, 1, 0, 0
336964, 2549718, 1, 0, 0
337214, 2654208, 1, 0, 0
337464, 2572288, 1, 0, 0
337714, 2244608, 1, 0, 0
337964, 2965504, 1, 0, 0
338215, 2080768, 1, 0, 0
338464, 2566168, 1, 0, 0
338714, 2064384, 1, 0, 0
338964, 1507328, 1, 0, 0
339215, 1933312, 1, 0, 0
339464, 2270072, 1, 0, 0
339714, 2211840, 1, 0, 0
339964, 2162688, 1, 0, 0
340215, 2654208, 1, 0, 0
340465, 2506752, 1, 0, 0
340714, 2401670, 1, 0, 0
340964, 2326528, 1, 0, 0
341214, 2129920, 1, 0, 0
341464, 2424832, 1, 0, 0
341714, 2385220, 1, 0, 0
341964, 2326528, 1, 0, 0
342214, 2588672, 1, 0, 0
342464, 2260992, 1, 0, 0
342714, 2555904, 1, 0, 0
342965, 2113536, 1, 0, 0
343214, 2467469, 1, 0, 0
343464, 2015232, 1, 0, 0
343714, 2588672, 1, 0, 0
343964, 2179072, 1, 0, 0
344215, 1703936, 1, 0, 0
344464, 1151485, 1, 0, 0
344714, 1490944, 1, 0, 0
344964, 1638400, 1, 0, 0
345215, 2260992, 1, 0, 0
345464, 2335871, 1, 0, 0
345714, 2408448, 1, 0, 0
345964, 1867776, 1, 0, 0
346214, 2686976, 1, 0, 0
346465, 1196032, 1, 0, 0
346714, 1003437, 1, 0, 0
346964, 1720320, 1, 0, 0
347215, 2228224, 1, 0, 0
347465, 2359296, 1, 0, 0
347714, 2286522, 1, 0, 0
347965, 1703936, 1, 0, 0
348214, 1036337, 1, 0, 0
348464, 1622016, 1, 0, 0
348714, 2326528, 1, 0, 0
348964, 720896, 1, 0, 0
349215, 671744, 1, 0, 0
349464, 526393, 1, 0, 0
349714, 1654784, 1, 0, 0
349964, 1785856, 1, 0, 0
350214, 2375680, 1, 0, 0
350465, 2129920, 1, 0, 0
350714, 2237172, 1, 0, 0
350964, 1818624, 1, 0, 0
351214, 2064384, 1, 0, 0
351464, 2342912, 1, 0, 0
351715, 393216, 1, 0, 0
351964, 526393, 1, 0, 0
352214, 983040, 1, 0, 0
352464, 1982464, 1, 0, 0
352714, 1556480, 1, 0, 0
352965, 507904, 1, 0, 0
353214, 559293, 1, 0, 0
353464, 1654784, 1, 0, 0
353714, 2015232, 1, 0, 0
353964, 1654784, 1, 0, 0
354215, 1540096, 1, 0, 0
354465, 1720320, 1, 0, 0
354714, 1052787, 1, 0, 0
354964, 1228800, 1, 0, 0
355214, 2080768, 1, 0, 0
355464, 458752, 1, 0, 0
355715, 1130496, 1, 0, 0
355964, 1167935, 1, 0, 0
356214, 294912, 1, 0, 0
356464, 245760, 1, 0, 0
356714, 1376256, 1, 0, 0
356965, 737280, 1, 0, 0
357214, 1135036, 1, 0, 0
357464, 1277952, 1, 0, 0
357714, 1556480, 1, 0, 0
357965, 1163264, 1, 0, 0
358214, 1250184, 1, 0, 0
358464, 2146304, 1, 0, 0
358714, 2490368, 1, 0, 0
358964, 1654784, 1, 0, 0
359215, 2146304, 1, 0, 0
359464, 1875277, 1, 0, 0
359714, 1425408, 1, 0, 0
359964, 2457600, 1, 0, 0
360214, 1032192, 1, 0, 0
360465, 1818624, 1, 0, 0
360714, 2056224, 1, 0, 0
360964, 2146304, 1, 0, 0
361214, 2195456, 1, 0, 0
361464, 2424832, 1, 0, 0
361715, 1916928, 1, 0, 0
361964, 2714216, 1, 0, 0
362214, 1425408, 1, 0, 0
362464, 786432, 1, 0, 0
362714, 1163264, 1, 0, 0
362965, 884736, 1, 0, 0
363214, 477044, 1, 0, 0
363464, 491520, 1, 0, 0
363714, 819200, 1, 0, 0
363965, 1622016, 1, 0, 0
364214, 1924626, 1, 0, 0
364464, 294912, 1, 0, 0
364714, 917504, 1, 0, 0
364964, 1392640, 1, 0, 0
365214, 2408448, 1, 0, 0
365464, 1825927, 1, 0, 0
365714, 1261568, 1, 0, 0
365964, 1146880, 1, 0, 0
366214, 1015808, 1, 0, 0
366465, 2260992, 1, 0, 0
366714, 2237172, 1, 0, 0
366964, 1261568, 1, 0, 0
367214, 475136, 1, 0, 0
367465, 1048576, 1, 0, 0
367714, 1644979, 1, 0, 0
367964, 2015232, 1, 0, 0
368214, 2129920, 1, 0, 0
368465, 2441216, 1, 0, 0
368714, 2516819, 1, 0, 0
368964, 2375680, 1, 0, 0
369214, 2228224, 1, 0, 0
369464, 966656, 1, 0, 0
369715, 491520, 1, 0, 0
369964, 477044, 1, 0, 0
370214, 1212416, 1, 0, 0
370464, 1835008, 1, 0, 0
370715, 1671168, 1, 0, 0
370964, 2302971, 1, 0, 0
371214, 2424832, 1, 0, 0
371464, 2211840, 1, 0, 0
371714, 1916928, 1, 0, 0
371965, 1441792, 1, 0, 0
372214, 1233734, 1, 0, 0
372464, 1441792, 1, 0, 0
372714, 491520, 1, 0, 0
372964, 835584, 1, 0, 0
373215, 638976, 1, 0, 0
373464, 312546, 1, 0, 0
373714, 753664, 1, 0, 0
373964, 622592, 1, 0, 0
374215, 1458176, 1, 0, 0
374464, 1480481, 1, 0, 0
374714, 2097152, 1, 0, 0
374964, 2048000, 1, 0, 0
375215, 2031616, 1, 0, 0
375464, 2763566, 1, 0, 0
375714, 2752512, 1, 0, 0
375964, 2473984, 1, 0, 0
376214, 1277952, 1, 0, 0
376465, 507904, 1, 0, 0
376714, 904738, 1, 0, 0
376964, 2228224, 1, 0, 0
377214, 1835008, 1, 0, 0
377464, 2129920, 1, 0, 0
377715, 2260992, 1, 0, 0
377964, 2220722, 1, 0, 0
378214, 1409024, 1, 0, 0
378464, 1998848, 1, 0, 0
378714, 1867776, 1, 0, 0
378965, 1753088, 1, 0, 0
379214, 838939, 1, 0, 0
379464, 1130496, 1, 0, 0
379714, 1998848, 1, 0, 0
379965, 1703936, 1, 0, 0
380214, 2171373, 1, 0, 0
380464, 1671168, 1, 0, 0
380714, 1589248, 1, 0, 0
380965, 2195456, 1, 0, 0
381215, 2408448, 1, 0, 0
381464, 2615518, 1, 0, 0
381714, 2670592, 1, 0, 0
381964, 2555904, 1, 0, 0
382214, 2211840, 1, 0, 0
382465, 2228224, 1, 0, 0
382714, 2204273, 1, 0, 0
382964, 1277952, 1, 0, 0
383214, 2342912, 1, 0, 0
383464, 2179072, 1, 0, 0
383715, 2179072, 1, 0, 0
383964, 2385220, 1, 0, 0
384214, 1310720, 1, 0, 0
384464, 1949696, 1, 0, 0
384714, 2408448, 1, 0, 0
384964, 1589248, 1, 0, 0
385215, 1179648, 1, 0, 0
385464, 2105574, 1, 0, 0
385714, 2490368, 1, 0, 0
385964, 2818048, 1, 0, 0
386215, 2916352, 1, 0, 0
386464, 2237172, 1, 0, 0
386714, 2113536, 1, 0, 0
386964, 2310144, 1, 0, 0
387214, 2080768, 1, 0, 0
387464, 2457600, 1, 0, 0
387715, 704512, 1, 0, 0
387964, 2500369, 1, 0, 0
388214, 1753088, 1, 0, 0
388464, 966656, 1, 0, 0
388714, 1490944, 1, 0, 0
388964, 2260992, 1, 0, 0
389214, 954088, 1, 0, 0
389464, 638976, 1, 0, 0
389714, 671744, 1, 0, 0
389964, 622592, 1, 0, 0
390215, 933888, 1, 0, 0
390464, 1019887, 1, 0, 0
390714, 1474560, 1, 0, 0
390964, 835584, 1, 0, 0
391214, 1425408, 1, 0, 0
391465, 1015808, 1, 0, 0
391714, 1529831, 1, 0, 0
391964, 1966080, 1, 0, 0
392214, 1916928, 1, 0, 0
392465, 1671168, 1, 0, 0
392714, 1891726, 1, 0, 0
392964, 2162688, 1, 0, 0
393214, 1982464, 1, 0, 0
393464, 1900544, 1, 0, 0
393715, 1753088, 1, 0, 0
393964, 1184385, 1, 0, 0
394214, 360448, 1, 0, 0
394464, 901120, 1, 0, 0
394714, 2441216, 1, 0, 0
394965, 1933312, 1, 0, 0
395214, 1513381, 1, 0, 0
395464, 573440, 1, 0, 0
395714, 655360, 1, 0, 0
395965, 32768, 1, 0, 0
396214, 477044, 1, 0, 0
396464, 983040, 1, 0, 0
396715, 737280, 1, 0, 0
396964, 542843, 1, 0, 0
397214, 1343488, 1, 0, 0
397464, 1327104, 1, 0, 0
397715, 1638400, 1, 0, 0
397964, 1299534, 1, 0, 0
398214, 966656, 1, 0, 0
398464, 1310720, 1, 0, 0
398714, 507904, 1, 0, 0
398965, 376832, 1, 0, 0
399214, 328995, 1, 0, 0
399464, 1441792, 1, 0, 0
399714, 1540096, 1, 0, 0
399964, 1802240, 1, 0, 0
400215, 524288, 1, 0, 0
400464, 1003437, 1, 0, 0
400714, 1474560, 1, 0, 0
400964, 2310144, 1, 0, 0
401215, 1966080, 1, 0, 0
401464, 1233734, 1, 0, 0
401714, 475136, 1, 0, 0
401964, 1507328, 1, 0, 0
402214, 2342912, 1, 0, 0
402465, 2228224, 1, 0, 0
402714, 1315983, 1, 0, 0
402964, 2179072, 1, 0, 0
403214, 1769472, 1, 0, 0
403464, 1867776, 1, 0, 0
403714, 2293760, 1, 0, 0
403965, 2031616, 1, 0, 0
404214, 1990425, 1, 0, 0
404464, 2342912, 1, 0, 0
404714, 2523136, 1, 0, 0
404964, 2310144, 1, 0, 0
405215, 2064384, 1, 0, 0
405464, 2599068, 1, 0, 0
405714, 2605056, 1, 0, 0
405964, 2539520, 1, 0, 0
406214, 2605056, 1, 0, 0
406465, 2392064, 1, 0, 0
406714, 2401670, 1, 0, 0
406964, 2523136, 1, 0, 0
407214, 589824, 1, 0, 0
407464, 2637824, 1, 0, 0
407715, 2818048, 1, 0, 0
407965, 2555904, 1, 0, 0
408214, 2664867, 1, 0, 0
408464, 2523136, 1, 0, 0
408714, 2572288, 1, 0, 0
408964, 2555904, 1, 0, 0
409215, 2686976, 1, 0, 0
409464, 2385220, 1, 0, 0
409714, 2555904, 1, 0, 0
409964, 2965504, 1, 0, 0
410214, 2228224, 1, 0, 0
410465, 2326528, 1, 0, 0
410714, 2911614, 1, 0, 0
410964, 2572288, 1, 0, 0
411214, 1146880, 1, 0, 0
411464, 2801664, 1, 0, 0
411715, 2686976, 1, 0, 0
411964, 1332433, 1, 0, 0
412214, 491520, 1, 0, 0
412464, 770048, 1, 0, 0
412714, 2080768, 1, 0, 0
412965, 1392640, 1, 0, 0
413214, 2023325, 1, 0, 0
413464, 2048000, 1, 0, 0
413714, 2637824, 1, 0, 0
413964, 2310144, 1, 0, 0
414215, 2785280, 1, 0, 0
414464, 2747116, 1, 0, 0
414714, 2408448, 1, 0, 0
414964, 1998848, 1, 0, 0
415214, 131072, 1, 0, 0
415464, 573440, 1, 0, 0
415715, 1130496, 1, 0, 0
415964, 1398232, 1, 0, 0
416214, 753664, 1, 0, 0
416464, 458752, 1, 0, 0
416714, 491520, 1, 0, 0
416964, 360448, 1, 0, 0
417215, 606208, 1, 0, 0
417464, 1595630, 1, 0, 0
417714, 1671168, 1, 0, 0
417964, 983040, 1, 0, 0
418214, 1490944, 1, 0, 0
418465, 2293760, 1, 0, 0
418714, 1677879, 1, 0, 0
418964, 2244608, 1, 0, 0
419214, 2195456, 1, 0, 0
419464, 2146304, 1, 0, 0
419715, 2506752, 1, 0, 0
419964, 2566168, 1, 0, 0
420214, 2441216, 1, 0, 0
420464, 2555904, 1, 0, 0
420714, 1327104, 1, 0, 0
420965, 573440, 1, 0, 0
421214, 180947, 1, 0, 0
421464, 983040, 1, 0, 0
421714, 2359296, 1, 0, 0
421964, 2146304, 1, 0, 0
422215, 1818624, 1, 0, 0
422464, 2812915, 1, 0, 0
422714, 2605056, 1, 0, 0
422964, 2654208, 1, 0, 0
423215, 2392064, 1, 0, 0
423464, 2533269, 1, 0, 0
423714, 2244608, 1, 0, 0
423964, 2408448, 1, 0, 0
424214, 2359296, 1, 0, 0
424465, 2260992, 1, 0, 0
424714, 2549718, 1, 0, 0
424964, 2588672, 1, 0, 0
425214, 2359296, 1, 0, 0
425464, 2523136, 1, 0, 0
425714, 1884160, 1, 0, 0
425965, 2228224, 1, 0, 0
426214, 2582618, 1, 0, 0
426464, 2473984, 1, 0, 0
426714, 2129920, 1, 0, 0
426964, 2506752, 1, 0, 0
427215, 2719744, 1, 0, 0
427464, 2187823, 1, 0, 0
427714, 2359296, 1, 0, 0
427964, 2211840, 1, 0, 0
428215, 1933312, 1, 0, 0
428465, 1277952, 1, 0, 0
428714, 2697767, 1, 0, 0
428964, 2621440, 1, 0, 0
429214, 2637824, 1, 0, 0
429464, 2097152, 1, 0, 0
429715, 1884160, 1, 0, 0
429964, 2187823, 1, 0, 0
430214, 2408448, 1, 0, 0
430464, 1769472, 1, 0, 0
430714, 2097152, 1, 0, 0
430965, 2621440, 1, 0, 0
431214, 2385220, 1, 0, 0
431464, 2260992, 1, 0, 0
431714, 2293760, 1, 0, 0
431964, 2375680, 1, 0, 0
432215, 2605056, 1, 0, 0
432464, 2467469, 1, 0, 0
432714, 2375680, 1, 0, 0
432964, 2686976, 1, 0, 0
433214, 2785280, 1, 0, 0
433465, 2457600, 1, 0, 0
433714, 2483919, 1, 0, 0
433964, 1966080, 1, 0, 0
434214, 2162688, 1, 0, 0
434464, 2048000, 1, 0, 0
434715, 2539520, 1, 0, 0
434964, 2385220, 1, 0, 0
435214, 2326528, 1, 0, 0
435464, 2424832, 1, 0, 0
435714, 2523136, 1, 0, 0
435964, 2490368, 1, 0, 0
436215, 2752512, 1, 0, 0
436464, 2105574, 1, 0, 0
436714, 2293760, 1, 0, 0
436964, 2621440, 1, 0, 0
437215, 2326528, 1, 0, 0
437464, 2599068, 1, 0, 0
437714, 2555904, 1, 0, 0
437964, 2736128, 1, 0, 0
438214, 2506752, 1, 0, 0
438465, 2621440, 1, 0, 0
438714, 2878714, 1, 0, 0
438964, 2506752, 1, 0, 0
439214, 2686976, 1, 0, 0
439464, 2752512, 1, 0, 0
439715, 2818048, 1, 0, 0
439964, 2516819, 1, 0, 0
440214, 2326528, 1, 0, 0
440464, 2736128, 1, 0, 0
440714, 2392064, 1, 0, 0
440965, 2097152, 1, 0, 0
441215, 2392064, 1, 0, 0
441464, 2467469, 1, 0, 0
441714, 2162688, 1, 0, 0
441965, 1982464, 1, 0, 0
442215, 2228224, 1, 0, 0
442464, 1957526, 1, 0, 0
442714, 2113536, 1, 0, 0
442965, 2162688, 1, 0, 0
443215, 2031616, 1, 0, 0
443464, 1464032, 1, 0, 0
443714, 1097728, 1, 0, 0
443964, 1654784, 1, 0, 0
444215, 1736704, 1, 0, 0
444464, 1924626, 1, 0, 0
444714, 1703936, 1, 0, 0
444964, 1654784, 1, 0, 0
445215, 1687552, 1, 0, 0
445465, 1556480, 1, 0, 0
445714, 1924626, 1, 0, 0
445964, 1998848, 1, 0, 0
446214, 2064384, 1, 0, 0
446465, 1966080, 1, 0, 0
446714, 1727228, 1, 0, 0
446964, 1523712, 1, 0, 0
447214, 1572864, 1, 0, 0
447464, 1916928, 1, 0, 0
447715, 2048000, 1, 0, 0
447964, 1990425, 1, 0, 0
448214, 1736704, 1, 0, 0
448464, 1802240, 1, 0, 0
448714, 1359872, 1, 0, 0
448964, 1556480, 1, 0, 0
449214, 1496931, 1, 0, 0
449464, 1097728, 1, 0, 0
449714, 1589248, 1, 0, 0
449964, 1835008, 1, 0, 0
450214, 1736704, 1, 0, 0
450465, 1228800, 1, 0, 0
450714, 1496931, 1, 0, 0
450964, 1835008, 1, 0, 0
451214, 1622016, 1, 0, 0
451464, 1949696, 1, 0, 0
451715, 1359872, 1, 0, 0
451964, 1299534, 1, 0, 0
452214, 1654784, 1, 0, 0
452464, 1736704, 1, 0, 0
452714, 1441792, 1, 0, 0
452965, 770048, 1, 0, 0
453214, 1365333, 1, 0, 0
453464, 1245184, 1, 0, 0
453714, 524288, 1, 0, 0
453964, 1409024, 1, 0, 0
454215, 540672, 1, 0, 0
454464, 657991, 1, 0, 0
454714, 851968, 1, 0, 0
454964, 983040, 1, 0, 0
455215, 737280, 1, 0, 0
455464, 1019887, 1, 0, 0
455714, 557056, 1, 0, 0
455964, 720896, 1, 0, 0
456215, 540672, 1, 0, 0
456465, 311296, 1, 0, 0
456714, 460594, 1, 0, 0
456964, 638976, 1, 0, 0
457214, 966656, 1, 0, 0
457465, 1064960, 1, 0, 0
457714, 740240, 1, 0, 0
457964, 1294336, 1, 0, 0
458214, 1654784, 1, 0, 0
458464, 294912, 1, 0, 0
458715, 1507328, 1, 0, 0
458964, 1167935, 1, 0, 0
459214, 1523712, 1, 0, 0
459464, 1081344, 1, 0, 0
459715, 1277952, 1, 0, 0
459964, 477044, 1, 0, 0
460214, 1081344, 1, 0, 0
460464, 475136, 1, 0, 0
460715, 720896, 1, 0, 0
460964, 592192, 1, 0, 0
461214, 819200, 1, 0, 0
461464, 1294336, 1, 0, 0
461714, 835584, 1, 0, 0
461965, 835584, 1, 0, 0
462214, 1019887, 1, 0, 0
462464, 1343488, 1, 0, 0
462714, 950272, 1, 0, 0
462964, 1245184, 1, 0, 0
463215, 1245184, 1, 0, 0
463464, 1727228, 1, 0, 0
463714, 1884160, 1, 0, 0
463964, 1933312, 1, 0, 0
464214, 1310720, 1, 0, 0
464465, 1277952, 1, 0, 0
464714, 1496931, 1, 0, 0
464964, 1638400, 1, 0, 0
465214, 2015232, 1, 0, 0
465464, 1327104, 1, 0, 0
465714, 1736704, 1, 0, 0
465965, 1474560, 1, 0, 0
466214, 1595630, 1, 0, 0
466464, 1638400, 1, 0, 0
466714, 2113536, 1, 0, 0
466964, 1753088, 1, 0, 0
467215, 1605632, 1, 0, 0
467464, 1069236, 1, 0, 0
467714, 1441792, 1, 0, 0
467964, 1589248, 1, 0, 0
468215, 1540096, 1, 0, 0
468464, 1266634, 1, 0, 0
468714, 1589248, 1, 0, 0
468965, 2080768, 1, 0, 0
469214, 1414682, 1, 0, 0
469464, 1949696, 1, 0, 0
469714, 1638400, 1, 0, 0
469964, 1310720, 1, 0, 0
470215, 835584, 1, 0, 0
470464, 773140, 1, 0, 0
470714, 1474560, 1, 0, 0
470964, 819200, 1, 0, 0
471214, 1343488, 1, 0, 0
471465, 1867776, 1, 0, 0
471714, 1496931, 1, 0, 0
471964, 1540096, 1, 0, 0
472214, 1327104, 1, 0, 0
472465, 1163264, 1, 0, 0
472714, 131598, 1, 0, 0
472964, 655360, 1, 0, 0
473214, 409600, 1, 0, 0
473464, 98304, 1, 0, 0
473715, 966656, 1, 0, 0
473965, 2228224, 1, 0, 0
474214, 1924626, 1, 0, 0
474464, 2179072, 1, 0, 0
474714, 1228800, 1, 0, 0
474965, 1441792, 1, 0, 0
475214, 756690, 1, 0, 0
475464, 720896, 1, 0, 0
475714, 1540096, 1, 0, 0
475964, 1753088, 1, 0, 0
476215, 1687552, 1, 0, 0
476465, 1425408, 1, 0, 0
476714, 954088, 1, 0, 0
476964, 1736704, 1, 0, 0
477214, 1507328, 1, 0, 0
477465, 1114112, 1, 0, 0
477714, 1513381, 1, 0, 0
477964, 2015232, 1, 0, 0
478214, 1638400, 1, 0, 0
478464, 1277952, 1, 0, 0
478714, 507904, 1, 0, 0
478964, 1710779, 1, 0, 0
479214, 901120, 1, 0, 0
479464, 1261568, 1, 0, 0
479714, 524288, 1, 0, 0
479965, 458752, 1, 0, 0
480214, 460594, 1, 0, 0
480464, 933888, 1, 0, 0
480714, 32768, 1, 0, 0
480964, 262144, 1, 0, 0
481214, 49349, 1, 0, 0
481464, 196608, 1, 0, 0
481714, 0, 1, 0, 0
481964, 16384, 1, 0, 0
482214, 491520, 1, 0, 0
482465, 475136, 1, 0, 0
482714, 82248, 1, 0, 0
482964, 1327104, 1, 0, 0
483214, 1196032, 1, 0, 0
483464, 1785856, 1, 0, 0
483715, 1785856, 1, 0, 0
483964, 1628530, 1, 0, 0
484214, 1523712, 1, 0, 0
484464, 1310720, 1, 0, 0
484714, 1327104, 1, 0, 0
484964, 1458176, 1, 0, 0
485214, 1431132, 1, 0, 0
485464, 655360, 1, 0, 0
485714, 622592, 1, 0, 0
485964, 819200, 1, 0, 0
486215, 1130496, 1, 0, 0
486464, 575742, 1, 0, 0
486714, 1146880, 1, 0, 0
486964, 655360, 1, 0, 0
487214, 1097728, 1, 0, 0
487464, 1661429, 1, 0, 0
487714, 114688, 1, 0, 0
487964, 507904, 1, 0, 0
488214, 16384, 1, 0, 0
488464, 311296, 1, 0, 0
488715, 229376, 1, 0, 0
488964, 0, 1, 0, 0
489214, 196608, 1, 0, 0
489464, 311296, 1, 0, 0
489714, 212992, 1, 0, 0
489965, 983040, 1, 0, 0
490215, 655360, 1, 0, 0
490464, 1348883, 1, 0, 0
490714, 1359872, 1, 0, 0
490964, 1064960, 1, 0, 0
491215, 1392640, 1, 0, 0
491464, 1283084, 1, 0, 0
491714, 1523712, 1, 0, 0
491964, 1409024, 1, 0, 0
492214, 999424, 1, 0, 0
492465, 851968, 1, 0, 0
492714, 1365333, 1, 0, 0
492964, 1097728, 1, 0, 0
493214, 1343488, 1, 0, 0
493465, 1703936, 1, 0, 0
493714, 1793028, 1, 0, 0
493964, 720896, 1, 0, 0
494214, 851968, 1, 0, 0
494464, 278528, 1, 0, 0
494715, 278528, 1, 0, 0
494964, 197397, 1, 0, 0
495214, 262144, 1, 0, 0
495464, 393216, 1, 0, 0
495715, 524288, 1, 0, 0
495964, 526393, 1, 0, 0
496214, 688128, 1, 0, 0
496464, 1589248, 1, 0, 0
496715, 655360, 1, 0, 0
496964, 1135036, 1, 0, 0
497214, 868352, 1, 0, 0
497464, 868352, 1, 0, 0
497714, 589824, 1, 0, 0
497965, 1540096, 1, 0, 0
498214, 1365333, 1, 0, 0
498464, 1785856, 1, 0, 0
498714, 1130496, 1, 0, 0
498965, 1523712, 1, 0, 0
499214, 1414682, 1, 0, 0
499464, 2162688, 1, 0, 0
499714, 1900544, 1, 0, 0
499964, 1802240, 1, 0, 0
500215, 1835008, 1, 0, 0
500464, 1809477, 1, 0, 0
500714, 1785856, 1, 0, 0
500964, 2179072, 1, 0, 0
501214, 2146304, 1, 0, 0
501464, 1343488, 1, 0, 0
501714, 1694329, 1, 0, 0
501964, 1392640, 1, 0, 0
502214, 1687552, 1, 0, 0
502464, 1294336, 1, 0, 0
502714, 1212416, 1, 0, 0
502965, 1146880, 1, 0, 0
503214, 921188, 1, 0, 0
503464, 1392640, 1, 0, 0
503714, 1343488, 1, 0, 0
503965, 376832, 1, 0, 0
504214, 394795, 1, 0, 0
504464, 425984, 1, 0, 0
504714, 212992, 1, 0, 0
504964, 344064, 1, 0, 0
505215, 557056, 1, 0, 0
505464, 427694, 1, 0, 0
505714, 49152, 1, 0, 0
505964, 0, 1, 0, 0
506214, 0, 1, 0, 0
506465, 0, 1, 0, 0
506714, 32899, 1, 0, 0
506964, 311296, 1, 0, 0
507214, 180224, 1, 0, 0
507464, 16384, 1, 0, 0
507714, 311296, 1, 0, 0
507964, 1097728, 1, 0, 0
508215, 1081344, 1, 0, 0
508464, 756690, 1, 0, 0
508714, 1097728, 1, 0, 0
508964, 1392640, 1, 0, 0
509214, 1490944, 1, 0, 0
509465, 1474560, 1, 0, 0
509714, 1973975, 1, 0, 0
509964, 1507328, 1, 0, 0
510214, 1605632, 1, 0, 0
510464, 1851392, 1, 0, 0
510715, 1654784, 1, 0, 0
510964, 1644979, 1, 0, 0
511214, 1785856, 1, 0, 0
511464, 1605632, 1, 0, 0
511714, 540672, 1, 0, 0
511965, 524288, 1, 0, 0
512214, 608642, 1, 0, 0
512464, 458752, 1, 0, 0
512714, 1179648, 1, 0, 0
512965, 999424, 1, 0, 0
513214, 1398232, 1, 0, 0
513464, 1671168, 1, 0, 0
513714, 884736, 1, 0, 0
513964, 573440, 1, 0, 0
514215, 638976, 1, 0, 0
514464, 970538, 1, 0, 0
514714, 1425408, 1, 0, 0
514964, 1556480, 1, 0, 0
515214, 1409024, 1, 0, 0
515465, 1310720, 1, 0, 0
515714, 937638, 1, 0, 0
515964, 1703936, 1, 0, 0
516214, 1769472, 1, 0, 0
516464, 1966080, 1, 0, 0
516715, 1785856, 1, 0, 0
516964, 1842377, 1, 0, 0
517214, 1671168, 1, 0, 0
517464, 1916928, 1, 0, 0
517714, 1703936, 1, 0, 0
517965, 2064384, 1, 0, 0
518214, 1825927, 1, 0, 0
518464, 1851392, 1, 0, 0
518714, 1146880, 1, 0, 0
518964, 1966080, 1, 0, 0
519215, 1998848, 1, 0, 0
519464, 1875277, 1, 0, 0
519714, 1654784, 1, 0, 0
519964, 1507328, 1, 0, 0
520214, 1818624, 1, 0, 0
520464, 1818624, 1, 0, 0
520714, 1900544, 1, 0, 0
520964, 1605632, 1, 0, 0
521214, 1644979, 1, 0, 0
521464, 1376256, 1, 0, 0
521714, 2473984, 1, 0, 0
521964, 1654784, 1, 0, 0
522214, 1687552, 1, 0, 0
522464, 1949696, 1, 0, 0
522714, 1835008, 1, 0, 0
522964, 2375680, 1, 0, 0
523214, 2064384, 1, 0, 0
523464, 1703936, 1, 0, 0
523714, 1793028, 1, 0, 0
523964, 1146880, 1, 0, 0
524214, 2048000, 1, 0, 0
524464, 1261568, 1, 0, 0
524714, 1785856, 1, 0, 0
524964, 1835008, 1, 0, 0
525214, 1277952, 1, 0, 0
525464, 1228800, 1, 0, 0
525714, 1867776, 1, 0, 0
525964, 2146304, 1, 0, 0
526214, 1776578, 1, 0, 0
526464, 2179072, 1, 0, 0
526714, 2244608, 1, 0, 0
526964, 1425408, 1, 0, 0
527214, 1753088, 1, 0, 0
527464, 1032192, 1, 0, 0
527714, 851968, 1, 0, 0
527964, 491520, 1, 0, 0
528214, 671744, 1, 0, 0
528464, 378345, 1, 0, 0
528714, 983040, 1, 0, 0
528964, 1409024, 1, 0, 0
529214, 655360, 1, 0, 0
529464, 327680, 1, 0, 0
529714, 1490944, 1, 0, 0
529964, 1900544, 1, 0, 0
530214, 2244608, 1, 0, 0
530464, 1474560, 1, 0, 0
530714, 1908176, 1, 0, 0
530964, 1654784, 1, 0, 0
531214, 1966080, 1, 0, 0
531464, 2031616, 1, 0, 0
531714, 2260992, 1, 0, 0
531964, 2195456, 1, 0, 0
532214, 2408448, 1, 0, 0
532464, 1949696, 1, 0, 0
532714, 2253622, 1, 0, 0
532964, 2048000, 1, 0, 0
533214, 2113536, 1, 0, 0
533464, 2048000, 1, 0, 0
533714, 1572864, 1, 0, 0
533964, 1998848, 1, 0, 0
534214, 1703936, 1, 0, 0
534464, 1261568, 1, 0, 0
534714, 1736704, 1, 0, 0
534964, 1196032, 1, 0, 0
535214, 1941076, 1, 0, 0
535464, 1835008, 1, 0, 0
535714, 1933312, 1, 0, 0
535964, 1720320, 1, 0, 0
536214, 1998848, 1, 0, 0
536464, 1851392, 1, 0, 0
536714, 2113536, 1, 0, 0
536964, 2031616, 1, 0, 0
537214, 1982464, 1, 0, 0
537464, 2195456, 1, 0, 0
537714, 1529831, 1, 0, 0
537964, 1310720, 1, 0, 0
538214, 1359872, 1, 0, 0
538464, 1589248, 1, 0, 0
538714, 1671168, 1, 0, 0
538964, 1949696, 1, 0, 0
539214, 2162688, 1, 0, 0
539464, 1835008, 1, 0, 0
539714, 1392640, 1, 0, 0
539964, 1851392, 1, 0, 0
540214, 2187823, 1, 0, 0
540464, 1556480, 1, 0, 0
540714, 1261568, 1, 0, 0
540964, 2686976, 1, 0, 0
541214, 1523712, 1, 0, 0
541464, 1785856, 1, 0, 0
541714, 2015232, 1, 0, 0
541964, 1802240, 1, 0, 0
542214, 2211840, 1, 0, 0
542464, 2253622, 1, 0, 0
542714, 1425408, 1, 0, 0
542964, 1736704, 1, 0, 0
543214, 1851392, 1, 0, 0
543464, 2179072, 1, 0, 0
543714, 1638400, 1, 0, 0
543964, 2195456, 1, 0, 0
544214, 1818624, 1, 0, 0
544464, 1261568, 1, 0, 0
544715, 1343488, 1, 0, 0
544964, 1315983, 1, 0, 0
545214, 1605632, 1, 0, 0
545464, 1277952, 1, 0, 0
545714, 1802240, 1, 0, 0
545964, 1916928, 1, 0, 0
546214, 1966080, 1, 0, 0
546464, 1622016, 1, 0, 0
546714, 1179648, 1, 0, 0
546964, 917504, 1, 0, 0
547214, 1179648, 1, 0, 0
547464, 871839, 1, 0, 0
547714, 753664, 1, 0, 0
547964, 1048576, 1, 0, 0
548214, 573440, 1, 0, 0
548464, 1196032, 1, 0, 0
548714, 1753088, 1, 0, 0
548964, 1851392, 1, 0, 0
549214, 622592, 1, 0, 0
549464, 2064384, 1, 0, 0
549714, 1348883, 1, 0, 0
549964, 1605632, 1, 0, 0
550214, 1130496, 1, 0, 0
550464, 1392640, 1, 0, 0
550714, 983040, 1, 0, 0
550964, 1376256, 1, 0, 0
551214, 2015232, 1, 0, 0
551464, 1343488, 1, 0, 0
551714, 1146880, 1, 0, 0
551964, 1949696, 1, 0, 0
552214, 871839, 1, 0, 0
552464, 704512, 1, 0, 0
552714, 1507328, 1, 0, 0
552964, 1507328, 1, 0, 0
553214, 1212416, 1, 0, 0
553464, 1769472, 1, 0, 0
553714, 1261568, 1, 0, 0
553964, 966656, 1, 0, 0
554214, 1327104, 1, 0, 0
554464, 2064384, 1, 0, 0
554714, 1891726, 1, 0, 0
554964, 1245184, 1, 0, 0
555214, 1425408, 1, 0, 0
555464, 1015808, 1, 0, 0
555714, 1966080, 1, 0, 0
555964, 2015232, 1, 0, 0
556214, 1933312, 1, 0, 0
556464, 1916928, 1, 0, 0
556714, 1753088, 1, 0, 0
556964, 2342912, 1, 0, 0
557214, 1365333, 1, 0, 0
557464, 1884160, 1, 0, 0
557714, 1982464, 1, 0, 0
557964, 1933312, 1, 0, 0
558214, 2113536, 1, 0, 0
558464, 1785856, 1, 0, 0
558714, 1933312, 1, 0, 0
558964, 1294336, 1, 0, 0
559214, 1818624, 1, 0, 0
559464, 2146304, 1, 0, 0
559714, 2319421, 1, 0, 0
559964, 1933312, 1, 0, 0
560214, 2408448, 1, 0, 0
560464, 2097152, 1, 0, 0
560714, 2146304, 1, 0, 0
560964, 1900544, 1, 0, 0
561214, 2195456, 1, 0, 0
561464, 2293760, 1, 0, 0
561714, 1835008, 1, 0, 0
561964, 2048000, 1, 0, 0
562214, 2352321, 1, 0, 0
562464, 1654784, 1, 0, 0
562714, 2015232, 1, 0, 0
562964, 2113536, 1, 0, 0
563214, 2244608, 1, 0, 0
563464, 2162688, 1, 0, 0
563714, 1982464, 1, 0, 0
563964, 2048000, 1, 0, 0
564214, 2326528, 1, 0, 0
564464, 2113536, 1, 0, 0
564714, 1891726, 1, 0, 0
564964, 1867776, 1, 0, 0
565214, 1835008, 1, 0, 0
565464, 1441792, 1, 0, 0
565714, 1720320, 1, 0, 0
565964, 2129920, 1, 0, 0
566214, 1441792, 1, 0, 0
566464, 1949696, 1, 0, 0
566714, 2015232, 1, 0, 0
566964, 1283084, 1, 0, 0
567214, 1523712, 1, 0, 0
567464, 2375680, 1, 0, 0
567714, 2064384, 1, 0, 0
567964, 2162688, 1, 0, 0
568214, 2048000, 1, 0, 0
568464, 2113536, 1, 0, 0
568714, 2506752, 1, 0, 0
568964, 2424832, 1, 0, 0
569214, 2080768, 1, 0, 0
569464, 2122024, 1, 0, 0
569714, 2129920, 1, 0, 0
569964, 2048000, 1, 0, 0
570214, 1802240, 1, 0, 0
570464, 2146304, 1, 0, 0
570714, 2277376, 1, 0, 0
570964, 2097152, 1, 0, 0
571214, 1458176, 1, 0, 0
571464, 2015232, 1, 0, 0
571713, 2006875, 1, 0, 0
571964, 2539520, 1, 0, 0
572214, 1966080, 1, 0, 0
572464, 2080768, 1, 0, 0
572714, 2146304, 1, 0, 0
572964, 2211840, 1, 0, 0
573214, 1622016, 1, 0, 0
573464, 2080768, 1, 0, 0
573714, 2146304, 1, 0, 0
573964, 2146304, 1, 0, 0
574215, 2293760, 1, 0, 0
574464, 2335871, 1, 0, 0
574714, 2129920, 1, 0, 0
574964, 1966080, 1, 0, 0
575214, 2195456, 1, 0, 0
575464, 1900544, 1, 0, 0
575714, 1949696, 1, 0, 0
575964, 1540096, 1, 0, 0
576214, 1998848, 1, 0, 0
576464, 1572864, 1, 0, 0
576714, 1638400, 1, 0, 0
576964, 2253622, 1, 0, 0
577214, 1703936, 1, 0, 0
577464, 1687552, 1, 0, 0
577714, 2260992, 1, 0, 0
577964, 2424832, 1, 0, 0
578214, 1966080, 1, 0, 0
578464, 2097152, 1, 0, 0
578714, 1802240, 1, 0, 0
578964, 2211840, 1, 0, 0
579214, 1785856, 1, 0, 0
579464, 1760128, 1, 0, 0
579714, 1851392, 1, 0, 0
579964, 2097152, 1, 0, 0
580214, 1818624, 1, 0, 0
580464, 2179072, 1, 0, 0
580714, 2473984, 1, 0, 0
580964, 2146304, 1, 0, 0
581214, 2441216, 1, 0, 0
581464, 2162688, 1, 0, 0
581714, 2129920, 1, 0, 0
581964, 1809477, 1, 0, 0
582214, 1015808, 1, 0, 0
582464, 1982464, 1, 0, 0
582714, 1392640, 1, 0, 0
582964, 1736704, 1, 0, 0
583214, 1982464, 1, 0, 0
583464, 1343488, 1, 0, 0
583714, 1949696, 1, 0, 0
583964, 2064384, 1, 0, 0
584214, 1842377, 1, 0, 0
584464, 1638400, 1, 0, 0
584714, 1933312, 1, 0, 0
584964, 1720320, 1, 0, 0
585214, 1933312, 1, 0, 0
585464, 1769472, 1, 0, 0
585714, 1916928, 1, 0, 0
585964, 2228224, 1, 0, 0
586214, 2146304, 1, 0, 0
586464, 2179072, 1, 0, 0
586714, 1381783, 1, 0, 0
586964, 1933312, 1, 0, 0
587214, 2457600, 1, 0, 0
587464, 2260992, 1, 0, 0
587714, 1900544, 1, 0, 0
587964, 1916928, 1, 0, 0
588214, 2129920, 1, 0, 0
588464, 1851392, 1, 0, 0
588714, 1900544, 1, 0, 0
588964, 1818624, 1, 0, 0
589214, 1760128, 1, 0, 0
589464, 2244608, 1, 0, 0
589714, 1949696, 1, 0, 0
589964, 1949696, 1, 0, 0
590214, 1851392, 1, 0, 0
590464, 1998848, 1, 0, 0
590714, 2146304, 1, 0, 0
590964, 2293760, 1, 0, 0
591214, 1720320, 1, 0, 0
591464, 1064960, 1, 0, 0
591714, 2105574, 1, 0, 0
591964, 1916928, 1, 0, 0
592214, 2260992, 1, 0, 0
592464, 1900544, 1, 0, 0
592714, 1671168, 1, 0, 0
592964, 1966080, 1, 0, 0
593214, 2277376, 1, 0, 0
593464, 2048000, 1, 0, 0
593714, 2097152, 1, 0, 0
593964, 2244608, 1, 0, 0
594214, 1957526, 1, 0, 0
594464, 1785856, 1, 0, 0
594714, 1933312, 1, 0, 0
594964, 2031616, 1, 0, 0
595214, 1736704, 1, 0, 0
595464, 2064384, 1, 0, 0
595714, 1884160, 1, 0, 0
595964, 1916928, 1, 0, 0
596214, 2097152, 1, 0, 0
596464, 1540096, 1, 0, 0
596714, 1480481, 1, 0, 0
596964, 1900544, 1, 0, 0
597214, 1753088, 1, 0, 0
597464, 2326528, 1, 0, 0
597714, 1556480, 1, 0, 0
597964, 1572864, 1, 0, 0
598214, 1949696, 1, 0, 0
598464, 2015232, 1, 0, 0
598714, 1769472, 1, 0, 0
598964, 1579180, 1, 0, 0
599214, 1409024, 1, 0, 0
599464, 2228224, 1, 0, 0
599714, 1982464, 1, 0, 0
599964, 2146304, 1, 0, 0
600214, 1097728, 1, 0, 0
600464, 524288, 1, 0, 0
600714, 376832, 1, 0, 0
600964, 2097152, 1, 0, 0
601215, 1949696, 1, 0, 0
601464, 2286522, 1, 0, 0
601714, 2146304, 1, 0, 0
601964, 1802240, 1, 0, 0
602214, 1294336, 1, 0, 0
602464, 835584, 1, 0, 0
602714, 671744, 1, 0, 0
602964, 983040, 1, 0, 0
603214, 753664, 1, 0, 0
603464, 933888, 1, 0, 0
603714, 1464032, 1, 0, 0
603964, 1163264, 1, 0, 0
604214, 1032192, 1, 0, 0
604464, 524288, 1, 0, 0
604714, 409600, 1, 0, 0
604964, 524288, 1, 0, 0
605214, 655360, 1, 0, 0
605464, 294912, 1, 0, 0
605714, 655360, 1, 0, 0
605964, 950272, 1, 0, 0
606214, 1612080, 1, 0, 0
606464, 1359872, 1, 0, 0
606714, 589824, 1, 0, 0
606964, 491520, 1, 0, 0
607214, 819200, 1, 0, 0
607464, 1458176, 1, 0, 0
607714, 1425408, 1, 0, 0
607964, 1556480, 1, 0, 0
608215, 1425408, 1, 0, 0
608464, 707341, 1, 0, 0
608714, 49152, 1, 0, 0
608964, 49152, 1, 0, 0
609214, 0, 1, 0, 0
609464, 376832, 1, 0, 0
609714, 81920, 1, 0, 0
609964, 376832, 1, 0, 0
610214, 999424, 1, 0, 0
610464, 1359872, 1, 0, 0
610714, 2006875, 1, 0, 0
610964, 1179648, 1, 0, 0
611214, 1409024, 1, 0, 0
611464, 819200, 1, 0, 0
611714, 1163264, 1, 0, 0
611964, 1441792, 1, 0, 0
612214, 1540096, 1, 0, 0
612464, 2162688, 1, 0, 0
612714, 2080768, 1, 0, 0
612964, 1769472, 1, 0, 0
613214, 1957526, 1, 0, 0
613464, 1638400, 1, 0, 0
613714, 1359872, 1, 0, 0
613964, 1736704, 1, 0, 0
614214, 1982464, 1, 0, 0
614464, 1884160, 1, 0, 0
614714, 1409024, 1, 0, 0
614964, 1736704, 1, 0, 0
615214, 1200835, 1, 0, 0
615464, 1392640, 1, 0, 0
615714, 1851392, 1, 0, 0
615964, 1458176, 1, 0, 0
616214, 2473984, 1, 0, 0
616464, 1785856, 1, 0, 0
616714, 1507328, 1, 0, 0
616964, 1933312, 1, 0, 0
617214, 2048000, 1, 0, 0
617464, 1916928, 1, 0, 0
617714, 1809477, 1, 0, 0
617964, 1376256, 1, 0, 0
618214, 1507328, 1, 0, 0
618464, 1998848, 1, 0, 0
618714, 1785856, 1, 0, 0
618964, 491520, 1, 0, 0
619214, 311296, 1, 0, 0
619464, 507904, 1, 0, 0
619714, 1753088, 1, 0, 0
619964, 1825927, 1, 0, 0
620214, 1900544, 1, 0, 0
620464, 2228224, 1, 0, 0
620714, 2080768, 1, 0, 0
620964, 1523712, 1, 0, 0
621214, 1310720, 1, 0, 0
621464, 1228800, 1, 0, 0
621714, 983040, 1, 0, 0
621964, 933888, 1, 0, 0
622214, 917504, 1, 0, 0
622464, 296096, 1, 0, 0
622714, 245760, 1, 0, 0
622964, 0, 1, 0, 0
623214, 311296, 1, 0, 0
623464, 737280, 1, 0, 0
623714, 491520, 1, 0, 0
623964, 212992, 1, 0, 0
624214, 344064, 1, 0, 0
624464, 1425408, 1, 0, 0
624714, 1644979, 1, 0, 0
624964, 1703936, 1, 0, 0
625214, 2228224, 1, 0, 0
625464, 2277376, 1, 0, 0
625714, 1572864, 1, 0, 0
625964, 1294336, 1, 0, 0
626214, 1474560, 1, 0, 0
626464, 1622016, 1, 0, 0
626714, 1261568, 1, 0, 0
626964, 1982464, 1, 0, 0
627214, 1447582, 1, 0, 0
627464, 2113536, 1, 0, 0
627714, 1835008, 1, 0, 0
627964, 1622016, 1, 0, 0
628214, 1949696, 1, 0, 0
628464, 1753088, 1, 0, 0
628714, 1572864, 1, 0, 0
628964, 1785856, 1, 0, 0
629214, 1392640, 1, 0, 0
629464, 1776578, 1, 0, 0
629714, 1900544, 1, 0, 0
629964, 1130496, 1, 0, 0
630214, 1572864, 1, 0, 0
630464, 1114112, 1, 0, 0
630714, 1179648, 1, 0, 0
630964, 196608, 1, 0, 0
631214, 507904, 1, 0, 0
631464, 1081344, 1, 0, 0
631714, 901120, 1, 0, 0
631964, 1283084, 1, 0, 0
632214, 1179648, 1, 0, 0
632464, 1900544, 1, 0, 0
632714, 1933312, 1, 0, 0
632964, 1032192, 1, 0, 0
633214, 1376256, 1, 0, 0
633464, 1343488, 1, 0, 0
633714, 1490944, 1, 0, 0
633964, 1496931, 1, 0, 0
634214, 1474560, 1, 0, 0
634464, 851968, 1, 0, 0
634714, 1228800, 1, 0, 0
634964, 1310720, 1, 0, 0
635214, 1245184, 1, 0, 0
635464, 1671168, 1, 0, 0
635714, 1736704, 1, 0, 0
635964, 1261568, 1, 0, 0
636214, 1376256, 1, 0, 0
636464, 1644979, 1, 0, 0
636714, 1409024, 1, 0, 0
636964, 688128, 1, 0, 0
637214, 344064, 1, 0, 0
637464, 901120, 1, 0, 0
637714, 1376256, 1, 0, 0
637964, 851968, 1, 0, 0
638214, 1081344, 1, 0, 0
638464, 1458176, 1, 0, 0
638714, 1933312, 1, 0, 0
638964, 1727228, 1, 0, 0
639214, 1277952, 1, 0, 0
639464, 360448, 1, 0, 0
639714, 589824, 1, 0, 0
639964, 1884160, 1, 0, 0
640214, 1622016, 1, 0, 0
640464, 1441792, 1, 0, 0
640714, 1228800, 1, 0, 0
640964, 1425408, 1, 0, 0
641214, 1299534, 1, 0, 0
641464, 1327104, 1, 0, 0
641714, 1441792, 1, 0, 0
641964, 1671168, 1, 0, 0
642214, 1966080, 1, 0, 0
642464, 1359872, 1, 0, 0
642714, 1163264, 1, 0, 0
642964, 851968, 1, 0, 0
643214, 1228800, 1, 0, 0
643464, 1261568, 1, 0, 0
643714, 1332433, 1, 0, 0
643964, 1261568, 1, 0, 0
644214, 1130496, 1, 0, 0
644464, 966656, 1, 0, 0
644714, 1343488, 1, 0, 0
644964, 1064960, 1, 0, 0
645214, 835584, 1, 0, 0
645464, 1130496, 1, 0, 0
645714, 720896, 1, 0, 0
645964, 1310720, 1, 0, 0
646214, 954088, 1, 0, 0
646464, 1310720, 1, 0, 0
646714, 294912, 1, 0, 0
646964, 917504, 1, 0, 0
647214, 966656, 1, 0, 0
647464, 1163264, 1, 0, 0
647714, 1474560, 1, 0, 0
647964, 1835008, 1, 0, 0
648214, 1720320, 1, 0, 0
648464, 1250184, 1, 0, 0
648714, 1671168, 1, 0, 0
648964, 1949696, 1, 0, 0
649214, 1671168, 1, 0, 0
649464, 1802240, 1, 0, 0
649714, 1933312, 1, 0, 0
649964, 1900544, 1, 0, 0
650214, 1884160, 1, 0, 0
650464, 1998848, 1, 0, 0
650714, 2048000, 1, 0, 0
650964, 1343488, 1, 0, 0
651214, 1957526, 1, 0, 0
651464, 1736704, 1, 0, 0
651714, 1802240, 1, 0, 0
651964, 1736704, 1, 0, 0
652214, 1196032, 1, 0, 0
652464, 1327104, 1, 0, 0
652714, 1425408, 1, 0, 0
652964, 1359872, 1, 0, 0
653214, 1130496, 1, 0, 0
653464, 1474560, 1, 0, 0
653714, 1628530, 1, 0, 0
653964, 1523712, 1, 0, 0
654214, 1933312, 1, 0, 0
654464, 1441792, 1, 0, 0
654714, 1605632, 1, 0, 0
654964, 344064, 1, 0, 0
655214, 638976, 1, 0, 0
655464, 786432, 1, 0, 0
655714, 1179648, 1, 0, 0
655964, 1703936, 1, 0, 0
656214, 1793028, 1, 0, 0
656464, 1802240, 1, 0, 0
656714, 1556480, 1, 0, 0
656964, 1392640, 1, 0, 0
657214, 1884160, 1, 0, 0
657464, 2064384, 1, 0, 0
657714, 1736704, 1, 0, 0
657964, 1818624, 1, 0, 0
658214, 1769472, 1, 0, 0
658464, 1622016, 1, 0, 0
658714, 1694329, 1, 0, 0
658964, 1835008, 1, 0, 0
659214, 1916928, 1, 0, 0
659464, 2015232, 1, 0, 0
659714, 1556480, 1, 0, 0
659964, 1540096, 1, 0, 0
660214, 1769472, 1, 0, 0
660464, 1949696, 1, 0, 0
660714, 1851392, 1, 0, 0
660964, 1802240, 1, 0, 0
661214, 2056224, 1, 0, 0
661464, 1818624, 1, 0, 0
661714, 1196032, 1, 0, 0
661964, 1097728, 1, 0, 0
662214, 1851392, 1, 0, 0
662464, 1540096, 1, 0, 0
662714, 1163264, 1, 0, 0
662964, 1359872, 1, 0, 0
663214, 1409024, 1, 0, 0
663464, 1694329, 1, 0, 0
663714, 1638400, 1, 0, 0
663964, 1196032, 1, 0, 0
664214, 1638400, 1, 0, 0
664464, 1589248, 1, 0, 0
664714, 1572864, 1, 0, 0
664964, 1884160, 1, 0, 0
665214, 1441792, 1, 0, 0
665464, 1523712, 1, 0, 0
665715, 1785856, 1, 0, 0
665964, 2368771, 1, 0, 0
666214, 1753088, 1, 0, 0
666464, 1884160, 1, 0, 0
666714, 1867776, 1, 0, 0
666964, 1081344, 1, 0, 0
667215, 2015232, 1, 0, 0
667464, 1644979, 1, 0, 0
667714, 1294336, 1, 0, 0
667964, 1425408, 1, 0, 0
668215, 1507328, 1, 0, 0
668464, 1858827, 1, 0, 0
668714, 2097152, 1, 0, 0
668964, 1753088, 1, 0, 0
669214, 2310144, 1, 0, 0
669465, 1589248, 1, 0, 0
669714, 1924626, 1, 0, 0
669964, 2244608, 1, 0, 0
670214, 2424832, 1, 0, 0
670464, 1949696, 1, 0, 0
670715, 2228224, 1, 0, 0
670964, 1809477, 1, 0, 0
671214, 2129920, 1, 0, 0
671464, 1392640, 1, 0, 0
671714, 1982464, 1, 0, 0
671965, 1703936, 1, 0, 0
672214, 1809477, 1, 0, 0
672464, 1753088, 1, 0, 0
672714, 1638400, 1, 0, 0
672964, 1425408, 1, 0, 0
673214, 1572864, 1, 0, 0
673464, 1184385, 1, 0, 0
673714, 950272, 1, 0, 0
673964, 16384, 1, 0, 0
674214, 49152, 1, 0, 0
674464, 16384, 1, 0, 0
674715, 507904, 1, 0, 0
674964, 542843, 1, 0, 0
675214, 983040, 1, 0, 0
675464, 1622016, 1, 0, 0
675714, 1966080, 1, 0, 0
675965, 2080768, 1, 0, 0
676215, 1884160, 1, 0, 0
676464, 1891726, 1, 0, 0
676714, 1703936, 1, 0, 0
676965, 1867776, 1, 0, 0
677214, 1381783, 1, 0, 0
677464, 1835008, 1, 0, 0
677714, 2162688, 1, 0, 0
677965, 2048000, 1, 0, 0
678214, 1776578, 1, 0, 0
678464, 1654784, 1, 0, 0
678715, 1785856, 1, 0, 0
678964, 1858827, 1, 0, 0
679214, 1654784, 1, 0, 0
679464, 1163264, 1, 0, 0
679715, 2064384, 1, 0, 0
679964, 1760128, 1, 0, 0
680214, 1720320, 1, 0, 0
680464, 1376256, 1, 0, 0
680715, 1228800, 1, 0, 0
680964, 1579180, 1, 0, 0
681214, 1490944, 1, 0, 0
681464, 1671168, 1, 0, 0
681715, 2064384, 1, 0, 0
681965, 1540096, 1, 0, 0
682214, 1595630, 1, 0, 0
682464, 1163264, 1, 0, 0
682714, 1982464, 1, 0, 0
682964, 1376256, 1, 0, 0
683215, 1277952, 1, 0, 0
683464, 986987, 1, 0, 0
683714, 1032192, 1, 0, 0
683964, 1032192, 1, 0, 0
684215, 999424, 1, 0, 0
684464, 1612080, 1, 0, 0
684714, 1327104, 1, 0, 0
684964, 1392640, 1, 0, 0
685214, 1523712, 1, 0, 0
685465, 2244608, 1, 0, 0
685714, 1661429, 1, 0, 0
685964, 1458176, 1, 0, 0
686214, 1458176, 1, 0, 0
686464, 1654784, 1, 0, 0
686715, 1769472, 1, 0, 0
686964, 2171373, 1, 0, 0
687214, 1916928, 1, 0, 0
687464, 1589248, 1, 0, 0
687714, 1572864, 1, 0, 0
687965, 1589248, 1, 0, 0
688214, 2006875, 1, 0, 0
688464, 1867776, 1, 0, 0
688714, 2473984, 1, 0, 0
688964, 2080768, 1, 0, 0
689215, 1916928, 1, 0, 0
689464, 1612080, 1, 0, 0
689714, 1703936, 1, 0, 0
689964, 1884160, 1, 0, 0
690214, 2195456, 1, 0, 0
690465, 1966080, 1, 0, 0
690714, 1579180, 1, 0, 0
690964, 2080768, 1, 0, 0
691214, 2064384, 1, 0, 0
691465, 1720320, 1, 0, 0
691714, 1710779, 1, 0, 0
691964, 1687552, 1, 0, 0
692214, 1490944, 1, 0, 0
692464, 1523712, 1, 0, 0
692715, 1884160, 1, 0, 0
692964, 1562730, 1, 0, 0
693214, 1523712, 1, 0, 0
693464, 2031616, 1, 0, 0
693714, 2228224, 1, 0, 0
693965, 2129920, 1, 0, 0
694214, 1579180, 1, 0, 0
694464, 2162688, 1, 0, 0
694714, 1835008, 1, 0, 0
694965, 1720320, 1, 0, 0
695214, 2187823, 1, 0, 0
695464, 1785856, 1, 0, 0
695714, 1769472, 1, 0, 0
695964, 1966080, 1, 0, 0
696215, 1556480, 1, 0, 0
696464, 1825927, 1, 0, 0
696714, 2129920, 1, 0, 0
696964, 2015232, 1, 0, 0
697214, 1507328, 1, 0, 0
697465, 1441792, 1, 0, 0
697714, 1809477, 1, 0, 0
697964, 1556480, 1, 0, 0
698214, 1572864, 1, 0, 0
698465, 1622016, 1, 0, 0
698714, 2072674, 1, 0, 0
698964, 1769472, 1, 0, 0
699214, 1867776, 1, 0, 0
699465, 2146304, 1, 0, 0
699714, 1562730, 1, 0, 0
699964, 1851392, 1, 0, 0
700214, 1949696, 1, 0, 0
700464, 1998848, 1, 0, 0
700715, 1687552, 1, 0, 0
700964, 1858827, 1, 0, 0
701214, 1884160, 1, 0, 0
701464, 1867776, 1, 0, 0
701715, 1720320, 1, 0, 0
701964, 2171373, 1, 0, 0
702214, 1441792, 1, 0, 0
702464, 1703936, 1, 0, 0
702714, 2326528, 1, 0, 0
702964, 1556480, 1, 0, 0
703215, 1540096, 1, 0, 0
703464, 1809477, 1, 0, 0
703714, 1425408, 1, 0, 0
703964, 2260992, 1, 0, 0
704214, 1458176, 1, 0, 0
704465, 1458176, 1, 0, 0
704714, 1381783, 1, 0, 0
704964, 1605632, 1, 0, 0
705214, 1703936, 1, 0, 0
705464, 1327104, 1, 0, 0
705715, 1802240, 1, 0, 0
705964, 1776578, 1, 0, 0
706214, 1654784, 1, 0, 0
706464, 2080768, 1, 0, 0
706714, 1867776, 1, 0, 0
706965, 2244608, 1, 0, 0
707214, 2270072, 1, 0, 0
707464, 1310720, 1, 0, 0
707714, 2244608, 1, 0, 0
707964, 2424832, 1, 0, 0
708214, 2122024, 1, 0, 0
708464, 1802240, 1, 0, 0
708714, 1785856, 1, 0, 0
708964, 1933312, 1, 0, 0
709214, 1409024, 1, 0, 0
709465, 1671168, 1, 0, 0
709714, 1365333, 1, 0, 0
709964, 1818624, 1, 0, 0
710214, 1753088, 1, 0, 0
710464, 1490944, 1, 0, 0
710715, 1359872, 1, 0, 0
710964, 1743678, 1, 0, 0
711214, 1785856, 1, 0, 0
711464, 1916928, 1, 0, 0
711714, 1785856, 1, 0, 0
711964, 1949696, 1, 0, 0
712215, 2031616, 1, 0, 0
712464, 1628530, 1, 0, 0
712714, 1884160, 1, 0, 0
712964, 1753088, 1, 0, 0
713215, 1638400, 1, 0, 0
713464, 1398232, 1, 0, 0
713714, 1900544, 1, 0, 0
713964, 1900544, 1, 0, 0
714215, 1687552, 1, 0, 0
714464, 1677879, 1, 0, 0
714714, 1622016, 1, 0, 0
714964, 1376256, 1, 0, 0
715214, 1753088, 1, 0, 0
715464, 2162688, 1, 0, 0
715715, 1359872, 1, 0, 0
715964, 1529831, 1, 0, 0
716214, 1720320, 1, 0, 0
716464, 1916928, 1, 0, 0
716714, 1671168, 1, 0, 0
716965, 1654784, 1, 0, 0
717214, 2154923, 1, 0, 0
717464, 1474560, 1, 0, 0
717714, 1622016, 1, 0, 0
717964, 1835008, 1, 0, 0
718215, 1916928, 1, 0, 0
718464, 1908176, 1, 0, 0
718714, 1753088, 1, 0, 0
718964, 1736704, 1, 0, 0
719214, 2260992, 1, 0, 0
719464, 2211840, 1, 0, 0
719715, 1966080, 1, 0, 0
719964, 1793028, 1, 0, 0
720214, 1294336, 1, 0, 0
720464, 1490944, 1, 0, 0
720714, 1474560, 1, 0, 0
720965, 1703936, 1, 0, 0
721214, 1529831, 1, 0, 0
721464, 1130496, 1, 0, 0
721714, 1736704, 1, 0, 0
721964, 1245184, 1, 0, 0
722215, 1261568, 1, 0, 0
722464, 1184385, 1, 0, 0
722714, 786432, 1, 0, 0
722964, 1392640, 1, 0, 0
723215, 917504, 1, 0, 0
723464, 1398232, 1, 0, 0
723714, 1376256, 1, 0, 0
723964, 655360, 1, 0, 0
724214, 1785856, 1, 0, 0
724465, 1490944, 1, 0, 0
724714, 1200835, 1, 0, 0
724964, 1933312, 1, 0, 0
725214, 1998848, 1, 0, 0
725464, 1720320, 1, 0, 0
725714, 1441792, 1, 0, 0
725965, 950272, 1, 0, 0
726214, 1167935, 1, 0, 0
726464, 1605632, 1, 0, 0
726714, 2080768, 1, 0, 0
726964, 2162688, 1, 0, 0
727215, 1720320, 1, 0, 0
727464, 1414682, 1, 0, 0
727714, 1245184, 1, 0, 0
727964, 1998848, 1, 0, 0
728215, 2195456, 1, 0, 0
728465, 2211840, 1, 0, 0
728714, 1644979, 1, 0, 0
728964, 1605632, 1, 0, 0
729215, 1441792, 1, 0, 0
729465, 1687552, 1, 0, 0
729714, 1924626, 1, 0, 0
729964, 1753088, 1, 0, 0
730214, 1769472, 1, 0, 0
730465, 2031616, 1, 0, 0
730714, 2138473, 1, 0, 0
730964, 1802240, 1, 0, 0
731214, 2080768, 1, 0, 0
731464, 2457600, 1, 0, 0
731715, 2113536, 1, 0, 0
731965, 2015232, 1, 0, 0
732214, 2105574, 1, 0, 0
732464, 1851392, 1, 0, 0
732714, 2015232, 1, 0, 0
732964, 2457600, 1, 0, 0
733215, 1753088, 1, 0, 0
733464, 871839, 1, 0, 0
733714, 999424, 1, 0, 0
733964, 851968, 1, 0, 0
734215, 802816, 1, 0, 0
734464, 1381783, 1, 0, 0
734714, 786432, 1, 0, 0
734964, 1900544, 1, 0, 0
735214, 1490944, 1, 0, 0
735465, 1343488, 1, 0, 0
735714, 1694329, 1, 0, 0
735964, 1310720, 1, 0, 0
736214, 1409024, 1, 0, 0
736465, 1507328, 1, 0, 0
736714, 1151485, 1, 0, 0
736964, 1851392, 1, 0, 0
737214, 1294336, 1, 0, 0
737464, 770048, 1, 0, 0
737715, 1835008, 1, 0, 0
737964, 1579180, 1, 0, 0
738214, 1949696, 1, 0, 0
738464, 1605632, 1, 0, 0
738714, 2162688, 1, 0, 0
738965, 1310720, 1, 0, 0
739214, 1875277, 1, 0, 0
739464, 1867776, 1, 0, 0
739714, 2228224, 1, 0, 0
739965, 1916928, 1, 0, 0
740215, 2097152, 1, 0, 0
740464, 1924626, 1, 0, 0
740714, 1425408, 1, 0, 0
740964, 1359872, 1, 0, 0
741215, 1703936, 1, 0, 0
741464, 1628530, 1, 0, 0
741714, 1785856, 1, 0, 0
741964, 1933312, 1, 0, 0
742214, 1900544, 1, 0, 0
742465, 1687552, 1, 0, 0
742714, 2039775, 1, 0, 0
742964, 1605632, 1, 0, 0
743215, 1933312, 1, 0, 0
743465, 1736704, 1, 0, 0
743714, 1562730, 1, 0, 0
743964, 1474560, 1, 0, 0
744214, 1966080, 1, 0, 0
744464, 1753088, 1, 0, 0
744714, 1523712, 1, 0, 0
744964, 2129920, 1, 0, 0
745215, 1425408, 1, 0, 0
745464, 1266634, 1, 0, 0
745714, 1900544, 1, 0, 0
745964, 1769472, 1, 0, 0
746214, 1949696, 1, 0, 0
746464, 1933312, 1, 0, 0
746714, 2260992, 1, 0, 0
746964, 1900544, 1, 0, 0
747214, 1556480, 1, 0, 0
747464, 1769472, 1, 0, 0
747714, 1957526, 1, 0, 0
747964, 2179072, 1, 0, 0
748214, 1835008, 1, 0, 0
748464, 1818624, 1, 0, 0
748714, 1572864, 1, 0, 0
748964, 1376256, 1, 0, 0
749214, 1818624, 1, 0, 0
749464, 1769472, 1, 0, 0
749714, 1818624, 1, 0, 0
749964, 1622016, 1, 0, 0
750214, 1513381, 1, 0, 0
750464, 1949696, 1, 0, 0
750714, 1605632, 1, 0, 0
750964, 1900544, 1, 0, 0
751214, 1851392, 1, 0, 0
751464, 1785856, 1, 0, 0
751714, 1671168, 1, 0, 0
751964, 1523712, 1, 0, 0
752214, 1825927, 1, 0, 0
752464, 1376256, 1, 0, 0
752714, 1949696, 1, 0, 0
752964, 1851392, 1, 0, 0
753214, 1949696, 1, 0, 0
753464, 1916928, 1, 0, 0
753714, 1867776, 1, 0, 0
753964, 1949696, 1, 0, 0
754214, 2113536, 1, 0, 0
754464, 1835008, 1, 0, 0
754714, 1727228, 1, 0, 0
754964, 1867776, 1, 0, 0
755214, 1703936, 1, 0, 0
755464, 1753088, 1, 0, 0
755714, 1523712, 1, 0, 0
755964, 1146880, 1, 0, 0
756214, 1277952, 1, 0, 0
756464, 1638400, 1, 0, 0
756714, 1769472, 1, 0, 0
756964, 1671168, 1, 0, 0
757214, 1644979, 1, 0, 0
757464, 1343488, 1, 0, 0
757714, 1261568, 1, 0, 0
757964, 1523712, 1, 0, 0
758214, 1654784, 1, 0, 0
758464, 1261568, 1, 0, 0
758714, 1556480, 1, 0, 0
758964, 1146880, 1, 0, 0
759214, 1556480, 1, 0, 0
759465, 1392640, 1, 0, 0
759714, 1760128, 1, 0, 0
759964, 1605632, 1, 0, 0
760214, 1196032, 1, 0, 0
760464, 983040, 1, 0, 0
760714, 1703936, 1, 0, 0
760964, 1376256, 1, 0, 0
761214, 1654784, 1, 0, 0
761464, 1507328, 1, 0, 0
761714, 1916928, 1, 0, 0
761964, 2006875, 1, 0, 0
762214, 2162688, 1, 0, 0
762464, 2113536, 1, 0, 0
762714, 2064384, 1, 0, 0
762964, 1933312, 1, 0, 0
763214, 1556480, 1, 0, 0
763464, 1622016, 1, 0, 0
763714, 1327104, 1, 0, 0
763964, 1523712, 1, 0, 0
764214, 1490944, 1, 0, 0
764464, 1184385, 1, 0, 0
764714, 1572864, 1, 0, 0
764964, 1982464, 1, 0, 0
765214, 1753088, 1, 0, 0
765464, 1589248, 1, 0, 0
765714, 2162688, 1, 0, 0
765964, 1671168, 1, 0, 0
766214, 1507328, 1, 0, 0
766464, 1818624, 1, 0, 0
766714, 1753088, 1, 0, 0
766964, 1562730, 1, 0, 0
767214, 1753088, 1, 0, 0
767464, 1884160, 1, 0, 0
767714, 1327104, 1, 0, 0
767964, 1261568, 1, 0, 0
768214, 884736, 1, 0, 0
768464, 1556480, 1, 0, 0
768714, 1818624, 1, 0, 0
768964, 1622016, 1, 0, 0
769214, 1233734, 1, 0, 0
769464, 1916928, 1, 0, 0
769714, 2260992, 1, 0, 0
769964, 1785856, 1, 0, 0
770214, 1851392, 1, 0, 0
770464, 1687552, 1, 0, 0
770714, 1490944, 1, 0, 0
770964, 1474560, 1, 0, 0
771214, 1687552, 1, 0, 0
771464, 1490944, 1, 0, 0
771714, 1562730, 1, 0, 0
771964, 1949696, 1, 0, 0
772214, 1867776, 1, 0, 0
772464, 1654784, 1, 0, 0
772714, 1409024, 1, 0, 0
772964, 1622016, 1, 0, 0
773214, 1556480, 1, 0, 0
773464, 1785856, 1, 0, 0
773714, 1818624, 1, 0, 0
773964, 1908176, 1, 0, 0
774214, 1425408, 1, 0, 0
774464, 1654784, 1, 0, 0
774714, 1556480, 1, 0, 0
774964, 1376256, 1, 0, 0
775214, 1114112, 1, 0, 0
775464, 1212416, 1, 0, 0
775714, 1425408, 1, 0, 0
775964, 1720320, 1, 0, 0
776214, 1179648, 1, 0, 0
776464, 1266634, 1, 0, 0
776714, 1736704, 1, 0, 0
776964, 999424, 1, 0, 0
777214, 1703936, 1, 0, 0
777464, 1835008, 1, 0, 0
777714, 1622016, 1, 0, 0
777964, 1622016, 1, 0, 0
778214, 2048000, 1, 0, 0
778464, 1687552, 1, 0, 0
778714, 1736704, 1, 0, 0
778964, 1941076, 1, 0, 0
779214, 1736704, 1, 0, 0
779464, 1409024, 1, 0, 0
779714, 1523712, 1, 0, 0
779964, 1589248, 1, 0, 0
780214, 1507328, 1, 0, 0
780464, 1589248, 1, 0, 0
780714, 1458176, 1, 0, 0
780964, 1769472, 1, 0, 0
781214, 1644979, 1, 0, 0
781464, 1998848, 1, 0, 0
781714, 1753088, 1, 0, 0
781964, 1867776, 1, 0, 0
782214, 1376256, 1, 0, 0
782464, 1638400, 1, 0, 0
782714, 2179072, 1, 0, 0
782964, 1982464, 1, 0, 0
783214, 2031616, 1, 0, 0
783464, 1884160, 1, 0, 0
783714, 1710779, 1, 0, 0
783964, 1949696, 1, 0, 0
784214, 2277376, 1, 0, 0
784464, 2064384, 1, 0, 0
784714, 1540096, 1, 0, 0
784964, 1720320, 1, 0, 0
785214, 1687552, 1, 0, 0
785464, 1900544, 1, 0, 0
785714, 1540096, 1, 0, 0
785964, 1097728, 1, 0, 0
786214, 1365333, 1, 0, 0
786464, 1720320, 1, 0, 0
786714, 1851392, 1, 0, 0
786964, 1572864, 1, 0, 0
787214, 1572864, 1, 0, 0
787464, 1851392, 1, 0, 0
787714, 1638400, 1, 0, 0
787964, 1589248, 1, 0, 0
788214, 1785856, 1, 0, 0
788464, 1949696, 1, 0, 0
788714, 1743678, 1, 0, 0
788964, 1605632, 1, 0, 0
789214, 1327104, 1, 0, 0
789464, 1409024, 1, 0, 0
789714, 1654784, 1, 0, 0
789964, 1310720, 1, 0, 0
790214, 1490944, 1, 0, 0
790464, 1556480, 1, 0, 0
790714, 1441792, 1, 0, 0
790964, 1184385, 1, 0, 0
791214, 1425408, 1, 0, 0
791464, 1622016, 1, 0, 0
791714, 1474560, 1, 0, 0
791964, 1490944, 1, 0, 0
792214, 1540096, 1, 0, 0
792464, 1720320, 1, 0, 0
792714, 1818624, 1, 0, 0
792964, 1425408, 1, 0, 0
793215, 1654784, 1, 0, 0
793464, 1480481, 1, 0, 0
793714, 1392640, 1, 0, 0
793964, 1916928, 1, 0, 0
794214, 1949696, 1, 0, 0
794464, 2015232, 1, 0, 0
794714, 1081344, 1, 0, 0
794964, 1392640, 1, 0, 0
795214, 1179648, 1, 0, 0
795464, 1212416, 1, 0, 0
795714, 1228800, 1, 0, 0
795964, 1381783, 1, 0, 0
796214, 983040, 1, 0, 0
796464, 1490944, 1, 0, 0
796714, 2195456, 1, 0, 0
796964, 1720320, 1, 0, 0
797214, 1376256, 1, 0, 0
797464, 1703936, 1, 0, 0
797714, 1638400, 1, 0, 0
797964, 1556480, 1, 0, 0
798214, 1835008, 1, 0, 0
798464, 1562730, 1, 0, 0
798714, 1933312, 1, 0, 0
798964, 1605632, 1, 0, 0
799214, 1851392, 1, 0, 0
799464, 1785856, 1, 0, 0
799714, 1703936, 1, 0, 0
799964, 1966080, 1, 0, 0
800214, 2064384, 1, 0, 0
800464, 1490944, 1, 0, 0
800715, 1818624, 1, 0, 0
800964, 1858827, 1, 0, 0
801214, 1654784, 1, 0, 0
801464, 1916928, 1, 0, 0
801714, 1507328, 1, 0, 0
801964, 1835008, 1, 0, 0
802214, 1818624, 1, 0, 0
802464, 1720320, 1, 0, 0
802714, 2064384, 1, 0, 0
802964, 1343488, 1, 0, 0
803214, 1891726, 1, 0, 0
803464, 1802240, 1, 0, 0
803714, 1769472, 1, 0, 0
803964, 1490944, 1, 0, 0
804214, 1064960, 1, 0, 0
804464, 2129920, 1, 0, 0
804714, 1441792, 1, 0, 0
804964, 1343488, 1, 0, 0
805214, 1900544, 1, 0, 0
805464, 1381783, 1, 0, 0
805714, 1622016, 1, 0, 0
805964, 1654784, 1, 0, 0
806214, 1933312, 1, 0, 0
806464, 1687552, 1, 0, 0
806714, 1867776, 1, 0, 0
806964, 1458176, 1, 0, 0
807214, 1228800, 1, 0, 0
807464, 819200, 1, 0, 0
807714, 1245184, 1, 0, 0
807964, 1464032, 1, 0, 0
808214, 1179648, 1, 0, 0
808464, 1114112, 1, 0, 0
808714, 1277952, 1, 0, 0
808964, 1048576, 1, 0, 0
809214, 1228800, 1, 0, 0
809464, 1097728, 1, 0, 0
809714, 1245184, 1, 0, 0
809964, 1327104, 1, 0, 0
810214, 1414682, 1, 0, 0
810464, 1916928, 1, 0, 0
810714, 1638400, 1, 0, 0
810964, 1343488, 1, 0, 0
811214, 1343488, 1, 0, 0
811464, 1261568, 1, 0, 0
811714, 1196032, 1, 0, 0
811964, 1114112, 1, 0, 0
812214, 1802240, 1, 0, 0
812464, 2056224, 1, 0, 0
812714, 1687552, 1, 0, 0
812964, 1671168, 1, 0, 0
813214, 1851392, 1, 0, 0
813464, 1441792, 1, 0, 0
813714, 1572864, 1, 0, 0
813964, 1277952, 1, 0, 0
814214, 1196032, 1, 0, 0
814464, 1638400, 1, 0, 0
814714, 2146304, 1, 0, 0
814964, 2039775, 1, 0, 0
815214, 2129920, 1, 0, 0
815464, 1966080, 1, 0, 0
815714, 1736704, 1, 0, 0
815964, 2162688, 1, 0, 0
816214, 1998848, 1, 0, 0
816464, 1769472, 1, 0, 0
816714, 1376256, 1, 0, 0
816964, 1802240, 1, 0, 0
817214, 1875277, 1, 0, 0
817464, 1916928, 1, 0, 0
817714, 1966080, 1, 0, 0
817964, 1818624, 1, 0, 0
818214, 1638400, 1, 0, 0
818464, 2048000, 1, 0, 0
818714, 2260992, 1, 0, 0
818964, 1982464, 1, 0, 0
819214, 1654784, 1, 0, 0
819464, 1595630, 1, 0, 0
819714, 1785856, 1, 0, 0
819964, 1736704, 1, 0, 0
820214, 1572864, 1, 0, 0
820464, 1785856, 1, 0, 0
820714, 1409024, 1, 0, 0
820964, 1687552, 1, 0, 0
821214, 1687552, 1, 0, 0
821464, 1851392, 1, 0, 0
821714, 1048576, 1, 0, 0
821964, 1283084, 1, 0, 0
822214, 1163264, 1, 0, 0
822464, 1900544, 1, 0, 0
822714, 1507328, 1, 0, 0
822964, 1785856, 1, 0, 0
823214, 1605632, 1, 0, 0
823464, 1605632, 1, 0, 0
823714, 1802240, 1, 0, 0
823964, 1966080, 1, 0, 0
824214, 1414682, 1, 0, 0
824464, 1753088, 1, 0, 0
824714, 1835008, 1, 0, 0
824964, 2228224, 1, 0, 0
825214, 2097152, 1, 0, 0
825464, 1556480, 1, 0, 0
825714, 1245184, 1, 0, 0
825964, 1523712, 1, 0, 0
826214, 1654784, 1, 0, 0
826464, 1085686, 1, 0, 0
826714, 1671168, 1, 0, 0
826964, 1687552, 1, 0, 0
827214, 1802240, 1, 0, 0
827464, 1884160, 1, 0, 0
827714, 1441792, 1, 0, 0
827964, 1851392, 1, 0, 0
828214, 1753088, 1, 0, 0
828464, 1949696, 1, 0, 0
828714, 1884160, 1, 0, 0
828964, 1019887, 1, 0, 0
829214, 1228800, 1, 0, 0
829464, 2179072, 1, 0, 0
829714, 1884160, 1, 0, 0
829964, 2031616, 1, 0, 0
830214, 1638400, 1, 0, 0
830464, 1916928, 1, 0, 0
830714, 966656, 1, 0, 0
830964, 1720320, 1, 0, 0
831214, 1998848, 1, 0, 0
831464, 1677879, 1, 0, 0
831714, 933888, 1, 0, 0
831964, 884736, 1, 0, 0
832214, 950272, 1, 0, 0
832464, 1146880, 1, 0, 0
832714, 1523712, 1, 0, 0
832964, 1622016, 1, 0, 0
833214, 1556480, 1, 0, 0
833464, 1376256, 1, 0, 0
833714, 1654784, 1, 0, 0
833964, 1677879, 1, 0, 0
834214, 1163264, 1, 0, 0
834464, 1425408, 1, 0, 0
834714, 1572864, 1, 0, 0
834964, 1851392, 1, 0, 0
835214, 1835008, 1, 0, 0
835464, 1900544, 1, 0, 0
835714, 2015232, 1, 0, 0
835964, 1081344, 1, 0, 0
836214, 1507328, 1, 0, 0
836464, 1628530, 1, 0, 0
836714, 1392640, 1, 0, 0
836964, 1179648, 1, 0, 0
837214, 1523712, 1, 0, 0
837464, 1376256, 1, 0, 0
837714, 1409024, 1, 0, 0
837964, 1507328, 1, 0, 0
838214, 1802240, 1, 0, 0
838464, 1671168, 1, 0, 0
838714, 1858827, 1, 0, 0
838964, 2048000, 1, 0, 0
839214, 1409024, 1, 0, 0
839464, 2211840, 1, 0, 0
839714, 2080768, 1, 0, 0
839964, 1540096, 1, 0, 0
840214, 2129920, 1, 0, 0
840464, 1916928, 1, 0, 0
840714, 1998848, 1, 0, 0
840964, 2146304, 1, 0, 0
841215, 1933312, 1, 0, 0
841464, 1546281, 1, 0, 0
841714, 2129920, 1, 0, 0
841964, 2129920, 1, 0, 0
842214, 1818624, 1, 0, 0
842464, 1802240, 1, 0, 0
842714, 1867776, 1, 0, 0
842964, 1556480, 1, 0, 0
843214, 1835008, 1, 0, 0
843464, 2129920, 1, 0, 0
843714, 1891726, 1, 0, 0
843964, 1638400, 1, 0, 0
844214, 1736704, 1, 0, 0
844464, 1769472, 1, 0, 0
844714, 2031616, 1, 0, 0
844964, 1818624, 1, 0, 0
845214, 1392640, 1, 0, 0
845464, 1916928, 1, 0, 0
845714, 2080768, 1, 0, 0
845964, 1507328, 1, 0, 0
846214, 1809477, 1, 0, 0
846464, 1474560, 1, 0, 0
846714, 1228800, 1, 0, 0
846964, 1900544, 1, 0, 0
847214, 1884160, 1, 0, 0
847464, 2326528, 1, 0, 0
847714, 1802240, 1, 0, 0
847964, 2097152, 1, 0, 0
848214, 2064384, 1, 0, 0
848464, 2162688, 1, 0, 0
848714, 2023325, 1, 0, 0
848964, 1376256, 1, 0, 0
849214, 1638400, 1, 0, 0
849464, 2080768, 1, 0, 0
849714, 1867776, 1, 0, 0
849964, 1916928, 1, 0, 0
850214, 2457600, 1, 0, 0
850464, 2097152, 1, 0, 0
850714, 1867776, 1, 0, 0
850964, 2179072, 1, 0, 0
851214, 2220722, 1, 0, 0
851464, 1982464, 1, 0, 0
851714, 2048000, 1, 0, 0
851964, 2080768, 1, 0, 0
852214, 2490368, 1, 0, 0
852464, 2277376, 1, 0, 0
852714, 2129920, 1, 0, 0
852964, 1212416, 1, 0, 0
853214, 2293760, 1, 0, 0
853464, 2023325, 1, 0, 0
853714, 1425408, 1, 0, 0
853964, 1327104, 1, 0, 0
854214, 1622016, 1, 0, 0
854464, 2326528, 1, 0, 0
854714, 2080768, 1, 0, 0
854964, 1753088, 1, 0, 0
855214, 2146304, 1, 0, 0
855464, 2637824, 1, 0, 0
855714, 2113536, 1, 0, 0
855964, 2171373, 1, 0, 0
856214, 1179648, 1, 0, 0
856464, 1441792, 1, 0, 0
856714, 1343488, 1, 0, 0
856964, 1196032, 1, 0, 0
857214, 1769472, 1, 0, 0
857464, 1802240, 1, 0, 0
857714, 1867776, 1, 0, 0
857964, 1884160, 1, 0, 0
858215, 2064384, 1, 0, 0
858464, 1743678, 1, 0, 0
858714, 1867776, 1, 0, 0
858964, 1900544, 1, 0, 0
859214, 1966080, 1, 0, 0
859464, 1998848, 1, 0, 0
859714, 1720320, 1, 0, 0
859964, 1572864, 1, 0, 0
860214, 1867776, 1, 0, 0
860464, 1916928, 1, 0, 0
860714, 1875277, 1, 0, 0
860964, 1966080, 1, 0, 0
861214, 1736704, 1, 0, 0
861464, 1884160, 1, 0, 0
861714, 1703936, 1, 0, 0
861964, 1540096, 1, 0, 0
862214, 2031616, 1, 0, 0
862464, 2211840, 1, 0, 0
862714, 1277952, 1, 0, 0
862964, 2179072, 1, 0, 0
863214, 1710779, 1, 0, 0
863464, 2195456, 1, 0, 0
863714, 1916928, 1, 0, 0
863964, 2195456, 1, 0, 0
864214, 1998848, 1, 0, 0
864464, 2211840, 1, 0, 0
864714, 2310144, 1, 0, 0
864964, 2359296, 1, 0, 0
865214, 1949696, 1, 0, 0
865464, 1998848, 1, 0, 0
865714, 1891726, 1, 0, 0
865964, 1720320, 1, 0, 0
866214, 1949696, 1, 0, 0
866464, 1835008, 1, 0, 0
866714, 2080768, 1, 0, 0
866964, 1540096, 1, 0, 0
867214, 1703936, 1, 0, 0
867464, 1753088, 1, 0, 0
867714, 1097728, 1, 0, 0
867964, 901120, 1, 0, 0
868214, 1842377, 1, 0, 0
868464, 1343488, 1, 0, 0
868714, 2146304, 1, 0, 0
868964, 1474560, 1, 0, 0
869214, 1212416, 1, 0, 0
869464, 1654784, 1, 0, 0
869714, 1638400, 1, 0, 0
869964, 1327104, 1, 0, 0
870214, 819200, 1, 0, 0
870464, 1595630, 1, 0, 0
870714, 1294336, 1, 0, 0
870964, 1458176, 1, 0, 0
871214, 1310720, 1, 0, 0
871464, 1605632, 1, 0, 0
871714, 1867776, 1, 0, 0
871964, 1474560, 1, 0, 0
872214, 802816, 1, 0, 0
872464, 688128, 1, 0, 0
872715, 1507328, 1, 0, 0
872964, 1529831, 1, 0, 0
873214, 1851392, 1, 0, 0
873464, 1769472, 1, 0, 0
873714, 2228224, 1, 0, 0
873964, 2015232, 1, 0, 0
874214, 1392640, 1, 0, 0
874464, 1277952, 1, 0, 0
874714, 1949696, 1, 0, 0
874964, 1490944, 1, 0, 0
875214, 1793028, 1, 0, 0
875464, 1982464, 1, 0, 0
875714, 1769472, 1, 0, 0
875964, 1720320, 1, 0, 0
876214, 1753088, 1, 0, 0
876464, 1818624, 1, 0, 0
876714, 1933312, 1, 0, 0
876964, 1556480, 1, 0, 0
877214, 1900544, 1, 0, 0
877464, 1924626, 1, 0, 0
877714, 1785856, 1, 0, 0
877964, 1703936, 1, 0, 0
878214, 1916928, 1, 0, 0
878464, 2195456, 1, 0, 0
878714, 2129920, 1, 0, 0
878964, 2260992, 1, 0, 0
879214, 2244608, 1, 0, 0
879464, 2195456, 1, 0, 0
879713, 1990425, 1, 0, 0
879964, 2031616, 1, 0, 0
880214, 2277376, 1, 0, 0
880464, 2375680, 1, 0, 0
880714, 1900544, 1, 0, 0
880964, 1998848, 1, 0, 0
881214, 2408448, 1, 0, 0
881464, 2588672, 1, 0, 0
881714, 2244608, 1, 0, 0
881964, 2621440, 1, 0, 0
882214, 2270072, 1, 0, 0
882464, 2179072, 1, 0, 0
882714, 2097152, 1, 0, 0
882964, 2310144, 1, 0, 0
883214, 2310144, 1, 0, 0
883464, 2490368, 1, 0, 0
883714, 1982464, 1, 0, 0
883964, 2277376, 1, 0, 0
884214, 2031616, 1, 0, 0
884464, 2006875, 1, 0, 0
884714, 2441216, 1, 0, 0
884964, 1425408, 1, 0, 0
885214, 1933312, 1, 0, 0
885464, 1916928, 1, 0, 0
885714, 2064384, 1, 0, 0
885964, 2260992, 1, 0, 0
886214, 2277376, 1, 0, 0
886464, 2211840, 1, 0, 0
886715, 2293760, 1, 0, 0
886964, 2089124, 1, 0, 0
887214, 2392064, 1, 0, 0
887464, 2113536, 1, 0, 0
887714, 2244608, 1, 0, 0
887964, 1982464, 1, 0, 0
888214, 2228224, 1, 0, 0
888464, 2211840, 1, 0, 0
888714, 2064384, 1, 0, 0
888964, 1425408, 1, 0, 0
889214, 1842377, 1, 0, 0
889464, 1327104, 1, 0, 0
889714, 1523712, 1, 0, 0
889964, 1720320, 1, 0, 0
890214, 2162688, 1, 0, 0
890464, 1638400, 1, 0, 0
890714, 2031616, 1, 0, 0
890964, 1900544, 1, 0, 0
891214, 2064384, 1, 0, 0
891464, 2105574, 1, 0, 0
891714, 2277376, 1, 0, 0
891964, 2473984, 1, 0, 0
892214, 2129920, 1, 0, 0
892464, 1654784, 1, 0, 0
892714, 1196032, 1, 0, 0
892964, 1376256, 1, 0, 0
893214, 1245184, 1, 0, 0
893464, 1474560, 1, 0, 0
893714, 1114112, 1, 0, 0
893964, 1217285, 1, 0, 0
894214, 1294336, 1, 0, 0
894464, 1769472, 1, 0, 0
894714, 1556480, 1, 0, 0
894964, 1441792, 1, 0, 0
895214, 1638400, 1, 0, 0
895464, 1507328, 1, 0, 0
895714, 1294336, 1, 0, 0
895964, 1343488, 1, 0, 0
896214, 1523712, 1, 0, 0
896464, 1727228, 1, 0, 0
896714, 1998848, 1, 0, 0
896964, 2129920, 1, 0, 0
897214, 2048000, 1, 0, 0
897464, 1998848, 1, 0, 0
897714, 1916928, 1, 0, 0
897964, 1507328, 1, 0, 0
898214, 2129920, 1, 0, 0
898464, 2359296, 1, 0, 0
898714, 2113536, 1, 0, 0
898964, 2302971, 1, 0, 0
899214, 2211840, 1, 0, 0
899464, 1966080, 1, 0, 0
899714, 2506752, 1, 0, 0
899964, 2113536, 1, 0, 0
900214, 1998848, 1, 0, 0
900464, 2146304, 1, 0, 0
900714, 2064384, 1, 0, 0
900964, 1769472, 1, 0, 0
901214, 1654784, 1, 0, 0
901464, 1365333, 1, 0, 0
901714, 1720320, 1, 0, 0
901964, 1523712, 1, 0, 0
902214, 2048000, 1, 0, 0
902464, 1900544, 1, 0, 0
902714, 1523712, 1, 0, 0
902964, 1802240, 1, 0, 0
903214, 2277376, 1, 0, 0
903464, 1671168, 1, 0, 0
903714, 1802240, 1, 0, 0
903964, 1957526, 1, 0, 0
904214, 1884160, 1, 0, 0
904464, 1622016, 1, 0, 0
904714, 1212416, 1, 0, 0
904964, 1703936, 1, 0, 0
905214, 1507328, 1, 0, 0
905464, 1671168, 1, 0, 0
905714, 1064960, 1, 0, 0
905964, 884736, 1, 0, 0
906214, 1572864, 1, 0, 0
906464, 707341, 1, 0, 0
906714, 1179648, 1, 0, 0
906964, 1867776, 1, 0, 0
907214, 1409024, 1, 0, 0
907464, 1523712, 1, 0, 0
907714, 1146880, 1, 0, 0
907964, 1294336, 1, 0, 0
908214, 1654784, 1, 0, 0
908464, 1228800, 1, 0, 0
908714, 1496931, 1, 0, 0
908964, 1359872, 1, 0, 0
909214, 1916928, 1, 0, 0
909464, 2392064, 1, 0, 0
909714, 2244608, 1, 0, 0
909964, 2326528, 1, 0, 0
910214, 1671168, 1, 0, 0
910464, 1490944, 1, 0, 0
910714, 1572864, 1, 0, 0
910964, 1595630, 1, 0, 0
911214, 1753088, 1, 0, 0
911464, 2637824, 1, 0, 0
911714, 1458176, 1, 0, 0
911964, 1654784, 1, 0, 0
912214, 1163264, 1, 0, 0
912464, 1310720, 1, 0, 0
912714, 1884160, 1, 0, 0
912964, 1851392, 1, 0, 0
913215, 2572288, 1, 0, 0
913464, 1612080, 1, 0, 0
913714, 1769472, 1, 0, 0
913964, 1949696, 1, 0, 0
914214, 1441792, 1, 0, 0
914464, 1703936, 1, 0, 0
914714, 1392640, 1, 0, 0
914964, 1867776, 1, 0, 0
915214, 1507328, 1, 0, 0
915464, 1835008, 1, 0, 0
915714, 1409024, 1, 0, 0
915964, 1908176, 1, 0, 0
916214, 1638400, 1, 0, 0
916464, 1507328, 1, 0, 0
916714, 1605632, 1, 0, 0
916964, 1769472, 1, 0, 0
917214, 1867776, 1, 0, 0
917464, 2162688, 1, 0, 0
917714, 1736704, 1, 0, 0
917964, 1507328, 1, 0, 0
918214, 1523712, 1, 0, 0
918464, 1628530, 1, 0, 0
918714, 1310720, 1, 0, 0
918964, 1556480, 1, 0, 0
919214, 1343488, 1, 0, 0
919464, 1376256, 1, 0, 0
919714, 1163264, 1, 0, 0
919964, 1425408, 1, 0, 0
920214, 1261568, 1, 0, 0
920464, 1130496, 1, 0, 0
920713, 1299534, 1, 0, 0
920964, 1785856, 1, 0, 0
921214, 1933312, 1, 0, 0
921464, 1540096, 1, 0, 0
921714, 1490944, 1, 0, 0
921964, 1458176, 1, 0, 0
922214, 1114112, 1, 0, 0
922464, 1392640, 1, 0, 0
922714, 1753088, 1, 0, 0
922964, 1130496, 1, 0, 0
923214, 1365333, 1, 0, 0
923464, 1769472, 1, 0, 0
923714, 1228800, 1, 0, 0
923964, 1818624, 1, 0, 0
924214, 1638400, 1, 0, 0
924464, 1605632, 1, 0, 0
924714, 1753088, 1, 0, 0
924964, 1081344, 1, 0, 0
925214, 1507328, 1, 0, 0
925464, 1851392, 1, 0, 0
925713, 1579180, 1, 0, 0
925964, 1507328, 1, 0, 0
926214, 1884160, 1, 0, 0
926464, 1425408, 1, 0, 0
926714, 1966080, 1, 0, 0
926964, 1605632, 1, 0, 0
927214, 2473984, 1, 0, 0
927464, 1507328, 1, 0, 0
927714, 1654784, 1, 0, 0
927964, 1818624, 1, 0, 0
928214, 1398232, 1, 0, 0
928464, 1212416, 1, 0, 0
928714, 1818624, 1, 0, 0
928964, 2031616, 1, 0, 0
929214, 1376256, 1, 0, 0
929464, 1736704, 1, 0, 0
929714, 1835008, 1, 0, 0
929964, 1998848, 1, 0, 0
930214, 1916928, 1, 0, 0
930464, 1277952, 1, 0, 0
930714, 1677879, 1, 0, 0
930964, 1556480, 1, 0, 0
931214, 1671168, 1, 0, 0
931464, 1802240, 1, 0, 0
931714, 1540096, 1, 0, 0
931964, 1622016, 1, 0, 0
932214, 2359296, 1, 0, 0
932464, 1425408, 1, 0, 0
932714, 1474560, 1, 0, 0
932964, 1490944, 1, 0, 0
933214, 1069236, 1, 0, 0
933464, 1835008, 1, 0, 0
933714, 1769472, 1, 0, 0
933964, 2228224, 1, 0, 0
934214, 1966080, 1, 0, 0
934464, 1900544, 1, 0, 0
934714, 1753088, 1, 0, 0
934964, 1589248, 1, 0, 0
935214, 1753088, 1, 0, 0
935464, 2080768, 1, 0, 0
935714, 1513381, 1, 0, 0
935964, 2015232, 1, 0, 0
936214, 1949696, 1, 0, 0
936464, 1933312, 1, 0, 0
936714, 1458176, 1, 0, 0
936964, 1589248, 1, 0, 0
937214, 1884160, 1, 0, 0
937464, 1802240, 1, 0, 0
937714, 1933312, 1, 0, 0
937964, 1825927, 1, 0, 0
938214, 2129920, 1, 0, 0
938464, 1835008, 1, 0, 0
938714, 1540096, 1, 0, 0
938964, 1949696, 1, 0, 0
939214, 1261568, 1, 0, 0
939464, 2031616, 1, 0, 0
939714, 1179648, 1, 0, 0
939964, 1949696, 1, 0, 0
940214, 2310144, 1, 0, 0
940464, 2418120, 1, 0, 0
940714, 1392640, 1, 0, 0
940964, 1998848, 1, 0, 0
941214, 2310144, 1, 0, 0
941464, 1998848, 1, 0, 0
941714, 1392640, 1, 0, 0
941964, 1802240, 1, 0, 0
942214, 2064384, 1, 0, 0
942464, 2097152, 1, 0, 0
942714, 2129920, 1, 0, 0
942964, 1628530, 1, 0, 0
943214, 1753088, 1, 0, 0
943464, 1884160, 1, 0, 0
943714, 2408448, 1, 0, 0
943964, 2146304, 1, 0, 0
944214, 1933312, 1, 0, 0
944464, 1490944, 1, 0, 0
944714, 1523712, 1, 0, 0
944964, 1507328, 1, 0, 0
945215, 1507328, 1, 0, 0
945464, 2039775, 1, 0, 0
945714, 1654784, 1, 0, 0
945964, 1622016, 1, 0, 0
946214, 1703936, 1, 0, 0
946464, 1769472, 1, 0, 0
946714, 1687552, 1, 0, 0
946964, 1966080, 1, 0, 0
947214, 1638400, 1, 0, 0
947464, 1458176, 1, 0, 0
947714, 2006875, 1, 0, 0
947964, 1998848, 1, 0, 0
948214, 1703936, 1, 0, 0
948464, 1556480, 1, 0, 0
948714, 1671168, 1, 0, 0
948964, 2195456, 1, 0, 0
949214, 2080768, 1, 0, 0
949464, 2195456, 1, 0, 0
949714, 2129920, 1, 0, 0
949964, 2195456, 1, 0, 0
950214, 2006875, 1, 0, 0
950464, 1916928, 1, 0, 0
950714, 2031616, 1, 0, 0
950964, 1982464, 1, 0, 0
951214, 2457600, 1, 0, 0
951464, 2375680, 1, 0, 0
951714, 2015232, 1, 0, 0
951964, 2244608, 1, 0, 0
952214, 2244608, 1, 0, 0
952464, 2072674, 1, 0, 0
952714, 2195456, 1, 0, 0
952964, 2293760, 1, 0, 0
953214, 2392064, 1, 0, 0
953464, 2244608, 1, 0, 0
953714, 1916928, 1, 0, 0
953964, 1966080, 1, 0, 0
954214, 2310144, 1, 0, 0
954464, 2195456, 1, 0, 0
954714, 1835008, 1, 0, 0
954964, 2122024, 1, 0, 0
955214, 1818624, 1, 0, 0
955464, 1425408, 1, 0, 0
955714, 2015232, 1, 0, 0
955964, 2195456, 1, 0, 0
956214, 1867776, 1, 0, 0
956464, 1835008, 1, 0, 0
956714, 1294336, 1, 0, 0
956964, 1409024, 1, 0, 0
957215, 1900544, 1, 0, 0
957464, 2105574, 1, 0, 0
957714, 1900544, 1, 0, 0
957964, 1916928, 1, 0, 0
958214, 2080768, 1, 0, 0
958464, 2375680, 1, 0, 0
958714, 2195456, 1, 0, 0
958964, 1392640, 1, 0, 0
959214, 1654784, 1, 0, 0
959464, 1228800, 1, 0, 0
959714, 1858827, 1, 0, 0
959964, 2129920, 1, 0, 0
960214, 1409024, 1, 0, 0
960464, 1343488, 1, 0, 0
960714, 1261568, 1, 0, 0
960964, 1605632, 1, 0, 0
961214, 1720320, 1, 0, 0
961464, 1490944, 1, 0, 0
961714, 1081344, 1, 0, 0
961964, 1233734, 1, 0, 0
962214, 1736704, 1, 0, 0
962464, 1671168, 1, 0, 0
962714, 1916928, 1, 0, 0
962964, 1753088, 1, 0, 0
963214, 1441792, 1, 0, 0
963464, 1146880, 1, 0, 0
963714, 1703936, 1, 0, 0
963964, 1392640, 1, 0, 0
964214, 1891726, 1, 0, 0
964464, 2015232, 1, 0, 0
964714, 2080768, 1, 0, 0
964964, 1867776, 1, 0, 0
965214, 2080768, 1, 0, 0
965464, 1851392, 1, 0, 0
965714, 1245184, 1, 0, 0
965964, 802816, 1, 0, 0
966214, 1097728, 1, 0, 0
966464, 1064960, 1, 0, 0
966714, 1332433, 1, 0, 0
966964, 1081344, 1, 0, 0
967214, 1261568, 1, 0, 0
967464, 1490944, 1, 0, 0
967714, 507904, 1, 0, 0
967964, 802816, 1, 0, 0
968214, 1458176, 1, 0, 0
968464, 966656, 1, 0, 0
968714, 1392640, 1, 0, 0
968964, 1277952, 1, 0, 0
969214, 1315983, 1, 0, 0
969464, 1802240, 1, 0, 0
969714, 1277952, 1, 0, 0
969964, 1736704, 1, 0, 0
970214, 1654784, 1, 0, 0
970464, 1818624, 1, 0, 0
970714, 1409024, 1, 0, 0
970964, 2375680, 1, 0, 0
971214, 2555904, 1, 0, 0
971464, 2080768, 1, 0, 0
971714, 2089124, 1, 0, 0
971964, 2113536, 1, 0, 0
972214, 1769472, 1, 0, 0
972464, 2228224, 1, 0, 0
972714, 2244608, 1, 0, 0
972964, 2228224, 1, 0, 0
973214, 1671168, 1, 0, 0
973464, 2260992, 1, 0, 0
973714, 2056224, 1, 0, 0
973964, 1458176, 1, 0, 0
974214, 1212416, 1, 0, 0
974464, 2211840, 1, 0, 0
974714, 1933312, 1, 0, 0
974964, 1605632, 1, 0, 0
975214, 2211840, 1, 0, 0
975464, 1032192, 1, 0, 0
975714, 1572864, 1, 0, 0
975964, 1776578, 1, 0, 0
976214, 1687552, 1, 0, 0
976464, 851968, 1, 0, 0
976714, 1392640, 1, 0, 0
976964, 1228800, 1, 0, 0
977214, 2113536, 1, 0, 0
977464, 2179072, 1, 0, 0
977714, 1835008, 1, 0, 0
977964, 1835008, 1, 0, 0
978214, 1793028, 1, 0, 0
978464, 2031616, 1, 0, 0
978714, 1736704, 1, 0, 0
978964, 1179648, 1, 0, 0
979214, 1818624, 1, 0, 0
979464, 1359872, 1, 0, 0
979714, 1687552, 1, 0, 0
979964, 1654784, 1, 0, 0
980214, 1720320, 1, 0, 0
980464, 1867776, 1, 0, 0
980715, 1310720, 1, 0, 0
980964, 1793028, 1, 0, 0
981214, 1523712, 1, 0, 0
981464, 1523712, 1, 0, 0
981714, 1687552, 1, 0, 0
981964, 1490944, 1, 0, 0
982214, 1474560, 1, 0, 0
982464, 1277952, 1, 0, 0
982714, 1851392, 1, 0, 0
982964, 1720320, 1, 0, 0
983214, 1546281, 1, 0, 0
983464, 1130496, 1, 0, 0
983714, 1916928, 1, 0, 0
983964, 1605632, 1, 0, 0
984214, 1343488, 1, 0, 0
984464, 704512, 1, 0, 0
984714, 1671168, 1, 0, 0
984964, 1245184, 1, 0, 0
985215, 2129920, 1, 0, 0
985464, 1908176, 1, 0, 0
985714, 1638400, 1, 0, 0
985964, 999424, 1, 0, 0
986214, 1163264, 1, 0, 0
986464, 1900544, 1, 0, 0
986714, 1933312, 1, 0, 0
986964, 1785856, 1, 0, 0
987214, 1310720, 1, 0, 0
987464, 1802240, 1, 0, 0
987714, 1858827, 1, 0, 0
987964, 1851392, 1, 0, 0
988214, 1507328, 1, 0, 0
988464, 1785856, 1, 0, 0
988714, 868352, 1, 0, 0
988964, 1523712, 1, 0, 0
989214, 1343488, 1, 0, 0
989464, 1409024, 1, 0, 0
989714, 1507328, 1, 0, 0
989964, 917504, 1, 0, 0
990214, 1069236, 1, 0, 0
990464, 802816, 1, 0, 0
990714, 1589248, 1, 0, 0
990964, 1327104, 1, 0, 0
991214, 1327104, 1, 0, 0
991464, 1163264, 1, 0, 0
991714, 966656, 1, 0, 0
991964, 1310720, 1, 0, 0
992214, 2129920, 1, 0, 0
992464, 2582618, 1, 0, 0
992714, 1818624, 1, 0, 0
992964, 1605632, 1, 0, 0
993214, 1523712, 1, 0, 0
993464, 1441792, 1, 0, 0
993714, 1720320, 1, 0, 0
993964, 1638400, 1, 0, 0
994214, 1998848, 1, 0, 0
994464, 2048000, 1, 0, 0
994714, 1710779, 1, 0, 0
994964, 1015808, 1, 0, 0
995214, 1048576, 1, 0, 0
995464, 1540096, 1, 0, 0
995714, 1212416, 1, 0, 0
995964, 1753088, 1, 0, 0
996214, 851968, 1, 0, 0
996464, 1163264, 1, 0, 0
996714, 2031616, 1, 0, 0
996964, 2080768, 1, 0, 0
997214, 1941076, 1, 0, 0
997464, 2015232, 1, 0, 0
997714, 1982464, 1, 0, 0
997964, 1802240, 1, 0, 0
998214, 1654784, 1, 0, 0
998464, 1310720, 1, 0, 0
998714, 1130496, 1, 0, 0
998964, 1441792, 1, 0, 0
999214, 1802240, 1, 0, 0
999464, 1200835, 1, 0, 0
999714, 2228224, 1, 0, 0
999964, 1294336, 1, 0, 0
1000214, 1130496, 1, 0, 0
1000464, 1605632, 1, 0, 0
1000714, 1245184, 1, 0, 0
1000964, 1589248, 1, 0, 0
1001215, 933888, 1, 0, 0
1001464, 1612080, 1, 0, 0
1001714, 1769472, 1, 0, 0
1001964, 966656, 1, 0, 0
1002214, 802816, 1, 0, 0
1002464, 1343488, 1, 0, 0
1002714, 1081344, 1, 0, 0
1002964, 1163264, 1, 0, 0
1003214, 1310720, 1, 0, 0
1003465, 1294336, 1, 0, 0
1003714, 1332433, 1, 0, 0
1003964, 1474560, 1, 0, 0
1004214, 1638400, 1, 0, 0
1004464, 1654784, 1, 0, 0
1004714, 2179072, 1, 0, 0
1004964, 1753088, 1, 0, 0
1005214, 1523712, 1, 0, 0
1005464, 1703936, 1, 0, 0
1005714, 1146880, 1, 0, 0
1005964, 1809477, 1, 0, 0
1006214, 1851392, 1, 0, 0
1006464, 950272, 1, 0, 0
1006714, 1966080, 1, 0, 0
1006964, 1409024, 1, 0, 0
1007214, 1294336, 1, 0, 0
1007464, 1228800, 1, 0, 0
1007714, 1081344, 1, 0, 0
1007964, 1343488, 1, 0, 0
1008214, 1114112, 1, 0, 0
1008464, 1891726, 1, 0, 0
1008714, 1032192, 1, 0, 0
1008964, 2015232, 1, 0, 0
1009214, 1753088, 1, 0, 0
1009464, 1785856, 1, 0, 0
1009714, 2146304, 1, 0, 0
1009964, 1015808, 1, 0, 0
1010214, 1720320, 1, 0, 0
1010464, 1671168, 1, 0, 0
1010714, 1900544, 1, 0, 0
1010964, 2418120, 1, 0, 0
1011214, 2293760, 1, 0, 0
1011464, 2293760, 1, 0, 0
1011714, 2179072, 1, 0, 0
1011964, 2064384, 1, 0, 0
1012214, 1769472, 1, 0, 0
1012464, 2080768, 1, 0, 0
1012714, 2490368, 1, 0, 0
1012964, 2179072, 1, 0, 0
1013215, 1835008, 1, 0, 0
1013464, 1924626, 1, 0, 0
1013714, 2080768, 1, 0, 0
1013964, 1900544, 1, 0, 0
1014214, 1507328, 1, 0, 0
1014464, 1998848, 1, 0, 0
1014714, 1687552, 1, 0, 0
1014964, 1622016, 1, 0, 0
1015214, 1785856, 1, 0, 0
1015464, 1998848, 1, 0, 0
1015714, 1973975, 1, 0, 0
1015964, 2572288, 1, 0, 0
1016214, 2490368, 1, 0, 0
1016464, 2228224, 1, 0, 0
1016714, 2129920, 1, 0, 0
1016964, 2277376, 1, 0, 0
1017214, 1982464, 1, 0, 0
1017464, 1982464, 1, 0, 0
1017714, 2310144, 1, 0, 0
1017964, 2277376, 1, 0, 0
1018214, 1825927, 1, 0, 0
1018464, 2113536, 1, 0, 0
1018714, 2228224, 1, 0, 0
1018964, 2375680, 1, 0, 0
1019214, 2424832, 1, 0, 0
1019464, 2015232, 1, 0, 0
1019714, 2146304, 1, 0, 0
1019964, 2310144, 1, 0, 0
1020214, 2228224, 1, 0, 0
1020464, 2506752, 1, 0, 0
1020713, 1858827, 1, 0, 0
1020964, 2064384, 1, 0, 0
1021214, 2375680, 1, 0, 0
1021464, 2080768, 1, 0, 0
1021714, 2228224, 1, 0, 0
1021964, 2473984, 1, 0, 0
1022214, 2260992, 1, 0, 0
1022464, 2293760, 1, 0, 0
1022714, 2129920, 1, 0, 0
1022964, 2244608, 1, 0, 0
1023215, 2424832, 1, 0, 0
1023464, 2138473, 1, 0, 0
1023714, 2129920, 1, 0, 0
1023964, 2228224, 1, 0, 0
1024214, 2048000, 1, 0, 0
1024464, 2310144, 1, 0, 0
1024714, 1818624, 1, 0, 0
1024964, 2031616, 1, 0, 0
1025214, 2572288, 1, 0, 0
1025465, 2129920, 1, 0, 0
1025714, 2302971, 1, 0, 0
1025964, 1998848, 1, 0, 0
1026214, 1982464, 1, 0, 0
1026464, 1753088, 1, 0, 0
1026714, 1900544, 1, 0, 0
1026964, 1867776, 1, 0, 0
1027214, 1687552, 1, 0, 0
1027464, 1277952, 1, 0, 0
1027714, 1957526, 1, 0, 0
1027964, 1376256, 1, 0, 0
1028214, 1572864, 1, 0, 0
1028464, 2228224, 1, 0, 0
1028714, 2129920, 1, 0, 0
1028964, 2179072, 1, 0, 0
1029214, 2506752, 1, 0, 0
1029464, 1835008, 1, 0, 0
1029714, 2048000, 1, 0, 0
1029964, 1654784, 1, 0, 0
1030214, 1118586, 1, 0, 0
1030464, 1310720, 1, 0, 0
1030714, 1376256, 1, 0, 0
1030964, 2654208, 1, 0, 0
1031214, 2228224, 1, 0, 0
1031464, 2195456, 1, 0, 0
1031714, 1556480, 1, 0, 0
1031964, 2211840, 1, 0, 0
1032214, 1908176, 1, 0, 0
1032464, 1949696, 1, 0, 0
1032714, 1654784, 1, 0, 0
1032964, 1966080, 1, 0, 0
1033214, 1916928, 1, 0, 0
1033464, 1736704, 1, 0, 0
1033714, 1425408, 1, 0, 0
1033964, 1556480, 1, 0, 0
1034214, 1851392, 1, 0, 0
1034464, 2064384, 1, 0, 0
1034714, 2105574, 1, 0, 0
1034964, 1540096, 1, 0, 0
1035214, 1687552, 1, 0, 0
1035464, 1458176, 1, 0, 0
1035714, 1556480, 1, 0, 0
1035964, 1196032, 1, 0, 0
1036214, 1441792, 1, 0, 0
1036464, 1671168, 1, 0, 0
1036714, 2310144, 1, 0, 0
1036964, 1753088, 1, 0, 0
1037214, 1431132, 1, 0, 0
1037464, 1802240, 1, 0, 0
1037714, 1556480, 1, 0, 0
1037964, 1802240, 1, 0, 0
1038214, 1097728, 1, 0, 0
1038464, 1900544, 1, 0, 0
1038714, 1441792, 1, 0, 0
1038964, 1875277, 1, 0, 0
1039214, 1720320, 1, 0, 0
1039464, 1654784, 1, 0, 0
1039714, 2097152, 1, 0, 0
1039964, 1769472, 1, 0, 0
1040214, 1556480, 1, 0, 0
1040464, 1392640, 1, 0, 0
1040714, 2277376, 1, 0, 0
1040964, 2113536, 1, 0, 0
1041214, 1933312, 1, 0, 0
1041464, 1842377, 1, 0, 0
1041714, 2064384, 1, 0, 0
1041964, 1540096, 1, 0, 0
1042214, 1245184, 1, 0, 0
1042464, 1228800, 1, 0, 0
1042714, 1605632, 1, 0, 0
1042964, 1916928, 1, 0, 0
1043214, 1556480, 1, 0, 0
1043464, 1949696, 1, 0, 0
1043714, 1409024, 1, 0, 0
1043964, 2056224, 1, 0, 0
1044214, 1589248, 1, 0, 0
1044464, 1458176, 1, 0, 0
1044714, 851968, 1, 0, 0
1044964, 2080768, 1, 0, 0
1045214, 1736704, 1, 0, 0
1045464, 1703936, 1, 0, 0
1045714, 2129920, 1, 0, 0
1045964, 1490944, 1, 0, 0
1046214, 2080768, 1, 0, 0
1046464, 1710779, 1, 0, 0
1046714, 1998848, 1, 0, 0
1046964, 2244608, 1, 0, 0
1047214, 2031616, 1, 0, 0
1047464, 2015232, 1, 0, 0
1047714, 1376256, 1, 0, 0
1047964, 1343488, 1, 0, 0
1048214, 1589248, 1, 0, 0
1048464, 1622016, 1, 0, 0
1048714, 1703936, 1, 0, 0
1048964, 970538, 1, 0, 0
1049214, 1245184, 1, 0, 0
1049464, 1425408, 1, 0, 0
1049714, 1277952, 1, 0, 0
1049964, 1114112, 1, 0, 0
1050214, 1310720, 1, 0, 0
1050464, 933888, 1, 0, 0
1050714, 1654784, 1, 0, 0
1050964, 999424, 1, 0, 0
1051214, 1348883, 1, 0, 0
1051464, 1736704, 1, 0, 0
1051714, 1605632, 1, 0, 0
1051964, 1425408, 1, 0, 0
1052214, 1474560, 1, 0, 0
1052464, 2260992, 1, 0, 0
1052714, 1376256, 1, 0, 0
1052964, 1884160, 1, 0, 0
1053214, 1085686, 1, 0, 0
1053464, 2392064, 1, 0, 0
1053714, 2359296, 1, 0, 0
1053964, 2080768, 1, 0, 0
1054214, 1654784, 1, 0, 0
1054464, 2064384, 1, 0, 0
1054714, 1425408, 1, 0, 0
1054964, 1835008, 1, 0, 0
1055214, 1884160, 1, 0, 0
1055464, 2113536, 1, 0, 0
1055714, 1858827, 1, 0, 0
1055964, 2228224, 1, 0, 0
1056214, 2277376, 1, 0, 0
1056464, 2211840, 1, 0, 0
1056714, 2015232, 1, 0, 0
1056964, 2097152, 1, 0, 0
1057214, 2146304, 1, 0, 0
1057464, 2097152, 1, 0, 0
1057714, 2162688, 1, 0, 0
1057963, 2253622, 1, 0, 0
1058214, 2179072, 1, 0, 0
1058464, 2293760, 1, 0, 0
1058714, 2244608, 1, 0, 0
1058964, 2080768, 1, 0, 0
1059214, 1753088, 1, 0, 0
1059464, 2359296, 1, 0, 0
1059714, 2244608, 1, 0, 0
1059964, 2211840, 1, 0, 0
1060215, 2064384, 1, 0, 0
1060464, 1842377, 1, 0, 0
1060714, 2048000, 1, 0, 0
1060964, 1785856, 1, 0, 0
1061214, 1703936, 1, 0, 0
1061464, 1589248, 1, 0, 0
1061714, 1376256, 1, 0, 0
1061964, 1327104, 1, 0, 0
1062214, 1900544, 1, 0, 0
1062464, 1900544, 1, 0, 0
1062714, 2244608, 1, 0, 0
1062964, 2171373, 1, 0, 0
1063214, 1966080, 1, 0, 0
1063464, 2097152, 1, 0, 0
1063714, 1982464, 1, 0, 0
1063964, 1851392, 1, 0, 0
1064214, 1867776, 1, 0, 0
1064464, 1900544, 1, 0, 0
1064714, 2031616, 1, 0, 0
1064964, 1916928, 1, 0, 0
1065214, 2097152, 1, 0, 0
1065464, 2286522, 1, 0, 0
1065714, 1835008, 1, 0, 0
1065964, 1556480, 1, 0, 0
1066214, 1589248, 1, 0, 0
1066464, 1785856, 1, 0, 0
1066714, 2048000, 1, 0, 0
1066964, 1572864, 1, 0, 0
1067214, 1376256, 1, 0, 0
1067464, 1441792, 1, 0, 0
1067714, 2031616, 1, 0, 0
1067964, 1299534, 1, 0, 0
1068214, 1703936, 1, 0, 0
1068464, 1966080, 1, 0, 0
1068714, 2129920, 1, 0, 0
1068964, 1409024, 1, 0, 0
1069214, 1359872, 1, 0, 0
1069464, 1638400, 1, 0, 0
1069714, 1933312, 1, 0, 0
1069964, 1163264, 1, 0, 0
1070214, 1348883, 1, 0, 0
1070464, 1720320, 1, 0, 0
1070714, 2244608, 1, 0, 0
1070964, 1572864, 1, 0, 0
1071214, 1802240, 1, 0, 0
1071464, 1818624, 1, 0, 0
1071714, 1622016, 1, 0, 0
1071964, 1310720, 1, 0, 0
1072214, 1802240, 1, 0, 0
1072464, 2418120, 1, 0, 0
1072714, 1785856, 1, 0, 0
1072964, 2228224, 1, 0, 0
1073214, 1818624, 1, 0, 0
1073464, 1474560, 1, 0, 0
1073714, 2211840, 1, 0, 0
1073964, 2539520, 1, 0, 0
1074214, 2277376, 1, 0, 0
1074464, 1654784, 1, 0, 0
1074714, 2228224, 1, 0, 0
1074964, 2138473, 1, 0, 0
1075214, 2392064, 1, 0, 0
1075464, 2277376, 1, 0, 0
1075714, 1753088, 1, 0, 0
1075964, 1818624, 1, 0, 0
1076214, 1687552, 1, 0, 0
1076464, 1703936, 1, 0, 0
1076714, 1949696, 1, 0, 0
1076964, 1294336, 1, 0, 0
1077214, 1348883, 1, 0, 0
1077464, 2293760, 1, 0, 0
1077714, 1458176, 1, 0, 0
1077964, 2146304, 1, 0, 0
1078214, 2310144, 1, 0, 0
1078464, 2736128, 1, 0, 0
1078714, 2441216, 1, 0, 0
1078964, 2260992, 1, 0, 0
1079214, 2244608, 1, 0, 0
1079464, 2434570, 1, 0, 0
1079714, 2572288, 1, 0, 0
1079964, 2555904, 1, 0, 0
1080214, 2621440, 1, 0, 0
1080464, 1933312, 1, 0, 0
1080714, 1884160, 1, 0, 0
1080964, 1556480, 1, 0, 0
1081214, 2260992, 1, 0, 0
1081464, 2064384, 1, 0, 0
1081714, 2129920, 1, 0, 0
1081964, 1644979, 1, 0, 0
1082214, 1982464, 1, 0, 0
1082464, 1802240, 1, 0, 0
1082714, 1638400, 1, 0, 0
1082964, 1998848, 1, 0, 0
1083214, 2031616, 1, 0, 0
1083464, 2260992, 1, 0, 0
1083714, 1982464, 1, 0, 0
1083964, 2080768, 1, 0, 0
1084215, 2228224, 1, 0, 0
1084464, 1941076, 1, 0, 0
1084714, 1916928, 1, 0, 0
1084964, 1277952, 1, 0, 0
1085214, 2523136, 1, 0, 0
1085464, 1277952, 1, 0, 0
1085714, 1753088, 1, 0, 0
1085964, 720896, 1, 0, 0
1086214, 1966080, 1, 0, 0
1086464, 1261568, 1, 0, 0
1086714, 1250184, 1, 0, 0
1086964, 1556480, 1, 0, 0
1087214, 1589248, 1, 0, 0
1087464, 1540096, 1, 0, 0
1087714, 1310720, 1, 0, 0
1087964, 475136, 1, 0, 0
1088214, 950272, 1, 0, 0
1088464, 851968, 1, 0, 0
1088714, 1458176, 1, 0, 0
1088964, 1802240, 1, 0, 0
1089214, 1348883, 1, 0, 0
1089464, 1409024, 1, 0, 0
1089714, 1720320, 1, 0, 0
1089964, 1818624, 1, 0, 0
1090214, 2195456, 1, 0, 0
1090464, 1769472, 1, 0, 0
1090714, 1490944, 1, 0, 0
1090964, 1556480, 1, 0, 0
1091214, 2211840, 1, 0, 0
1091464, 2253622, 1, 0, 0
1091714, 1949696, 1, 0, 0
1091964, 2179072, 1, 0, 0
1092214, 1720320, 1, 0, 0
1092464, 1949696, 1, 0, 0
1092714, 1622016, 1, 0, 0
1092964, 2031616, 1, 0, 0
1093214, 1523712, 1, 0, 0
1093464, 1818624, 1, 0, 0
1093714, 1908176, 1, 0, 0
1093964, 2359296, 1, 0, 0
1094214, 2113536, 1, 0, 0
1094464, 1540096, 1, 0, 0
1094714, 1933312, 1, 0, 0
1094964, 1556480, 1, 0, 0
1095214, 1277952, 1, 0, 0
1095464, 1474560, 1, 0, 0
1095714, 1441792, 1, 0, 0
1095964, 1605632, 1, 0, 0
1096215, 2179072, 1, 0, 0
1096464, 1677879, 1, 0, 0
1096714, 1638400, 1, 0, 0
1096964, 2129920, 1, 0, 0
1097214, 1736704, 1, 0, 0
1097464, 1671168, 1, 0, 0
1097714, 2211840, 1, 0, 0
1097964, 2080768, 1, 0, 0
1098214, 1900544, 1, 0, 0
1098464, 1835008, 1, 0, 0
1098715, 2211840, 1, 0, 0
1098964, 1990425, 1, 0, 0
1099214, 1671168, 1, 0, 0
1099464, 1785856, 1, 0, 0
1099714, 2048000, 1, 0, 0
1099964, 1884160, 1, 0, 0
1100214, 1884160, 1, 0, 0
1100464, 1753088, 1, 0, 0
1100714, 1343488, 1, 0, 0
1100964, 1507328, 1, 0, 0
1101214, 1908176, 1, 0, 0
1101464, 1245184, 1, 0, 0
1101714, 1736704, 1, 0, 0
1101964, 1867776, 1, 0, 0
1102214, 2048000, 1, 0, 0
1102464, 1769472, 1, 0, 0
1102714, 1130496, 1, 0, 0
1102964, 1523712, 1, 0, 0
1103214, 1196032, 1, 0, 0
1103465, 1720320, 1, 0, 0
1103714, 1529831, 1, 0, 0
1103964, 2162688, 1, 0, 0
1104214, 1458176, 1, 0, 0
1104464, 1376256, 1, 0, 0
1104714, 2228224, 1, 0, 0
1104964, 1654784, 1, 0, 0
1105214, 2129920, 1, 0, 0
1105464, 2048000, 1, 0, 0
1105714, 1982464, 1, 0, 0
1105965, 1310720, 1, 0, 0
1106214, 1710779, 1, 0, 0
1106464, 1605632, 1, 0, 0
1106714, 1310720, 1, 0, 0
1106964, 1458176, 1, 0, 0
1107214, 2064384, 1, 0, 0
1107464, 1146880, 1, 0, 0
1107714, 1523712, 1, 0, 0
1107964, 1556480, 1, 0, 0
1108214, 1769472, 1, 0, 0
1108464, 2270072, 1, 0, 0
1108714, 1998848, 1, 0, 0
1108964, 2015232, 1, 0, 0
1109214, 1130496, 1, 0, 0
1109464, 2392064, 1, 0, 0
1109714, 1720320, 1, 0, 0
1109964, 1409024, 1, 0, 0
1110214, 901120, 1, 0, 0
1110464, 1851392, 1, 0, 0
1110714, 1572864, 1, 0, 0
1110964, 1266634, 1, 0, 0
1111214, 1867776, 1, 0, 0
1111464, 1507328, 1, 0, 0
1111714, 1720320, 1, 0, 0
1111964, 1654784, 1, 0, 0
1112214, 1638400, 1, 0, 0
1112464, 999424, 1, 0, 0
1112714, 901120, 1, 0, 0
1112964, 901120, 1, 0, 0
1113214, 1687552, 1, 0, 0
1113464, 1809477, 1, 0, 0
1113714, 1359872, 1, 0, 0
1113964, 966656, 1, 0, 0
1114214, 983040, 1, 0, 0
1114464, 1392640, 1, 0, 0
1114714, 753664, 1, 0, 0
1114964, 1622016, 1, 0, 0
1115214, 1359872, 1, 0, 0
1115464, 802816, 1, 0, 0
1115713, 641542, 1, 0, 0
1115964, 1327104, 1, 0, 0
1116214, 704512, 1, 0, 0
1116464, 933888, 1, 0, 0
1116714, 1032192, 1, 0, 0
1116964, 933888, 1, 0, 0
1117214, 770048, 1, 0, 0
1117464, 1032192, 1, 0, 0
1117714, 1474560, 1, 0, 0
1117964, 1212416, 1, 0, 0
1118214, 1694329, 1, 0, 0
1118464, 1327104, 1, 0, 0
1118714, 999424, 1, 0, 0
1118964, 1556480, 1, 0, 0
1119214, 1392640, 1, 0, 0
1119464, 1720320, 1, 0, 0
1119714, 1114112, 1, 0, 0
1119964, 1605632, 1, 0, 0
1120214, 1130496, 1, 0, 0
1120464, 1343488, 1, 0, 0
1120714, 1612080, 1, 0, 0
1120964, 1245184, 1, 0, 0
1121214, 983040, 1, 0, 0
1121464, 1933312, 1, 0, 0
1121714, 1343488, 1, 0, 0
1121964, 1409024, 1, 0, 0
1122214, 1048576, 1, 0, 0
1122464, 1064960, 1, 0, 0
1122714, 1015808, 1, 0, 0
1122964, 1294336, 1, 0, 0
1123214, 1743678, 1, 0, 0
1123464, 1474560, 1, 0, 0
1123714, 1622016, 1, 0, 0
1123964, 1507328, 1, 0, 0
1124214, 1310720, 1, 0, 0
1124464, 1540096, 1, 0, 0
1124714, 786432, 1, 0, 0
1124964, 606208, 1, 0, 0
1125214, 1184385, 1, 0, 0
1125464, 1064960, 1, 0, 0
1125714, 1998848, 1, 0, 0
1125964, 1409024, 1, 0, 0
1126214, 1540096, 1, 0, 0
1126464, 1458176, 1, 0, 0
1126714, 1916928, 1, 0, 0
1126964, 1622016, 1, 0, 0
1127214, 1589248, 1, 0, 0
1127465, 1671168, 1, 0, 0
1127714, 1365333, 1, 0, 0
1127964, 1654784, 1, 0, 0
1128214, 1769472, 1, 0, 0
1128464, 1015808, 1, 0, 0
1128714, 1425408, 1, 0, 0
1128964, 1654784, 1, 0, 0
1129214, 1474560, 1, 0, 0
1129464, 1589248, 1, 0, 0
1129714, 2105574, 1, 0, 0
1129964, 2195456, 1, 0, 0
1130214, 1441792, 1, 0, 0
1130464, 1654784, 1, 0, 0
1130714, 2031616, 1, 0, 0
1130964, 1179648, 1, 0, 0
1131214, 1523712, 1, 0, 0
1131464, 1949696, 1, 0, 0
1131714, 2146304, 1, 0, 0
1131964, 1957526, 1, 0, 0
1132214, 1703936, 1, 0, 0
1132464, 1753088, 1, 0, 0
1132714, 2064384, 1, 0, 0
1132964, 2260992, 1, 0, 0
1133214, 1687552, 1, 0, 0
1133464, 1802240, 1, 0, 0
1133714, 1720320, 1, 0, 0
1133964, 2097152, 1, 0, 0
1134214, 1703936, 1, 0, 0
1134464, 1365333, 1, 0, 0
1134714, 1392640, 1, 0, 0
1134964, 1671168, 1, 0, 0
1135214, 1703936, 1, 0, 0
1135464, 1720320, 1, 0, 0
1135714, 1458176, 1, 0, 0
1135964, 1376256, 1, 0, 0
1136214, 1589248, 1, 0, 0
1136464, 1474560, 1, 0, 0
1136713, 1793028, 1, 0, 0
1136964, 1703936, 1, 0, 0
1137214, 1916928, 1, 0, 0
1137464, 1654784, 1, 0, 0
1137714, 1654784, 1, 0, 0
1137964, 1916928, 1, 0, 0
1138214, 655360, 1, 0, 0
1138464, 1802240, 1, 0, 0
1138714, 1982464, 1, 0, 0
1138964, 1835008, 1, 0, 0
1139215, 1916928, 1, 0, 0
1139464, 1842377, 1, 0, 0
1139714, 1703936, 1, 0, 0
1139964, 1835008, 1, 0, 0
1140214, 1425408, 1, 0, 0
1140464, 2113536, 1, 0, 0
1140714, 2179072, 1, 0, 0
1140964, 2211840, 1, 0, 0
1141214, 1916928, 1, 0, 0
1141464, 1802240, 1, 0, 0
1141714, 1671168, 1, 0, 0
1141964, 2302971, 1, 0, 0
1142214, 2064384, 1, 0, 0
1142464, 2211840, 1, 0, 0
1142714, 1540096, 1, 0, 0
1142964, 1835008, 1, 0, 0
1143214, 2048000, 1, 0, 0
1143464, 1556480, 1, 0, 0
1143714, 1835008, 1, 0, 0
1143964, 1998848, 1, 0, 0
1144214, 1562730, 1, 0, 0
1144464, 1441792, 1, 0, 0
1144714, 1327104, 1, 0, 0
1144964, 2162688, 1, 0, 0
1145214, 1474560, 1, 0, 0
1145464, 1671168, 1, 0, 0
1145714, 1327104, 1, 0, 0
1145964, 1589248, 1, 0, 0
1146214, 1851392, 1, 0, 0
1146465, 1638400, 1, 0, 0
1146714, 394795, 1, 0, 0
1146964, 753664, 1, 0, 0
1147214, 737280, 1, 0, 0
1147464, 1900544, 1, 0, 0
1147714, 1064960, 1, 0, 0
1147964, 1310720, 1, 0, 0
1148214, 819200, 1, 0, 0
1148464, 589824, 1, 0, 0
1148714, 1605632, 1, 0, 0
1148965, 1966080, 1, 0, 0
1149214, 2039775, 1, 0, 0
1149464, 1884160, 1, 0, 0
1149714, 1245184, 1, 0, 0
1149964, 1228800, 1, 0, 0
1150214, 1753088, 1, 0, 0
1150464, 1785856, 1, 0, 0
1150714, 1441792, 1, 0, 0
1150964, 1458176, 1, 0, 0
1151214, 1949696, 1, 0, 0
1151464, 1595630, 1, 0, 0
1151714, 2195456, 1, 0, 0
1151964, 2228224, 1, 0, 0
1152214, 2260992, 1, 0, 0
1152464, 1949696, 1, 0, 0
1152714, 2211840, 1, 0, 0
1152964, 2195456, 1, 0, 0
1153214, 1933312, 1, 0, 0
1153464, 1900544, 1, 0, 0
1153714, 1900544, 1, 0, 0
1153964, 1496931, 1, 0, 0
1154214, 2244608, 1, 0, 0
1154464, 1802240, 1, 0, 0
1154714, 1851392, 1, 0, 0
1154964, 2080768, 1, 0, 0
1155214, 1916928, 1, 0, 0
1155464, 1867776, 1, 0, 0
1155714, 1916928, 1, 0, 0
1155964, 1949696, 1, 0, 0
1156214, 1867776, 1, 0, 0
1156464, 1825927, 1, 0, 0
1156714, 2048000, 1, 0, 0
1156964, 2080768, 1, 0, 0
1157214, 1916928, 1, 0, 0
1157464, 1736704, 1, 0, 0
1157714, 1982464, 1, 0, 0
1157964, 2031616, 1, 0, 0
1158214, 2195456, 1, 0, 0
1158464, 1933312, 1, 0, 0
1158714, 1916928, 1, 0, 0
1158964, 2072674, 1, 0, 0
1159214, 1769472, 1, 0, 0
1159464, 1933312, 1, 0, 0
1159714, 1343488, 1, 0, 0
1159964, 851968, 1, 0, 0
1160214, 1163264, 1, 0, 0
1160464, 1310720, 1, 0, 0
1160714, 1490944, 1, 0, 0
1160964, 1818624, 1, 0, 0
1161214, 1048576, 1, 0, 0
1161464, 1809477, 1, 0, 0
1161714, 1441792, 1, 0, 0
1161964, 966656, 1, 0, 0
1162214, 819200, 1, 0, 0
1162464, 1425408, 1, 0, 0
1162714, 1359872, 1, 0, 0
1162964, 1818624, 1, 0, 0
1163214, 1589248, 1, 0, 0
1163464, 1490944, 1, 0, 0
1163714, 1867776, 1, 0, 0
1163964, 2286522, 1, 0, 0
1164214, 1409024, 1, 0, 0
1164464, 1949696, 1, 0, 0
1164714, 1720320, 1, 0, 0
1164964, 2179072, 1, 0, 0
1165214, 1982464, 1, 0, 0
1165464, 1294336, 1, 0, 0
1165714, 1638400, 1, 0, 0
1165964, 2408448, 1, 0, 0
1166214, 1793028, 1, 0, 0
1166464, 1753088, 1, 0, 0
1166714, 2195456, 1, 0, 0
1166964, 1654784, 1, 0, 0
1167214, 1703936, 1, 0, 0
1167464, 1409024, 1, 0, 0
1167714, 1687552, 1, 0, 0
1167964, 1540096, 1, 0, 0
1168214, 1376256, 1, 0, 0
1168464, 1589248, 1, 0, 0
1168714, 970538, 1, 0, 0
1168964, 1294336, 1, 0, 0
1169214, 1114112, 1, 0, 0
1169464, 1310720, 1, 0, 0
1169714, 1343488, 1, 0, 0
1169964, 1310720, 1, 0, 0
1170214, 2015232, 1, 0, 0
1170464, 1409024, 1, 0, 0
1170713, 1875277, 1, 0, 0
1170964, 1703936, 1, 0, 0
1171214, 1458176, 1, 0, 0
1171464, 1376256, 1, 0, 0
1171714, 1638400, 1, 0, 0
1171964, 1392640, 1, 0, 0
1172214, 1392640, 1, 0, 0
1172464, 1523712, 1, 0, 0
1172714, 1671168, 1, 0, 0
1172964, 1425408, 1, 0, 0
1173215, 1753088, 1, 0, 0
1173464, 1414682, 1, 0, 0
1173714, 1982464, 1, 0, 0
1173964, 1359872, 1, 0, 0
1174214, 1572864, 1, 0, 0
1174464, 2031616, 1, 0, 0
1174714, 1409024, 1, 0, 0
1174964, 1392640, 1, 0, 0
1175214, 1081344, 1, 0, 0
1175464, 950272, 1, 0, 0
1175714, 1546281, 1, 0, 0
1175964, 1458176, 1, 0, 0
1176214, 1327104, 1, 0, 0
1176464, 1687552, 1, 0, 0
1176714, 2293760, 1, 0, 0
1176964, 1671168, 1, 0, 0
1177214, 1720320, 1, 0, 0
1177464, 1327104, 1, 0, 0
1177714, 1097728, 1, 0, 0
1177964, 1365333, 1, 0, 0
1178214, 1474560, 1, 0, 0
1178464, 933888, 1, 0, 0
1178714, 1130496, 1, 0, 0
1178964, 1228800, 1, 0, 0
1179214, 1458176, 1, 0, 0
1179464, 1458176, 1, 0, 0
1179714, 802816, 1, 0, 0
1179964, 606208, 1, 0, 0
1180215, 835584, 1, 0, 0
1180464, 1052787, 1, 0, 0
1180714, 1048576, 1, 0, 0
1180964, 1277952, 1, 0, 0
1181214, 1376256, 1, 0, 0
1181464, 999424, 1, 0, 0
1181714, 1458176, 1, 0, 0
1181964, 1671168, 1, 0, 0
1182214, 1540096, 1, 0, 0
1182465, 1753088, 1, 0, 0
1182714, 1825927, 1, 0, 0
1182964, 1900544, 1, 0, 0
1183214, 1687552, 1, 0, 0
1183464, 1130496, 1, 0, 0
1183714, 1048576, 1, 0, 0
1183964, 1228800, 1, 0, 0
1184214, 1409024, 1, 0, 0
1184464, 1605632, 1, 0, 0
1184714, 1343488, 1, 0, 0
1184964, 1496931, 1, 0, 0
1185214, 1376256, 1, 0, 0
1185464, 1228800, 1, 0, 0
1185714, 1228800, 1, 0, 0
1185964, 1245184, 1, 0, 0
1186214, 1343488, 1, 0, 0
1186464, 1589248, 1, 0, 0
1186714, 1343488, 1, 0, 0
1186964, 1081344, 1, 0, 0
1187214, 1900544, 1, 0, 0
1187464, 1628530, 1, 0, 0
1187714, 1327104, 1, 0, 0
1187964, 1425408, 1, 0, 0
1188214, 2097152, 1, 0, 0
1188464, 1753088, 1, 0, 0
1188714, 1654784, 1, 0, 0
1188964, 1933312, 1, 0, 0
1189214, 1474560, 1, 0, 0
1189464, 1490944, 1, 0, 0
1189714, 1671168, 1, 0, 0
1189964, 1825927, 1, 0, 0
1190214, 1638400, 1, 0, 0
1190464, 1769472, 1, 0, 0
1190714, 1671168, 1, 0, 0
1190964, 1867776, 1, 0, 0
1191214, 1753088, 1, 0, 0
1191464, 1966080, 1, 0, 0
1191714, 1572864, 1, 0, 0
1191964, 1507328, 1, 0, 0
1192214, 2015232, 1, 0, 0
1192464, 1776578, 1, 0, 0
1192714, 1458176, 1, 0, 0
1192964, 688128, 1, 0, 0
1193214, 1589248, 1, 0, 0
1193464, 2015232, 1, 0, 0
1193714, 1261568, 1, 0, 0
1193964, 1376256, 1, 0, 0
1194214, 1900544, 1, 0, 0
1194464, 1425408, 1, 0, 0
1194714, 1458176, 1, 0, 0
1194964, 1200835, 1, 0, 0
1195214, 1376256, 1, 0, 0
1195464, 1409024, 1, 0, 0
1195714, 933888, 1, 0, 0
1195964, 1359872, 1, 0, 0
1196214, 1720320, 1, 0, 0
1196464, 1523712, 1, 0, 0
1196714, 1327104, 1, 0, 0
1196964, 1949696, 1, 0, 0
1197214, 1464032, 1, 0, 0
1197464, 2375680, 1, 0, 0
1197714, 1802240, 1, 0, 0
1197964, 835584, 1, 0, 0
1198214, 1490944, 1, 0, 0
1198464, 1966080, 1, 0, 0
1198714, 1277952, 1, 0, 0
1198964, 1703936, 1, 0, 0
1199214, 1458176, 1, 0, 0
1199464, 1818624, 1, 0, 0
1199714, 1957526, 1, 0, 0
1199964, 1982464, 1, 0, 0
1200214, 2211840, 1, 0, 0
1200464, 2129920, 1, 0, 0
1200714, 2064384, 1, 0, 0
1200964, 1572864, 1, 0, 0
1201214, 1605632, 1, 0, 0
1201464, 1540096, 1, 0, 0
1201714, 1769472, 1, 0, 0
1201964, 1212416, 1, 0, 0
1202214, 1529831, 1, 0, 0
1202464, 1507328, 1, 0, 0
1202714, 1359872, 1, 0, 0
1202964, 1048576, 1, 0, 0
1203214, 983040, 1, 0, 0
1203464, 1687552, 1, 0, 0
1203714, 1867776, 1, 0, 0
1203964, 2097152, 1, 0, 0
1204214, 2146304, 1, 0, 0
1204464, 1842377, 1, 0, 0
1204714, 1835008, 1, 0, 0
1204964, 1851392, 1, 0, 0
1205214, 1818624, 1, 0, 0
1205464, 1703936, 1, 0, 0
1205714, 2244608, 1, 0, 0
1205964, 1818624, 1, 0, 0
1206214, 1425408, 1, 0, 0
1206464, 1998848, 1, 0, 0
1206714, 1743678, 1, 0, 0
1206964, 2146304, 1, 0, 0
1207214, 1622016, 1, 0, 0
1207464, 1622016, 1, 0, 0
1207714, 1933312, 1, 0, 0
1207964, 2048000, 1, 0, 0
1208214, 2359296, 1, 0, 0
1208464, 2342912, 1, 0, 0
1208714, 1966080, 1, 0, 0
1208964, 2089124, 1, 0, 0
1209214, 1703936, 1, 0, 0
1209464, 1572864, 1, 0, 0
1209714, 1638400, 1, 0, 0
1209964, 1622016, 1, 0, 0
1210214, 1409024, 1, 0, 0
1210464, 1507328, 1, 0, 0
1210714, 1441792, 1, 0, 0
1210964, 2244608, 1, 0, 0
1211215, 1638400, 1, 0, 0
1211464, 1546281, 1, 0, 0
1211714, 1097728, 1, 0, 0
1211964, 1277952, 1, 0, 0
1212214, 1736704, 1, 0, 0
1212464, 2048000, 1, 0, 0
1212714, 1277952, 1, 0, 0
1212964, 1622016, 1, 0, 0
1213214, 1343488, 1, 0, 0
1213464, 1835008, 1, 0, 0
1213714, 1431132, 1, 0, 0
1213964, 1933312, 1, 0, 0
1214214, 999424, 1, 0, 0
1214464, 1671168, 1, 0, 0
1214714, 1474560, 1, 0, 0
1214964, 884736, 1, 0, 0
1215214, 1130496, 1, 0, 0
1215464, 1687552, 1, 0, 0
1215714, 1622016, 1, 0, 0
1215964, 2171373, 1, 0, 0
1216214, 2244608, 1, 0, 0
1216464, 1998848, 1, 0, 0
1216714, 2080768, 1, 0, 0
1216964, 2015232, 1, 0, 0
1217214, 2113536, 1, 0, 0
1217464, 1998848, 1, 0, 0
1217714, 2129920, 1, 0, 0
1217964, 1998848, 1, 0, 0
1218214, 2113536, 1, 0, 0
1218464, 1982464, 1, 0, 0
1218714, 1562730, 1, 0, 0
1218964, 1228800, 1, 0, 0
1219214, 1867776, 1, 0, 0
1219464, 2359296, 1, 0, 0
1219714, 2064384, 1, 0, 0
1219964, 2244608, 1, 0, 0
1220214, 2146304, 1, 0, 0
1220464, 1638400, 1, 0, 0
1220715, 2129920, 1, 0, 0
1220964, 1727228, 1, 0, 0
1221214, 1703936, 1, 0, 0
1221464, 1212416, 1, 0, 0
1221714, 884736, 1, 0, 0
1221964, 1409024, 1, 0, 0
1222214, 1507328, 1, 0, 0
1222464, 1294336, 1, 0, 0
1222714, 1310720, 1, 0, 0
1222964, 1933312, 1, 0, 0
1223214, 1283084, 1, 0, 0
1223464, 933888, 1, 0, 0
1223714, 606208, 1, 0, 0
1223964, 1458176, 1, 0, 0
1224214, 1720320, 1, 0, 0
1224464, 1327104, 1, 0, 0
1224714, 1867776, 1, 0, 0
1224964, 1310720, 1, 0, 0
1225214, 1425408, 1, 0, 0
1225464, 888289, 1, 0, 0
1225714, 1392640, 1, 0, 0
1225964, 1097728, 1, 0, 0
1226214, 1949696, 1, 0, 0
1226464, 2490368, 1, 0, 0
1226714, 1982464, 1, 0, 0
1226964, 2015232, 1, 0, 0
1227214, 1490944, 1, 0, 0
1227464, 1933312, 1, 0, 0
1227714, 1736704, 1, 0, 0
1227964, 954088, 1, 0, 0
1228214, 1343488, 1, 0, 0
1228464, 1130496, 1, 0, 0
1228714, 884736, 1, 0, 0
1228964, 1753088, 1, 0, 0
1229214, 1359872, 1, 0, 0
1229464, 1769472, 1, 0, 0
1229714, 1916928, 1, 0, 0
1229964, 1769472, 1, 0, 0
1230215, 1523712, 1, 0, 0
1230464, 2220722, 1, 0, 0
1230714, 1916928, 1, 0, 0
1230964, 1687552, 1, 0, 0
1231214, 1933312, 1, 0, 0
1231464, 1736704, 1, 0, 0
1231714, 1163264, 1, 0, 0
1231964, 1851392, 1, 0, 0
1232214, 1884160, 1, 0, 0
1232464, 704512, 1, 0, 0
1232715, 1343488, 1, 0, 0
1232964, 1513381, 1, 0, 0
1233214, 1966080, 1, 0, 0
1233464, 1933312, 1, 0, 0
1233714, 1376256, 1, 0, 0
1233964, 1572864, 1, 0, 0
1234214, 1359872, 1, 0, 0
1234464, 1605632, 1, 0, 0
1234714, 1507328, 1, 0, 0
1234964, 1589248, 1, 0, 0
1235214, 1710779, 1, 0, 0
1235464, 1703936, 1, 0, 0
1235714, 1327104, 1, 0, 0
1235964, 1490944, 1, 0, 0
1236214, 1556480, 1, 0, 0
1236464, 1212416, 1, 0, 0
1236714, 1376256, 1, 0, 0
1236964, 1589248, 1, 0, 0
1237214, 1966080, 1, 0, 0
1237464, 1793028, 1, 0, 0
1237714, 1703936, 1, 0, 0
1237964, 983040, 1, 0, 0
1238214, 1490944, 1, 0, 0
1238464, 1556480, 1, 0, 0
1238714, 1622016, 1, 0, 0
1238964, 1540096, 1, 0, 0
1239215, 393216, 1, 0, 0
1239465, 1900544, 1, 0, 0
1239714, 1727228, 1, 0, 0
1239964, 1179648, 1, 0, 0
1240214, 1900544, 1, 0, 0
1240464, 1884160, 1, 0, 0
1240714, 2080768, 1, 0, 0
1240964, 1785856, 1, 0, 0
1241214, 2031616, 1, 0, 0
1241464, 1474560, 1, 0, 0
1241714, 2072674, 1, 0, 0
1241964, 1622016, 1, 0, 0
1242214, 2506752, 1, 0, 0
1242464, 2441216, 1, 0, 0
1242714, 1769472, 1, 0, 0
1242964, 1687552, 1, 0, 0
1243214, 1359872, 1, 0, 0
1243464, 1441792, 1, 0, 0
1243714, 2072674, 1, 0, 0
1243964, 2244608, 1, 0, 0
1244214, 2179072, 1, 0, 0
1244464, 2097152, 1, 0, 0
1244714, 1622016, 1, 0, 0
1244964, 1982464, 1, 0, 0
1245214, 835584, 1, 0, 0
1245464, 1425408, 1, 0, 0
1245714, 1638400, 1, 0, 0
1245965, 1753088, 1, 0, 0
1246214, 2122024, 1, 0, 0
1246464, 1982464, 1, 0, 0
1246714, 1998848, 1, 0, 0
1246964, 1605632, 1, 0, 0
1247214, 1769472, 1, 0, 0
1247464, 2179072, 1, 0, 0
1247714, 2359296, 1, 0, 0
1247964, 1867776, 1, 0, 0
1248214, 2039775, 1, 0, 0
1248464, 2048000, 1, 0, 0
1248714, 1474560, 1, 0, 0
1248964, 1867776, 1, 0, 0
1249214, 1867776, 1, 0, 0
1249464, 2310144, 1, 0, 0
1249714, 2326528, 1, 0, 0
1249964, 2228224, 1, 0, 0
1250214, 2228224, 1, 0, 0
1250464, 2237172, 1, 0, 0
1250714, 2064384, 1, 0, 0
1250964, 2064384, 1, 0, 0
1251214, 1966080, 1, 0, 0
1251464, 1605632, 1, 0, 0
1251714, 1736704, 1, 0, 0
1251964, 2080768, 1, 0, 0
1252214, 1654784, 1, 0, 0
1252464, 1703936, 1, 0, 0
1252714, 1523712, 1, 0, 0
1252964, 1973975, 1, 0, 0
1253214, 1540096, 1, 0, 0
1253464, 2146304, 1, 0, 0
1253714, 1802240, 1, 0, 0
1253964, 1720320, 1, 0, 0
1254214, 2359296, 1, 0, 0
1254464, 2031616, 1, 0, 0
1254714, 2326528, 1, 0, 0
1254964, 1474560, 1, 0, 0
1255214, 970538, 1, 0, 0
1255464, 1228800, 1, 0, 0
1255714, 1933312, 1, 0, 0
1255964, 1982464, 1, 0, 0
1256214, 2064384, 1, 0, 0
1256464, 1851392, 1, 0, 0
1256714, 2293760, 1, 0, 0
1256964, 1982464, 1, 0, 0
1257214, 1867776, 1, 0, 0
1257464, 2451020, 1, 0, 0
1257714, 2260992, 1, 0, 0
1257964, 2031616, 1, 0, 0
1258214, 2162688, 1, 0, 0
1258464, 2064384, 1, 0, 0
1258714, 2162688, 1, 0, 0
1258964, 2293760, 1, 0, 0
1259214, 2113536, 1, 0, 0
1259464, 2031616, 1, 0, 0
1259714, 2179072, 1, 0, 0
1259964, 1825927, 1, 0, 0
1260214, 2195456, 1, 0, 0
1260464, 1949696, 1, 0, 0
1260714, 1851392, 1, 0, 0
1260964, 1867776, 1, 0, 0
1261214, 2277376, 1, 0, 0
1261464, 2179072, 1, 0, 0
1261714, 2048000, 1, 0, 0
1261964, 2342912, 1, 0, 0
1262215, 2179072, 1, 0, 0
1262464, 1941076, 1, 0, 0
1262714, 2441216, 1, 0, 0
1262964, 1851392, 1, 0, 0
1263214, 1163264, 1, 0, 0
1263464, 1294336, 1, 0, 0
1263714, 786432, 1, 0, 0
1263964, 1818624, 1, 0, 0
1264214, 1720320, 1, 0, 0
1264464, 344064, 1, 0, 0
1264714, 1743678, 1, 0, 0
1264964, 1490944, 1, 0, 0
1265214, 1736704, 1, 0, 0
1265464, 1507328, 1, 0, 0
1265714, 1376256, 1, 0, 0
1265964, 1212416, 1, 0, 0
1266214, 1196032, 1, 0, 0
1266464, 1556480, 1, 0, 0
1266714, 1900544, 1, 0, 0
1266963, 855389, 1, 0, 0
1267214, 1261568, 1, 0, 0
1267464, 1622016, 1, 0, 0
1267714, 1245184, 1, 0, 0
1267964, 950272, 1, 0, 0
1268214, 966656, 1, 0, 0
1268464, 1081344, 1, 0, 0
1268714, 1982464, 1, 0, 0
1268964, 1245184, 1, 0, 0
1269214, 1015808, 1, 0, 0
1269464, 1644979, 1, 0, 0
1269714, 1114112, 1, 0, 0
1269964, 1851392, 1, 0, 0
1270214, 1638400, 1, 0, 0
1270464, 1769472, 1, 0, 0
1270714, 1589248, 1, 0, 0
1270964, 1835008, 1, 0, 0
1271214, 1294336, 1, 0, 0
1271464, 491520, 1, 0, 0
1271714, 1085686, 1, 0, 0
1271964, 1277952, 1, 0, 0
1272214, 1769472, 1, 0, 0
1272464, 1769472, 1, 0, 0
1272714, 1540096, 1, 0, 0
1272964, 1425408, 1, 0, 0
1273214, 1359872, 1, 0, 0
1273464, 1277952, 1, 0, 0
1273714, 2195456, 1, 0, 0
1273964, 1146880, 1, 0, 0
1274214, 1464032, 1, 0, 0
1274464, 1064960, 1, 0, 0
1274714, 1622016, 1, 0, 0
1274964, 1064960, 1, 0, 0
1275214, 1294336, 1, 0, 0
1275464, 1179648, 1, 0, 0
1275714, 1179648, 1, 0, 0
1275964, 1867776, 1, 0, 0
1276214, 1425408, 1, 0, 0
1276464, 1315983, 1, 0, 0
1276714, 1867776, 1, 0, 0
1276964, 2244608, 1, 0, 0
1277214, 1654784, 1, 0, 0
1277464, 2277376, 1, 0, 0
1277714, 1703936, 1, 0, 0
1277964, 1163264, 1, 0, 0
1278214, 1818624, 1, 0, 0
1278464, 1703936, 1, 0, 0
1278714, 1294336, 1, 0, 0
1278964, 1727228, 1, 0, 0
1279214, 1261568, 1, 0, 0
1279464, 1277952, 1, 0, 0
1279714, 1622016, 1, 0, 0
1279964, 1687552, 1, 0, 0
1280214, 2048000, 1, 0, 0
1280464, 1933312, 1, 0, 0
1280714, 1359872, 1, 0, 0
1280964, 1458176, 1, 0, 0
1281214, 1315983, 1, 0, 0
1281464, 2129920, 1, 0, 0
1281714, 1949696, 1, 0, 0
1281964, 2195456, 1, 0, 0
1282214, 2048000, 1, 0, 0
1282464, 1851392, 1, 0, 0
1282714, 1753088, 1, 0, 0
1282964, 1638400, 1, 0, 0
1283214, 1490944, 1, 0, 0
1283464, 1540096, 1, 0, 0
1283714, 1233734, 1, 0, 0
1283964, 835584, 1, 0, 0
1284214, 983040, 1, 0, 0
1284464, 1867776, 1, 0, 0
1284714, 1409024, 1, 0, 0
1284964, 1622016, 1, 0, 0
1285214, 1146880, 1, 0, 0
1285464, 1081344, 1, 0, 0
1285714, 2129920, 1, 0, 0
1285964, 1949696, 1, 0, 0
1286214, 1727228, 1, 0, 0
1286464, 1458176, 1, 0, 0
1286714, 1769472, 1, 0, 0
1286964, 1933312, 1, 0, 0
1287214, 1867776, 1, 0, 0
1287464, 1605632, 1, 0, 0
1287714, 1507328, 1, 0, 0
1287964, 1310720, 1, 0, 0
1288214, 1343488, 1, 0, 0
1288464, 1085686, 1, 0, 0
1288714, 1179648, 1, 0, 0
1288964, 606208, 1, 0, 0
1289214, 557056, 1, 0, 0
1289464, 1245184, 1, 0, 0
1289714, 1130496, 1, 0, 0
1289964, 507904, 1, 0, 0
1290214, 819200, 1, 0, 0
1290464, 786432, 1, 0, 0
1290714, 1135036, 1, 0, 0
1290964, 606208, 1, 0, 0
1291214, 851968, 1, 0, 0
1291464, 1032192, 1, 0, 0
1291714, 638976, 1, 0, 0
1291964, 1310720, 1, 0, 0
1292214, 917504, 1, 0, 0
1292464, 851968, 1, 0, 0
1292715, 622592, 1, 0, 0
1292964, 1118586, 1, 0, 0
1293214, 999424, 1, 0, 0
1293464, 491520, 1, 0, 0
1293714, 851968, 1, 0, 0
1293964, 376832, 1, 0, 0
1294214, 720896, 1, 0, 0
1294464, 589824, 1, 0, 0
1294714, 868352, 1, 0, 0
1294964, 950272, 1, 0, 0
1295214, 1102136, 1, 0, 0
1295464, 933888, 1, 0, 0
1295714, 737280, 1, 0, 0
1295964, 1261568, 1, 0, 0
1296214, 1556480, 1, 0, 0
1296464, 1294336, 1, 0, 0
1296714, 1671168, 1, 0, 0
1296964, 1196032, 1, 0, 0
1297214, 1376256, 1, 0, 0
1297465, 1785856, 1, 0, 0
1297714, 789590, 1, 0, 0
1297964, 950272, 1, 0, 0
1298214, 1097728, 1, 0, 0
1298464, 966656, 1, 0, 0
1298714, 835584, 1, 0, 0
1298964, 1081344, 1, 0, 0
1299214, 1327104, 1, 0, 0
1299464, 1179648, 1, 0, 0
1299714, 1398232, 1, 0, 0
1299964, 1097728, 1, 0, 0
1300214, 1425408, 1, 0, 0
1300464, 1196032, 1, 0, 0
1300714, 1261568, 1, 0, 0
1300964, 1146880, 1, 0, 0
1301214, 1277952, 1, 0, 0
1301464, 868352, 1, 0, 0
1301714, 720896, 1, 0, 0
1301965, 1310720, 1, 0, 0
1302214, 1480481, 1, 0, 0
1302464, 1310720, 1, 0, 0
1302714, 1294336, 1, 0, 0
1302964, 1867776, 1, 0, 0
1303214, 1556480, 1, 0, 0
1303464, 1867776, 1, 0, 0
1303714, 1622016, 1, 0, 0
1303964, 1589248, 1, 0, 0
1304214, 950272, 1, 0, 0
1304464, 1562730, 1, 0, 0
1304714, 1376256, 1, 0, 0
1304964, 819200, 1, 0, 0
1305214, 1572864, 1, 0, 0
1305464, 1671168, 1, 0, 0
1305714, 1343488, 1, 0, 0
1305964, 1605632, 1, 0, 0
1306214, 1474560, 1, 0, 0
1306464, 1540096, 1, 0, 0
1306714, 1283084, 1, 0, 0
1306964, 1032192, 1, 0, 0
1307214, 1261568, 1, 0, 0
1307464, 868352, 1, 0, 0
1307714, 868352, 1, 0, 0
1307964, 589824, 1, 0, 0
1308214, 901120, 1, 0, 0
1308464, 573440, 1, 0, 0
1308714, 1217285, 1, 0, 0
1308964, 917504, 1, 0, 0
1309214, 737280, 1, 0, 0
1309464, 1179648, 1, 0, 0
1309714, 1343488, 1, 0, 0
1309964, 1196032, 1, 0, 0
1310214, 1048576, 1, 0, 0
1310464, 1130496, 1, 0, 0
1310714, 540672, 1, 0, 0
1310965, 1605632, 1, 0, 0
1311214, 1496931, 1, 0, 0
1311464, 1392640, 1, 0, 0
1311714, 671744, 1, 0, 0
1311964, 1720320, 1, 0, 0
1312214, 1703936, 1, 0, 0
1312464, 1507328, 1, 0, 0
1312714, 983040, 1, 0, 0
1312964, 1245184, 1, 0, 0
1313214, 1392640, 1, 0, 0
1313464, 1003437, 1, 0, 0
1313714, 901120, 1, 0, 0
1313964, 638976, 1, 0, 0
1314214, 507904, 1, 0, 0
1314464, 491520, 1, 0, 0
1314714, 442368, 1, 0, 0
1314964, 671744, 1, 0, 0
1315214, 524288, 1, 0, 0
1315464, 589824, 1, 0, 0
1315714, 608642, 1, 0, 0
1315964, 327680, 1, 0, 0
1316214, 737280, 1, 0, 0
1316464, 540672, 1, 0, 0
1316714, 753664, 1, 0, 0
1316964, 655360, 1, 0, 0
1317214, 819200, 1, 0, 0
1317464, 1228800, 1, 0, 0
1317714, 753664, 1, 0, 0
1317964, 32899, 1, 0, 0
1318214, 32768, 1, 0, 0
1318464, 0, 1, 0, 0
1318714, 0, 1, 0, 0
1318964, 16384, 1, 0, 0
1319214, 0, 1, 0, 0
1319464, 0, 1, 0, 0
1319714, 16384, 1, 0, 0
1319964, 32768, 1, 0, 0
1320214, 32899, 1, 0, 0
1320464, 0, 1, 0, 0
1320714, 16384, 1, 0, 0
1320964, 32768, 1, 0, 0
1321214, 49152, 1, 0, 0
1321464, 16384, 1, 0, 0
1321714, 2031616, 1, 0, 0
1321964, 1523712, 1, 0, 0
1322215, 1228800, 1, 0, 0
1322464, 2105574, 1, 0, 0
1322714, 1884160, 1, 0, 0
1322964, 1130496, 1, 0, 0
1323214, 1769472, 1, 0, 0
1323464, 966656, 1, 0, 0
1323714, 1409024, 1, 0, 0
1323964, 2015232, 1, 0, 0
1324214, 1736704, 1, 0, 0
1324464, 1184385, 1, 0, 0
1324714, 1081344, 1, 0, 0
1324964, 1736704, 1, 0, 0
1325214, 1179648, 1, 0, 0
1325464, 983040, 1, 0, 0
1325714, 1146880, 1, 0, 0
1325964, 819200, 1, 0, 0
1326214, 950272, 1, 0, 0
1326464, 1638400, 1, 0, 0
1326715, 868352, 1, 0, 0
1326964, 986987, 1, 0, 0
1327214, 1196032, 1, 0, 0
1327464, 966656, 1, 0, 0
1327714, 1638400, 1, 0, 0
1327964, 1064960, 1, 0, 0
1328214, 1507328, 1, 0, 0
1328464, 737280, 1, 0, 0
1328714, 1048576, 1, 0, 0
1328964, 1310720, 1, 0, 0
1329214, 1513381, 1, 0, 0
1329464, 1081344, 1, 0, 0
1329714, 1376256, 1, 0, 0
1329964, 1589248, 1, 0, 0
1330214, 2146304, 1, 0, 0
1330464, 1146880, 1, 0, 0
1330714, 2048000, 1, 0, 0
1330964, 1228800, 1, 0, 0
1331214, 1720320, 1, 0, 0
1331463, 1184385, 1, 0, 0
1331714, 1409024, 1, 0, 0
1331964, 1802240, 1, 0, 0
1332214, 1884160, 1, 0, 0
1332464, 1556480, 1, 0, 0
1332714, 1474560, 1, 0, 0
1332964, 1556480, 1, 0, 0
1333214, 1507328, 1, 0, 0
1333464, 409600, 1, 0, 0
1333714, 360448, 1, 0, 0
1333964, 1233734, 1, 0, 0
1334214, 1458176, 1, 0, 0
1334464, 1556480, 1, 0, 0
1334714, 1097728, 1, 0, 0
1334964, 868352, 1, 0, 0
1335214, 1179648, 1, 0, 0
1335464, 671744, 1, 0, 0
1335714, 655360, 1, 0, 0
1335964, 1081344, 1, 0, 0
1336215, 507904, 1, 0, 0
1336464, 970538, 1, 0, 0
1336714, 688128, 1, 0, 0
1336964, 868352, 1, 0, 0
1337214, 294912, 1, 0, 0
1337464, 851968, 1, 0, 0
1337714, 983040, 1, 0, 0
1337965, 655360, 1, 0, 0
1338214, 1036337, 1, 0, 0
1338464, 1179648, 1, 0, 0
1338714, 1867776, 1, 0, 0
1338964, 1785856, 1, 0, 0
1339214, 1458176, 1, 0, 0
1339464, 1064960, 1, 0, 0
1339714, 1327104, 1, 0, 0
1339964, 1589248, 1, 0, 0
1340215, 1245184, 1, 0, 0
1340464, 1496931, 1, 0, 0
1340714, 1425408, 1, 0, 0
1340964, 1884160, 1, 0, 0
1341214, 2195456, 1, 0, 0
1341464, 1933312, 1, 0, 0
1341714, 1523712, 1, 0, 0
1341964, 1458176, 1, 0, 0
1342214, 540672, 1, 0, 0
1342464, 737280, 1, 0, 0
1342714, 444144, 1, 0, 0
1342964, 901120, 1, 0, 0
1343214, 1441792, 1, 0, 0
1343464, 1261568, 1, 0, 0
1343714, 1327104, 1, 0, 0
1343964, 1359872, 1, 0, 0
1344214, 868352, 1, 0, 0
1344464, 688128, 1, 0, 0
1344714, 917504, 1, 0, 0
1344964, 1151485, 1, 0, 0
1345214, 999424, 1, 0, 0
1345464, 425984, 1, 0, 0
1345714, 1097728, 1, 0, 0
1345964, 720896, 1, 0, 0
1346214, 966656, 1, 0, 0
1346464, 540672, 1, 0, 0
1346714, 868352, 1, 0, 0
1346964, 1365333, 1, 0, 0
1347214, 1294336, 1, 0, 0
1347464, 737280, 1, 0, 0
1347714, 884736, 1, 0, 0
1347964, 1540096, 1, 0, 0
1348214, 196608, 1, 0, 0
1348464, 917504, 1, 0, 0
1348714, 1163264, 1, 0, 0
1348964, 901120, 1, 0, 0
1349214, 1776578, 1, 0, 0
1349464, 1163264, 1, 0, 0
1349714, 819200, 1, 0, 0
1349964, 1310720, 1, 0, 0
1350214, 933888, 1, 0, 0
1350464, 1179648, 1, 0, 0
1350714, 638976, 1, 0, 0
1350964, 737280, 1, 0, 0
1351214, 1032192, 1, 0, 0
1351464, 1381783, 1, 0, 0
1351714, 1179648, 1, 0, 0
1351964, 1097728, 1, 0, 0
1352214, 1343488, 1, 0, 0
1352464, 1048576, 1, 0, 0
1352714, 819200, 1, 0, 0
1352964, 901120, 1, 0, 0
1353214, 851968, 1, 0, 0
1353464, 983040, 1, 0, 0
1353714, 312546, 1, 0, 0
1353964, 540672, 1, 0, 0
1354214, 1409024, 1, 0, 0
1354464, 1212416, 1, 0, 0
1354714, 1343488, 1, 0, 0
1354964, 1556480, 1, 0, 0
1355214, 1015808, 1, 0, 0
1355464, 704512, 1, 0, 0
1355714, 1196032, 1, 0, 0
1355964, 933888, 1, 0, 0
1356214, 690891, 1, 0, 0
1356464, 1228800, 1, 0, 0
1356714, 835584, 1, 0, 0
1356964, 442368, 1, 0, 0
1357214, 786432, 1, 0, 0
1357464, 1228800, 1, 0, 0
1357714, 1392640, 1, 0, 0
1357964, 851968, 1, 0, 0
1358214, 786432, 1, 0, 0
1358464, 279646, 1, 0, 0
1358714, 311296, 1, 0, 0
1358964, 507904, 1, 0, 0
1359214, 409600, 1, 0, 0
1359464, 917504, 1, 0, 0
1359714, 491520, 1, 0, 0
1359964, 180224, 1, 0, 0
1360214, 393216, 1, 0, 0
1360464, 540672, 1, 0, 0
1360714, 493493, 1, 0, 0
1360964, 393216, 1, 0, 0
1361214, 622592, 1, 0, 0
1361464, 573440, 1, 0, 0
1361714, 704512, 1, 0, 0
1361964, 1163264, 1, 0, 0
1362214, 1277952, 1, 0, 0
1362464, 851968, 1, 0, 0
1362714, 802816, 1, 0, 0
1362964, 1250184, 1, 0, 0
1363214, 1032192, 1, 0, 0
1363464, 999424, 1, 0, 0
1363714, 1572864, 1, 0, 0
1363964, 966656, 1, 0, 0
1364214, 819200, 1, 0, 0
1364464, 1130496, 1, 0, 0
1364714, 475136, 1, 0, 0
1364964, 475136, 1, 0, 0
1365215, 819200, 1, 0, 0
1365464, 1167935, 1, 0, 0
1365714, 589824, 1, 0, 0
1365964, 1114112, 1, 0, 0
1366214, 1163264, 1, 0, 0
1366464, 999424, 1, 0, 0
1366714, 1048576, 1, 0, 0
1366964, 1081344, 1, 0, 0
1367214, 901120, 1, 0, 0
1367464, 296096, 1, 0, 0
1367714, 475136, 1, 0, 0
1367964, 933888, 1, 0, 0
1368214, 1146880, 1, 0, 0
1368464, 950272, 1, 0, 0
1368714, 933888, 1, 0, 0
1368964, 1245184, 1, 0, 0
1369214, 1458176, 1, 0, 0
1369464, 1327104, 1, 0, 0
1369714, 1212416, 1, 0, 0
1369964, 1447582, 1, 0, 0
1370214, 1081344, 1, 0, 0
1370464, 2113536, 1, 0, 0
1370714, 1064960, 1, 0, 0
1370964, 622592, 1, 0, 0
1371214, 1523712, 1, 0, 0
1371464, 851968, 1, 0, 0
1371714, 1916928, 1, 0, 0
1371964, 1163264, 1, 0, 0
1372214, 1480481, 1, 0, 0
1372464, 1146880, 1, 0, 0
1372714, 1064960, 1, 0, 0
1372964, 1736704, 1, 0, 0
1373214, 2310144, 1, 0, 0
1373464, 1572864, 1, 0, 0
1373714, 1064960, 1, 0, 0
1373964, 1884160, 1, 0, 0
1374215, 1015808, 1, 0, 0
1374464, 1513381, 1, 0, 0
1374714, 1785856, 1, 0, 0
1374964, 966656, 1, 0, 0
1375214, 1720320, 1, 0, 0
1375464, 1441792, 1, 0, 0
1375714, 540672, 1, 0, 0
1375964, 933888, 1, 0, 0
1376214, 802816, 1, 0, 0
1376464, 1015808, 1, 0, 0
1376715, 966656, 1, 0, 0
1376964, 1102136, 1, 0, 0
1377214, 950272, 1, 0, 0
1377464, 475136, 1, 0, 0
1377714, 933888, 1, 0, 0
1377964, 1032192, 1, 0, 0
1378214, 1228800, 1, 0, 0
1378464, 999424, 1, 0, 0
1378714, 720896, 1, 0, 0
1378964, 311296, 1, 0, 0
1379214, 740240, 1, 0, 0
1379464, 786432, 1, 0, 0
1379714, 1146880, 1, 0, 0
1379964, 983040, 1, 0, 0
1380214, 1015808, 1, 0, 0
1380464, 1081344, 1, 0, 0
1380714, 983040, 1, 0, 0
1380964, 950272, 1, 0, 0
1381214, 1294336, 1, 0, 0
1381464, 707341, 1, 0, 0
1381714, 1015808, 1, 0, 0
1381964, 917504, 1, 0, 0
1382214, 917504, 1, 0, 0
1382464, 786432, 1, 0, 0
1382714, 1687552, 1, 0, 0
1382964, 1310720, 1, 0, 0
1383214, 770048, 1, 0, 0
1383464, 933888, 1, 0, 0
1383714, 1019887, 1, 0, 0
1383964, 770048, 1, 0, 0
1384214, 1376256, 1, 0, 0
1384464, 1474560, 1, 0, 0
1384714, 1622016, 1, 0, 0
1384964, 1622016, 1, 0, 0
1385214, 557056, 1, 0, 0
1385464, 983040, 1, 0, 0
1385714, 983040, 1, 0, 0
1385964, 1196032, 1, 0, 0
1386214, 1348883, 1, 0, 0
1386464, 1212416, 1, 0, 0
1386714, 1081344, 1, 0, 0
1386964, 409600, 1, 0, 0
1387214, 1032192, 1, 0, 0
1387464, 1359872, 1, 0, 0
1387714, 983040, 1, 0, 0
1387964, 655360, 1, 0, 0
1388214, 868352, 1, 0, 0
1388464, 1266634, 1, 0, 0
1388714, 884736, 1, 0, 0
1388964, 557056, 1, 0, 0
1389214, 16384, 1, 0, 0
1389464, 835584, 1, 0, 0
1389714, 1048576, 1, 0, 0
1389964, 1130496, 1, 0, 0
1390214, 524288, 1, 0, 0
1390464, 1212416, 1, 0, 0
1390714, 855389, 1, 0, 0
1390964, 704512, 1, 0, 0
1391214, 999424, 1, 0, 0
1391464, 704512, 1, 0, 0
1391714, 704512, 1, 0, 0
1391964, 393216, 1, 0, 0
1392214, 311296, 1, 0, 0
1392464, 753664, 1, 0, 0
1392714, 1064960, 1, 0, 0
1392964, 625092, 1, 0, 0
1393214, 507904, 1, 0, 0
1393464, 917504, 1, 0, 0
1393714, 737280, 1, 0, 0
1393964, 966656, 1, 0, 0
1394214, 917504, 1, 0, 0
1394464, 327680, 1, 0, 0
1394714, 311296, 1, 0, 0
1394964, 327680, 1, 0, 0
1395215, 1130496, 1, 0, 0
1395464, 1003437, 1, 0, 0
1395714, 573440, 1, 0, 0
1395964, 1114112, 1, 0, 0
1396214, 1048576, 1, 0, 0
1396464, 884736, 1, 0, 0
1396714, 737280, 1, 0, 0
1396964, 655360, 1, 0, 0
1397214, 1228800, 1, 0, 0
1397464, 1032192, 1, 0, 0
1397714, 1151485, 1, 0, 0
1397964, 753664, 1, 0, 0
1398214, 1458176, 1, 0, 0
1398464, 1212416, 1, 0, 0
1398714, 360448, 1, 0, 0
1398964, 180224, 1, 0, 0
1399214, 737280, 1, 0, 0
1399464, 1097728, 1, 0, 0
1399714, 786432, 1, 0, 0
1399964, 427694, 1, 0, 0
1400214, 950272, 1, 0, 0
1400464, 868352, 1, 0, 0
1400714, 671744, 1, 0, 0
1400964, 622592, 1, 0, 0
1401214, 1163264, 1, 0, 0
1401464, 950272, 1, 0, 0
1401714, 802816, 1, 0, 0
1401964, 835584, 1, 0, 0
1402214, 855389, 1, 0, 0
1402464, 1064960, 1, 0, 0
1402714, 1048576, 1, 0, 0
1402964, 1081344, 1, 0, 0
1403214, 835584, 1, 0, 0
1403464, 835584, 1, 0, 0
1403714, 999424, 1, 0, 0
1403964, 983040, 1, 0, 0
1404214, 1015808, 1, 0, 0
1404464, 888289, 1, 0, 0
1404714, 458752, 1, 0, 0
1404964, 933888, 1, 0, 0
1405214, 1327104, 1, 0, 0
1405464, 589824, 1, 0, 0
1405714, 1441792, 1, 0, 0
1405964, 1212416, 1, 0, 0
1406214, 1015808, 1, 0, 0
1406464, 1064960, 1, 0, 0
1406714, 1200835, 1, 0, 0
1406964, 1196032, 1, 0, 0
1407214, 770048, 1, 0, 0
1407464, 1228800, 1, 0, 0
1407714, 983040, 1, 0, 0
1407964, 1490944, 1, 0, 0
1408214, 917504, 1, 0, 0
1408464, 1048576, 1, 0, 0
1408714, 1036337, 1, 0, 0
1408964, 753664, 1, 0, 0
1409214, 507904, 1, 0, 0
1409464, 1458176, 1, 0, 0
1409714, 851968, 1, 0, 0
1409964, 999424, 1, 0, 0
1410214, 688128, 1, 0, 0
1410464, 1179648, 1, 0, 0
1410714, 720896, 1, 0, 0
1410964, 901120, 1, 0, 0
1411214, 723791, 1, 0, 0
1411464, 950272, 1, 0, 0
1411714, 393216, 1, 0, 0
1411964, 1114112, 1, 0, 0
1412214, 1146880, 1, 0, 0
1412464, 1048576, 1, 0, 0
1412714, 950272, 1, 0, 0
1412964, 1064960, 1, 0, 0
1413214, 1572864, 1, 0, 0
1413465, 638976, 1, 0, 0
1413714, 773140, 1, 0, 0
1413964, 1163264, 1, 0, 0
1414214, 802816, 1, 0, 0
1414464, 1163264, 1, 0, 0
1414714, 1425408, 1, 0, 0
1414964, 1392640, 1, 0, 0
1415214, 557056, 1, 0, 0
1415464, 1277952, 1, 0, 0
1415714, 1097728, 1, 0, 0
1415964, 1381783, 1, 0, 0
1416214, 1146880, 1, 0, 0
1416464, 1343488, 1, 0, 0
1416714, 1310720, 1, 0, 0
1416964, 1277952, 1, 0, 0
1417214, 1458176, 1, 0, 0
1417464, 1032192, 1, 0, 0
1417714, 704512, 1, 0, 0
1417964, 1327104, 1, 0, 0
1418215, 1163264, 1, 0, 0
1418464, 1167935, 1, 0, 0
1418714, 1409024, 1, 0, 0
1418964, 1277952, 1, 0, 0
1419214, 1294336, 1, 0, 0
1419464, 1146880, 1, 0, 0
1419714, 901120, 1, 0, 0
1419964, 1900544, 1, 0, 0
1420214, 1294336, 1, 0, 0
1420464, 901120, 1, 0, 0
1420714, 1184385, 1, 0, 0
1420964, 1441792, 1, 0, 0
1421214, 1081344, 1, 0, 0
1421464, 1310720, 1, 0, 0
1421714, 638976, 1, 0, 0
1421964, 966656, 1, 0, 0
1422214, 1081344, 1, 0, 0
1422464, 1294336, 1, 0, 0
1422714, 606208, 1, 0, 0
1422965, 1064960, 1, 0, 0
1423214, 806040, 1, 0, 0
1423464, 835584, 1, 0, 0
1423714, 557056, 1, 0, 0
1423964, 655360, 1, 0, 0
1424214, 638976, 1, 0, 0
1424464, 1032192, 1, 0, 0
1424714, 671744, 1, 0, 0
1424964, 606208, 1, 0, 0
1425214, 606208, 1, 0, 0
1425464, 180947, 1, 0, 0
1425714, 507904, 1, 0, 0
1425964, 737280, 1, 0, 0
1426214, 425984, 1, 0, 0
1426464, 425984, 1, 0, 0
1426714, 458752, 1, 0, 0
1426964, 606208, 1, 0, 0
1427214, 327680, 1, 0, 0
1427464, 196608, 1, 0, 0
1427714, 460594, 1, 0, 0
1427964, 376832, 1, 0, 0
1428214, 212992, 1, 0, 0
1428464, 360448, 1, 0, 0
1428714, 753664, 1, 0, 0
1428964, 737280, 1, 0, 0
1429214, 770048, 1, 0, 0
1429464, 622592, 1, 0, 0
1429714, 737280, 1, 0, 0
1429964, 444144, 1, 0, 0
1430214, 557056, 1, 0, 0
1430464, 802816, 1, 0, 0
1430714, 917504, 1, 0, 0
1430964, 196608, 1, 0, 0
1431214, 327680, 1, 0, 0
1431464, 655360, 1, 0, 0
1431714, 720896, 1, 0, 0
1431964, 98698, 1, 0, 0
1432214, 851968, 1, 0, 0
1432464, 688128, 1, 0, 0
1432714, 753664, 1, 0, 0
1432964, 786432, 1, 0, 0
1433214, 1245184, 1, 0, 0
1433464, 688128, 1, 0, 0
1433714, 655360, 1, 0, 0
1433964, 622592, 1, 0, 0
1434214, 573440, 1, 0, 0
1434464, 312546, 1, 0, 0
1434714, 770048, 1, 0, 0
1434964, 737280, 1, 0, 0
1435214, 573440, 1, 0, 0
1435464, 819200, 1, 0, 0
1435714, 425984, 1, 0, 0
1435964, 540672, 1, 0, 0
1436214, 524288, 1, 0, 0
1436464, 458752, 1, 0, 0
1436714, 657991, 1, 0, 0
1436964, 409600, 1, 0, 0
1437214, 622592, 1, 0, 0
1437464, 180224, 1, 0, 0
1437714, 425984, 1, 0, 0
1437964, 376832, 1, 0, 0
1438214, 950272, 1, 0, 0
1438464, 1228800, 1, 0, 0
1438714, 444144, 1, 0, 0
1438964, 245760, 1, 0, 0
1439214, 458752, 1, 0, 0
1439464, 1114112, 1, 0, 0
1439714, 507904, 1, 0, 0
1439964, 835584, 1, 0, 0
1440214, 589824, 1, 0, 0
1440464, 704512, 1, 0, 0
1440714, 196608, 1, 0, 0
1440964, 507904, 1, 0, 0
1441214, 921188, 1, 0, 0
1441464, 933888, 1, 0, 0
1441714, 688128, 1, 0, 0
1441964, 393216, 1, 0, 0
1442214, 409600, 1, 0, 0
1442464, 851968, 1, 0, 0
1442714, 475136, 1, 0, 0
1442964, 196608, 1, 0, 0
1443214, 540672, 1, 0, 0
1443464, 345445, 1, 0, 0
1443714, 868352, 1, 0, 0
1443964, 671744, 1, 0, 0
1444214, 786432, 1, 0, 0
1444464, 524288, 1, 0, 0
1444714, 1228800, 1, 0, 0
1444964, 851968, 1, 0, 0
1445214, 753664, 1, 0, 0
1445465, 966656, 1, 0, 0
1445714, 954088, 1, 0, 0
1445964, 770048, 1, 0, 0
1446214, 851968, 1, 0, 0
1446464, 753664, 1, 0, 0
1446714, 704512, 1, 0, 0
1446964, 1409024, 1, 0, 0
1447214, 884736, 1, 0, 0
1447464, 835584, 1, 0, 0
1447714, 1163264, 1, 0, 0
1447964, 1447582, 1, 0, 0
1448214, 442368, 1, 0, 0
1448464, 638976, 1, 0, 0
1448714, 819200, 1, 0, 0
1448964, 1409024, 1, 0, 0
1449214, 901120, 1, 0, 0
1449464, 622592, 1, 0, 0
1449714, 1163264, 1, 0, 0
1449964, 475136, 1, 0, 0
1450215, 671744, 1, 0, 0
1450464, 460594, 1, 0, 0
1450714, 622592, 1, 0, 0
1450964, 1097728, 1, 0, 0
1451214, 606208, 1, 0, 0
1451464, 1064960, 1, 0, 0
1451714, 950272, 1, 0, 0
1451964, 966656, 1, 0, 0
1452214, 950272, 1, 0, 0
1452464, 376832, 1, 0, 0
1452714, 773140, 1, 0, 0
1452964, 1048576, 1, 0, 0
1453214, 884736, 1, 0, 0
1453464, 770048, 1, 0, 0
1453714, 393216, 1, 0, 0
1453964, 180224, 1, 0, 0
1454214, 1114112, 1, 0, 0
1454464, 1146880, 1, 0, 0
1454714, 835584, 1, 0, 0
1454964, 1146880, 1, 0, 0
1455214, 328995, 1, 0, 0
1455464, 638976, 1, 0, 0
1455714, 573440, 1, 0, 0
1455964, 901120, 1, 0, 0
1456214, 868352, 1, 0, 0
1456464, 1654784, 1, 0, 0
1456714, 1474560, 1, 0, 0
1456964, 1196032, 1, 0, 0
1457214, 1540096, 1, 0, 0
1457464, 1266634, 1, 0, 0
1457714, 1130496, 1, 0, 0
1457964, 311296, 1, 0, 0
1458214, 507904, 1, 0, 0
1458464, 901120, 1, 0, 0
1458714, 704512, 1, 0, 0
1458964, 1015808, 1, 0, 0
1459214, 720896, 1, 0, 0
1459464, 638976, 1, 0, 0
1459715, 1032192, 1, 0, 0
1459964, 789590, 1, 0, 0
1460214, 507904, 1, 0, 0
1460464, 983040, 1, 0, 0
1460714, 770048, 1, 0, 0
1460964, 1015808, 1, 0, 0
1461214, 1376256, 1, 0, 0
1461464, 835584, 1, 0, 0
1461714, 986987, 1, 0, 0
1461964, 1540096, 1, 0, 0
1462214, 475136, 1, 0, 0
1462464, 1163264, 1, 0, 0
1462714, 1572864, 1, 0, 0
1462964, 802816, 1, 0, 0
1463214, 753664, 1, 0, 0
1463464, 540672, 1, 0, 0
1463715, 540672, 1, 0, 0
1463964, 608642, 1, 0, 0
1464214, 622592, 1, 0, 0
1464464, 606208, 1, 0, 0
1464714, 196608, 1, 0, 0
1464964, 311296, 1, 0, 0
1465214, 688128, 1, 0, 0
1465464, 983040, 1, 0, 0
1465714, 212992, 1, 0, 0
1465964, 540672, 1, 0, 0
1466214, 115148, 1, 0, 0
1466464, 999424, 1, 0, 0
1466714, 1163264, 1, 0, 0
1466964, 1179648, 1, 0, 0
1467214, 1081344, 1, 0, 0
1467464, 720896, 1, 0, 0
1467714, 802816, 1, 0, 0
1467964, 851968, 1, 0, 0
1468214, 1710779, 1, 0, 0
1468464, 1081344, 1, 0, 0
1468714, 1310720, 1, 0, 0
1468964, 1015808, 1, 0, 0
1469214, 671744, 1, 0, 0
1469464, 851968, 1, 0, 0
1469714, 1753088, 1, 0, 0
1469964, 1261568, 1, 0, 0
1470214, 999424, 1, 0, 0
1470464, 855389, 1, 0, 0
1470714, 950272, 1, 0, 0
1470964, 737280, 1, 0, 0
1471214, 1540096, 1, 0, 0
1471464, 1310720, 1, 0, 0
1471714, 1261568, 1, 0, 0
1471964, 589824, 1, 0, 0
1472214, 770048, 1, 0, 0
1472464, 737280, 1, 0, 0
1472715, 212992, 1, 0, 0
1472964, 1217285, 1, 0, 0
1473214, 1048576, 1, 0, 0
1473464, 1015808, 1, 0, 0
1473714, 966656, 1, 0, 0
1473964, 802816, 1, 0, 0
1474214, 442368, 1, 0, 0
1474464, 770048, 1, 0, 0
1474714, 851968, 1, 0, 0
1474964, 294912, 1, 0, 0
1475214, 296096, 1, 0, 0
1475464, 737280, 1, 0, 0
1475714, 622592, 1, 0, 0
1475964, 983040, 1, 0, 0
1476214, 458752, 1, 0, 0
1476464, 491520, 1, 0, 0
1476714, 966656, 1, 0, 0
1476964, 1294336, 1, 0, 0
1477215, 1064960, 1, 0, 0
1477464, 625092, 1, 0, 0
1477714, 475136, 1, 0, 0
1477964, 868352, 1, 0, 0
1478214, 1261568, 1, 0, 0
1478464, 933888, 1, 0, 0
1478714, 966656, 1, 0, 0
1478964, 1048576, 1, 0, 0
1479214, 524288, 1, 0, 0
1479464, 1283084, 1, 0, 0
1479714, 1327104, 1, 0, 0
1479964, 868352, 1, 0, 0
1480214, 1048576, 1, 0, 0
1480464, 1310720, 1, 0, 0
1480714, 524288, 1, 0, 0
1480964, 966656, 1, 0, 0
1481214, 720896, 1, 0, 0
1481464, 753664, 1, 0, 0
1481714, 1179648, 1, 0, 0
1481964, 1184385, 1, 0, 0
1482214, 1343488, 1, 0, 0
1482464, 442368, 1, 0, 0
1482714, 1671168, 1, 0, 0
1482964, 786432, 1, 0, 0
1483214, 1261568, 1, 0, 0
1483464, 933888, 1, 0, 0
1483714, 786432, 1, 0, 0
1483964, 1277952, 1, 0, 0
1484215, 180224, 1, 0, 0
1484464, 477044, 1, 0, 0
1484714, 557056, 1, 0, 0
1484964, 835584, 1, 0, 0
1485214, 802816, 1, 0, 0
1485464, 229376, 1, 0, 0
1485714, 524288, 1, 0, 0
1485964, 491520, 1, 0, 0
1486214, 720896, 1, 0, 0
1486465, 622592, 1, 0, 0
1486714, 263196, 1, 0, 0
1486964, 114688, 1, 0, 0
1487214, 884736, 1, 0, 0
1487464, 671744, 1, 0, 0
1487714, 360448, 1, 0, 0
1487964, 327680, 1, 0, 0
1488214, 1310720, 1, 0, 0
1488464, 753664, 1, 0, 0
1488714, 723791, 1, 0, 0
1488964, 983040, 1, 0, 0
1489214, 606208, 1, 0, 0
1489464, 622592, 1, 0, 0
1489714, 573440, 1, 0, 0
1489964, 753664, 1, 0, 0
1490214, 901120, 1, 0, 0
1490464, 573440, 1, 0, 0
1490715, 671744, 1, 0, 0
1490964, 394795, 1, 0, 0
1491214, 294912, 1, 0, 0
1491464, 1097728, 1, 0, 0
1491714, 409600, 1, 0, 0
1491964, 1015808, 1, 0, 0
1492214, 311296, 1, 0, 0
1492464, 1212416, 1, 0, 0
1492714, 671744, 1, 0, 0
1492964, 263196, 1, 0, 0
1493214, 425984, 1, 0, 0
1493464, 770048, 1, 0, 0
1493714, 802816, 1, 0, 0
1493964, 1720320, 1, 0, 0
1494214, 2015232, 1, 0, 0
1494464, 1851392, 1, 0, 0
1494714, 1277952, 1, 0, 0
1494964, 1589248, 1, 0, 0
1495214, 773140, 1, 0, 0
1495464, 966656, 1, 0, 0
1495714, 1327104, 1, 0, 0
1495964, 917504, 1, 0, 0
1496214, 933888, 1, 0, 0
1496464, 344064, 1, 0, 0
1496714, 540672, 1, 0, 0
1496964, 622592, 1, 0, 0
1497214, 1048576, 1, 0, 0
1497464, 1381783, 1, 0, 0
1497714, 475136, 1, 0, 0
1497964, 1327104, 1, 0, 0
1498214, 376832, 1, 0, 0
1498464, 950272, 1, 0, 0
1498714, 491520, 1, 0, 0
1498964, 622592, 1, 0, 0
1499214, 1212416, 1, 0, 0
1499464, 1114112, 1, 0, 0
1499714, 1097728, 1, 0, 0
1499964, 822489, 1, 0, 0
1500214, 1114112, 1, 0, 0
1500464, 1425408, 1, 0, 0
1500714, 1212416, 1, 0, 0
1500964, 540672, 1, 0, 0
1501214, 655360, 1, 0, 0
1501464, 311296, 1, 0, 0
1501714, 327680, 1, 0, 0
1501964, 409600, 1, 0, 0
1502214, 180947, 1, 0, 0
1502464, 229376, 1, 0, 0
1502714, 311296, 1, 0, 0
1502964, 98304, 1, 0, 0
1503214, 229376, 1, 0, 0
1503464, 294912, 1, 0, 0
1503714, 32768, 1, 0, 0
1503964, 212992, 1, 0, 0
1504214, 491520, 1, 0, 0
1504464, 493493, 1, 0, 0
1504714, 327680, 1, 0, 0
1504964, 557056, 1, 0, 0
1505214, 802816, 1, 0, 0
1505464, 655360, 1, 0, 0
1505714, 442368, 1, 0, 0
1505964, 704512, 1, 0, 0
1506214, 1114112, 1, 0, 0
1506464, 622592, 1, 0, 0
1506714, 970538, 1, 0, 0
1506964, 425984, 1, 0, 0
1507214, 409600, 1, 0, 0
1507464, 606208, 1, 0, 0
1507714, 933888, 1, 0, 0
1507964, 835584, 1, 0, 0
1508214, 589824, 1, 0, 0
1508464, 360448, 1, 0, 0
1508714, 622592, 1, 0, 0
1508964, 657991, 1, 0, 0
1509214, 131072, 1, 0, 0
1509464, 819200, 1, 0, 0
1509714, 638976, 1, 0, 0
1509964, 524288, 1, 0, 0
1510214, 425984, 1, 0, 0
1510464, 294912, 1, 0, 0
1510714, 786432, 1, 0, 0
1510964, 638976, 1, 0, 0
1511214, 704512, 1, 0, 0
1511464, 1414682, 1, 0, 0
1511714, 458752, 1, 0, 0
1511964, 1015808, 1, 0, 0
1512214, 933888, 1, 0, 0
1512464, 786432, 1, 0, 0
1512714, 950272, 1, 0, 0
1512964, 1032192, 1, 0, 0
1513214, 262144, 1, 0, 0
1513464, 509943, 1, 0, 0
1513714, 737280, 1, 0, 0
1513964, 557056, 1, 0, 0
1514214, 376832, 1, 0, 0
1514464, 229376, 1, 0, 0
1514714, 294912, 1, 0, 0
1514964, 753664, 1, 0, 0
1515214, 1146880, 1, 0, 0
1515465, 704512, 1, 0, 0
1515714, 871839, 1, 0, 0
1515964, 278528, 1, 0, 0
1516214, 622592, 1, 0, 0
1516464, 622592, 1, 0, 0
1516714, 671744, 1, 0, 0
1516964, 704512, 1, 0, 0
1517214, 212992, 1, 0, 0
1517464, 278528, 1, 0, 0
1517714, 937638, 1, 0, 0
1517964, 540672, 1, 0, 0
1518214, 491520, 1, 0, 0
1518464, 655360, 1, 0, 0
1518714, 344064, 1, 0, 0
1518964, 294912, 1, 0, 0
1519214, 950272, 1, 0, 0
1519464, 409600, 1, 0, 0
1519714, 262144, 1, 0, 0
1519964, 526393, 1, 0, 0
1520214, 622592, 1, 0, 0
1520464, 524288, 1, 0, 0
1520714, 278528, 1, 0, 0
1520964, 229376, 1, 0, 0
1521214, 573440, 1, 0, 0
1521464, 573440, 1, 0, 0
1521714, 409600, 1, 0, 0
1521964, 458752, 1, 0, 0
1522214, 641542, 1, 0, 0
1522464, 573440, 1, 0, 0
1522714, 573440, 1, 0, 0
1522964, 524288, 1, 0, 0
1523214, 655360, 1, 0, 0
1523464, 671744, 1, 0, 0
1523714, 737280, 1, 0, 0
1523964, 720896, 1, 0, 0
1524214, 311296, 1, 0, 0
1524464, 509943, 1, 0, 0
1524714, 851968, 1, 0, 0
1524964, 344064, 1, 0, 0
1525214, 98304, 1, 0, 0
1525464, 311296, 1, 0, 0
1525714, 425984, 1, 0, 0
1525964, 606208, 1, 0, 0
1526214, 720896, 1, 0, 0
1526465, 163840, 1, 0, 0
1526714, 559293, 1, 0, 0
1526964, 491520, 1, 0, 0
1527214, 884736, 1, 0, 0
1527464, 655360, 1, 0, 0
1527714, 655360, 1, 0, 0
1527964, 458752, 1, 0, 0
1528214, 819200, 1, 0, 0
1528464, 753664, 1, 0, 0
1528714, 147456, 1, 0, 0
1528964, 657991, 1, 0, 0
1529214, 933888, 1, 0, 0
1529464, 606208, 1, 0, 0
1529714, 425984, 1, 0, 0
1529964, 704512, 1, 0, 0
1530214, 622592, 1, 0, 0
1530464, 737280, 1, 0, 0
1530714, 589824, 1, 0, 0
1530964, 1392640, 1, 0, 0
1531214, 1200835, 1, 0, 0
1531464, 999424, 1, 0, 0
1531714, 1343488, 1, 0, 0
1531964, 278528, 1, 0, 0
1532214, 901120, 1, 0, 0
1532464, 901120, 1, 0, 0
1532714, 1130496, 1, 0, 0
1532964, 1114112, 1, 0, 0
1533214, 1212416, 1, 0, 0
1533464, 921188, 1, 0, 0
1533714, 491520, 1, 0, 0
1533964, 475136, 1, 0, 0
1534214, 409600, 1, 0, 0
1534464, 606208, 1, 0, 0
1534714, 360448, 1, 0, 0
1534964, 294912, 1, 0, 0
1535214, 196608, 1, 0, 0
1535464, 196608, 1, 0, 0
1535714, 444144, 1, 0, 0
1535964, 901120, 1, 0, 0
1536214, 884736, 1, 0, 0
1536464, 262144, 1, 0, 0
1536714, 1130496, 1, 0, 0
1536964, 655360, 1, 0, 0
1537214, 376832, 1, 0, 0
1537464, 688128, 1, 0, 0
1537714, 557056, 1, 0, 0
1537965, 360448, 1, 0, 0
1538214, 460594, 1, 0, 0
1538464, 393216, 1, 0, 0
1538714, 229376, 1, 0, 0
1538964, 196608, 1, 0, 0
1539214, 983040, 1, 0, 0
1539464, 229376, 1, 0, 0
1539714, 212992, 1, 0, 0
1539964, 409600, 1, 0, 0
1540215, 294912, 1, 0, 0
1540464, 674441, 1, 0, 0
1540714, 196608, 1, 0, 0
1540964, 524288, 1, 0, 0
1541214, 425984, 1, 0, 0
1541464, 753664, 1, 0, 0
1541714, 393216, 1, 0, 0
1541964, 376832, 1, 0, 0
1542214, 212992, 1, 0, 0
1542465, 638976, 1, 0, 0
1542714, 559293, 1, 0, 0
1542964, 491520, 1, 0, 0
1543214, 688128, 1, 0, 0
1543464, 622592, 1, 0, 0
1543714, 393216, 1, 0, 0
1543964, 212992, 1, 0, 0
1544214, 917504, 1, 0, 0
1544464, 770048, 1, 0, 0
1544714, 409600, 1, 0, 0
1544964, 625092, 1, 0, 0
1545214, 507904, 1, 0, 0
1545464, 294912, 1, 0, 0
1545714, 360448, 1, 0, 0
1545964, 294912, 1, 0, 0
1546214, 557056, 1, 0, 0
1546464, 294912, 1, 0, 0
1546714, 524288, 1, 0, 0
1546965, 491520, 1, 0, 0
1547214, 657991, 1, 0, 0
1547464, 393216, 1, 0, 0
1547714, 393216, 1, 0, 0
1547964, 409600, 1, 0, 0
1548214, 409600, 1, 0, 0
1548464, 901120, 1, 0, 0
1548714, 966656, 1, 0, 0
1548965, 409600, 1, 0, 0
1549214, 1052787, 1, 0, 0
1549464, 229376, 1, 0, 0
1549714, 360448, 1, 0, 0
1549964, 606208, 1, 0, 0
1550214, 327680, 1, 0, 0
1550464, 458752, 1, 0, 0
1550714, 196608, 1, 0, 0
1550964, 638976, 1, 0, 0
1551215, 458752, 1, 0, 0
1551464, 756690, 1, 0, 0
1551714, 638976, 1, 0, 0
1551964, 507904, 1, 0, 0
1552214, 376832, 1, 0, 0
1552464, 294912, 1, 0, 0
1552714, 507904, 1, 0, 0
1552964, 622592, 1, 0, 0
1553214, 1097728, 1, 0, 0
1553465, 475136, 1, 0, 0
1553714, 575742, 1, 0, 0
1553964, 999424, 1, 0, 0
1554214, 704512, 1, 0, 0
1554464, 475136, 1, 0, 0
1554714, 671744, 1, 0, 0
1554964, 851968, 1, 0, 0
1555214, 884736, 1, 0, 0
1555464, 688128, 1, 0, 0
1555715, 704512, 1, 0, 0
1555964, 394795, 1, 0, 0
1556214, 507904, 1, 0, 0
1556464, 966656, 1, 0, 0
1556714, 376832, 1, 0, 0
1556964, 1196032, 1, 0, 0
1557214, 720896, 1, 0, 0
1557464, 606208, 1, 0, 0
1557714, 970538, 1, 0, 0
1557964, 442368, 1, 0, 0
1558214, 901120, 1, 0, 0
1558464, 294912, 1, 0, 0
1558714, 983040, 1, 0, 0
1558964, 704512, 1, 0, 0
1559214, 1064960, 1, 0, 0
1559464, 409600, 1, 0, 0
1559714, 425984, 1, 0, 0
1559964, 526393, 1, 0, 0
1560214, 573440, 1, 0, 0
1560464, 802816, 1, 0, 0
1560714, 655360, 1, 0, 0
1560964, 360448, 1, 0, 0
1561214, 1097728, 1, 0, 0
1561464, 835584, 1, 0, 0
1561714, 442368, 1, 0, 0
1561964, 409600, 1, 0, 0
1562214, 312546, 1, 0, 0
1562464, 917504, 1, 0, 0
1562714, 655360, 1, 0, 0
1562964, 983040, 1, 0, 0
1563214, 278528, 1, 0, 0
1563464, 507904, 1, 0, 0
1563714, 884736, 1, 0, 0
1563964, 720896, 1, 0, 0
1564214, 540672, 1, 0, 0
1564464, 720896, 1, 0, 0
1564714, 427694, 1, 0, 0
1564964, 311296, 1, 0, 0
1565214, 524288, 1, 0, 0
1565464, 294912, 1, 0, 0
1565714, 1032192, 1, 0, 0
1565964, 868352, 1, 0, 0
1566214, 376832, 1, 0, 0
1566464, 1163264, 1, 0, 0
1566714, 1146880, 1, 0, 0
1566964, 1081344, 1, 0, 0
1567214, 1299534, 1, 0, 0
1567464, 1015808, 1, 0, 0
1567714, 1376256, 1, 0, 0
1567964, 573440, 1, 0, 0
1568214, 458752, 1, 0, 0
1568464, 311296, 1, 0, 0
1568714, 212992, 1, 0, 0
1568964, 606208, 1, 0, 0
1569214, 311296, 1, 0, 0
1569464, 592192, 1, 0, 0
1569714, 1163264, 1, 0, 0
1569964, 1212416, 1, 0, 0
1570214, 393216, 1, 0, 0
1570464, 540672, 1, 0, 0
1570714, 245760, 1, 0, 0
1570964, 540672, 1, 0, 0
1571214, 1048576, 1, 0, 0
1571464, 966656, 1, 0, 0
1571714, 806040, 1, 0, 0
1571964, 753664, 1, 0, 0
1572214, 868352, 1, 0, 0
1572464, 851968, 1, 0, 0
1572714, 540672, 1, 0, 0
1572964, 737280, 1, 0, 0
1573214, 1146880, 1, 0, 0
1573464, 770048, 1, 0, 0
1573714, 770048, 1, 0, 0
1573964, 542843, 1, 0, 0
1574214, 999424, 1, 0, 0
1574464, 589824, 1, 0, 0
1574714, 1130496, 1, 0, 0
1574964, 802816, 1, 0, 0
1575214, 180224, 1, 0, 0
1575464, 344064, 1, 0, 0
1575714, 933888, 1, 0, 0
1575964, 311296, 1, 0, 0
1576215, 98304, 1, 0, 0
1576464, 904738, 1, 0, 0
1576714, 229376, 1, 0, 0
1576964, 720896, 1, 0, 0
1577214, 212992, 1, 0, 0
1577464, 851968, 1, 0, 0
1577714, 442368, 1, 0, 0
1577964, 819200, 1, 0, 0
1578214, 98304, 1, 0, 0
1578465, 770048, 1, 0, 0
1578714, 542843, 1, 0, 0
1578964, 1048576, 1, 0, 0
1579214, 688128, 1, 0, 0
1579464, 425984, 1, 0, 0
1579714, 1015808, 1, 0, 0
1579964, 294912, 1, 0, 0
1580214, 671744, 1, 0, 0
1580464, 360448, 1, 0, 0
1580714, 559293, 1, 0, 0
1580964, 1359872, 1, 0, 0
1581214, 524288, 1, 0, 0
1581464, 524288, 1, 0, 0
1581714, 622592, 1, 0, 0
1581964, 999424, 1, 0, 0
1582214, 1294336, 1, 0, 0
1582464, 393216, 1, 0, 0
1582714, 1179648, 1, 0, 0
1582965, 1114112, 1, 0, 0
1583214, 1019887, 1, 0, 0
1583464, 1081344, 1, 0, 0
1583714, 1490944, 1, 0, 0
1583964, 851968, 1, 0, 0
1584214, 606208, 1, 0, 0
1584464, 819200, 1, 0, 0
1584714, 1277952, 1, 0, 0
1584964, 1114112, 1, 0, 0
1585214, 671744, 1, 0, 0
1585464, 1102136, 1, 0, 0
1585714, 704512, 1, 0, 0
1585964, 589824, 1, 0, 0
1586214, 557056, 1, 0, 0
1586464, 327680, 1, 0, 0
1586714, 851968, 1, 0, 0
1586964, 180224, 1, 0, 0
1587214, 720896, 1, 0, 0
1587464, 786432, 1, 0, 0
1587714, 806040, 1, 0, 0
1587964, 425984, 1, 0, 0
1588214, 573440, 1, 0, 0
1588464, 802816, 1, 0, 0
1588714, 704512, 1, 0, 0
1588964, 425984, 1, 0, 0
1589214, 720896, 1, 0, 0
1589464, 884736, 1, 0, 0
1589714, 442368, 1, 0, 0
1589964, 246746, 1, 0, 0
1590214, 1277952, 1, 0, 0
1590464, 770048, 1, 0, 0
1590714, 1392640, 1, 0, 0
1590964, 573440, 1, 0, 0
1591214, 557056, 1, 0, 0
1591464, 1032192, 1, 0, 0
1591714, 1327104, 1, 0, 0
1591964, 1245184, 1, 0, 0
1592214, 1710779, 1, 0, 0
1592464, 655360, 1, 0, 0
1592714, 966656, 1, 0, 0
1592964, 1179648, 1, 0, 0
1593214, 573440, 1, 0, 0
1593464, 737280, 1, 0, 0
1593714, 802816, 1, 0, 0
1593964, 425984, 1, 0, 0
1594214, 1245184, 1, 0, 0
1594464, 1184385, 1, 0, 0
1594714, 1622016, 1, 0, 0
1594964, 1212416, 1, 0, 0
1595214, 720896, 1, 0, 0
1595464, 1245184, 1, 0, 0
1595714, 1064960, 1, 0, 0
1595964, 1032192, 1, 0, 0
1596214, 1507328, 1, 0, 0
1596464, 1146880, 1, 0, 0
1596714, 1179648, 1, 0, 0
1596964, 954088, 1, 0, 0
1597214, 1490944, 1, 0, 0
1597464, 868352, 1, 0, 0
1597714, 786432, 1, 0, 0
1597964, 933888, 1, 0, 0
1598214, 1163264, 1, 0, 0
1598464, 933888, 1, 0, 0
1598714, 1409024, 1, 0, 0
1598964, 1490944, 1, 0, 0
1599214, 966656, 1, 0, 0
1599464, 674441, 1, 0, 0
1599714, 1343488, 1, 0, 0
1599964, 1392640, 1, 0, 0
1600214, 311296, 1, 0, 0
1600464, 851968, 1, 0, 0
1600714, 589824, 1, 0, 0
1600964, 1196032, 1, 0, 0
1601214, 1163264, 1, 0, 0
1601464, 950272, 1, 0, 0
1601714, 954088, 1, 0, 0
1601964, 1507328, 1, 0, 0
1602214, 1376256, 1, 0, 0
1602464, 770048, 1, 0, 0
1602714, 704512, 1, 0, 0
1602964, 540672, 1, 0, 0
1603214, 1261568, 1, 0, 0
1603464, 475136, 1, 0, 0
1603714, 917504, 1, 0, 0
1603964, 707341, 1, 0, 0
1604214, 933888, 1, 0, 0
1604464, 819200, 1, 0, 0
1604714, 802816, 1, 0, 0
1604964, 524288, 1, 0, 0
1605214, 786432, 1, 0, 0
1605464, 196608, 1, 0, 0
1605714, 983040, 1, 0, 0
1605964, 557056, 1, 0, 0
1606214, 851968, 1, 0, 0
1606464, 197397, 1, 0, 0
1606714, 475136, 1, 0, 0
1606964, 1130496, 1, 0, 0
1607214, 638976, 1, 0, 0
1607464, 770048, 1, 0, 0
1607714, 638976, 1, 0, 0
1607964, 737280, 1, 0, 0
1608214, 671744, 1, 0, 0
1608464, 819200, 1, 0, 0
1608714, 855389, 1, 0, 0
1608964, 770048, 1, 0, 0
1609214, 1261568, 1, 0, 0
1609464, 573440, 1, 0, 0
1609714, 1179648, 1, 0, 0
1609964, 819200, 1, 0, 0
1610214, 983040, 1, 0, 0
1610464, 1064960, 1, 0, 0
1610714, 1212416, 1, 0, 0
1610964, 1458176, 1, 0, 0
1611214, 1398232, 1, 0, 0
1611464, 1212416, 1, 0, 0
1611714, 770048, 1, 0, 0
1611964, 983040, 1, 0, 0
1612214, 1163264, 1, 0, 0
1612464, 1179648, 1, 0, 0
1612714, 638976, 1, 0, 0
1612964, 1687552, 1, 0, 0
1613214, 884736, 1, 0, 0
1613464, 954088, 1, 0, 0
1613714, 720896, 1, 0, 0
1613964, 1277952, 1, 0, 0
1614214, 671744, 1, 0, 0
1614464, 1392640, 1, 0, 0
1614714, 573440, 1, 0, 0
1614964, 1163264, 1, 0, 0
1615214, 1130496, 1, 0, 0
1615464, 1228800, 1, 0, 0
1615715, 1294336, 1, 0, 0
1615964, 1036337, 1, 0, 0
1616214, 1343488, 1, 0, 0
1616464, 311296, 1, 0, 0
1616714, 540672, 1, 0, 0
1616964, 901120, 1, 0, 0
1617214, 1032192, 1, 0, 0
1617464, 458752, 1, 0, 0
1617714, 606208, 1, 0, 0
1617964, 458752, 1, 0, 0
1618214, 822489, 1, 0, 0
1618464, 1015808, 1, 0, 0
1618714, 786432, 1, 0, 0
1618964, 770048, 1, 0, 0
1619214, 638976, 1, 0, 0
1619464, 491520, 1, 0, 0
1619714, 344064, 1, 0, 0
1619964, 507904, 1, 0, 0
1620214, 1392640, 1, 0, 0
1620464, 674441, 1, 0, 0
1620714, 196608, 1, 0, 0
1620964, 720896, 1, 0, 0
1621214, 278528, 1, 0, 0
1621464, 294912, 1, 0, 0
1621714, 688128, 1, 0, 0
1621964, 622592, 1, 0, 0
1622214, 311296, 1, 0, 0
1622464, 376832, 1, 0, 0
1622714, 657991, 1, 0, 0
1622964, 475136, 1, 0, 0
1623214, 196608, 1, 0, 0
1623464, 196608, 1, 0, 0
1623714, 950272, 1, 0, 0
1623964, 507904, 1, 0, 0
1624214, 589824, 1, 0, 0
1624464, 507904, 1, 0, 0
1624714, 655360, 1, 0, 0
1624964, 641542, 1, 0, 0
1625214, 491520, 1, 0, 0
1625464, 196608, 1, 0, 0
1625714, 98304, 1, 0, 0
1625964, 655360, 1, 0, 0
1626214, 491520, 1, 0, 0
1626464, 475136, 1, 0, 0
1626714, 819200, 1, 0, 0
1626964, 671744, 1, 0, 0
1627214, 230297, 1, 0, 0
1627464, 278528, 1, 0, 0
1627714, 475136, 1, 0, 0
1627964, 950272, 1, 0, 0
1628214, 1409024, 1, 0, 0
1628464, 409600, 1, 0, 0
1628714, 540672, 1, 0, 0
1628964, 294912, 1, 0, 0
1629214, 901120, 1, 0, 0
1629464, 770048, 1, 0, 0
1629714, 493493, 1, 0, 0
1629964, 131072, 1, 0, 0
1630214, 770048, 1, 0, 0
1630464, 786432, 1, 0, 0
1630714, 1163264, 1, 0, 0
1630964, 950272, 1, 0, 0
1631214, 1490944, 1, 0, 0
1631464, 1425408, 1, 0, 0
1631714, 1425408, 1, 0, 0
1631964, 1398232, 1, 0, 0
1632214, 1802240, 1, 0, 0
1632464, 1146880, 1, 0, 0
1632714, 1196032, 1, 0, 0
1632964, 638976, 1, 0, 0
1633214, 983040, 1, 0, 0
1633464, 1409024, 1, 0, 0
1633714, 983040, 1, 0, 0
1633964, 1654784, 1, 0, 0
1634214, 1441792, 1, 0, 0
1634464, 1151485, 1, 0, 0
1634714, 1327104, 1, 0, 0
1634964, 1130496, 1, 0, 0
1635214, 835584, 1, 0, 0
1635464, 622592, 1, 0, 0
1635714, 1212416, 1, 0, 0
1635964, 524288, 1, 0, 0
1636214, 1097728, 1, 0, 0
1636464, 1343488, 1, 0, 0
1636714, 1196032, 1, 0, 0
1636964, 1151485, 1, 0, 0
1637214, 933888, 1, 0, 0
1637464, 1474560, 1, 0, 0
1637714, 1392640, 1, 0, 0
1637964, 507904, 1, 0, 0
1638214, 1474560, 1, 0, 0
1638464, 1359872, 1, 0, 0
1638714, 901120, 1, 0, 0
1638964, 884736, 1, 0, 0
1639215, 1146880, 1, 0, 0
1639464, 674441, 1, 0, 0
1639714, 1736704, 1, 0, 0
1639964, 753664, 1, 0, 0
1640214, 884736, 1, 0, 0
1640464, 524288, 1, 0, 0
1640714, 933888, 1, 0, 0
1640964, 917504, 1, 0, 0
1641214, 1179648, 1, 0, 0
1641464, 345445, 1, 0, 0
1641714, 1441792, 1, 0, 0
1641964, 2441216, 1, 0, 0
1642214, 1622016, 1, 0, 0
1642464, 425984, 1, 0, 0
1642714, 1245184, 1, 0, 0
1642964, 1753088, 1, 0, 0
1643214, 1654784, 1, 0, 0
1643464, 1081344, 1, 0, 0
1643714, 1032192, 1, 0, 0
1643964, 526393, 1, 0, 0
1644214, 622592, 1, 0, 0
1644464, 1261568, 1, 0, 0
1644714, 704512, 1, 0, 0
1644964, 1081344, 1, 0, 0
1645214, 589824, 1, 0, 0
1645464, 294912, 1, 0, 0
1645714, 901120, 1, 0, 0
1645964, 688128, 1, 0, 0
1646214, 838939, 1, 0, 0
1646464, 770048, 1, 0, 0
1646714, 327680, 1, 0, 0
1646964, 688128, 1, 0, 0
1647214, 753664, 1, 0, 0
1647464, 557056, 1, 0, 0
1647714, 573440, 1, 0, 0
1647964, 917504, 1, 0, 0
1648214, 688128, 1, 0, 0
1648464, 1151485, 1, 0, 0
1648714, 1196032, 1, 0, 0
1648964, 933888, 1, 0, 0
1649214, 1474560, 1, 0, 0
1649464, 1114112, 1, 0, 0
1649714, 1458176, 1, 0, 0
1649964, 1720320, 1, 0, 0
1650214, 1605632, 1, 0, 0
1650465, 1146880, 1, 0, 0
1650714, 493493, 1, 0, 0
1650964, 671744, 1, 0, 0
1651214, 1851392, 1, 0, 0
1651464, 1245184, 1, 0, 0
1651714, 1179648, 1, 0, 0
1651964, 1245184, 1, 0, 0
1652214, 1802240, 1, 0, 0
1652464, 933888, 1, 0, 0
1652714, 1327104, 1, 0, 0
1652964, 1447582, 1, 0, 0
1653214, 1523712, 1, 0, 0
1653464, 770048, 1, 0, 0
1653714, 409600, 1, 0, 0
1653964, 262144, 1, 0, 0
1654214, 1294336, 1, 0, 0
1654464, 1130496, 1, 0, 0
1654714, 573440, 1, 0, 0
1654964, 655360, 1, 0, 0
1655214, 970538, 1, 0, 0
1655464, 393216, 1, 0, 0
1655714, 573440, 1, 0, 0
1655964, 442368, 1, 0, 0
1656214, 507904, 1, 0, 0
1656464, 737280, 1, 0, 0
1656714, 327680, 1, 0, 0
1656964, 409600, 1, 0, 0
1657214, 98304, 1, 0, 0
1657464, 542843, 1, 0, 0
1657714, 999424, 1, 0, 0
1657964, 425984, 1, 0, 0
1658214, 917504, 1, 0, 0
1658464, 1179648, 1, 0, 0
1658714, 638976, 1, 0, 0
1658964, 1196032, 1, 0, 0
1659214, 638976, 1, 0, 0
1659464, 704512, 1, 0, 0
1659714, 526393, 1, 0, 0
1659964, 622592, 1, 0, 0
1660214, 573440, 1, 0, 0
1660464, 278528, 1, 0, 0
1660714, 933888, 1, 0, 0
1660964, 196608, 1, 0, 0
1661214, 606208, 1, 0, 0
1661464, 573440, 1, 0, 0
1661714, 98304, 1, 0, 0
1661964, 411244, 1, 0, 0
1662214, 671744, 1, 0, 0
1662464, 360448, 1, 0, 0
1662714, 344064, 1, 0, 0
1662964, 1163264, 1, 0, 0
1663214, 933888, 1, 0, 0
1663464, 901120, 1, 0, 0
1663714, 589824, 1, 0, 0
1663964, 589824, 1, 0, 0
1664214, 1250184, 1, 0, 0
1664464, 753664, 1, 0, 0
1664714, 507904, 1, 0, 0
1664964, 1032192, 1, 0, 0
1665214, 933888, 1, 0, 0
1665464, 1376256, 1, 0, 0
1665714, 1654784, 1, 0, 0
1665964, 999424, 1, 0, 0
1666214, 1474560, 1, 0, 0
1666465, 1294336, 1, 0, 0
1666714, 1085686, 1, 0, 0
1666964, 1048576, 1, 0, 0
1667214, 1310720, 1, 0, 0
1667464, 1736704, 1, 0, 0
1667714, 1392640, 1, 0, 0
1667964, 376832, 1, 0, 0
1668214, 1392640, 1, 0, 0
1668464, 983040, 1, 0, 0
1668714, 1015808, 1, 0, 0
1668964, 822489, 1, 0, 0
1669214, 901120, 1, 0, 0
1669464, 1146880, 1, 0, 0
1669714, 1048576, 1, 0, 0
1669964, 950272, 1, 0, 0
1670214, 786432, 1, 0, 0
1670464, 1015808, 1, 0, 0
1670714, 655360, 1, 0, 0
1670964, 1032192, 1, 0, 0
1671214, 773140, 1, 0, 0
1671464, 655360, 1, 0, 0
1671714, 262144, 1, 0, 0
1671964, 851968, 1, 0, 0
1672214, 1048576, 1, 0, 0
1672464, 884736, 1, 0, 0
1672714, 393216, 1, 0, 0
1672964, 802816, 1, 0, 0
1673214, 212992, 1, 0, 0
1673464, 409600, 1, 0, 0
1673714, 361895, 1, 0, 0
1673964, 393216, 1, 0, 0
1674214, 917504, 1, 0, 0
1674464, 1163264, 1, 0, 0
1674714, 507904, 1, 0, 0
1674964, 1310720, 1, 0, 0
1675214, 212992, 1, 0, 0
1675464, 1327104, 1, 0, 0
1675714, 491520, 1, 0, 0
1675964, 477044, 1, 0, 0
1676214, 638976, 1, 0, 0
1676464, 0, 1, 0, 0
1676714, 475136, 1, 0, 0
1676964, 557056, 1, 0, 0
1677214, 442368, 1, 0, 0
1677464, 311296, 1, 0, 0
1677714, 540672, 1, 0, 0
1677964, 294912, 1, 0, 0
1678214, 213847, 1, 0, 0
1678464, 475136, 1, 0, 0
1678714, 475136, 1, 0, 0
1678964, 507904, 1, 0, 0
1679214, 262144, 1, 0, 0
1679464, 245760, 1, 0, 0
1679714, 917504, 1, 0, 0
1679964, 360448, 1, 0, 0
1680214, 507904, 1, 0, 0
1680464, 542843, 1, 0, 0
1680714, 311296, 1, 0, 0
1680964, 442368, 1, 0, 0
1681214, 425984, 1, 0, 0
1681464, 98304, 1, 0, 0
1681714, 802816, 1, 0, 0
1681964, 245760, 1, 0, 0
1682214, 589824, 1, 0, 0
1682464, 868352, 1, 0, 0
1682714, 937638, 1, 0, 0
1682964, 720896, 1, 0, 0
1683214, 819200, 1, 0, 0
1683464, 884736, 1, 0, 0
1683714, 196608, 1, 0, 0
1683964, 1179648, 1, 0, 0
1684214, 442368, 1, 0, 0
1684464, 622592, 1, 0, 0
1684714, 245760, 1, 0, 0
1684964, 1081344, 1, 0, 0
1685214, 921188, 1, 0, 0
1685464, 557056, 1, 0, 0
1685714, 819200, 1, 0, 0
1685964, 720896, 1, 0, 0
1686214, 1245184, 1, 0, 0
1686464, 753664, 1, 0, 0
1686714, 835584, 1, 0, 0
1686964, 770048, 1, 0, 0
1687214, 608642, 1, 0, 0
1687464, 819200, 1, 0, 0
1687714, 1032192, 1, 0, 0
1687964, 786432, 1, 0, 0
1688214, 655360, 1, 0, 0
1688464, 966656, 1, 0, 0
1688714, 311296, 1, 0, 0
1688964, 344064, 1, 0, 0
1689214, 1015808, 1, 0, 0
1689465, 458752, 1, 0, 0
1689714, 542843, 1, 0, 0
1689964, 622592, 1, 0, 0
1690214, 835584, 1, 0, 0
1690464, 1015808, 1, 0, 0
1690714, 737280, 1, 0, 0
1690964, 1605632, 1, 0, 0
1691214, 950272, 1, 0, 0
1691464, 1572864, 1, 0, 0
1691714, 1097728, 1, 0, 0
1691964, 1513381, 1, 0, 0
1692214, 1146880, 1, 0, 0
1692464, 999424, 1, 0, 0
1692714, 950272, 1, 0, 0
1692964, 1261568, 1, 0, 0
1693214, 245760, 1, 0, 0
1693464, 868352, 1, 0, 0
1693714, 1015808, 1, 0, 0
1693964, 1310720, 1, 0, 0
1694214, 1294336, 1, 0, 0
1694464, 740240, 1, 0, 0
1694714, 393216, 1, 0, 0
1694964, 671744, 1, 0, 0
1695214, 1081344, 1, 0, 0
1695464, 1097728, 1, 0, 0
1695714, 901120, 1, 0, 0
1695964, 1425408, 1, 0, 0
1696214, 1146880, 1, 0, 0
1696464, 1146880, 1, 0, 0
1696714, 589824, 1, 0, 0
1696964, 970538, 1, 0, 0
1697214, 737280, 1, 0, 0
1697464, 655360, 1, 0, 0
1697714, 753664, 1, 0, 0
1697964, 851968, 1, 0, 0
1698214, 1572864, 1, 0, 0
1698464, 983040, 1, 0, 0
1698714, 688128, 1, 0, 0
1698964, 1359872, 1, 0, 0
1699214, 986987, 1, 0, 0
1699464, 507904, 1, 0, 0
1699714, 524288, 1, 0, 0
1699964, 442368, 1, 0, 0
1700214, 1015808, 1, 0, 0
1700464, 770048, 1, 0, 0
1700714, 638976, 1, 0, 0
1700964, 1097728, 1, 0, 0
1701214, 802816, 1, 0, 0
1701464, 493493, 1, 0, 0
1701714, 344064, 1, 0, 0
1701964, 491520, 1, 0, 0
1702214, 802816, 1, 0, 0
1702464, 737280, 1, 0, 0
1702714, 884736, 1, 0, 0
1702964, 1064960, 1, 0, 0
1703214, 376832, 1, 0, 0
1703464, 491520, 1, 0, 0
1703714, 328995, 1, 0, 0
1703964, 1146880, 1, 0, 0
1704214, 573440, 1, 0, 0
1704464, 589824, 1, 0, 0
1704714, 688128, 1, 0, 0
1704964, 1081344, 1, 0, 0
1705214, 212992, 1, 0, 0
1705464, 557056, 1, 0, 0
1705714, 409600, 1, 0, 0
1705964, 674441, 1, 0, 0
1706214, 999424, 1, 0, 0
1706464, 655360, 1, 0, 0
1706714, 720896, 1, 0, 0
1706964, 507904, 1, 0, 0
1707214, 655360, 1, 0, 0
1707464, 294912, 1, 0, 0
1707714, 884736, 1, 0, 0
1707964, 638976, 1, 0, 0
1708215, 294912, 1, 0, 0
1708464, 838939, 1, 0, 0
1708714, 884736, 1, 0, 0
1708964, 327680, 1, 0, 0
1709214, 868352, 1, 0, 0
1709464, 327680, 1, 0, 0
1709714, 573440, 1, 0, 0
1709964, 983040, 1, 0, 0
1710215, 671744, 1, 0, 0
1710464, 427694, 1, 0, 0
1710714, 802816, 1, 0, 0
1710964, 622592, 1, 0, 0
1711214, 294912, 1, 0, 0
1711464, 688128, 1, 0, 0
1711714, 737280, 1, 0, 0
1711964, 655360, 1, 0, 0
1712214, 409600, 1, 0, 0
1712464, 542843, 1, 0, 0
1712714, 606208, 1, 0, 0
1712964, 491520, 1, 0, 0
1713214, 114688, 1, 0, 0
1713464, 475136, 1, 0, 0
1713714, 147456, 1, 0, 0
1713964, 442368, 1, 0, 0
1714214, 606208, 1, 0, 0
1714464, 1409024, 1, 0, 0
1714714, 688128, 1, 0, 0
1714964, 937638, 1, 0, 0
1715214, 770048, 1, 0, 0
1715464, 851968, 1, 0, 0
1715714, 802816, 1, 0, 0
1715964, 458752, 1, 0, 0
1716214, 540672, 1, 0, 0
1716464, 1032192, 1, 0, 0
1716714, 720896, 1, 0, 0
1716964, 507904, 1, 0, 0
1717214, 444144, 1, 0, 0
1717464, 688128, 1, 0, 0
1717714, 507904, 1, 0, 0
1717964, 622592, 1, 0, 0
1718214, 901120, 1, 0, 0
1718464, 753664, 1, 0, 0
1718714, 573440, 1, 0, 0
1718964, 344064, 1, 0, 0
1719214, 524288, 1, 0, 0
1719464, 180947, 1, 0, 0
1719714, 409600, 1, 0, 0
1719964, 835584, 1, 0, 0
1720214, 294912, 1, 0, 0
1720464, 294912, 1, 0, 0
1720714, 131072, 1, 0, 0
1720964, 376832, 1, 0, 0
1721214, 114688, 1, 0, 0
1721464, 296096, 1, 0, 0
1721714, 671744, 1, 0, 0
1721964, 655360, 1, 0, 0
1722214, 720896, 1, 0, 0
1722464, 491520, 1, 0, 0
1722714, 606208, 1, 0, 0
1722964, 655360, 1, 0, 0
1723214, 557056, 1, 0, 0
1723464, 573440, 1, 0, 0
1723714, 477044, 1, 0, 0
1723964, 507904, 1, 0, 0
1724214, 819200, 1, 0, 0
1724464, 507904, 1, 0, 0
1724714, 393216, 1, 0, 0
1724964, 851968, 1, 0, 0
1725214, 884736, 1, 0, 0
1725464, 1032192, 1, 0, 0
1725714, 1064960, 1, 0, 0
1725964, 937638, 1, 0, 0
1726214, 655360, 1, 0, 0
1726464, 704512, 1, 0, 0
1726714, 606208, 1, 0, 0
1726964, 1228800, 1, 0, 0
1727214, 1343488, 1, 0, 0
1727464, 1441792, 1, 0, 0
1727714, 1196032, 1, 0, 0
1727964, 770048, 1, 0, 0
1728215, 1720320, 1, 0, 0
1728464, 1381783, 1, 0, 0
1728714, 753664, 1, 0, 0
1728964, 688128, 1, 0, 0
1729214, 573440, 1, 0, 0
1729464, 1097728, 1, 0, 0
1729714, 1458176, 1, 0, 0
1729964, 655360, 1, 0, 0
1730215, 770048, 1, 0, 0
1730464, 937638, 1, 0, 0
1730714, 737280, 1, 0, 0
1730964, 507904, 1, 0, 0
1731214, 917504, 1, 0, 0
1731464, 671744, 1, 0, 0
1731714, 540672, 1, 0, 0
1731964, 1245184, 1, 0, 0
1732214, 1015808, 1, 0, 0
1732465, 507904, 1, 0, 0
1732714, 542843, 1, 0, 0
1732964, 999424, 1, 0, 0
1733214, 540672, 1, 0, 0
1733464, 884736, 1, 0, 0
1733714, 655360, 1, 0, 0
1733964, 835584, 1, 0, 0
1734214, 32768, 1, 0, 0
1734464, 229376, 1, 0, 0
1734714, 524288, 1, 0, 0
1734964, 477044, 1, 0, 0
1735214, 196608, 1, 0, 0
1735464, 835584, 1, 0, 0
1735714, 704512, 1, 0, 0
1735964, 524288, 1, 0, 0
1736214, 491520, 1, 0, 0
1736464, 688128, 1, 0, 0
1736714, 507904, 1, 0, 0
1736964, 835584, 1, 0, 0
1737214, 707341, 1, 0, 0
1737464, 507904, 1, 0, 0
1737714, 1376256, 1, 0, 0
1737964, 1605632, 1, 0, 0
1738214, 933888, 1, 0, 0
1738464, 1179648, 1, 0, 0
1738714, 1064960, 1, 0, 0
1738964, 1196032, 1, 0, 0
1739214, 1032192, 1, 0, 0
1739464, 655360, 1, 0, 0
1739714, 1135036, 1, 0, 0
1739964, 770048, 1, 0, 0
1740214, 425984, 1, 0, 0
1740464, 786432, 1, 0, 0
1740714, 720896, 1, 0, 0
1740964, 311296, 1, 0, 0
1741214, 1179648, 1, 0, 0
1741464, 557056, 1, 0, 0
1741714, 507904, 1, 0, 0
1741964, 394795, 1, 0, 0
1742214, 606208, 1, 0, 0
1742464, 638976, 1, 0, 0
1742714, 688128, 1, 0, 0
1742964, 983040, 1, 0, 0
1743214, 475136, 1, 0, 0
1743464, 589824, 1, 0, 0
1743714, 393216, 1, 0, 0
1743964, 540672, 1, 0, 0
1744215, 671744, 1, 0, 0
1744464, 871839, 1, 0, 0
1744714, 606208, 1, 0, 0
1744964, 1064960, 1, 0, 0
1745214, 966656, 1, 0, 0
1745464, 557056, 1, 0, 0
1745714, 655360, 1, 0, 0
1745964, 524288, 1, 0, 0
1746214, 638976, 1, 0, 0
1746464, 589824, 1, 0, 0
1746714, 345445, 1, 0, 0
1746964, 1343488, 1, 0, 0
1747214, 720896, 1, 0, 0
1747464, 720896, 1, 0, 0
1747714, 671744, 1, 0, 0
1747964, 311296, 1, 0, 0
1748214, 688128, 1, 0, 0
1748464, 1163264, 1, 0, 0
1748714, 1228800, 1, 0, 0
1748964, 1184385, 1, 0, 0
1749214, 393216, 1, 0, 0
1749464, 868352, 1, 0, 0
1749714, 540672, 1, 0, 0
1749964, 819200, 1, 0, 0
1750214, 1212416, 1, 0, 0
1750464, 983040, 1, 0, 0
1750714, 1785856, 1, 0, 0
1750964, 1163264, 1, 0, 0
1751214, 737280, 1, 0, 0
1751464, 1496931, 1, 0, 0
1751714, 917504, 1, 0, 0
1751964, 1228800, 1, 0, 0
1752214, 1441792, 1, 0, 0
1752464, 1409024, 1, 0, 0
1752714, 1015808, 1, 0, 0
1752964, 1589248, 1, 0, 0
1753214, 950272, 1, 0, 0
1753464, 1490944, 1, 0, 0
1753714, 970538, 1, 0, 0
1753964, 1359872, 1, 0, 0
1754214, 933888, 1, 0, 0
1754464, 884736, 1, 0, 0
1754714, 589824, 1, 0, 0
1754964, 1261568, 1, 0, 0
1755214, 1458176, 1, 0, 0
1755464, 278528, 1, 0, 0
1755714, 1146880, 1, 0, 0
1755964, 641542, 1, 0, 0
1756214, 606208, 1, 0, 0
1756464, 917504, 1, 0, 0
1756714, 1343488, 1, 0, 0
1756964, 638976, 1, 0, 0
1757214, 704512, 1, 0, 0
1757464, 573440, 1, 0, 0
1757714, 1032192, 1, 0, 0
1757964, 688128, 1, 0, 0
1758214, 1612080, 1, 0, 0
1758464, 851968, 1, 0, 0
1758714, 589824, 1, 0, 0
1758964, 1048576, 1, 0, 0
1759214, 507904, 1, 0, 0
1759464, 606208, 1, 0, 0
1759714, 688128, 1, 0, 0
1759964, 1146880, 1, 0, 0
1760214, 393216, 1, 0, 0
1760464, 180947, 1, 0, 0
1760714, 1425408, 1, 0, 0
1760964, 704512, 1, 0, 0
1761214, 196608, 1, 0, 0
1761464, 557056, 1, 0, 0
1761714, 491520, 1, 0, 0
1761964, 294912, 1, 0, 0
1762214, 212992, 1, 0, 0
1762464, 442368, 1, 0, 0
1762714, 884736, 1, 0, 0
1762964, 526393, 1, 0, 0
1763214, 1048576, 1, 0, 0
1763464, 983040, 1, 0, 0
1763714, 1146880, 1, 0, 0
1763964, 557056, 1, 0, 0
1764214, 835584, 1, 0, 0
1764464, 950272, 1, 0, 0
1764714, 704512, 1, 0, 0
1764964, 1392640, 1, 0, 0
1765214, 1036337, 1, 0, 0
1765464, 1458176, 1, 0, 0
1765714, 868352, 1, 0, 0
1765964, 1736704, 1, 0, 0
1766214, 589824, 1, 0, 0
1766464, 671744, 1, 0, 0
1766714, 868352, 1, 0, 0
1766964, 622592, 1, 0, 0
1767214, 311296, 1, 0, 0
1767464, 756690, 1, 0, 0
1767714, 704512, 1, 0, 0
1767964, 671744, 1, 0, 0
1768214, 1097728, 1, 0, 0
1768464, 1196032, 1, 0, 0
1768714, 458752, 1, 0, 0
1768964, 589824, 1, 0, 0
1769214, 622592, 1, 0, 0
1769464, 81920, 1, 0, 0
1769714, 296096, 1, 0, 0
1769964, 868352, 1, 0, 0
1770214, 507904, 1, 0, 0
1770464, 606208, 1, 0, 0
1770714, 425984, 1, 0, 0
1770964, 360448, 1, 0, 0
1771214, 557056, 1, 0, 0
1771464, 737280, 1, 0, 0
1771714, 606208, 1, 0, 0
1771965, 737280, 1, 0, 0
1772214, 394795, 1, 0, 0
1772464, 868352, 1, 0, 0
1772714, 360448, 1, 0, 0
1772964, 344064, 1, 0, 0
1773214, 557056, 1, 0, 0
1773464, 540672, 1, 0, 0
1773714, 688128, 1, 0, 0
1773964, 786432, 1, 0, 0
1774214, 493493, 1, 0, 0
1774464, 933888, 1, 0, 0
1774714, 425984, 1, 0, 0
1774964, 753664, 1, 0, 0
1775214, 425984, 1, 0, 0
1775464, 802816, 1, 0, 0
1775714, 1032192, 1, 0, 0
1775964, 540672, 1, 0, 0
1776214, 458752, 1, 0, 0
1776464, 806040, 1, 0, 0
1776714, 1015808, 1, 0, 0
1776964, 557056, 1, 0, 0
1777214, 294912, 1, 0, 0
1777464, 589824, 1, 0, 0
1777714, 491520, 1, 0, 0
1777964, 770048, 1, 0, 0
1778214, 409600, 1, 0, 0
1778464, 720896, 1, 0, 0
1778714, 901120, 1, 0, 0
1778964, 477044, 1, 0, 0
1779214, 196608, 1, 0, 0
1779464, 393216, 1, 0, 0
1779714, 212992, 1, 0, 0
1779964, 491520, 1, 0, 0
1780214, 409600, 1, 0, 0
1780464, 409600, 1, 0, 0
1780714, 671744, 1, 0, 0
1780965, 737280, 1, 0, 0
1781214, 1003437, 1, 0, 0
1781464, 376832, 1, 0, 0
1781714, 1097728, 1, 0, 0
1781964, 786432, 1, 0, 0
1782214, 1179648, 1, 0, 0
1782464, 606208, 1, 0, 0
1782714, 917504, 1, 0, 0
1782964, 753664, 1, 0, 0
1783214, 394795, 1, 0, 0
1783464, 32768, 1, 0, 0
1783714, 835584, 1, 0, 0
1783964, 540672, 1, 0, 0
1784214, 655360, 1, 0, 0
1784464, 606208, 1, 0, 0
1784714, 655360, 1, 0, 0
1784964, 901120, 1, 0, 0
1785214, 770048, 1, 0, 0
1785464, 723791, 1, 0, 0
1785714, 1212416, 1, 0, 0
1785964, 409600, 1, 0, 0
1786214, 835584, 1, 0, 0
1786464, 458752, 1, 0, 0
1786714, 1114112, 1, 0, 0
1786964, 1441792, 1, 0, 0
1787214, 1294336, 1, 0, 0
1787465, 671744, 1, 0, 0
1787714, 394795, 1, 0, 0
1787964, 950272, 1, 0, 0
1788214, 540672, 1, 0, 0
1788464, 1097728, 1, 0, 0
1788714, 802816, 1, 0, 0
1788964, 1015808, 1, 0, 0
1789214, 753664, 1, 0, 0
1789464, 655360, 1, 0, 0
1789714, 966656, 1, 0, 0
1789964, 1233734, 1, 0, 0
1790214, 327680, 1, 0, 0
1790464, 737280, 1, 0, 0
1790714, 933888, 1, 0, 0
1790964, 917504, 1, 0, 0
1791214, 1277952, 1, 0, 0
1791464, 884736, 1, 0, 0
1791714, 622592, 1, 0, 0
1791964, 1146880, 1, 0, 0
1792214, 921188, 1, 0, 0
1792464, 540672, 1, 0, 0
1792714, 671744, 1, 0, 0
1792964, 1310720, 1, 0, 0
1793214, 1212416, 1, 0, 0
1793464, 491520, 1, 0, 0
1793714, 884736, 1, 0, 0
1793965, 966656, 1, 0, 0
1794214, 723791, 1, 0, 0
1794464, 1228800, 1, 0, 0
1794714, 786432, 1, 0, 0
1794964, 1179648, 1, 0, 0
1795214, 1212416, 1, 0, 0
1795464, 704512, 1, 0, 0
1795714, 901120, 1, 0, 0
1795964, 933888, 1, 0, 0
1796214, 884736, 1, 0, 0
1796464, 608642, 1, 0, 0
1796714, 884736, 1, 0, 0
1796964, 851968, 1, 0, 0
1797214, 671744, 1, 0, 0
1797464, 704512, 1, 0, 0
1797714, 1163264, 1, 0, 0
1797964, 819200, 1, 0, 0
1798214, 999424, 1, 0, 0
1798464, 1196032, 1, 0, 0
1798714, 871839, 1, 0, 0
1798964, 589824, 1, 0, 0
1799214, 1277952, 1, 0, 0
1799464, 2015232, 1, 0, 0
1799714, 753664, 1, 0, 0
1799964, 966656, 1, 0, 0
1800214, 753664, 1, 0, 0
1800464, 1196032, 1, 0, 0
1800714, 835584, 1, 0, 0
1800964, 1343488, 1, 0, 0
1801214, 871839, 1, 0, 0
1801464, 1114112, 1, 0, 0
1801714, 1081344, 1, 0, 0
1801964, 786432, 1, 0, 0
1802214, 557056, 1, 0, 0
1802464, 753664, 1, 0, 0
1802714, 1458176, 1, 0, 0
1802964, 851968, 1, 0, 0
1803214, 1081344, 1, 0, 0
1803464, 1196032, 1, 0, 0
1803714, 740240, 1, 0, 0
1803964, 589824, 1, 0, 0
1804214, 1048576, 1, 0, 0
1804464, 655360, 1, 0, 0
1804714, 1376256, 1, 0, 0
1804964, 950272, 1, 0, 0
1805214, 770048, 1, 0, 0
1805464, 851968, 1, 0, 0
1805714, 1785856, 1, 0, 0
1805964, 855389, 1, 0, 0
1806214, 950272, 1, 0, 0
1806464, 557056, 1, 0, 0
1806714, 638976, 1, 0, 0
1806964, 770048, 1, 0, 0
1807214, 770048, 1, 0, 0
1807464, 966656, 1, 0, 0
1807714, 409600, 1, 0, 0
1807965, 1310720, 1, 0, 0
1808214, 954088, 1, 0, 0
1808464, 1376256, 1, 0, 0
1808714, 999424, 1, 0, 0
1808964, 835584, 1, 0, 0
1809214, 245760, 1, 0, 0
1809464, 688128, 1, 0, 0
1809715, 884736, 1, 0, 0
1809964, 1464032, 1, 0, 0
1810214, 360448, 1, 0, 0
1810464, 1409024, 1, 0, 0
1810714, 1032192, 1, 0, 0
1810964, 1228800, 1, 0, 0
1811214, 524288, 1, 0, 0
1811464, 1245184, 1, 0, 0
1811714, 1409024, 1, 0, 0
1811964, 1212416, 1, 0, 0
1812214, 559293, 1, 0, 0
1812464, 1294336, 1, 0, 0
1812714, 1327104, 1, 0, 0
1812964, 737280, 1, 0, 0
1813214, 1097728, 1, 0, 0
1813464, 720896, 1, 0, 0
1813714, 1245184, 1, 0, 0
1813964, 1310720, 1, 0, 0
1814214, 999424, 1, 0, 0
1814464, 756690, 1, 0, 0
1814714, 999424, 1, 0, 0
1814964, 819200, 1, 0, 0
1815214, 180224, 1, 0, 0
1815464, 917504, 1, 0, 0
1815714, 540672, 1, 0, 0
1815964, 720896, 1, 0, 0
1816214, 507904, 1, 0, 0
1816464, 1163264, 1, 0, 0
1816714, 855389, 1, 0, 0
1816964, 704512, 1, 0, 0
1817214, 442368, 1, 0, 0
1817464, 704512, 1, 0, 0
1817714, 966656, 1, 0, 0
1817964, 606208, 1, 0, 0
1818214, 557056, 1, 0, 0
1818464, 573440, 1, 0, 0
1818714, 294912, 1, 0, 0
1818965, 294912, 1, 0, 0
1819214, 921188, 1, 0, 0
1819464, 212992, 1, 0, 0
1819714, 819200, 1, 0, 0
1819964, 638976, 1, 0, 0
1820214, 770048, 1, 0, 0
1820464, 294912, 1, 0, 0
1820714, 393216, 1, 0, 0
1820964, 229376, 1, 0, 0
1821215, 507904, 1, 0, 0
1821464, 328995, 1, 0, 0
1821714, 655360, 1, 0, 0
1821964, 1048576, 1, 0, 0
1822214, 442368, 1, 0, 0
1822464, 1032192, 1, 0, 0
1822714, 655360, 1, 0, 0
1822964, 737280, 1, 0, 0
1823214, 638976, 1, 0, 0
1823465, 704512, 1, 0, 0
1823714, 888289, 1, 0, 0
1823964, 409600, 1, 0, 0
1824214, 1212416, 1, 0, 0
1824464, 933888, 1, 0, 0
1824714, 983040, 1, 0, 0
1824964, 802816, 1, 0, 0
1825214, 868352, 1, 0, 0
1825464, 1097728, 1, 0, 0
1825714, 1151485, 1, 0, 0
1825964, 835584, 1, 0, 0
1826214, 770048, 1, 0, 0
1826464, 1425408, 1, 0, 0
1826714, 704512, 1, 0, 0
1826964, 901120, 1, 0, 0
1827214, 1277952, 1, 0, 0
1827464, 425984, 1, 0, 0
1827714, 32768, 1, 0, 0
1827964, 756690, 1, 0, 0
1828214, 950272, 1, 0, 0
1828464, 1228800, 1, 0, 0
1828714, 1130496, 1, 0, 0
1828964, 557056, 1, 0, 0
1829214, 1163264, 1, 0, 0
1829464, 983040, 1, 0, 0
1829714, 966656, 1, 0, 0
1829964, 278528, 1, 0, 0
1830215, 868352, 1, 0, 0
1830464, 855389, 1, 0, 0
1830714, 999424, 1, 0, 0
1830964, 1556480, 1, 0, 0
1831214, 1245184, 1, 0, 0
1831464, 507904, 1, 0, 0
1831714, 507904, 1, 0, 0
1831964, 1064960, 1, 0, 0
1832214, 720896, 1, 0, 0
1832464, 720896, 1, 0, 0
1832714, 296096, 1, 0, 0
1832964, 589824, 1, 0, 0
1833214, 655360, 1, 0, 0
1833464, 983040, 1, 0, 0
1833714, 720896, 1, 0, 0
1833964, 98304, 1, 0, 0
1834214, 966656, 1, 0, 0
1834464, 835584, 1, 0, 0
1834714, 838939, 1, 0, 0
1834964, 704512, 1, 0, 0
1835214, 1294336, 1, 0, 0
1835464, 344064, 1, 0, 0
1835714, 884736, 1, 0, 0
1835964, 540672, 1, 0, 0
1836214, 491520, 1, 0, 0
1836464, 655360, 1, 0, 0
1836714, 720896, 1, 0, 0
1836964, 888289, 1, 0, 0
1837214, 999424, 1, 0, 0
1837464, 1261568, 1, 0, 0
1837714, 540672, 1, 0, 0
1837964, 1376256, 1, 0, 0
1838214, 819200, 1, 0, 0
1838464, 524288, 1, 0, 0
1838714, 786432, 1, 0, 0
1838964, 507904, 1, 0, 0
1839214, 723791, 1, 0, 0
1839464, 491520, 1, 0, 0
1839714, 376832, 1, 0, 0
1839964, 81920, 1, 0, 0
1840214, 114688, 1, 0, 0
1840464, 98304, 1, 0, 0
1840714, 196608, 1, 0, 0
1840964, 0, 1, 0, 0
1841215, 278528, 1, 0, 0
1841464, 312546, 1, 0, 0
1841714, 311296, 1, 0, 0
1841964, 819200, 1, 0, 0
1842214, 1081344, 1, 0, 0
1842464, 507904, 1, 0, 0
1842714, 425984, 1, 0, 0
1842964, 573440, 1, 0, 0
1843214, 868352, 1, 0, 0
1843464, 1015808, 1, 0, 0
1843714, 296096, 1, 0, 0
1843964, 344064, 1, 0, 0
1844214, 589824, 1, 0, 0
1844464, 688128, 1, 0, 0
1844714, 491520, 1, 0, 0
1844964, 688128, 1, 0, 0
1845214, 475136, 1, 0, 0
1845464, 901120, 1, 0, 0
1845714, 740240, 1, 0, 0
1845964, 606208, 1, 0, 0
1846214, 802816, 1, 0, 0
1846464, 802816, 1, 0, 0
1846714, 819200, 1, 0, 0
1846964, 851968, 1, 0, 0
1847214, 638976, 1, 0, 0
1847464, 622592, 1, 0, 0
1847714, 622592, 1, 0, 0
1847964, 279646, 1, 0, 0
1848214, 196608, 1, 0, 0
1848464, 114688, 1, 0, 0
1848714, 311296, 1, 0, 0
1848964, 491520, 1, 0, 0
1849214, 917504, 1, 0, 0
1849464, 524288, 1, 0, 0
1849714, 851968, 1, 0, 0
1849964, 622592, 1, 0, 0
1850214, 542843, 1, 0, 0
1850464, 884736, 1, 0, 0
1850714, 1146880, 1, 0, 0
1850964, 802816, 1, 0, 0
1851214, 1064960, 1, 0, 0
1851464, 802816, 1, 0, 0
1851714, 1114112, 1, 0, 0
1851964, 409600, 1, 0, 0
1852214, 835584, 1, 0, 0
1852464, 954088, 1, 0, 0
1852714, 868352, 1, 0, 0
1852964, 294912, 1, 0, 0
1853214, 917504, 1, 0, 0
1853464, 1048576, 1, 0, 0
1853714, 1294336, 1, 0, 0
1853964, 606208, 1, 0, 0
1854214, 851968, 1, 0, 0
1854464, 507904, 1, 0, 0
1854714, 838939, 1, 0, 0
1854964, 638976, 1, 0, 0
1855214, 1064960, 1, 0, 0
1855464, 491520, 1, 0, 0
1855714, 425984, 1, 0, 0
1855964, 1130496, 1, 0, 0
1856214, 819200, 1, 0, 0
1856464, 229376, 1, 0, 0
1856714, 720896, 1, 0, 0
1856964, 740240, 1, 0, 0
1857214, 458752, 1, 0, 0
1857464, 688128, 1, 0, 0
1857714, 819200, 1, 0, 0
1857964, 294912, 1, 0, 0
1858214, 622592, 1, 0, 0
1858464, 442368, 1, 0, 0
1858714, 1032192, 1, 0, 0
1858964, 540672, 1, 0, 0
1859214, 1474560, 1, 0, 0
1859464, 1003437, 1, 0, 0
1859714, 393216, 1, 0, 0
1859964, 294912, 1, 0, 0
1860214, 950272, 1, 0, 0
1860464, 884736, 1, 0, 0
1860714, 475136, 1, 0, 0
1860964, 753664, 1, 0, 0
1861214, 1490944, 1, 0, 0
1861464, 1081344, 1, 0, 0
1861714, 835584, 1, 0, 0
1861964, 559293, 1, 0, 0
1862214, 491520, 1, 0, 0
1862464, 360448, 1, 0, 0
1862714, 786432, 1, 0, 0
1862964, 425984, 1, 0, 0
1863214, 278528, 1, 0, 0
1863464, 819200, 1, 0, 0
1863714, 737280, 1, 0, 0
1863964, 1163264, 1, 0, 0
1864214, 707341, 1, 0, 0
1864464, 524288, 1, 0, 0
1864714, 671744, 1, 0, 0
1864964, 540672, 1, 0, 0
1865214, 933888, 1, 0, 0
1865464, 360448, 1, 0, 0
1865714, 917504, 1, 0, 0
1865964, 999424, 1, 0, 0
1866214, 770048, 1, 0, 0
1866464, 606208, 1, 0, 0
1866714, 855389, 1, 0, 0
1866964, 327680, 1, 0, 0
1867214, 524288, 1, 0, 0
1867464, 737280, 1, 0, 0
1867714, 737280, 1, 0, 0
1867964, 376832, 1, 0, 0
1868214, 212992, 1, 0, 0
1868464, 819200, 1, 0, 0
1868715, 409600, 1, 0, 0
1868964, 526393, 1, 0, 0
1869214, 688128, 1, 0, 0
1869464, 278528, 1, 0, 0
1869714, 212992, 1, 0, 0
1869964, 671744, 1, 0, 0
1870214, 819200, 1, 0, 0
1870464, 819200, 1, 0, 0
1870714, 966656, 1, 0, 0
1870964, 540672, 1, 0, 0
1871214, 773140, 1, 0, 0
1871464, 311296, 1, 0, 0
1871714, 868352, 1, 0, 0
1871964, 1064960, 1, 0, 0
1872214, 1048576, 1, 0, 0
1872464, 851968, 1, 0, 0
1872714, 999424, 1, 0, 0
1872964, 557056, 1, 0, 0
1873214, 737280, 1, 0, 0
1873464, 376832, 1, 0, 0
1873714, 526393, 1, 0, 0
1873964, 622592, 1, 0, 0
1874214, 278528, 1, 0, 0
1874464, 786432, 1, 0, 0
1874714, 688128, 1, 0, 0
1874964, 655360, 1, 0, 0
1875214, 442368, 1, 0, 0
1875464, 212992, 1, 0, 0
1875714, 638976, 1, 0, 0
1875965, 671744, 1, 0, 0
1876214, 756690, 1, 0, 0
1876464, 540672, 1, 0, 0
1876714, 933888, 1, 0, 0
1876964, 425984, 1, 0, 0
1877214, 786432, 1, 0, 0
1877464, 409600, 1, 0, 0
1877714, 114688, 1, 0, 0
1877964, 114688, 1, 0, 0
1878215, 475136, 1, 0, 0
1878464, 394795, 1, 0, 0
1878714, 425984, 1, 0, 0
1878964, 573440, 1, 0, 0
1879214, 98304, 1, 0, 0
1879464, 606208, 1, 0, 0
1879714, 0, 1, 0, 0
1879964, 98304, 1, 0, 0
1880214, 557056, 1, 0, 0
1880464, 311296, 1, 0, 0
1880714, 970538, 1, 0, 0
1880964, 491520, 1, 0, 0
1881214, 753664, 1, 0, 0
1881464, 311296, 1, 0, 0
1881714, 458752, 1, 0, 0
1881964, 327680, 1, 0, 0
1882214, 475136, 1, 0, 0
1882464, 509943, 1, 0, 0
1882714, 638976, 1, 0, 0
1882964, 704512, 1, 0, 0
1883214, 688128, 1, 0, 0
1883464, 65536, 1, 0, 0
1883714, 540672, 1, 0, 0
1883964, 196608, 1, 0, 0
1884214, 328995, 1, 0, 0
1884464, 671744, 1, 0, 0
1884714, 589824, 1, 0, 0
1884964, 458752, 1, 0, 0
1885214, 573440, 1, 0, 0
1885464, 753664, 1, 0, 0
1885714, 917504, 1, 0, 0
1885964, 1032192, 1, 0, 0
1886214, 460594, 1, 0, 0
1886464, 409600, 1, 0, 0
1886714, 475136, 1, 0, 0
1886964, 720896, 1, 0, 0
1887214, 491520, 1, 0, 0
1887464, 655360, 1, 0, 0
1887714, 507904, 1, 0, 0
1887964, 540672, 1, 0, 0
1888214, 638976, 1, 0, 0
1888464, 871839, 1, 0, 0
1888714, 278528, 1, 0, 0
1888964, 393216, 1, 0, 0
1889214, 409600, 1, 0, 0
1889464, 819200, 1, 0, 0
1889714, 1015808, 1, 0, 0
1889964, 638976, 1, 0, 0
1890214, 638976, 1, 0, 0
1890464, 671744, 1, 0, 0
1890714, 442368, 1, 0, 0
1890964, 904738, 1, 0, 0
1891214, 1425408, 1, 0, 0
1891464, 786432, 1, 0, 0
1891714, 802816, 1, 0, 0
1891964, 884736, 1, 0, 0
1892214, 999424, 1, 0, 0
1892464, 983040, 1, 0, 0
1892714, 606208, 1, 0, 0
1892964, 1097728, 1, 0, 0
1893214, 477044, 1, 0, 0
1893464, 606208, 1, 0, 0
1893714, 786432, 1, 0, 0
1893964, 589824, 1, 0, 0
1894214, 999424, 1, 0, 0
1894464, 917504, 1, 0, 0
1894714, 933888, 1, 0, 0
1894964, 1064960, 1, 0, 0
1895214, 868352, 1, 0, 0
1895463, 477044, 1, 0, 0
1895714, 851968, 1, 0, 0
1895964, 950272, 1, 0, 0
1896214, 1015808, 1, 0, 0
1896464, 1277952, 1, 0, 0
1896714, 983040, 1, 0, 0
1896964, 868352, 1, 0, 0
1897214, 442368, 1, 0, 0
1897464, 458752, 1, 0, 0
1897714, 917504, 1, 0, 0
1897964, 937638, 1, 0, 0
1898214, 655360, 1, 0, 0
1898464, 835584, 1, 0, 0
1898714, 770048, 1, 0, 0
1898964, 983040, 1, 0, 0
1899214, 786432, 1, 0, 0
1899464, 737280, 1, 0, 0
1899714, 1015808, 1, 0, 0
1899964, 884736, 1, 0, 0
1900214, 1151485, 1, 0, 0
1900464, 884736, 1, 0, 0
1900714, 1933312, 1, 0, 0
1900964, 606208, 1, 0, 0
1901214, 770048, 1, 0, 0
1901464, 1130496, 1, 0, 0
1901714, 1245184, 1, 0, 0
1901964, 1212416, 1, 0, 0
1902214, 1048576, 1, 0, 0
1902465, 1376256, 1, 0, 0
1902714, 921188, 1, 0, 0
1902964, 1622016, 1, 0, 0
1903214, 1015808, 1, 0, 0
1903464, 1196032, 1, 0, 0
1903714, 966656, 1, 0, 0
1903964, 868352, 1, 0, 0
1904214, 638976, 1, 0, 0
1904464, 933888, 1, 0, 0
1904714, 1179648, 1, 0, 0
1904964, 1200835, 1, 0, 0
1905214, 638976, 1, 0, 0
1905464, 786432, 1, 0, 0
1905714, 770048, 1, 0, 0
1905964, 704512, 1, 0, 0
1906214, 475136, 1, 0, 0
1906464, 819200, 1, 0, 0
1906714, 557056, 1, 0, 0
1906964, 884736, 1, 0, 0
1907215, 770048, 1, 0, 0
1907464, 674441, 1, 0, 0
1907714, 720896, 1, 0, 0
1907964, 786432, 1, 0, 0
1908214, 851968, 1, 0, 0
1908464, 1114112, 1, 0, 0
1908714, 1343488, 1, 0, 0
1908964, 704512, 1, 0, 0
1909214, 376832, 1, 0, 0
1909465, 835584, 1, 0, 0
1909714, 559293, 1, 0, 0
1909964, 606208, 1, 0, 0
1910214, 655360, 1, 0, 0
1910464, 786432, 1, 0, 0
1910714, 507904, 1, 0, 0
1910964, 540672, 1, 0, 0
1911214, 606208, 1, 0, 0
1911464, 638976, 1, 0, 0
1911714, 737280, 1, 0, 0
1911964, 427694, 1, 0, 0
1912214, 819200, 1, 0, 0
1912464, 491520, 1, 0, 0
1912714, 311296, 1, 0, 0
1912964, 409600, 1, 0, 0
1913214, 229376, 1, 0, 0
1913464, 606208, 1, 0, 0
1913714, 98304, 1, 0, 0
1913965, 327680, 1, 0, 0
1914214, 444144, 1, 0, 0
1914464, 966656, 1, 0, 0
1914714, 671744, 1, 0, 0
1914964, 966656, 1, 0, 0
1915214, 966656, 1, 0, 0
1915464, 884736, 1, 0, 0
1915714, 1359872, 1, 0, 0
1915964, 1589248, 1, 0, 0
1916215, 638976, 1, 0, 0
1916464, 904738, 1, 0, 0
1916714, 557056, 1, 0, 0
1916964, 770048, 1, 0, 0
1917214, 901120, 1, 0, 0
1917464, 1327104, 1, 0, 0
1917714, 1179648, 1, 0, 0
1917964, 1163264, 1, 0, 0
1918214, 1212416, 1, 0, 0
1918465, 1228800, 1, 0, 0
1918714, 1612080, 1, 0, 0
1918964, 1359872, 1, 0, 0
1919214, 1523712, 1, 0, 0
1919464, 1212416, 1, 0, 0
1919714, 1949696, 1, 0, 0
1919964, 409600, 1, 0, 0
1920214, 622592, 1, 0, 0
1920464, 1753088, 1, 0, 0
1920714, 1114112, 1, 0, 0
1920964, 822489, 1, 0, 0
1921214, 917504, 1, 0, 0
1921464, 1130496, 1, 0, 0
1921714, 704512, 1, 0, 0
1921964, 1130496, 1, 0, 0
1922214, 638976, 1, 0, 0
1922464, 1261568, 1, 0, 0
1922714, 966656, 1, 0, 0
1922964, 901120, 1, 0, 0
1923214, 1069236, 1, 0, 0
1923464, 1081344, 1, 0, 0
1923714, 376832, 1, 0, 0
1923964, 1114112, 1, 0, 0
1924214, 1359872, 1, 0, 0
1924464, 720896, 1, 0, 0
1924714, 819200, 1, 0, 0
1924964, 638976, 1, 0, 0
1925214, 409600, 1, 0, 0
1925464, 822489, 1, 0, 0
1925714, 491520, 1, 0, 0
1925964, 720896, 1, 0, 0
1926214, 720896, 1, 0, 0
1926464, 360448, 1, 0, 0
1926714, 393216, 1, 0, 0
1926964, 753664, 1, 0, 0
1927214, 491520, 1, 0, 0
1927464, 802816, 1, 0, 0
1927714, 855389, 1, 0, 0
1927964, 1048576, 1, 0, 0
1928214, 606208, 1, 0, 0
1928464, 753664, 1, 0, 0
1928714, 802816, 1, 0, 0
1928964, 622592, 1, 0, 0
1929214, 999424, 1, 0, 0
1929464, 442368, 1, 0, 0
1929714, 720896, 1, 0, 0
1929964, 855389, 1, 0, 0
1930214, 1425408, 1, 0, 0
1930464, 999424, 1, 0, 0
1930714, 671744, 1, 0, 0
1930964, 589824, 1, 0, 0
1931214, 360448, 1, 0, 0
1931464, 966656, 1, 0, 0
1931714, 442368, 1, 0, 0
1931964, 671744, 1, 0, 0
1932214, 1081344, 1, 0, 0
1932464, 657991, 1, 0, 0
1932714, 294912, 1, 0, 0
1932964, 966656, 1, 0, 0
1933214, 917504, 1, 0, 0
1933464, 1327104, 1, 0, 0
1933714, 819200, 1, 0, 0
1933964, 917504, 1, 0, 0
1934214, 1556480, 1, 0, 0
1934464, 1081344, 1, 0, 0
1934714, 835584, 1, 0, 0
1934964, 904738, 1, 0, 0
1935214, 917504, 1, 0, 0
1935464, 1064960, 1, 0, 0
1935714, 1081344, 1, 0, 0
1935964, 1409024, 1, 0, 0
1936214, 950272, 1, 0, 0
1936464, 901120, 1, 0, 0
1936714, 770048, 1, 0, 0
1936964, 458752, 1, 0, 0
1937215, 1015808, 1, 0, 0
1937464, 838939, 1, 0, 0
1937714, 819200, 1, 0, 0
1937964, 507904, 1, 0, 0
1938214, 606208, 1, 0, 0
1938464, 409600, 1, 0, 0
1938714, 507904, 1, 0, 0
1938964, 311296, 1, 0, 0
1939214, 589824, 1, 0, 0
1939464, 657991, 1, 0, 0
1939714, 294912, 1, 0, 0
1939964, 327680, 1, 0, 0
1940214, 425984, 1, 0, 0
1940464, 950272, 1, 0, 0
1940714, 163840, 1, 0, 0
1940964, 294912, 1, 0, 0
1941214, 475136, 1, 0, 0
1941465, 360448, 1, 0, 0
1941714, 131598, 1, 0, 0
1941964, 376832, 1, 0, 0
1942214, 409600, 1, 0, 0
1942464, 196608, 1, 0, 0
1942714, 98304, 1, 0, 0
1942965, 540672, 1, 0, 0
1943215, 262144, 1, 0, 0
1943464, 657991, 1, 0, 0
1943714, 638976, 1, 0, 0
1943964, 802816, 1, 0, 0
1944215, 262144, 1, 0, 0
1944464, 789590, 1, 0, 0
1944714, 704512, 1, 0, 0
1944964, 507904, 1, 0, 0
1945214, 606208, 1, 0, 0
1945465, 524288, 1, 0, 0
1945714, 312546, 1, 0, 0
1945964, 212992, 1, 0, 0
1946214, 491520, 1, 0, 0
1946464, 458752, 1, 0, 0
1946714, 344064, 1, 0, 0
1946965, 294912, 1, 0, 0
1947214, 888289, 1, 0, 0
1947464, 851968, 1, 0, 0
1947714, 491520, 1, 0, 0
1947964, 557056, 1, 0, 0
1948215, 622592, 1, 0, 0
1948464, 559293, 1, 0, 0
1948714, 753664, 1, 0, 0
1948964, 950272, 1, 0, 0
1949214, 1277952, 1, 0, 0
1949465, 983040, 1, 0, 0
1949714, 394795, 1, 0, 0
1949964, 507904, 1, 0, 0
1950214, 835584, 1, 0, 0
1950464, 409600, 1, 0, 0
1950714, 1464032, 1, 0, 0
1950964, 1114112, 1, 0, 0
1951214, 1425408, 1, 0, 0
1951464, 983040, 1, 0, 0
1951714, 737280, 1, 0, 0
1951965, 1277952, 1, 0, 0
1952214, 1431132, 1, 0, 0
1952464, 458752, 1, 0, 0
1952714, 933888, 1, 0, 0
1952964, 1261568, 1, 0, 0
1953215, 1294336, 1, 0, 0
1953464, 1710779, 1, 0, 0
1953714, 720896, 1, 0, 0
1953964, 1605632, 1, 0, 0
1954215, 1638400, 1, 0, 0
1954464, 1546281, 1, 0, 0
1954714, 1146880, 1, 0, 0
1954964, 1097728, 1, 0, 0
1955215, 1064960, 1, 0, 0
1955464, 1283084, 1, 0, 0
1955714, 819200, 1, 0, 0
1955964, 884736, 1, 0, 0
1956214, 753664, 1, 0, 0
1956465, 802816, 1, 0, 0
1956714, 1151485, 1, 0, 0
1956964, 1622016, 1, 0, 0
1957214, 1130496, 1, 0, 0
1957465, 442368, 1, 0, 0
1957714, 526393, 1, 0, 0
1957964, 638976, 1, 0, 0
1958214, 884736, 1, 0, 0
1958465, 770048, 1, 0, 0
1958714, 1151485, 1, 0, 0
1958964, 1343488, 1, 0, 0
1959214, 1245184, 1, 0, 0
1959464, 983040, 1, 0, 0
1959715, 311296, 1, 0, 0
1959964, 312546, 1, 0, 0
1960214, 802816, 1, 0, 0
1960464, 1146880, 1, 0, 0
1960714, 884736, 1, 0, 0
1960964, 278528, 1, 0, 0
1961215, 835584, 1, 0, 0
1961464, 526393, 1, 0, 0
1961714, 966656, 1, 0, 0
1961964, 524288, 1, 0, 0
1962214, 376832, 1, 0, 0
1962465, 622592, 1, 0, 0
1962714, 296096, 1, 0, 0
1962964, 540672, 1, 0, 0
1963214, 966656, 1, 0, 0
1963464, 1015808, 1, 0, 0
1963715, 393216, 1, 0, 0
1963964, 773140, 1, 0, 0
1964214, 983040, 1, 0, 0
1964464, 638976, 1, 0, 0
1964715, 835584, 1, 0, 0
1964965, 245760, 1, 0, 0
1965214, 394795, 1, 0, 0
1965464, 524288, 1, 0, 0
1965714, 737280, 1, 0, 0
1965964, 737280, 1, 0, 0
1966215, 819200, 1, 0, 0
1966464, 213847, 1, 0, 0
1966714, 1064960, 1, 0, 0
1966964, 753664, 1, 0, 0
1967214, 688128, 1, 0, 0
1967465, 425984, 1, 0, 0
1967714, 1118586, 1, 0, 0
1967964, 884736, 1, 0, 0
1968214, 753664, 1, 0, 0
1968465, 212992, 1, 0, 0
1968714, 526393, 1, 0, 0
1968964, 409600, 1, 0, 0
1969214, 114688, 1, 0, 0
1969464, 475136, 1, 0, 0
1969715, 622592, 1, 0, 0
1969964, 328995, 1, 0, 0
1970214, 540672, 1, 0, 0
1970464, 229376, 1, 0, 0
1970715, 589824, 1, 0, 0
1970964, 427694, 1, 0, 0
1971214, 163840, 1, 0, 0
1971464, 163840, 1, 0, 0
1971714, 753664, 1, 0, 0
1971965, 311296, 1, 0, 0
1972214, 312546, 1, 0, 0
1972464, 737280, 1, 0, 0
1972714, 311296, 1, 0, 0
1972964, 999424, 1, 0, 0
1973215, 458752, 1, 0, 0
1973464, 526393, 1, 0, 0
1973714, 327680, 1, 0, 0
1973964, 245760, 1, 0, 0
1974215, 933888, 1, 0, 0
1974465, 950272, 1, 0, 0
1974714, 279646, 1, 0, 0
1974964, 245760, 1, 0, 0
1975215, 851968, 1, 0, 0
1975464, 1069236, 1, 0, 0
1975714, 999424, 1, 0, 0
1975964, 1048576, 1, 0, 0
1976215, 573440, 1, 0, 0
1976464, 509943, 1, 0, 0
1976714, 868352, 1, 0, 0
1976964, 802816, 1, 0, 0
1977214, 1081344, 1, 0, 0
1977464, 868352, 1, 0, 0
1977715, 589824, 1, 0, 0
1977964, 657991, 1, 0, 0
1978214, 786432, 1, 0, 0
1978464, 1196032, 1, 0, 0
1978714, 933888, 1, 0, 0
1978965, 770048, 1, 0, 0
1979214, 806040, 1, 0, 0
1979464, 786432, 1, 0, 0
1979714, 819200, 1, 0, 0
1979965, 425984, 1, 0, 0
1980214, 477044, 1, 0, 0
1980464, 327680, 1, 0, 0
1980714, 425984, 1, 0, 0
1980965, 294912, 1, 0, 0
1981214, 608642, 1, 0, 0
1981464, 950272, 1, 0, 0
1981714, 835584, 1, 0, 0
1981964, 425984, 1, 0, 0
1982215, 98304, 1, 0, 0
1982464, 575742, 1, 0, 0
1982714, 704512, 1, 0, 0
1982964, 655360, 1, 0, 0
1983214, 507904, 1, 0, 0
1983465, 409600, 1, 0, 0
1983714, 625092, 1, 0, 0
1983964, 311296, 1, 0, 0
1984214, 835584, 1, 0, 0
1984465, 884736, 1, 0, 0
1984714, 542843, 1, 0, 0
1984964, 327680, 1, 0, 0
1985214, 966656, 1, 0, 0
1985464, 688128, 1, 0, 0
1985715, 475136, 1, 0, 0
1985964, 542843, 1, 0, 0
1986214, 557056, 1, 0, 0
1986464, 589824, 1, 0, 0
1986714, 507904, 1, 0, 0
1986965, 606208, 1, 0, 0
1987214, 1036337, 1, 0, 0
1987464, 1179648, 1, 0, 0
1987714, 1097728, 1, 0, 0
1987964, 802816, 1, 0, 0
1988215, 1261568, 1, 0, 0
1988464, 493493, 1, 0, 0
1988714, 1261568, 1, 0, 0
1988964, 409600, 1, 0, 0
1989215, 835584, 1, 0, 0
1989464, 838939, 1, 0, 0
1989714, 1048576, 1, 0, 0
1989964, 327680, 1, 0, 0
1990215, 376832, 1, 0, 0
1990464, 625092, 1, 0, 0
1990714, 983040, 1, 0, 0
1990964, 1179648, 1, 0, 0
1991214, 1343488, 1, 0, 0
1991465, 458752, 1, 0, 0
1991714, 1464032, 1, 0, 0
1991964, 1081344, 1, 0, 0
1992214, 622592, 1, 0, 0
1992464, 376832, 1, 0, 0
1992715, 606208, 1, 0, 0
1992964, 904738, 1, 0, 0
1993214, 851968, 1, 0, 0
1993464, 819200, 1, 0, 0
1993715, 212992, 1, 0, 0
1993964, 1085686, 1, 0, 0
1994214, 638976, 1, 0, 0
1994464, 212992, 1, 0, 0
1994714, 802816, 1, 0, 0
1994964, 589824, 1, 0, 0
1995215, 851968, 1, 0, 0
1995464, 921188, 1, 0, 0
1995714, 409600, 1, 0, 0
1995965, 835584, 1, 0, 0
1996214, 822489, 1, 0, 0
1996465, 622592, 1, 0, 0
1996715, 196608, 1, 0, 0
1996964, 526393, 1, 0, 0
1997214, 393216, 1, 0, 0
1997464, 98304, 1, 0, 0
1997714, 245760, 1, 0, 0
1997964, 378345, 1, 0, 0
1998214, 671744, 1, 0, 0
1998464, 557056, 1, 0, 0
1998714, 393216, 1, 0, 0
1998964, 229376, 1, 0, 0
1999214, 475136, 1, 0, 0
1999464, 311296, 1, 0, 0
1999714, 707341, 1, 0, 0
1999964, 901120, 1, 0, 0
2000214, 786432, 1, 0, 0
2000464, 688128, 1, 0, 0
2000715, 507904, 1, 0, 0
2000964, 509943, 1, 0, 0
2001214, 425984, 1, 0, 0
2001464, 294912, 1, 0, 0
2001715, 507904, 1, 0, 0
2001964, 164497, 1, 0, 0
2002214, 622592, 1, 0, 0
2002464, 196608, 1, 0, 0
2002714, 425984, 1, 0, 0
2002964, 294912, 1, 0, 0
2003215, 720896, 1, 0, 0
2003464, 394795, 1, 0, 0
2003714, 753664, 1, 0, 0
2003964, 655360, 1, 0, 0
2004215, 786432, 1, 0, 0
2004465, 540672, 1, 0, 0
2004714, 1019887, 1, 0, 0
2004964, 409600, 1, 0, 0
2005214, 344064, 1, 0, 0
2005465, 557056, 1, 0, 0
2005714, 657991, 1, 0, 0
2005964, 409600, 1, 0, 0
2006214, 720896, 1, 0, 0
2006465, 491520, 1, 0, 0
2006714, 575742, 1, 0, 0
2006964, 458752, 1, 0, 0
2007214, 425984, 1, 0, 0
2007464, 704512, 1, 0, 0
2007715, 770048, 1, 0, 0
2007964, 460594, 1, 0, 0
2008214, 589824, 1, 0, 0
2008464, 737280, 1, 0, 0
2008714, 393216, 1, 0, 0
2008965, 360448, 1, 0, 0
2009214, 954088, 1, 0, 0
2009464, 524288, 1, 0, 0
2009714, 933888, 1, 0, 0
2009964, 802816, 1, 0, 0
2010215, 933888, 1, 0, 0
2010464, 855389, 1, 0, 0
2010714, 1245184, 1, 0, 0
2010964, 622592, 1, 0, 0
2011215, 983040, 1, 0, 0
2011464, 838939, 1, 0, 0
2011714, 393216, 1, 0, 0
2011964, 344064, 1, 0, 0
2012215, 671744, 1, 0, 0
2012464, 674441, 1, 0, 0
2012714, 1294336, 1, 0, 0
2012964, 966656, 1, 0, 0
2013215, 884736, 1, 0, 0
2013464, 806040, 1, 0, 0
2013714, 1245184, 1, 0, 0
2013964, 671744, 1, 0, 0
2014214, 851968, 1, 0, 0
2014465, 704512, 1, 0, 0
2014714, 904738, 1, 0, 0
2014964, 1327104, 1, 0, 0
2015214, 901120, 1, 0, 0
2015464, 311296, 1, 0, 0
2015715, 770048, 1, 0, 0
2015964, 707341, 1, 0, 0
2016214, 491520, 1, 0, 0
2016464, 1032192, 1, 0, 0
2016714, 458752, 1, 0, 0
2016965, 622592, 1, 0, 0
2017214, 427694, 1, 0, 0
2017464, 458752, 1, 0, 0
2017714, 655360, 1, 0, 0
2017965, 868352, 1, 0, 0
2018214, 838939, 1, 0, 0
2018464, 557056, 1, 0, 0
2018714, 589824, 1, 0, 0
2018964, 606208, 1, 0, 0
2019215, 819200, 1, 0, 0
2019464, 411244, 1, 0, 0
2019714, 753664, 1, 0, 0
2019964, 868352, 1, 0, 0
2020214, 196608, 1, 0, 0
2020465, 638976, 1, 0, 0
2020714, 493493, 1, 0, 0
2020964, 704512, 1, 0, 0
2021214, 950272, 1, 0, 0
2021465, 688128, 1, 0, 0
2021715, 507904, 1, 0, 0
2021964, 115148, 1, 0, 0
2022214, 851968, 1, 0, 0
2022464, 311296, 1, 0, 0
2022714, 753664, 1, 0, 0
2022965, 393216, 1, 0, 0
2023214, 559293, 1, 0, 0
2023464, 524288, 1, 0, 0
2023714, 655360, 1, 0, 0
2023964, 688128, 1, 0, 0
2024215, 344064, 1, 0, 0
2024464, 296096, 1, 0, 0
2024714, 868352, 1, 0, 0
2024964, 786432, 1, 0, 0
2025215, 311296, 1, 0, 0
2025464, 608642, 1, 0, 0
2025714, 917504, 1, 0, 0
2025964, 622592, 1, 0, 0
2026214, 753664, 1, 0, 0
2026464, 1015808, 1, 0, 0
2026714, 819200, 1, 0, 0
2026964, 1343488, 1, 0, 0
2027214, 1081344, 1, 0, 0
2027464, 756690, 1, 0, 0
2027714, 1048576, 1, 0, 0
2027964, 1146880, 1, 0, 0
2028214, 1425408, 1, 0, 0
2028464, 1327104, 1, 0, 0
2028714, 1261568, 1, 0, 0
2028964, 770048, 1, 0, 0
2029214, 819200, 1, 0, 0
2029464, 1064960, 1, 0, 0
2029714, 1130496, 1, 0, 0
2029964, 444144, 1, 0, 0
2030214, 901120, 1, 0, 0
2030464, 901120, 1, 0, 0
2030714, 1048576, 1, 0, 0
2030964, 1556480, 1, 0, 0
2031214, 1245184, 1, 0, 0
2031464, 1032192, 1, 0, 0
2031714, 1507328, 1, 0, 0
2031964, 871839, 1, 0, 0
2032214, 1146880, 1, 0, 0
2032464, 737280, 1, 0, 0
2032714, 524288, 1, 0, 0
2032964, 393216, 1, 0, 0
2033214, 720896, 1, 0, 0
2033464, 737280, 1, 0, 0
2033714, 723791, 1, 0, 0
2033964, 540672, 1, 0, 0
2034214, 638976, 1, 0, 0
2034464, 475136, 1, 0, 0
2034714, 720896, 1, 0, 0
2034964, 606208, 1, 0, 0
2035214, 933888, 1, 0, 0
2035464, 933888, 1, 0, 0
2035714, 311296, 1, 0, 0
2035964, 573440, 1, 0, 0
2036214, 970538, 1, 0, 0
2036464, 704512, 1, 0, 0
2036714, 245760, 1, 0, 0
2036964, 425984, 1, 0, 0
2037214, 229376, 1, 0, 0
2037464, 393216, 1, 0, 0
2037714, 606208, 1, 0, 0
2037964, 786432, 1, 0, 0
2038215, 1015808, 1, 0, 0
2038464, 1299534, 1, 0, 0
2038714, 802816, 1, 0, 0
2038964, 655360, 1, 0, 0
2039214, 917504, 1, 0, 0
2039464, 638976, 1, 0, 0
2039714, 245760, 1, 0, 0
2039964, 458752, 1, 0, 0
2040214, 868352, 1, 0, 0
2040464, 901120, 1, 0, 0
2040714, 937638, 1, 0, 0
2040964, 1032192, 1, 0, 0
2041214, 786432, 1, 0, 0
2041464, 688128, 1, 0, 0
2041714, 507904, 1, 0, 0
2041964, 294912, 1, 0, 0
2042214, 475136, 1, 0, 0
2042464, 655360, 1, 0, 0
2042714, 294912, 1, 0, 0
2042964, 707341, 1, 0, 0
2043214, 638976, 1, 0, 0
2043464, 376832, 1, 0, 0
2043714, 655360, 1, 0, 0
2043964, 212992, 1, 0, 0
2044214, 1097728, 1, 0, 0
2044464, 786432, 1, 0, 0
2044714, 917504, 1, 0, 0
2044964, 592192, 1, 0, 0
2045214, 409600, 1, 0, 0
2045464, 278528, 1, 0, 0
2045714, 819200, 1, 0, 0
2045964, 458752, 1, 0, 0
2046214, 458752, 1, 0, 0
2046464, 606208, 1, 0, 0
2046714, 507904, 1, 0, 0
2046964, 557056, 1, 0, 0
2047214, 180947, 1, 0, 0
2047464, 196608, 1, 0, 0
2047714, 524288, 1, 0, 0
2047964, 802816, 1, 0, 0
2048214, 409600, 1, 0, 0
2048464, 425984, 1, 0, 0
2048714, 491520, 1, 0, 0
2048964, 294912, 1, 0, 0
2049214, 655360, 1, 0, 0
2049464, 1266634, 1, 0, 0
2049714, 475136, 1, 0, 0
2049964, 671744, 1, 0, 0
2050214, 737280, 1, 0, 0
2050464, 770048, 1, 0, 0
2050714, 950272, 1, 0, 0
2050964, 671744, 1, 0, 0
2051215, 557056, 1, 0, 0
2051464, 723791, 1, 0, 0
2051714, 229376, 1, 0, 0
2051964, 753664, 1, 0, 0
2052214, 983040, 1, 0, 0
2052464, 1146880, 1, 0, 0
2052714, 1589248, 1, 0, 0
2052964, 999424, 1, 0, 0
2053214, 1212416, 1, 0, 0
2053465, 688128, 1, 0, 0
2053714, 657991, 1, 0, 0
2053964, 1523712, 1, 0, 0
2054214, 671744, 1, 0, 0
2054464, 622592, 1, 0, 0
2054714, 950272, 1, 0, 0
2054964, 524288, 1, 0, 0
2055214, 901120, 1, 0, 0
2055464, 819200, 1, 0, 0
2055714, 904738, 1, 0, 0
2055964, 786432, 1, 0, 0
2056214, 573440, 1, 0, 0
2056464, 1359872, 1, 0, 0
2056714, 753664, 1, 0, 0
2056964, 868352, 1, 0, 0
2057214, 917504, 1, 0, 0
2057464, 638976, 1, 0, 0
2057714, 1015808, 1, 0, 0
2057964, 855389, 1, 0, 0
2058214, 1212416, 1, 0, 0
2058464, 475136, 1, 0, 0
2058714, 819200, 1, 0, 0
2058964, 786432, 1, 0, 0
2059214, 1081344, 1, 0, 0
2059464, 884736, 1, 0, 0
2059714, 1228800, 1, 0, 0
2059964, 638976, 1, 0, 0
2060214, 904738, 1, 0, 0
2060464, 622592, 1, 0, 0
2060714, 1081344, 1, 0, 0
2060964, 671744, 1, 0, 0
2061214, 901120, 1, 0, 0
2061464, 737280, 1, 0, 0
2061714, 589824, 1, 0, 0
2061964, 868352, 1, 0, 0
2062214, 917504, 1, 0, 0
2062465, 622592, 1, 0, 0
2062714, 641542, 1, 0, 0
2062964, 950272, 1, 0, 0
2063214, 409600, 1, 0, 0
2063464, 442368, 1, 0, 0
2063714, 884736, 1, 0, 0
2063964, 491520, 1, 0, 0
2064214, 278528, 1, 0, 0
2064464, 1032192, 1, 0, 0
2064714, 507904, 1, 0, 0
2064964, 921188, 1, 0, 0
2065214, 819200, 1, 0, 0
2065464, 753664, 1, 0, 0
2065714, 737280, 1, 0, 0
2065964, 704512, 1, 0, 0
2066214, 770048, 1, 0, 0
2066464, 655360, 1, 0, 0
2066714, 573440, 1, 0, 0
2066964, 460594, 1, 0, 0
2067214, 196608, 1, 0, 0
2067464, 491520, 1, 0, 0
2067714, 933888, 1, 0, 0
2067964, 704512, 1, 0, 0
2068214, 491520, 1, 0, 0
2068464, 786432, 1, 0, 0
2068714, 753664, 1, 0, 0
2068964, 838939, 1, 0, 0
2069214, 770048, 1, 0, 0
2069464, 1015808, 1, 0, 0
2069714, 1359872, 1, 0, 0
2069964, 638976, 1, 0, 0
2070214, 557056, 1, 0, 0
2070464, 589824, 1, 0, 0
2070714, 458752, 1, 0, 0
2070964, 409600, 1, 0, 0
2071214, 328995, 1, 0, 0
2071464, 688128, 1, 0, 0
2071714, 344064, 1, 0, 0
2071964, 638976, 1, 0, 0
2072214, 524288, 1, 0, 0
2072464, 573440, 1, 0, 0
2072714, 229376, 1, 0, 0
2072964, 393216, 1, 0, 0
2073214, 542843, 1, 0, 0
2073464, 622592, 1, 0, 0
2073714, 229376, 1, 0, 0
2073964, 720896, 1, 0, 0
2074214, 622592, 1, 0, 0
2074464, 507904, 1, 0, 0
2074714, 999424, 1, 0, 0
2074964, 622592, 1, 0, 0
2075214, 917504, 1, 0, 0
2075464, 542843, 1, 0, 0
2075714, 917504, 1, 0, 0
2075964, 753664, 1, 0, 0
2076214, 163840, 1, 0, 0
2076464, 507904, 1, 0, 0
2076714, 409600, 1, 0, 0
2076964, 524288, 1, 0, 0
2077214, 851968, 1, 0, 0
2077464, 212992, 1, 0, 0
2077714, 213847, 1, 0, 0
2077964, 409600, 1, 0, 0
2078214, 393216, 1, 0, 0
2078464, 98304, 1, 0, 0
2078714, 294912, 1, 0, 0
2078964, 458752, 1, 0, 0
2079214, 376832, 1, 0, 0
2079464, 114688, 1, 0, 0
2079714, 409600, 1, 0, 0
2079964, 230297, 1, 0, 0
2080214, 688128, 1, 0, 0
2080464, 524288, 1, 0, 0
2080714, 376832, 1, 0, 0
2080964, 229376, 1, 0, 0
2081214, 196608, 1, 0, 0
2081464, 851968, 1, 0, 0
2081714, 622592, 1, 0, 0
2081964, 213847, 1, 0, 0
2082214, 409600, 1, 0, 0
2082464, 344064, 1, 0, 0
2082714, 770048, 1, 0, 0
2082964, 393216, 1, 0, 0
2083214, 540672, 1, 0, 0
2083464, 442368, 1, 0, 0
2083714, 704512, 1, 0, 0
2083964, 966656, 1, 0, 0
2084214, 871839, 1, 0, 0
2084464, 671744, 1, 0, 0
2084714, 835584, 1, 0, 0
2084964, 1097728, 1, 0, 0
2085214, 622592, 1, 0, 0
2085464, 262144, 1, 0, 0
2085714, 835584, 1, 0, 0
2085964, 212992, 1, 0, 0
2086214, 773140, 1, 0, 0
2086464, 311296, 1, 0, 0
2086714, 425984, 1, 0, 0
2086964, 688128, 1, 0, 0
2087214, 688128, 1, 0, 0
2087464, 770048, 1, 0, 0
2087714, 720896, 1, 0, 0
2087964, 950272, 1, 0, 0
2088214, 740240, 1, 0, 0
2088464, 311296, 1, 0, 0
2088714, 294912, 1, 0, 0
2088964, 573440, 1, 0, 0
2089214, 819200, 1, 0, 0
2089464, 655360, 1, 0, 0
2089714, 720896, 1, 0, 0
2089964, 311296, 1, 0, 0
2090215, 737280, 1, 0, 0
2090464, 1217285, 1, 0, 0
2090714, 999424, 1, 0, 0
2090964, 114688, 1, 0, 0
2091214, 966656, 1, 0, 0
2091464, 999424, 1, 0, 0
2091714, 786432, 1, 0, 0
2091964, 573440, 1, 0, 0
2092214, 1135036, 1, 0, 0
2092464, 1179648, 1, 0, 0
2092714, 917504, 1, 0, 0
2092964, 425984, 1, 0, 0
2093214, 638976, 1, 0, 0
2093464, 294912, 1, 0, 0
2093714, 688128, 1, 0, 0
2093964, 344064, 1, 0, 0
2094214, 921188, 1, 0, 0
2094464, 344064, 1, 0, 0
2094714, 851968, 1, 0, 0
2094964, 786432, 1, 0, 0
2095214, 294912, 1, 0, 0
2095464, 540672, 1, 0, 0
2095714, 425984, 1, 0, 0
2095964, 262144, 1, 0, 0
2096214, 819200, 1, 0, 0
2096465, 720896, 1, 0, 0
2096714, 296096, 1, 0, 0
2096964, 638976, 1, 0, 0
2097214, 507904, 1, 0, 0
2097464, 819200, 1, 0, 0
2097714, 835584, 1, 0, 0
2097964, 311296, 1, 0, 0
2098214, 524288, 1, 0, 0
2098464, 606208, 1, 0, 0
2098714, 328995, 1, 0, 0
2098964, 671744, 1, 0, 0
2099214, 557056, 1, 0, 0
2099464, 147456, 1, 0, 0
2099714, 573440, 1, 0, 0
2099964, 327680, 1, 0, 0
2100214, 622592, 1, 0, 0
2100464, 409600, 1, 0, 0
2100714, 688128, 1, 0, 0
2100964, 671744, 1, 0, 0
2101214, 1003437, 1, 0, 0
2101464, 655360, 1, 0, 0
2101714, 524288, 1, 0, 0
2101964, 311296, 1, 0, 0
2102214, 638976, 1, 0, 0
2102464, 720896, 1, 0, 0
2102714, 393216, 1, 0, 0
2102964, 638976, 1, 0, 0
2103214, 819200, 1, 0, 0
2103464, 542843, 1, 0, 0
2103714, 344064, 1, 0, 0
2103964, 1114112, 1, 0, 0
2104214, 278528, 1, 0, 0
2104464, 1081344, 1, 0, 0
2104714, 311296, 1, 0, 0
2104964, 278528, 1, 0, 0
2105214, 622592, 1, 0, 0
2105464, 393216, 1, 0, 0
2105714, 327680, 1, 0, 0
2105964, 575742, 1, 0, 0
2106214, 1064960, 1, 0, 0
2106464, 638976, 1, 0, 0
2106714, 1261568, 1, 0, 0
2106964, 999424, 1, 0, 0
2107214, 1359872, 1, 0, 0
2107464, 933888, 1, 0, 0
2107714, 1310720, 1, 0, 0
2107964, 1163264, 1, 0, 0
2108215, 901120, 1, 0, 0
2108464, 986987, 1, 0, 0
2108714, 622592, 1, 0, 0
2108964, 491520, 1, 0, 0
2109214, 507904, 1, 0, 0
2109464, 458752, 1, 0, 0
2109714, 622592, 1, 0, 0
2109964, 655360, 1, 0, 0
2110214, 802816, 1, 0, 0
2110464, 1015808, 1, 0, 0
2110714, 509943, 1, 0, 0
2110964, 557056, 1, 0, 0
2111214, 606208, 1, 0, 0
2111464, 638976, 1, 0, 0
2111714, 884736, 1, 0, 0
2111964, 1130496, 1, 0, 0
2112214, 573440, 1, 0, 0
2112464, 98304, 1, 0, 0
2112714, 704512, 1, 0, 0
2112964, 740240, 1, 0, 0
2113214, 655360, 1, 0, 0
2113464, 770048, 1, 0, 0
2113714, 999424, 1, 0, 0
2113964, 737280, 1, 0, 0
2114214, 491520, 1, 0, 0
2114464, 737280, 1, 0, 0
2114714, 1015808, 1, 0, 0
2114964, 442368, 1, 0, 0
2115215, 983040, 1, 0, 0
2115464, 1003437, 1, 0, 0
2115714, 835584, 1, 0, 0
2115964, 1015808, 1, 0, 0
2116214, 704512, 1, 0, 0
2116464, 212992, 1, 0, 0
2116714, 376832, 1, 0, 0
2116964, 622592, 1, 0, 0
2117214, 540672, 1, 0, 0
2117465, 786432, 1, 0, 0
2117714, 411244, 1, 0, 0
2117964, 524288, 1, 0, 0
2118214, 688128, 1, 0, 0
2118464, 884736, 1, 0, 0
2118714, 1277952, 1, 0, 0
2118964, 802816, 1, 0, 0
2119214, 1081344, 1, 0, 0
2119464, 1212416, 1, 0, 0
2119714, 1064960, 1, 0, 0
2119964, 1315983, 1, 0, 0
2120214, 1097728, 1, 0, 0
2120464, 1130496, 1, 0, 0
2120714, 950272, 1, 0, 0
2120964, 1245184, 1, 0, 0
2121214, 770048, 1, 0, 0
2121464, 1228800, 1, 0, 0
2121714, 1114112, 1, 0, 0
2121964, 950272, 1, 0, 0
2122214, 378345, 1, 0, 0
2122464, 786432, 1, 0, 0
2122714, 1032192, 1, 0, 0
2122964, 1654784, 1, 0, 0
2123214, 966656, 1, 0, 0
2123464, 1196032, 1, 0, 0
2123714, 622592, 1, 0, 0
2123964, 1327104, 1, 0, 0
2124214, 917504, 1, 0, 0
2124464, 622592, 1, 0, 0
2124714, 592192, 1, 0, 0
2124964, 786432, 1, 0, 0
2125214, 819200, 1, 0, 0
2125464, 983040, 1, 0, 0
2125714, 1163264, 1, 0, 0
2125964, 868352, 1, 0, 0
2126214, 1179648, 1, 0, 0
2126464, 589824, 1, 0, 0
2126714, 851968, 1, 0, 0
2126964, 707341, 1, 0, 0
2127214, 1015808, 1, 0, 0
2127464, 491520, 1, 0, 0
2127714, 671744, 1, 0, 0
2127964, 1064960, 1, 0, 0
2128214, 1146880, 1, 0, 0
2128464, 1261568, 1, 0, 0
2128714, 851968, 1, 0, 0
2128964, 1114112, 1, 0, 0
2129215, 1114112, 1, 0, 0
2129464, 707341, 1, 0, 0
2129714, 933888, 1, 0, 0
2129964, 933888, 1, 0, 0
2130214, 1015808, 1, 0, 0
2130464, 606208, 1, 0, 0
2130714, 524288, 1, 0, 0
2130964, 1310720, 1, 0, 0
2131214, 1081344, 1, 0, 0
2131464, 954088, 1, 0, 0
2131714, 704512, 1, 0, 0
2131964, 851968, 1, 0, 0
2132214, 573440, 1, 0, 0
2132464, 753664, 1, 0, 0
2132714, 606208, 1, 0, 0
2132964, 638976, 1, 0, 0
2133214, 606208, 1, 0, 0
2133464, 458752, 1, 0, 0
2133714, 411244, 1, 0, 0
2133964, 229376, 1, 0, 0
2134214, 540672, 1, 0, 0
2134464, 606208, 1, 0, 0
2134714, 131072, 1, 0, 0
2134964, 344064, 1, 0, 0
2135214, 327680, 1, 0, 0
2135464, 868352, 1, 0, 0
2135714, 737280, 1, 0, 0
2135964, 393216, 1, 0, 0
2136214, 427694, 1, 0, 0
2136464, 557056, 1, 0, 0
2136714, 540672, 1, 0, 0
2136964, 507904, 1, 0, 0
2137214, 442368, 1, 0, 0
2137464, 245760, 1, 0, 0
2137714, 737280, 1, 0, 0
2137964, 622592, 1, 0, 0
2138214, 589824, 1, 0, 0
2138464, 1003437, 1, 0, 0
2138714, 606208, 1, 0, 0
2138964, 327680, 1, 0, 0
2139214, 720896, 1, 0, 0
2139464, 835584, 1, 0, 0
2139714, 311296, 1, 0, 0
2139964, 491520, 1, 0, 0
2140214, 360448, 1, 0, 0
2140465, 327680, 1, 0, 0
2140714, 657991, 1, 0, 0
2140964, 819200, 1, 0, 0
2141214, 835584, 1, 0, 0
2141464, 475136, 1, 0, 0
2141714, 1294336, 1, 0, 0
2141964, 1490944, 1, 0, 0
2142214, 1064960, 1, 0, 0
2142464, 1212416, 1, 0, 0
2142714, 425984, 1, 0, 0
2142964, 855389, 1, 0, 0
2143214, 606208, 1, 0, 0
2143464, 1064960, 1, 0, 0
2143714, 540672, 1, 0, 0
2143964, 835584, 1, 0, 0
2144214, 1228800, 1, 0, 0
2144464, 1490944, 1, 0, 0
2144714, 884736, 1, 0, 0
2144964, 737280, 1, 0, 0
2145214, 871839, 1, 0, 0
2145464, 868352, 1, 0, 0
2145714, 573440, 1, 0, 0
2145964, 507904, 1, 0, 0
2146214, 1114112, 1, 0, 0
2146464, 606208, 1, 0, 0
2146714, 1163264, 1, 0, 0
2146964, 409600, 1, 0, 0
2147214, 1179648, 1, 0, 0
2147465, 966656, 1, 0, 0
2147714, 493493, 1, 0, 0
2147964, 671744, 1, 0, 0
2148214, 770048, 1, 0, 0
2148464, 1392640, 1, 0, 0
2148714, 1015808, 1, 0, 0
2148964, 884736, 1, 0, 0
2149214, 720896, 1, 0, 0
2149464, 688128, 1, 0, 0
2149714, 756690, 1, 0, 0
2149964, 966656, 1, 0, 0
2150214, 720896, 1, 0, 0
2150464, 933888, 1, 0, 0
2150714, 1015808, 1, 0, 0
2150964, 491520, 1, 0, 0
2151214, 655360, 1, 0, 0
2151464, 786432, 1, 0, 0
2151714, 1310720, 1, 0, 0
2151964, 851968, 1, 0, 0
2152214, 921188, 1, 0, 0
2152464, 868352, 1, 0, 0
2152714, 491520, 1, 0, 0
2152964, 999424, 1, 0, 0
2153214, 901120, 1, 0, 0
2153464, 638976, 1, 0, 0
2153714, 1277952, 1, 0, 0
2153964, 901120, 1, 0, 0
2154214, 1048576, 1, 0, 0
2154464, 657991, 1, 0, 0
2154714, 507904, 1, 0, 0
2154964, 507904, 1, 0, 0
2155214, 999424, 1, 0, 0
2155464, 655360, 1, 0, 0
2155714, 1425408, 1, 0, 0
2155964, 589824, 1, 0, 0
2156214, 589824, 1, 0, 0
2156464, 245760, 1, 0, 0
2156714, 966656, 1, 0, 0
2156964, 378345, 1, 0, 0
2157214, 425984, 1, 0, 0
2157464, 294912, 1, 0, 0
2157714, 606208, 1, 0, 0
2157964, 196608, 1, 0, 0
2158214, 573440, 1, 0, 0
2158464, 917504, 1, 0, 0
2158714, 917504, 1, 0, 0
2158964, 212992, 1, 0, 0
2159214, 328995, 1, 0, 0
2159464, 442368, 1, 0, 0
2159714, 622592, 1, 0, 0
2159964, 671744, 1, 0, 0
2160214, 753664, 1, 0, 0
2160464, 655360, 1, 0, 0
2160714, 507904, 1, 0, 0
2160964, 425984, 1, 0, 0
2161215, 671744, 1, 0, 0
2161464, 1052787, 1, 0, 0
2161714, 966656, 1, 0, 0
2161964, 475136, 1, 0, 0
2162214, 638976, 1, 0, 0
2162464, 671744, 1, 0, 0
2162714, 950272, 1, 0, 0
2162964, 966656, 1, 0, 0
2163214, 1081344, 1, 0, 0
2163464, 983040, 1, 0, 0
2163714, 509943, 1, 0, 0
2163964, 376832, 1, 0, 0
2164214, 294912, 1, 0, 0
2164464, 294912, 1, 0, 0
2164714, 393216, 1, 0, 0
2164964, 540672, 1, 0, 0
2165214, 786432, 1, 0, 0
2165464, 917504, 1, 0, 0
2165714, 98304, 1, 0, 0
2165964, 625092, 1, 0, 0
2166214, 737280, 1, 0, 0
2166464, 655360, 1, 0, 0
2166714, 425984, 1, 0, 0
2166964, 720896, 1, 0, 0
2167214, 819200, 1, 0, 0
2167464, 425984, 1, 0, 0
2167714, 688128, 1, 0, 0
2167964, 622592, 1, 0, 0
2168215, 327680, 1, 0, 0
2168464, 592192, 1, 0, 0
2168714, 1032192, 1, 0, 0
2168964, 704512, 1, 0, 0
2169214, 557056, 1, 0, 0
2169464, 1327104, 1, 0, 0
2169714, 917504, 1, 0, 0
2169964, 409600, 1, 0, 0
2170214, 294912, 1, 0, 0
2170464, 425984, 1, 0, 0
2170714, 789590, 1, 0, 0
2170964, 933888, 1, 0, 0
2171214, 1064960, 1, 0, 0
2171464, 688128, 1, 0, 0
2171714, 589824, 1, 0, 0
2171964, 360448, 1, 0, 0
2172214, 1097728, 1, 0, 0
2172464, 737280, 1, 0, 0
2172714, 655360, 1, 0, 0
2172964, 786432, 1, 0, 0
2173214, 740240, 1, 0, 0
2173464, 802816, 1, 0, 0
2173714, 557056, 1, 0, 0
2173964, 802816, 1, 0, 0
2174214, 655360, 1, 0, 0
2174464, 704512, 1, 0, 0
2174714, 1130496, 1, 0, 0
2174964, 557056, 1, 0, 0
2175214, 589824, 1, 0, 0
2175464, 789590, 1, 0, 0
2175714, 606208, 1, 0, 0
2175964, 917504, 1, 0, 0
2176214, 540672, 1, 0, 0
2176464, 589824, 1, 0, 0
2176714, 884736, 1, 0, 0
2176964, 917504, 1, 0, 0
2177214, 720896, 1, 0, 0
2177464, 868352, 1, 0, 0
2177714, 983040, 1, 0, 0
2177964, 1200835, 1, 0, 0
2178214, 1703936, 1, 0, 0
2178464, 1425408, 1, 0, 0
2178714, 1212416, 1, 0, 0
2178964, 983040, 1, 0, 0
2179214, 1146880, 1, 0, 0
2179464, 1212416, 1, 0, 0
2179714, 983040, 1, 0, 0
2179964, 1425408, 1, 0, 0
2180215, 475136, 1, 0, 0
2180464, 773140, 1, 0, 0
2180714, 589824, 1, 0, 0
2180964, 638976, 1, 0, 0
2181214, 720896, 1, 0, 0
2181464, 491520, 1, 0, 0
2181714, 770048, 1, 0, 0
2181964, 1048576, 1, 0, 0
2182214, 1146880, 1, 0, 0
2182464, 770048, 1, 0, 0
2182714, 1118586, 1, 0, 0
2182964, 1097728, 1, 0, 0
2183214, 1376256, 1, 0, 0
2183464, 1114112, 1, 0, 0
2183714, 1048576, 1, 0, 0
2183964, 1179648, 1, 0, 0
2184214, 1146880, 1, 0, 0
2184464, 1146880, 1, 0, 0
2184714, 557056, 1, 0, 0
2184964, 657991, 1, 0, 0
2185214, 671744, 1, 0, 0
2185464, 393216, 1, 0, 0
2185714, 917504, 1, 0, 0
2185964, 524288, 1, 0, 0
2186214, 589824, 1, 0, 0
2186464, 671744, 1, 0, 0
2186714, 868352, 1, 0, 0
2186964, 1228800, 1, 0, 0
2187214, 442368, 1, 0, 0
2187464, 361895, 1, 0, 0
2187714, 802816, 1, 0, 0
2187964, 638976, 1, 0, 0
2188214, 1310720, 1, 0, 0
2188464, 966656, 1, 0, 0
2188714, 901120, 1, 0, 0
2188964, 1032192, 1, 0, 0
2189214, 835584, 1, 0, 0
2189464, 524288, 1, 0, 0
2189714, 851968, 1, 0, 0
2189964, 427694, 1, 0, 0
2190214, 851968, 1, 0, 0
2190464, 1425408, 1, 0, 0
2190714, 770048, 1, 0, 0
2190964, 770048, 1, 0, 0
2191214, 671744, 1, 0, 0
2191464, 655360, 1, 0, 0
2191714, 671744, 1, 0, 0
2191964, 786432, 1, 0, 0
2192214, 937638, 1, 0, 0
2192464, 393216, 1, 0, 0
2192714, 196608, 1, 0, 0
2192964, 376832, 1, 0, 0
2193214, 671744, 1, 0, 0
2193464, 475136, 1, 0, 0
2193714, 491520, 1, 0, 0
2193964, 196608, 1, 0, 0
2194215, 491520, 1, 0, 0
2194464, 723791, 1, 0, 0
2194714, 655360, 1, 0, 0
2194964, 540672, 1, 0, 0
2195214, 753664, 1, 0, 0
2195464, 737280, 1, 0, 0
2195714, 1343488, 1, 0, 0
2195964, 950272, 1, 0, 0
2196214, 1064960, 1, 0, 0
2196464, 921188, 1, 0, 0
2196714, 1032192, 1, 0, 0
2196964, 901120, 1, 0, 0
2197214, 884736, 1, 0, 0
2197464, 704512, 1, 0, 0
2197714, 458752, 1, 0, 0
2197964, 1540096, 1, 0, 0
2198214, 1048576, 1, 0, 0
2198464, 868352, 1, 0, 0
2198714, 986987, 1, 0, 0
2198964, 983040, 1, 0, 0
2199214, 966656, 1, 0, 0
2199464, 573440, 1, 0, 0
2199714, 557056, 1, 0, 0
2199964, 753664, 1, 0, 0
2200214, 753664, 1, 0, 0
2200464, 1622016, 1, 0, 0
2200714, 1048576, 1, 0, 0
2200964, 786432, 1, 0, 0
2201214, 937638, 1, 0, 0
2201464, 344064, 1, 0, 0
2201714, 999424, 1, 0, 0
2201964, 1032192, 1, 0, 0
2202214, 1146880, 1, 0, 0
2202464, 1032192, 1, 0, 0
2202714, 1048576, 1, 0, 0
2202964, 1048576, 1, 0, 0
2203214, 1114112, 1, 0, 0
2203464, 1228800, 1, 0, 0
2203714, 1332433, 1, 0, 0
2203964, 294912, 1, 0, 0
2204214, 999424, 1, 0, 0
2204464, 868352, 1, 0, 0
2204714, 999424, 1, 0, 0
2204964, 819200, 1, 0, 0
2205214, 835584, 1, 0, 0
2205464, 704512, 1, 0, 0
2205714, 868352, 1, 0, 0
2205964, 328995, 1, 0, 0
2206214, 524288, 1, 0, 0
2206464, 983040, 1, 0, 0
2206714, 1015808, 1, 0, 0
2206964, 376832, 1, 0, 0
2207214, 507904, 1, 0, 0
2207464, 917504, 1, 0, 0
2207714, 638976, 1, 0, 0
2207964, 753664, 1, 0, 0
2208214, 493493, 1, 0, 0
2208464, 278528, 1, 0, 0
2208714, 622592, 1, 0, 0
2208964, 540672, 1, 0, 0
2209214, 360448, 1, 0, 0
2209464, 540672, 1, 0, 0
2209714, 1261568, 1, 0, 0
2209964, 442368, 1, 0, 0
2210214, 196608, 1, 0, 0
2210465, 1245184, 1, 0, 0
2210714, 690891, 1, 0, 0
2210964, 262144, 1, 0, 0
2211214, 688128, 1, 0, 0
2211464, 425984, 1, 0, 0
2211714, 589824, 1, 0, 0
2211964, 638976, 1, 0, 0
2212214, 409600, 1, 0, 0
2212464, 622592, 1, 0, 0
2212714, 786432, 1, 0, 0
2212964, 444144, 1, 0, 0
2213214, 278528, 1, 0, 0
2213464, 311296, 1, 0, 0
2213714, 1064960, 1, 0, 0
2213964, 720896, 1, 0, 0
2214214, 475136, 1, 0, 0
2214464, 557056, 1, 0, 0
2214714, 851968, 1, 0, 0
2214964, 458752, 1, 0, 0
2215214, 378345, 1, 0, 0
2215464, 819200, 1, 0, 0
2215714, 638976, 1, 0, 0
2215964, 311296, 1, 0, 0
2216214, 196608, 1, 0, 0
2216464, 409600, 1, 0, 0
2216714, 622592, 1, 0, 0
2216964, 409600, 1, 0, 0
2217214, 884736, 1, 0, 0
2217464, 838939, 1, 0, 0
2217714, 622592, 1, 0, 0
2217964, 196608, 1, 0, 0
2218214, 98304, 1, 0, 0
2218464, 851968, 1, 0, 0
2218714, 311296, 1, 0, 0
2218964, 425984, 1, 0, 0
2219214, 327680, 1, 0, 0
2219464, 425984, 1, 0, 0
2219714, 345445, 1, 0, 0
2219964, 753664, 1, 0, 0
2220214, 278528, 1, 0, 0
2220464, 98304, 1, 0, 0
2220714, 753664, 1, 0, 0
2220964, 802816, 1, 0, 0
2221214, 131072, 1, 0, 0
2221464, 311296, 1, 0, 0
2221714, 114688, 1, 0, 0
2221964, 279646, 1, 0, 0
2222214, 425984, 1, 0, 0
2222464, 737280, 1, 0, 0
2222714, 245760, 1, 0, 0
2222964, 278528, 1, 0, 0
2223214, 229376, 1, 0, 0
2223464, 606208, 1, 0, 0
2223714, 704512, 1, 0, 0
2223964, 690891, 1, 0, 0
2224214, 229376, 1, 0, 0
2224464, 950272, 1, 0, 0
2224714, 491520, 1, 0, 0
2224964, 704512, 1, 0, 0
2225214, 966656, 1, 0, 0
2225464, 360448, 1, 0, 0
2225714, 770048, 1, 0, 0
2225964, 344064, 1, 0, 0
2226214, 493493, 1, 0, 0
2226464, 1064960, 1, 0, 0
2226714, 573440, 1, 0, 0
2226964, 655360, 1, 0, 0
2227214, 475136, 1, 0, 0
2227464, 655360, 1, 0, 0
2227714, 327680, 1, 0, 0
2227964, 917504, 1, 0, 0
2228214, 884736, 1, 0, 0
2228464, 394795, 1, 0, 0
2228714, 311296, 1, 0, 0
2228964, 557056, 1, 0, 0
2229214, 671744, 1, 0, 0
2229464, 540672, 1, 0, 0
2229714, 983040, 1, 0, 0
2229964, 753664, 1, 0, 0
2230214, 819200, 1, 0, 0
2230464, 756690, 1, 0, 0
2230714, 901120, 1, 0, 0
2230964, 638976, 1, 0, 0
2231214, 507904, 1, 0, 0
2231464, 1064960, 1, 0, 0
2231714, 950272, 1, 0, 0
2231964, 983040, 1, 0, 0
2232214, 1130496, 1, 0, 0
2232464, 393216, 1, 0, 0
2232714, 819200, 1, 0, 0
2232964, 1069236, 1, 0, 0
2233214, 606208, 1, 0, 0
2233464, 1736704, 1, 0, 0
2233714, 638976, 1, 0, 0
2233964, 819200, 1, 0, 0
2234214, 802816, 1, 0, 0
2234464, 163840, 1, 0, 0
2234714, 491520, 1, 0, 0
2234964, 753664, 1, 0, 0
2235214, 575742, 1, 0, 0
2235464, 606208, 1, 0, 0
2235714, 589824, 1, 0, 0
2235964, 458752, 1, 0, 0
2236214, 786432, 1, 0, 0
2236464, 819200, 1, 0, 0
2236714, 1458176, 1, 0, 0
2236964, 1310720, 1, 0, 0
2237214, 786432, 1, 0, 0
2237464, 851968, 1, 0, 0
2237714, 477044, 1, 0, 0
2237964, 1130496, 1, 0, 0
2238214, 950272, 1, 0, 0
2238464, 507904, 1, 0, 0
2238714, 540672, 1, 0, 0
2238964, 1032192, 1, 0, 0
2239214, 1343488, 1, 0, 0
2239464, 688128, 1, 0, 0
2239714, 1064960, 1, 0, 0
2239964, 770048, 1, 0, 0
2240214, 328995, 1, 0, 0
2240464, 671744, 1, 0, 0
2240714, 638976, 1, 0, 0
2240964, 344064, 1, 0, 0
2241214, 573440, 1, 0, 0
2241464, 327680, 1, 0, 0
2241714, 196608, 1, 0, 0
2241964, 507904, 1, 0, 0
2242214, 475136, 1, 0, 0
2242464, 230297, 1, 0, 0
2242714, 557056, 1, 0, 0
2242964, 753664, 1, 0, 0
2243214, 425984, 1, 0, 0
2243464, 98304, 1, 0, 0
2243714, 294912, 1, 0, 0
2243964, 311296, 1, 0, 0
2244214, 606208, 1, 0, 0
2244464, 345445, 1, 0, 0
2244714, 344064, 1, 0, 0
2244964, 229376, 1, 0, 0
2245214, 524288, 1, 0, 0
2245464, 573440, 1, 0, 0
2245714, 622592, 1, 0, 0
2245964, 638976, 1, 0, 0
2246214, 524288, 1, 0, 0
2246464, 704512, 1, 0, 0
2246715, 638976, 1, 0, 0
2246964, 197397, 1, 0, 0
2247214, 294912, 1, 0, 0
2247464, 311296, 1, 0, 0
2247714, 507904, 1, 0, 0
2247964, 294912, 1, 0, 0
2248214, 327680, 1, 0, 0
2248464, 294912, 1, 0, 0
2248714, 507904, 1, 0, 0
2248964, 655360, 1, 0, 0
2249214, 312546, 1, 0, 0
2249464, 98304, 1, 0, 0
2249714, 606208, 1, 0, 0
2249964, 229376, 1, 0, 0
2250214, 491520, 1, 0, 0
2250464, 540672, 1, 0, 0
2250714, 344064, 1, 0, 0
2250964, 294912, 1, 0, 0
2251214, 294912, 1, 0, 0
2251464, 427694, 1, 0, 0
2251714, 311296, 1, 0, 0
2251964, 753664, 1, 0, 0
2252214, 311296, 1, 0, 0
2252464, 0, 1, 0, 0
2252714, 507904, 1, 0, 0
2252964, 311296, 1, 0, 0
2253214, 376832, 1, 0, 0
2253464, 835584, 1, 0, 0
2253714, 888289, 1, 0, 0
2253964, 851968, 1, 0, 0
2254214, 573440, 1, 0, 0
2254464, 491520, 1, 0, 0
2254714, 425984, 1, 0, 0
2254964, 425984, 1, 0, 0
2255214, 376832, 1, 0, 0
2255464, 557056, 1, 0, 0
2255714, 98304, 1, 0, 0
2255965, 638976, 1, 0, 0
2256214, 542843, 1, 0, 0
2256464, 442368, 1, 0, 0
2256714, 540672, 1, 0, 0
2256964, 622592, 1, 0, 0
2257214, 540672, 1, 0, 0
2257464, 950272, 1, 0, 0
2257714, 655360, 1, 0, 0
2257964, 196608, 1, 0, 0
2258214, 328995, 1, 0, 0
2258464, 999424, 1, 0, 0
2258714, 786432, 1, 0, 0
2258964, 819200, 1, 0, 0
2259214, 1097728, 1, 0, 0
2259464, 770048, 1, 0, 0
2259714, 851968, 1, 0, 0
2259964, 704512, 1, 0, 0
2260214, 1212416, 1, 0, 0
2260464, 789590, 1, 0, 0
2260714, 540672, 1, 0, 0
2260964, 589824, 1, 0, 0
2261214, 1130496, 1, 0, 0
2261464, 901120, 1, 0, 0
2261714, 917504, 1, 0, 0
2261964, 573440, 1, 0, 0
2262214, 671744, 1, 0, 0
2262464, 786432, 1, 0, 0
2262714, 1135036, 1, 0, 0
2262964, 1048576, 1, 0, 0
2263214, 1032192, 1, 0, 0
2263464, 868352, 1, 0, 0
2263714, 1146880, 1, 0, 0
2263964, 884736, 1, 0, 0
2264214, 393216, 1, 0, 0
2264464, 688128, 1, 0, 0
2264714, 622592, 1, 0, 0
2264965, 262144, 1, 0, 0
2265214, 361895, 1, 0, 0
2265464, 491520, 1, 0, 0
2265714, 360448, 1, 0, 0
2265964, 819200, 1, 0, 0
2266214, 393216, 1, 0, 0
2266464, 507904, 1, 0, 0
2266714, 573440, 1, 0, 0
2266964, 1036337, 1, 0, 0
2267214, 573440, 1, 0, 0
2267464, 573440, 1, 0, 0
2267714, 425984, 1, 0, 0
2267964, 770048, 1, 0, 0
2268214, 819200, 1, 0, 0
2268464, 1392640, 1, 0, 0
2268714, 1097728, 1, 0, 0
2268964, 557056, 1, 0, 0
2269214, 723791, 1, 0, 0
2269464, 573440, 1, 0, 0
2269714, 327680, 1, 0, 0
2269964, 409600, 1, 0, 0
2270214, 606208, 1, 0, 0
2270464, 917504, 1, 0, 0
2270714, 851968, 1, 0, 0
2270964, 655360, 1, 0, 0
2271214, 196608, 1, 0, 0
2271464, 888289, 1, 0, 0
2271714, 606208, 1, 0, 0
2271964, 409600, 1, 0, 0
2272214, 409600, 1, 0, 0
2272464, 720896, 1, 0, 0
2272714, 294912, 1, 0, 0
2272964, 573440, 1, 0, 0
2273214, 933888, 1, 0, 0
2273464, 573440, 1, 0, 0
2273714, 460594, 1, 0, 0
2273964, 868352, 1, 0, 0
2274214, 704512, 1, 0, 0
2274464, 868352, 1, 0, 0
2274714, 458752, 1, 0, 0
2274964, 131072, 1, 0, 0
2275214, 507904, 1, 0, 0
2275464, 622592, 1, 0, 0
2275714, 655360, 1, 0, 0
2275964, 230297, 1, 0, 0
2276214, 196608, 1, 0, 0
2276464, 491520, 1, 0, 0
2276714, 507904, 1, 0, 0
2276964, 540672, 1, 0, 0
2277214, 524288, 1, 0, 0
2277464, 442368, 1, 0, 0
2277714, 819200, 1, 0, 0
2277964, 262144, 1, 0, 0
2278215, 491520, 1, 0, 0
2278464, 427694, 1, 0, 0
2278714, 688128, 1, 0, 0
2278964, 720896, 1, 0, 0
2279214, 835584, 1, 0, 0
2279464, 393216, 1, 0, 0
2279714, 671744, 1, 0, 0
2279964, 393216, 1, 0, 0
2280214, 491520, 1, 0, 0
2280465, 311296, 1, 0, 0
2280714, 394795, 1, 0, 0
2280964, 376832, 1, 0, 0
2281214, 540672, 1, 0, 0
2281464, 409600, 1, 0, 0
2281714, 458752, 1, 0, 0
2281964, 180224, 1, 0, 0
2282214, 491520, 1, 0, 0
2282464, 409600, 1, 0, 0
2282714, 294912, 1, 0, 0
2282964, 592192, 1, 0, 0
2283214, 294912, 1, 0, 0
2283464, 196608, 1, 0, 0
2283714, 704512, 1, 0, 0
2283964, 917504, 1, 0, 0
2284214, 425984, 1, 0, 0
2284464, 180224, 1, 0, 0
2284714, 442368, 1, 0, 0
2284964, 1015808, 1, 0, 0
2285214, 507904, 1, 0, 0
2285464, 230297, 1, 0, 0
2285714, 491520, 1, 0, 0
2285964, 933888, 1, 0, 0
2286214, 1048576, 1, 0, 0
2286464, 737280, 1, 0, 0
2286714, 622592, 1, 0, 0
2286964, 819200, 1, 0, 0
2287214, 999424, 1, 0, 0
2287464, 638976, 1, 0, 0
2287714, 509943, 1, 0, 0
2287964, 1474560, 1, 0, 0
2288214, 950272, 1, 0, 0
2288464, 720896, 1, 0, 0
2288714, 622592, 1, 0, 0
2288964, 851968, 1, 0, 0
2289214, 884736, 1, 0, 0
2289464, 524288, 1, 0, 0
2289714, 507904, 1, 0, 0
2289964, 509943, 1, 0, 0
2290214, 638976, 1, 0, 0
2290464, 868352, 1, 0, 0
2290714, 1114112, 1, 0, 0
2290964, 1114112, 1, 0, 0
2291214, 753664, 1, 0, 0
2291464, 901120, 1, 0, 0
2291714, 1212416, 1, 0, 0
2291964, 409600, 1, 0, 0
2292214, 197397, 1, 0, 0
2292464, 933888, 1, 0, 0
2292714, 425984, 1, 0, 0
2292964, 491520, 1, 0, 0
2293214, 425984, 1, 0, 0
2293464, 606208, 1, 0, 0
2293714, 311296, 1, 0, 0
2293964, 720896, 1, 0, 0
2294214, 720896, 1, 0, 0
2294464, 608642, 1, 0, 0
2294714, 1277952, 1, 0, 0
2294964, 950272, 1, 0, 0
2295214, 327680, 1, 0, 0
2295464, 638976, 1, 0, 0
2295714, 622592, 1, 0, 0
2295964, 557056, 1, 0, 0
2296214, 1212416, 1, 0, 0
2296464, 704512, 1, 0, 0
2296714, 723791, 1, 0, 0
2296964, 294912, 1, 0, 0
2297214, 606208, 1, 0, 0
2297464, 606208, 1, 0, 0
2297714, 212992, 1, 0, 0
2297964, 196608, 1, 0, 0
2298214, 671744, 1, 0, 0
2298464, 557056, 1, 0, 0
2298714, 802816, 1, 0, 0
2298964, 1196032, 1, 0, 0
2299214, 723791, 1, 0, 0
2299464, 1277952, 1, 0, 0
2299714, 966656, 1, 0, 0
2299964, 753664, 1, 0, 0
2300214, 868352, 1, 0, 0
2300464, 933888, 1, 0, 0
2300714, 737280, 1, 0, 0
2300964, 753664, 1, 0, 0
2301214, 327680, 1, 0, 0
2301464, 409600, 1, 0, 0
2301714, 1167935, 1, 0, 0
2301964, 1048576, 1, 0, 0
2302214, 1015808, 1, 0, 0
2302464, 983040, 1, 0, 0
2302714, 770048, 1, 0, 0
2302964, 655360, 1, 0, 0
2303214, 671744, 1, 0, 0
2303464, 786432, 1, 0, 0
2303715, 540672, 1, 0, 0
2303964, 657991, 1, 0, 0
2304214, 458752, 1, 0, 0
2304464, 851968, 1, 0, 0
2304714, 180224, 1, 0, 0
2304964, 524288, 1, 0, 0
2305214, 294912, 1, 0, 0
2305464, 704512, 1, 0, 0
2305714, 770048, 1, 0, 0
2305964, 557056, 1, 0, 0
2306214, 65799, 1, 0, 0
2306464, 638976, 1, 0, 0
2306714, 311296, 1, 0, 0
2306964, 589824, 1, 0, 0
2307214, 1032192, 1, 0, 0
2307464, 688128, 1, 0, 0
2307714, 442368, 1, 0, 0
2307964, 901120, 1, 0, 0
2308214, 393216, 1, 0, 0
2308464, 394795, 1, 0, 0
2308714, 655360, 1, 0, 0
2308964, 278528, 1, 0, 0
2309214, 688128, 1, 0, 0
2309464, 950272, 1, 0, 0
2309714, 589824, 1, 0, 0
2309964, 1015808, 1, 0, 0
2310214, 983040, 1, 0, 0
2310464, 540672, 1, 0, 0
2310715, 540672, 1, 0, 0
2310964, 493493, 1, 0, 0
2311214, 819200, 1, 0, 0
2311464, 540672, 1, 0, 0
2311714, 753664, 1, 0, 0
2311964, 1277952, 1, 0, 0
2312214, 917504, 1, 0, 0
2312464, 458752, 1, 0, 0
2312714, 671744, 1, 0, 0
2312964, 540672, 1, 0, 0
2313215, 589824, 1, 0, 0
2313464, 493493, 1, 0, 0
2313714, 688128, 1, 0, 0
2313964, 884736, 1, 0, 0
2314214, 491520, 1, 0, 0
2314464, 999424, 1, 0, 0
2314714, 671744, 1, 0, 0
2314965, 278528, 1, 0, 0
2315214, 970538, 1, 0, 0
2315464, 1212416, 1, 0, 0
2315714, 868352, 1, 0, 0
2315964, 802816, 1, 0, 0
2316214, 704512, 1, 0, 0
2316464, 1130496, 1, 0, 0
2316714, 688128, 1, 0, 0
2316964, 966656, 1, 0, 0
2317214, 409600, 1, 0, 0
2317464, 690891, 1, 0, 0
2317714, 835584, 1, 0, 0
2317964, 835584, 1, 0, 0
2318214, 884736, 1, 0, 0
2318464, 524288, 1, 0, 0
2318714, 589824, 1, 0, 0
2318964, 622592, 1, 0, 0
2319214, 442368, 1, 0, 0
2319464, 542843, 1, 0, 0
2319714, 557056, 1, 0, 0
2319964, 589824, 1, 0, 0
2320214, 655360, 1, 0, 0
2320464, 1081344, 1, 0, 0
2320714, 507904, 1, 0, 0
2320964, 1130496, 1, 0, 0
2321215, 425984, 1, 0, 0
2321464, 411244, 1, 0, 0
2321714, 475136, 1, 0, 0
2321964, 638976, 1, 0, 0
2322214, 540672, 1, 0, 0
2322464, 1277952, 1, 0, 0
2322714, 1114112, 1, 0, 0
2322964, 1114112, 1, 0, 0
2323214, 1523712, 1, 0, 0
2323464, 507904, 1, 0, 0
2323714, 937638, 1, 0, 0
2323964, 573440, 1, 0, 0
2324214, 950272, 1, 0, 0
2324464, 950272, 1, 0, 0
2324714, 1048576, 1, 0, 0
2324964, 1081344, 1, 0, 0
2325214, 1048576, 1, 0, 0
2325464, 557056, 1, 0, 0
2325714, 557056, 1, 0, 0
2325964, 311296, 1, 0, 0
2326214, 592192, 1, 0, 0
2326464, 835584, 1, 0, 0
2326714, 638976, 1, 0, 0
2326964, 540672, 1, 0, 0
2327214, 294912, 1, 0, 0
2327464, 720896, 1, 0, 0
2327714, 690891, 1, 0, 0
2327964, 917504, 1, 0, 0
2328214, 442368, 1, 0, 0
2328464, 557056, 1, 0, 0
2328714, 851968, 1, 0, 0
2328964, 557056, 1, 0, 0
2329214, 737280, 1, 0, 0
2329464, 770048, 1, 0, 0
2329714, 458752, 1, 0, 0
2329964, 641542, 1, 0, 0
2330214, 376832, 1, 0, 0
2330464, 114688, 1, 0, 0
2330714, 311296, 1, 0, 0
2330964, 737280, 1, 0, 0
2331214, 1048576, 1, 0, 0
2331464, 1048576, 1, 0, 0
2331714, 753664, 1, 0, 0
2331964, 196608, 1, 0, 0
2332215, 475136, 1, 0, 0
2332464, 559293, 1, 0, 0
2332714, 884736, 1, 0, 0
2332964, 1163264, 1, 0, 0
2333214, 606208, 1, 0, 0
2333464, 376832, 1, 0, 0
2333714, 835584, 1, 0, 0
2333964, 311296, 1, 0, 0
2334214, 868352, 1, 0, 0
2334464, 1310720, 1, 0, 0
2334714, 970538, 1, 0, 0
2334964, 1081344, 1, 0, 0
2335214, 491520, 1, 0, 0
2335464, 983040, 1, 0, 0
2335714, 491520, 1, 0, 0
2335964, 1032192, 1, 0, 0
2336214, 638976, 1, 0, 0
2336465, 491520, 1, 0, 0
2336714, 773140, 1, 0, 0
2336964, 983040, 1, 0, 0
2337214, 835584, 1, 0, 0
2337464, 262144, 1, 0, 0
2337714, 688128, 1, 0, 0
2337964, 229376, 1, 0, 0
2338214, 278528, 1, 0, 0
2338464, 983040, 1, 0, 0
2338715, 524288, 1, 0, 0
2338964, 937638, 1, 0, 0
2339214, 1048576, 1, 0, 0
2339464, 688128, 1, 0, 0
2339714, 983040, 1, 0, 0
2339964, 720896, 1, 0, 0
2340214, 262144, 1, 0, 0
2340464, 327680, 1, 0, 0
2340714, 770048, 1, 0, 0
2340965, 311296, 1, 0, 0
2341214, 411244, 1, 0, 0
2341464, 999424, 1, 0, 0
2341714, 786432, 1, 0, 0
2341964, 688128, 1, 0, 0
2342214, 737280, 1, 0, 0
2342464, 1179648, 1, 0, 0
2342714, 1376256, 1, 0, 0
2342964, 884736, 1, 0, 0
2343214, 753664, 1, 0, 0
2343464, 1019887, 1, 0, 0
2343714, 1277952, 1, 0, 0
2343964, 999424, 1, 0, 0
2344214, 737280, 1, 0, 0
2344464, 966656, 1, 0, 0
2344714, 753664, 1, 0, 0
2344964, 475136, 1, 0, 0
2345214, 1097728, 1, 0, 0
2345464, 1163264, 1, 0, 0
2345715, 1081344, 1, 0, 0
2345964, 904738, 1, 0, 0
2346214, 1081344, 1, 0, 0
2346464, 770048, 1, 0, 0
2346714, 557056, 1, 0, 0
2346964, 720896, 1, 0, 0
2347214, 1277952, 1, 0, 0
2347464, 524288, 1, 0, 0
2347714, 901120, 1, 0, 0
2347964, 802816, 1, 0, 0
2348215, 1081344, 1, 0, 0
2348464, 707341, 1, 0, 0
2348714, 950272, 1, 0, 0
2348964, 589824, 1, 0, 0
2349214, 573440, 1, 0, 0
2349464, 835584, 1, 0, 0
2349714, 524288, 1, 0, 0
2349964, 409600, 1, 0, 0
2350214, 327680, 1, 0, 0
2350464, 540672, 1, 0, 0
2350714, 740240, 1, 0, 0
2350964, 950272, 1, 0, 0
2351214, 196608, 1, 0, 0
2351464, 557056, 1, 0, 0
2351714, 491520, 1, 0, 0
2351964, 344064, 1, 0, 0
2352214, 376832, 1, 0, 0
2352464, 0, 1, 0, 0
2352714, 409600, 1, 0, 0
2352964, 707341, 1, 0, 0
2353214, 344064, 1, 0, 0
2353464, 475136, 1, 0, 0
2353714, 425984, 1, 0, 0
2353964, 524288, 1, 0, 0
2354214, 720896, 1, 0, 0
2354464, 196608, 1, 0, 0
2354714, 360448, 1, 0, 0
2354964, 950272, 1, 0, 0
2355214, 740240, 1, 0, 0
2355464, 622592, 1, 0, 0
2355714, 802816, 1, 0, 0
2355964, 933888, 1, 0, 0
2356214, 229376, 1, 0, 0
2356464, 753664, 1, 0, 0
2356714, 737280, 1, 0, 0
2356964, 491520, 1, 0, 0
2357214, 622592, 1, 0, 0
2357465, 720896, 1, 0, 0
2357714, 871839, 1, 0, 0
2357964, 786432, 1, 0, 0
2358214, 409600, 1, 0, 0
2358464, 606208, 1, 0, 0
2358714, 704512, 1, 0, 0
2358964, 786432, 1, 0, 0
2359214, 704512, 1, 0, 0
2359464, 704512, 1, 0, 0
2359714, 345445, 1, 0, 0
2359964, 540672, 1, 0, 0
2360214, 802816, 1, 0, 0
2360464, 606208, 1, 0, 0
2360714, 770048, 1, 0, 0
2360964, 737280, 1, 0, 0
2361214, 851968, 1, 0, 0
2361464, 475136, 1, 0, 0
2361714, 524288, 1, 0, 0
2361964, 671744, 1, 0, 0
2362214, 723791, 1, 0, 0
2362464, 475136, 1, 0, 0
2362714, 229376, 1, 0, 0
2362964, 770048, 1, 0, 0
2363214, 1064960, 1, 0, 0
2363464, 1441792, 1, 0, 0
2363714, 573440, 1, 0, 0
2363964, 737280, 1, 0, 0
2364214, 442368, 1, 0, 0
2364464, 197397, 1, 0, 0
2364714, 933888, 1, 0, 0
2364964, 737280, 1, 0, 0
2365214, 327680, 1, 0, 0
2365464, 557056, 1, 0, 0
2365714, 557056, 1, 0, 0
2365964, 311296, 1, 0, 0
2366214, 589824, 1, 0, 0
2366464, 606208, 1, 0, 0
2366715, 753664, 1, 0, 0
2366964, 542843, 1, 0, 0
2367214, 802816, 1, 0, 0
2367464, 688128, 1, 0, 0
2367714, 1015808, 1, 0, 0
2367964, 1163264, 1, 0, 0
2368214, 606208, 1, 0, 0
2368464, 1359872, 1, 0, 0
2368714, 327680, 1, 0, 0
2368965, 802816, 1, 0, 0
2369214, 937638, 1, 0, 0
2369464, 1064960, 1, 0, 0
2369714, 786432, 1, 0, 0
2369964, 1097728, 1, 0, 0
2370214, 933888, 1, 0, 0
2370464, 1277952, 1, 0, 0
2370714, 1064960, 1, 0, 0
2370964, 1163264, 1, 0, 0
2371214, 835584, 1, 0, 0
2371464, 1036337, 1, 0, 0
2371714, 1081344, 1, 0, 0
2371964, 983040, 1, 0, 0
2372214, 802816, 1, 0, 0
2372464, 786432, 1, 0, 0
2372714, 983040, 1, 0, 0
2372964, 720896, 1, 0, 0
2373214, 884736, 1, 0, 0
2373464, 524288, 1, 0, 0
2373714, 868352, 1, 0, 0
2373964, 592192, 1, 0, 0
2374214, 622592, 1, 0, 0
2374464, 950272, 1, 0, 0
2374714, 475136, 1, 0, 0
2374964, 475136, 1, 0, 0
2375214, 606208, 1, 0, 0
2375464, 983040, 1, 0, 0
2375714, 98304, 1, 0, 0
2375964, 327680, 1, 0, 0
2376214, 559293, 1, 0, 0
2376464, 524288, 1, 0, 0
2376714, 901120, 1, 0, 0
2376964, 770048, 1, 0, 0
2377214, 393216, 1, 0, 0
2377464, 573440, 1, 0, 0
2377714, 360448, 1, 0, 0
2377964, 491520, 1, 0, 0
2378214, 409600, 1, 0, 0
2378464, 806040, 1, 0, 0
2378714, 655360, 1, 0, 0
2378964, 409600, 1, 0, 0
2379214, 540672, 1, 0, 0
2379464, 573440, 1, 0, 0
2379714, 901120, 1, 0, 0
2379964, 655360, 1, 0, 0
2380214, 442368, 1, 0, 0
2380464, 458752, 1, 0, 0
2380714, 770048, 1, 0, 0
2380964, 493493, 1, 0, 0
2381214, 376832, 1, 0, 0
2381464, 835584, 1, 0, 0
2381714, 376832, 1, 0, 0
2381964, 212992, 1, 0, 0
2382214, 393216, 1, 0, 0
2382464, 196608, 1, 0, 0
2382714, 442368, 1, 0, 0
2382964, 458752, 1, 0, 0
2383214, 608642, 1, 0, 0
2383464, 376832, 1, 0, 0
2383714, 524288, 1, 0, 0
2383964, 442368, 1, 0, 0
2384214, 688128, 1, 0, 0
2384464, 671744, 1, 0, 0
2384714, 98304, 1, 0, 0
2384964, 491520, 1, 0, 0
2385214, 655360, 1, 0, 0
2385464, 460594, 1, 0, 0
2385714, 606208, 1, 0, 0
2385964, 688128, 1, 0, 0
2386214, 393216, 1, 0, 0
2386464, 98304, 1, 0, 0
2386714, 311296, 1, 0, 0
2386964, 540672, 1, 0, 0
2387214, 802816, 1, 0, 0
2387464, 674441, 1, 0, 0
2387714, 753664, 1, 0, 0
2387964, 819200, 1, 0, 0
2388214, 786432, 1, 0, 0
2388464, 688128, 1, 0, 0
2388714, 606208, 1, 0, 0
2388964, 327680, 1, 0, 0
2389214, 819200, 1, 0, 0
2389464, 933888, 1, 0, 0
2389715, 376832, 1, 0, 0
2389964, 657991, 1, 0, 0
2390214, 589824, 1, 0, 0
2390464, 294912, 1, 0, 0
2390714, 425984, 1, 0, 0
2390964, 770048, 1, 0, 0
2391214, 704512, 1, 0, 0
2391464, 835584, 1, 0, 0
2391714, 311296, 1, 0, 0
2391964, 526393, 1, 0, 0
2392214, 606208, 1, 0, 0
2392464, 688128, 1, 0, 0
2392714, 311296, 1, 0, 0
2392964, 327680, 1, 0, 0
2393214, 344064, 1, 0, 0
2393464, 491520, 1, 0, 0
2393714, 524288, 1, 0, 0
2393965, 753664, 1, 0, 0
2394214, 740240, 1, 0, 0
2394464, 245760, 1, 0, 0
2394714, 278528, 1, 0, 0
2394964, 606208, 1, 0, 0
2395214, 524288, 1, 0, 0
2395464, 655360, 1, 0, 0
2395714, 524288, 1, 0, 0
2395964, 507904, 1, 0, 0
2396215, 458752, 1, 0, 0
2396464, 427694, 1, 0, 0
2396714, 327680, 1, 0, 0
2396964, 524288, 1, 0, 0
2397214, 262144, 1, 0, 0
2397464, 557056, 1, 0, 0
2397714, 540672, 1, 0, 0
2397964, 524288, 1, 0, 0
2398214, 409600, 1, 0, 0
2398465, 294912, 1, 0, 0
2398714, 608642, 1, 0, 0
2398964, 557056, 1, 0, 0
2399214, 491520, 1, 0, 0
2399464, 327680, 1, 0, 0
2399714, 1081344, 1, 0, 0
2399964, 802816, 1, 0, 0
2400214, 802816, 1, 0, 0
2400464, 278528, 1, 0, 0
2400714, 360448, 1, 0, 0
2400964, 509943, 1, 0, 0
2401214, 327680, 1, 0, 0
2401464, 589824, 1, 0, 0
2401714, 425984, 1, 0, 0
2401964, 638976, 1, 0, 0
2402214, 1212416, 1, 0, 0
2402464, 901120, 1, 0, 0
2402714, 409600, 1, 0, 0
2402964, 966656, 1, 0, 0
2403214, 1365333, 1, 0, 0
2403464, 720896, 1, 0, 0
2403714, 425984, 1, 0, 0
2403964, 933888, 1, 0, 0
2404214, 671744, 1, 0, 0
2404464, 933888, 1, 0, 0
2404714, 655360, 1, 0, 0
2404964, 573440, 1, 0, 0
2405214, 688128, 1, 0, 0
2405464, 625092, 1, 0, 0
2405714, 98304, 1, 0, 0
2405964, 606208, 1, 0, 0
2406214, 737280, 1, 0, 0
2406464, 311296, 1, 0, 0
2406714, 327680, 1, 0, 0
2406964, 507904, 1, 0, 0
2407214, 655360, 1, 0, 0
2407464, 212992, 1, 0, 0
2407714, 1019887, 1, 0, 0
2407964, 1032192, 1, 0, 0
2408214, 196608, 1, 0, 0
2408464, 655360, 1, 0, 0
2408714, 671744, 1, 0, 0
2408964, 573440, 1, 0, 0
2409214, 524288, 1, 0, 0
2409464, 294912, 1, 0, 0
2409714, 802816, 1, 0, 0
2409965, 294912, 1, 0, 0
2410214, 493493, 1, 0, 0
2410464, 704512, 1, 0, 0
2410714, 212992, 1, 0, 0
2410964, 294912, 1, 0, 0
2411214, 524288, 1, 0, 0
2411464, 475136, 1, 0, 0
2411714, 458752, 1, 0, 0
2411964, 393216, 1, 0, 0
2412215, 311296, 1, 0, 0
2412464, 477044, 1, 0, 0
2412714, 540672, 1, 0, 0
2412964, 245760, 1, 0, 0
2413214, 49152, 1, 0, 0
2413464, 311296, 1, 0, 0
2413714, 262144, 1, 0, 0
2413964, 344064, 1, 0, 0
2414214, 212992, 1, 0, 0
2414464, 213847, 1, 0, 0
2414714, 458752, 1, 0, 0
2414964, 409600, 1, 0, 0
2415214, 344064, 1, 0, 0
2415464, 589824, 1, 0, 0
2415714, 540672, 1, 0, 0
2415964, 294912, 1, 0, 0
2416214, 409600, 1, 0, 0
2416464, 327680, 1, 0, 0
2416714, 378345, 1, 0, 0
2416964, 327680, 1, 0, 0
2417214, 491520, 1, 0, 0
2417464, 491520, 1, 0, 0
2417714, 311296, 1, 0, 0
2417964, 409600, 1, 0, 0
2418214, 557056, 1, 0, 0
2418464, 704512, 1, 0, 0
2418714, 360448, 1, 0, 0
2418964, 773140, 1, 0, 0
2419214, 606208, 1, 0, 0
2419464, 1064960, 1, 0, 0
2419714, 704512, 1, 0, 0
2419964, 409600, 1, 0, 0
2420214, 770048, 1, 0, 0
2420464, 868352, 1, 0, 0
2420714, 491520, 1, 0, 0
2420964, 638976, 1, 0, 0
2421214, 802816, 1, 0, 0
2421464, 756690, 1, 0, 0
2421714, 950272, 1, 0, 0
2421964, 1196032, 1, 0, 0
2422214, 458752, 1, 0, 0
2422464, 1245184, 1, 0, 0
2422714, 507904, 1, 0, 0
2422964, 786432, 1, 0, 0
2423214, 491520, 1, 0, 0
2423464, 871839, 1, 0, 0
2423714, 1015808, 1, 0, 0
2423964, 278528, 1, 0, 0
2424214, 442368, 1, 0, 0
2424464, 737280, 1, 0, 0
2424714, 589824, 1, 0, 0
2424964, 950272, 1, 0, 0
2425214, 458752, 1, 0, 0
2425464, 573440, 1, 0, 0
2425713, 411244, 1, 0, 0
2425964, 786432, 1, 0, 0
2426214, 507904, 1, 0, 0
2426464, 557056, 1, 0, 0
2426714, 835584, 1, 0, 0
2426964, 507904, 1, 0, 0
2427214, 835584, 1, 0, 0
2427464, 655360, 1, 0, 0
2427714, 524288, 1, 0, 0
2427963, 1381783, 1, 0, 0
2428214, 1196032, 1, 0, 0
2428464, 868352, 1, 0, 0
2428714, 901120, 1, 0, 0
2428964, 589824, 1, 0, 0
2429214, 720896, 1, 0, 0
2429464, 737280, 1, 0, 0
2429714, 720896, 1, 0, 0
2429964, 1310720, 1, 0, 0
2430214, 950272, 1, 0, 0
2430464, 427694, 1, 0, 0
2430714, 786432, 1, 0, 0
2430964, 1097728, 1, 0, 0
2431214, 671744, 1, 0, 0
2431464, 638976, 1, 0, 0
2431714, 458752, 1, 0, 0
2431964, 786432, 1, 0, 0
2432214, 737280, 1, 0, 0
2432464, 606208, 1, 0, 0
2432714, 294912, 1, 0, 0
2432964, 493493, 1, 0, 0
2433214, 507904, 1, 0, 0
2433464, 638976, 1, 0, 0
2433714, 1376256, 1, 0, 0
2433964, 1064960, 1, 0, 0
2434214, 1032192, 1, 0, 0
2434464, 704512, 1, 0, 0
2434714, 1130496, 1, 0, 0
2434964, 1048576, 1, 0, 0
2435214, 690891, 1, 0, 0
2435464, 737280, 1, 0, 0
2435714, 737280, 1, 0, 0
2435964, 606208, 1, 0, 0
2436214, 442368, 1, 0, 0
2436464, 1097728, 1, 0, 0
2436714, 688128, 1, 0, 0
2436964, 802816, 1, 0, 0
2437214, 425984, 1, 0, 0
2437464, 921188, 1, 0, 0
2437714, 524288, 1, 0, 0
2437964, 786432, 1, 0, 0
2438214, 1245184, 1, 0, 0
2438464, 983040, 1, 0, 0
2438714, 458752, 1, 0, 0
2438964, 606208, 1, 0, 0
2439214, 212992, 1, 0, 0
2439464, 835584, 1, 0, 0
2439714, 888289, 1, 0, 0
2439964, 655360, 1, 0, 0
2440214, 262144, 1, 0, 0
2440464, 393216, 1, 0, 0
2440714, 606208, 1, 0, 0
2440964, 409600, 1, 0, 0
2441214, 720896, 1, 0, 0
2441464, 507904, 1, 0, 0
2441714, 294912, 1, 0, 0
2441965, 475136, 1, 0, 0
2442214, 542843, 1, 0, 0
2442464, 638976, 1, 0, 0
2442714, 655360, 1, 0, 0
2442964, 622592, 1, 0, 0
2443214, 655360, 1, 0, 0
2443464, 557056, 1, 0, 0
2443714, 720896, 1, 0, 0
2443964, 622592, 1, 0, 0
2444215, 868352, 1, 0, 0
2444464, 559293, 1, 0, 0
2444714, 507904, 1, 0, 0
2444964, 278528, 1, 0, 0
2445214, 868352, 1, 0, 0
2445464, 606208, 1, 0, 0
2445714, 835584, 1, 0, 0
2445964, 655360, 1, 0, 0
2446214, 802816, 1, 0, 0
2446464, 921188, 1, 0, 0
2446714, 1376256, 1, 0, 0
2446964, 1196032, 1, 0, 0
2447214, 851968, 1, 0, 0
2447464, 622592, 1, 0, 0
2447714, 720896, 1, 0, 0
2447964, 868352, 1, 0, 0
2448214, 1114112, 1, 0, 0
2448464, 720896, 1, 0, 0
2448714, 753664, 1, 0, 0
2448964, 575742, 1, 0, 0
2449214, 884736, 1, 0, 0
2449464, 622592, 1, 0, 0
2449714, 753664, 1, 0, 0
2449964, 327680, 1, 0, 0
2450214, 540672, 1, 0, 0
2450464, 753664, 1, 0, 0
2450714, 409600, 1, 0, 0
2450964, 540672, 1, 0, 0
2451215, 491520, 1, 0, 0
2451464, 1003437, 1, 0, 0
2451714, 425984, 1, 0, 0
2451964, 1032192, 1, 0, 0
2452214, 868352, 1, 0, 0
2452464, 819200, 1, 0, 0
2452714, 966656, 1, 0, 0
2452964, 835584, 1, 0, 0
2453214, 557056, 1, 0, 0
2453465, 655360, 1, 0, 0
2453714, 674441, 1, 0, 0
2453964, 770048, 1, 0, 0
2454214, 868352, 1, 0, 0
2454464, 1064960, 1, 0, 0
2454714, 950272, 1, 0, 0
2454964, 1196032, 1, 0, 0
2455214, 966656, 1, 0, 0
2455464, 884736, 1, 0, 0
2455714, 411244, 1, 0, 0
2455964, 1097728, 1, 0, 0
2456214, 1032192, 1, 0, 0
2456464, 573440, 1, 0, 0
2456714, 393216, 1, 0, 0
2456964, 720896, 1, 0, 0
2457214, 622592, 1, 0, 0
2457464, 720896, 1, 0, 0
2457714, 835584, 1, 0, 0
2457964, 904738, 1, 0, 0
2458214, 933888, 1, 0, 0
2458464, 901120, 1, 0, 0
2458714, 851968, 1, 0, 0
2458964, 1064960, 1, 0, 0
2459214, 393216, 1, 0, 0
2459464, 573440, 1, 0, 0
2459714, 638976, 1, 0, 0
2459964, 622592, 1, 0, 0
2460214, 475136, 1, 0, 0
2460464, 1052787, 1, 0, 0
2460714, 671744, 1, 0, 0
2460964, 1146880, 1, 0, 0
2461214, 1261568, 1, 0, 0
2461464, 1441792, 1, 0, 0
2461714, 753664, 1, 0, 0
2461964, 835584, 1, 0, 0
2462214, 720896, 1, 0, 0
2462464, 589824, 1, 0, 0
2462714, 622592, 1, 0, 0
2462964, 740240, 1, 0, 0
2463214, 1146880, 1, 0, 0
2463464, 901120, 1, 0, 0
2463714, 966656, 1, 0, 0
2463964, 409600, 1, 0, 0
2464214, 704512, 1, 0, 0
2464464, 655360, 1, 0, 0
2464714, 868352, 1, 0, 0
2464964, 819200, 1, 0, 0
2465214, 296096, 1, 0, 0
2465464, 589824, 1, 0, 0
2465714, 737280, 1, 0, 0
2465964, 770048, 1, 0, 0
2466214, 720896, 1, 0, 0
2466464, 950272, 1, 0, 0
2466714, 507904, 1, 0, 0
2466964, 589824, 1, 0, 0
2467214, 851968, 1, 0, 0
2467464, 1217285, 1, 0, 0
2467714, 1228800, 1, 0, 0
2467964, 1032192, 1, 0, 0
2468214, 638976, 1, 0, 0
2468464, 770048, 1, 0, 0
2468714, 540672, 1, 0, 0
2468964, 983040, 1, 0, 0
2469214, 425984, 1, 0, 0
2469464, 622592, 1, 0, 0
2469714, 835584, 1, 0, 0
2469964, 526393, 1, 0, 0
2470214, 294912, 1, 0, 0
2470464, 573440, 1, 0, 0
2470714, 442368, 1, 0, 0
2470964, 557056, 1, 0, 0
2471214, 147456, 1, 0, 0
2471464, 622592, 1, 0, 0
2471714, 671744, 1, 0, 0
2471964, 458752, 1, 0, 0
2472214, 394795, 1, 0, 0
2472464, 671744, 1, 0, 0
2472714, 491520, 1, 0, 0
2472964, 507904, 1, 0, 0
2473214, 671744, 1, 0, 0
2473464, 393216, 1, 0, 0
2473714, 753664, 1, 0, 0
2473964, 114688, 1, 0, 0
2474214, 855389, 1, 0, 0
2474464, 442368, 1, 0, 0
2474714, 393216, 1, 0, 0
2474964, 442368, 1, 0, 0
2475214, 311296, 1, 0, 0
2475464, 491520, 1, 0, 0
2475714, 327680, 1, 0, 0
2475964, 311296, 1, 0, 0
2476215, 638976, 1, 0, 0
2476464, 641542, 1, 0, 0
2476714, 753664, 1, 0, 0
2476964, 983040, 1, 0, 0
2477214, 688128, 1, 0, 0
2477464, 655360, 1, 0, 0
2477714, 589824, 1, 0, 0
2477964, 196608, 1, 0, 0
2478214, 573440, 1, 0, 0
2478464, 1097728, 1, 0, 0
2478714, 1085686, 1, 0, 0
2478964, 1245184, 1, 0, 0
2479214, 1212416, 1, 0, 0
2479464, 737280, 1, 0, 0
2479714, 704512, 1, 0, 0
2479964, 770048, 1, 0, 0
2480214, 1130496, 1, 0, 0
2480464, 851968, 1, 0, 0
2480714, 1064960, 1, 0, 0
2480964, 835584, 1, 0, 0
2481214, 98698, 1, 0, 0
2481464, 1097728, 1, 0, 0
2481714, 360448, 1, 0, 0
2481964, 376832, 1, 0, 0
2482214, 540672, 1, 0, 0
2482464, 655360, 1, 0, 0
2482714, 573440, 1, 0, 0
2482964, 606208, 1, 0, 0
2483214, 802816, 1, 0, 0
2483464, 868352, 1, 0, 0
2483714, 904738, 1, 0, 0
2483964, 393216, 1, 0, 0
2484214, 475136, 1, 0, 0
2484464, 983040, 1, 0, 0
2484714, 1212416, 1, 0, 0
2484964, 688128, 1, 0, 0
2485214, 835584, 1, 0, 0
2485464, 573440, 1, 0, 0
2485714, 851968, 1, 0, 0
2485964, 1036337, 1, 0, 0
2486214, 1097728, 1, 0, 0
2486464, 557056, 1, 0, 0
2486714, 98304, 1, 0, 0
2486964, 475136, 1, 0, 0
2487214, 1064960, 1, 0, 0
2487464, 786432, 1, 0, 0
2487714, 622592, 1, 0, 0
2487964, 442368, 1, 0, 0
2488214, 559293, 1, 0, 0
2488464, 819200, 1, 0, 0
2488714, 524288, 1, 0, 0
2488964, 425984, 1, 0, 0
2489214, 671744, 1, 0, 0
2489464, 966656, 1, 0, 0
2489714, 868352, 1, 0, 0
2489964, 1146880, 1, 0, 0
2490214, 655360, 1, 0, 0
2490464, 937638, 1, 0, 0
2490714, 786432, 1, 0, 0
2490964, 884736, 1, 0, 0
2491214, 294912, 1, 0, 0
2491464, 524288, 1, 0, 0
2491714, 950272, 1, 0, 0
2491964, 720896, 1, 0, 0
2492214, 720896, 1, 0, 0
2492464, 770048, 1, 0, 0
2492714, 884736, 1, 0, 0
2492964, 394795, 1, 0, 0
2493214, 425984, 1, 0, 0
2493464, 491520, 1, 0, 0
2493714, 720896, 1, 0, 0
2493964, 1048576, 1, 0, 0
2494214, 933888, 1, 0, 0
2494464, 393216, 1, 0, 0
2494714, 622592, 1, 0, 0
2494964, 770048, 1, 0, 0
2495214, 723791, 1, 0, 0
2495464, 409600, 1, 0, 0
2495714, 737280, 1, 0, 0
2495964, 737280, 1, 0, 0
2496214, 950272, 1, 0, 0
2496464, 573440, 1, 0, 0
2496714, 589824, 1, 0, 0
2496964, 180224, 1, 0, 0
2497214, 540672, 1, 0, 0
2497464, 542843, 1, 0, 0
2497714, 442368, 1, 0, 0
2497964, 688128, 1, 0, 0
2498214, 1032192, 1, 0, 0
2498464, 983040, 1, 0, 0
2498714, 442368, 1, 0, 0
2498964, 1294336, 1, 0, 0
2499214, 1513381, 1, 0, 0
2499464, 983040, 1, 0, 0
2499714, 1163264, 1, 0, 0
2499964, 933888, 1, 0, 0
2500214, 983040, 1, 0, 0
2500464, 966656, 1, 0, 0
2500714, 409600, 1, 0, 0
2500964, 704512, 1, 0, 0
2501214, 983040, 1, 0, 0
2501464, 819200, 1, 0, 0
2501714, 723791, 1, 0, 0
2501964, 835584, 1, 0, 0
2502214, 966656, 1, 0, 0
2502464, 638976, 1, 0, 0
2502714, 868352, 1, 0, 0
2502964, 1523712, 1, 0, 0
2503214, 933888, 1, 0, 0
2503464, 393216, 1, 0, 0
2503714, 442368, 1, 0, 0
2503965, 770048, 1, 0, 0
2504214, 493493, 1, 0, 0
2504464, 737280, 1, 0, 0
2504714, 524288, 1, 0, 0
2504964, 770048, 1, 0, 0
2505214, 573440, 1, 0, 0
2505464, 589824, 1, 0, 0
2505714, 983040, 1, 0, 0
2505964, 802816, 1, 0, 0
2506214, 376832, 1, 0, 0
2506464, 444144, 1, 0, 0
2506714, 688128, 1, 0, 0
2506964, 753664, 1, 0, 0
2507214, 704512, 1, 0, 0
2507464, 327680, 1, 0, 0
2507714, 704512, 1, 0, 0
2507964, 950272, 1, 0, 0
2508214, 950272, 1, 0, 0
2508464, 606208, 1, 0, 0
2508714, 1266634, 1, 0, 0
2508964, 1310720, 1, 0, 0
2509214, 983040, 1, 0, 0
2509464, 1163264, 1, 0, 0
2509714, 1146880, 1, 0, 0
2509964, 573440, 1, 0, 0
2510214, 901120, 1, 0, 0
2510464, 819200, 1, 0, 0
2510714, 1048576, 1, 0, 0
2510964, 868352, 1, 0, 0
2511214, 888289, 1, 0, 0
2511464, 327680, 1, 0, 0
2511714, 819200, 1, 0, 0
2511964, 737280, 1, 0, 0
2512214, 884736, 1, 0, 0
2512464, 1163264, 1, 0, 0
2512714, 917504, 1, 0, 0
2512964, 507904, 1, 0, 0
2513214, 786432, 1, 0, 0
2513464, 950272, 1, 0, 0
2513714, 1085686, 1, 0, 0
2513964, 1425408, 1, 0, 0
2514214, 1146880, 1, 0, 0
2514464, 671744, 1, 0, 0
2514714, 851968, 1, 0, 0
2514964, 720896, 1, 0, 0
2515214, 1032192, 1, 0, 0
2515464, 884736, 1, 0, 0
2515714, 606208, 1, 0, 0
2515964, 1102136, 1, 0, 0
2516214, 360448, 1, 0, 0
2516464, 524288, 1, 0, 0
2516714, 442368, 1, 0, 0
2516964, 819200, 1, 0, 0
2517214, 753664, 1, 0, 0
2517464, 786432, 1, 0, 0
2517714, 1310720, 1, 0, 0
2517965, 524288, 1, 0, 0
2518214, 657991, 1, 0, 0
2518464, 917504, 1, 0, 0
2518714, 1114112, 1, 0, 0
2518964, 933888, 1, 0, 0
2519214, 737280, 1, 0, 0
2519464, 802816, 1, 0, 0
2519714, 819200, 1, 0, 0
2519964, 770048, 1, 0, 0
2520215, 409600, 1, 0, 0
2520464, 312546, 1, 0, 0
2520714, 557056, 1, 0, 0
2520964, 638976, 1, 0, 0
2521214, 393216, 1, 0, 0
2521464, 196608, 1, 0, 0
2521714, 507904, 1, 0, 0
2521964, 901120, 1, 0, 0
2522214, 737280, 1, 0, 0
2522465, 868352, 1, 0, 0
2522714, 723791, 1, 0, 0
2522964, 524288, 1, 0, 0
2523214, 671744, 1, 0, 0
2523464, 294912, 1, 0, 0
2523714, 393216, 1, 0, 0
2523964, 491520, 1, 0, 0
2524214, 573440, 1, 0, 0
2524464, 589824, 1, 0, 0
2524714, 491520, 1, 0, 0
2524964, 444144, 1, 0, 0
2525214, 688128, 1, 0, 0
2525464, 704512, 1, 0, 0
2525714, 458752, 1, 0, 0
2525964, 606208, 1, 0, 0
2526214, 1064960, 1, 0, 0
2526464, 1196032, 1, 0, 0
2526714, 622592, 1, 0, 0
2526964, 460594, 1, 0, 0
2527214, 425984, 1, 0, 0
2527464, 393216, 1, 0, 0
2527714, 98304, 1, 0, 0
2527964, 294912, 1, 0, 0
2528214, 442368, 1, 0, 0
2528464, 475136, 1, 0, 0
2528714, 294912, 1, 0, 0
2528964, 196608, 1, 0, 0
2529214, 509943, 1, 0, 0
2529464, 294912, 1, 0, 0
2529714, 606208, 1, 0, 0
2529964, 294912, 1, 0, 0
2530214, 196608, 1, 0, 0
2530464, 573440, 1, 0, 0
2530714, 1032192, 1, 0, 0
2530964, 606208, 1, 0, 0
2531214, 344064, 1, 0, 0
2531464, 855389, 1, 0, 0
2531714, 360448, 1, 0, 0
2531964, 868352, 1, 0, 0
2532214, 491520, 1, 0, 0
2532464, 638976, 1, 0, 0
2532714, 704512, 1, 0, 0
2532964, 655360, 1, 0, 0
2533214, 737280, 1, 0, 0
2533464, 737280, 1, 0, 0
2533714, 197397, 1, 0, 0
2533964, 786432, 1, 0, 0
2534214, 622592, 1, 0, 0
2534464, 196608, 1, 0, 0
2534714, 638976, 1, 0, 0
2534964, 884736, 1, 0, 0
2535214, 442368, 1, 0, 0
2535464, 262144, 1, 0, 0
2535714, 458752, 1, 0, 0
2535965, 409600, 1, 0, 0
2536214, 98698, 1, 0, 0
2536464, 524288, 1, 0, 0
2536714, 311296, 1, 0, 0
2536964, 98304, 1, 0, 0
2537214, 425984, 1, 0, 0
2537464, 294912, 1, 0, 0
2537714, 589824, 1, 0, 0
2537964, 262144, 1, 0, 0
2538215, 196608, 1, 0, 0
2538464, 477044, 1, 0, 0
2538714, 344064, 1, 0, 0
2538964, 655360, 1, 0, 0
2539214, 802816, 1, 0, 0
2539464, 655360, 1, 0, 0
2539714, 671744, 1, 0, 0
2539964, 393216, 1, 0, 0
2540214, 507904, 1, 0, 0
2540464, 540672, 1, 0, 0
2540714, 986987, 1, 0, 0
2540964, 868352, 1, 0, 0
2541214, 770048, 1, 0, 0
2541464, 344064, 1, 0, 0
2541714, 671744, 1, 0, 0
2541964, 278528, 1, 0, 0
2542214, 229376, 1, 0, 0
2542464, 819200, 1, 0, 0
2542714, 1032192, 1, 0, 0
2542964, 1359872, 1, 0, 0
2543214, 526393, 1, 0, 0
2543464, 327680, 1, 0, 0
2543714, 311296, 1, 0, 0
2543964, 507904, 1, 0, 0
2544214, 819200, 1, 0, 0
2544464, 425984, 1, 0, 0
2544714, 671744, 1, 0, 0
2544964, 311296, 1, 0, 0
2545214, 606208, 1, 0, 0
2545464, 838939, 1, 0, 0
2545714, 606208, 1, 0, 0
2545964, 393216, 1, 0, 0
2546214, 753664, 1, 0, 0
2546464, 589824, 1, 0, 0
2546714, 770048, 1, 0, 0
2546964, 491520, 1, 0, 0
2547214, 409600, 1, 0, 0
2547464, 802816, 1, 0, 0
2547714, 1064960, 1, 0, 0
2547964, 1036337, 1, 0, 0
2548214, 458752, 1, 0, 0
2548464, 262144, 1, 0, 0
2548714, 720896, 1, 0, 0
2548964, 966656, 1, 0, 0
2549214, 1081344, 1, 0, 0
2549464, 524288, 1, 0, 0
2549714, 622592, 1, 0, 0
2549964, 819200, 1, 0, 0
2550214, 411244, 1, 0, 0
2550464, 933888, 1, 0, 0
2550714, 819200, 1, 0, 0
2550964, 884736, 1, 0, 0
2551214, 1294336, 1, 0, 0
2551464, 802816, 1, 0, 0
2551714, 1163264, 1, 0, 0
2551964, 1114112, 1, 0, 0
2552214, 1343488, 1, 0, 0
2552465, 573440, 1, 0, 0
2552714, 625092, 1, 0, 0
2552964, 835584, 1, 0, 0
2553214, 819200, 1, 0, 0
2553464, 688128, 1, 0, 0
2553714, 688128, 1, 0, 0
2553964, 573440, 1, 0, 0
2554214, 917504, 1, 0, 0
2554464, 1146880, 1, 0, 0
2554714, 507904, 1, 0, 0
2554964, 674441, 1, 0, 0
2555214, 950272, 1, 0, 0
2555464, 737280, 1, 0, 0
2555714, 737280, 1, 0, 0
2555964, 1048576, 1, 0, 0
2556214, 688128, 1, 0, 0
2556464, 245760, 1, 0, 0
2556714, 425984, 1, 0, 0
2556964, 704512, 1, 0, 0
2557215, 540672, 1, 0, 0
2557464, 674441, 1, 0, 0
2557714, 770048, 1, 0, 0
2557964, 966656, 1, 0, 0
2558215, 753664, 1, 0, 0
2558464, 197397, 1, 0, 0
2558714, 589824, 1, 0, 0
2558964, 557056, 1, 0, 0
2559214, 1228800, 1, 0, 0
2559465, 868352, 1, 0, 0
2559714, 1102136, 1, 0, 0
2559964, 507904, 1, 0, 0
2560214, 1605632, 1, 0, 0
2560464, 1540096, 1, 0, 0
2560715, 770048, 1, 0, 0
2560964, 1135036, 1, 0, 0
2561214, 1425408, 1, 0, 0
2561464, 655360, 1, 0, 0
2561714, 278528, 1, 0, 0
2561965, 720896, 1, 0, 0
2562214, 509943, 1, 0, 0
2562464, 1245184, 1, 0, 0
2562714, 1343488, 1, 0, 0
2562964, 1097728, 1, 0, 0
2563215, 1310720, 1, 0, 0
2563464, 345445, 1, 0, 0
2563714, 933888, 1, 0, 0
2563964, 589824, 1, 0, 0
2564215, 344064, 1, 0, 0
2564464, 592192, 1, 0, 0
2564714, 442368, 1, 0, 0
2564964, 393216, 1, 0, 0
2565214, 868352, 1, 0, 0
2565465, 638976, 1, 0, 0
2565714, 559293, 1, 0, 0
2565964, 294912, 1, 0, 0
2566214, 573440, 1, 0, 0
2566464, 622592, 1, 0, 0
2566715, 557056, 1, 0, 0
2566964, 493493, 1, 0, 0
2567214, 737280, 1, 0, 0
2567464, 704512, 1, 0, 0
2567715, 589824, 1, 0, 0
2567964, 460594, 1, 0, 0
2568214, 704512, 1, 0, 0
2568464, 376832, 1, 0, 0
2568714, 49152, 1, 0, 0
2568964, 540672, 1, 0, 0
2569215, 409600, 1, 0, 0
2569464, 394795, 1, 0, 0
2569714, 212992, 1, 0, 0
2569964, 196608, 1, 0, 0
2570214, 278528, 1, 0, 0
2570464, 376832, 1, 0, 0
2570715, 212992, 1, 0, 0
2570964, 296096, 1, 0, 0
2571214, 573440, 1, 0, 0
2571464, 360448, 1, 0, 0
2571714, 409600, 1, 0, 0
2571964, 540672, 1, 0, 0
2572215, 770048, 1, 0, 0
2572464, 493493, 1, 0, 0
2572714, 720896, 1, 0, 0
2572965, 819200, 1, 0, 0
2573215, 393216, 1, 0, 0
2573464, 427694, 1, 0, 0
2573714, 393216, 1, 0, 0
2573964, 589824, 1, 0, 0
2574215, 835584, 1, 0, 0
2574464, 197397, 1, 0, 0
2574714, 393216, 1, 0, 0
2574964, 507904, 1, 0, 0
2575214, 638976, 1, 0, 0
2575464, 180224, 1, 0, 0
2575714, 98304, 1, 0, 0
2575965, 638976, 1, 0, 0
2576214, 707341, 1, 0, 0
2576464, 606208, 1, 0, 0
2576714, 98304, 1, 0, 0
2576964, 196608, 1, 0, 0
2577214, 245760, 1, 0, 0
2577465, 622592, 1, 0, 0
2577714, 625092, 1, 0, 0
2577964, 393216, 1, 0, 0
2578214, 376832, 1, 0, 0
2578464, 557056, 1, 0, 0
2578714, 393216, 1, 0, 0
2578964, 148048, 1, 0, 0
2579214, 557056, 1, 0, 0
2579464, 196608, 1, 0, 0
2579714, 344064, 1, 0, 0
2579964, 65536, 1, 0, 0
2580215, 327680, 1, 0, 0
2580464, 806040, 1, 0, 0
2580714, 966656, 1, 0, 0
2580964, 458752, 1, 0, 0
2581215, 425984, 1, 0, 0
2581464, 477044, 1, 0, 0
2581714, 1097728, 1, 0, 0
2581964, 770048, 1, 0, 0
2582215, 491520, 1, 0, 0
2582464, 822489, 1, 0, 0
2582714, 802816, 1, 0, 0
2582964, 557056, 1, 0, 0
2583214, 868352, 1, 0, 0
2583465, 638976, 1, 0, 0
2583715, 720896, 1, 0, 0
2583964, 559293, 1, 0, 0
2584214, 737280, 1, 0, 0
2584464, 425984, 1, 0, 0
2584715, 409600, 1, 0, 0
2584964, 1348883, 1, 0, 0
2585214, 1245184, 1, 0, 0
2585464, 917504, 1, 0, 0
2585714, 737280, 1, 0, 0
2585965, 638976, 1, 0, 0
2586214, 1513381, 1, 0, 0
2586464, 638976, 1, 0, 0
2586714, 294912, 1, 0, 0
2586964, 196608, 1, 0, 0
2587215, 1212416, 1, 0, 0
2587464, 970538, 1, 0, 0
2587714, 327680, 1, 0, 0
2587964, 1114112, 1, 0, 0
2588215, 966656, 1, 0, 0
2588465, 851968, 1, 0, 0
2588714, 707341, 1, 0, 0
2588964, 770048, 1, 0, 0
2589215, 1294336, 1, 0, 0
2589465, 1523712, 1, 0, 0
2589714, 1315983, 1, 0, 0
2589965, 1114112, 1, 0, 0
2590215, 1245184, 1, 0, 0
2590464, 1151485, 1, 0, 0
2590714, 1179648, 1, 0, 0
2590965, 1671168, 1, 0, 0
2591214, 1118586, 1, 0, 0
2591464, 1966080, 1, 0, 0
2591714, 1228800, 1, 0, 0
2591965, 1015808, 1, 0, 0
2592214, 1118586, 1, 0, 0
2592464, 933888, 1, 0, 0
2592715, 1392640, 1, 0, 0
2592965, 1425408, 1, 0, 0
2593214, 1546281, 1, 0, 0
2593464, 1622016, 1, 0, 0
2593715, 720896, 1, 0, 0
2593964, 1661429, 1, 0, 0
2594214, 1163264, 1, 0, 0
2594465, 1277952, 1, 0, 0
2594715, 1261568, 1, 0, 0
2594964, 707341, 1, 0, 0
2595214, 278528, 1, 0, 0
2595465, 1179648, 1, 0, 0
2595714, 921188, 1, 0, 0
2595964, 589824, 1, 0, 0
2596214, 1114112, 1, 0, 0
2596464, 983040, 1, 0, 0
2596714, 690891, 1, 0, 0
2596964, 638976, 1, 0, 0
2597214, 901120, 1, 0, 0
2597464, 868352, 1, 0, 0
2597715, 966656, 1, 0, 0
2597964, 559293, 1, 0, 0
2598214, 393216, 1, 0, 0
2598465, 868352, 1, 0, 0
2598714, 1052787, 1, 0, 0
2598964, 950272, 1, 0, 0
2599215, 753664, 1, 0, 0
2599464, 1036337, 1, 0, 0
2599714, 573440, 1, 0, 0
2599965, 884736, 1, 0, 0
2600215, 983040, 1, 0, 0
2600464, 723791, 1, 0, 0
2600715, 442368, 1, 0, 0
2600964, 806040, 1, 0, 0
2601215, 540672, 1, 0, 0
2601465, 425984, 1, 0, 0
2601714, 411244, 1, 0, 0
2601965, 409600, 1, 0, 0
2602215, 557056, 1, 0, 0
2602464, 164497, 1, 0, 0
2602714, 425984, 1, 0, 0
2602964, 376832, 1, 0, 0
2603215, 409600, 1, 0, 0
2603464, 559293, 1, 0, 0
2603714, 688128, 1, 0, 0
2603964, 720896, 1, 0, 0
2604215, 688128, 1, 0, 0
2604464, 822489, 1, 0, 0
2604714, 573440, 1, 0, 0
2604965, 622592, 1, 0, 0
2605214, 592192, 1, 0, 0
2605464, 868352, 1, 0, 0
2605715, 589824, 1, 0, 0
2605965, 753664, 1, 0, 0
2606214, 509943, 1, 0, 0
2606464, 655360, 1, 0, 0
2606715, 1048576, 1, 0, 0
2606964, 361895, 1, 0, 0
2607214, 458752, 1, 0, 0
2607464, 475136, 1, 0, 0
2607715, 589824, 1, 0, 0
2607964, 493493, 1, 0, 0
2608214, 311296, 1, 0, 0
2608465, 540672, 1, 0, 0
2608715, 868352, 1, 0, 0
2608964, 328995, 1, 0, 0
2609214, 835584, 1, 0, 0
2609464, 786432, 1, 0, 0
2609715, 933888, 1, 0, 0
2609964, 1085686, 1, 0, 0
2610214, 491520, 1, 0, 0
2610465, 540672, 1, 0, 0
2610714, 1102136, 1, 0, 0
2610964, 589824, 1, 0, 0
2611214, 753664, 1, 0, 0
2611465, 802816, 1, 0, 0
2611714, 904738, 1, 0, 0
2611964, 606208, 1, 0, 0
2612215, 753664, 1, 0, 0
2612465, 688128, 1, 0, 0
2612714, 1184385, 1, 0, 0
2612964, 540672, 1, 0, 0
2613215, 606208, 1, 0, 0
2613464, 197397, 1, 0, 0
2613714, 131072, 1, 0, 0
2613964, 491520, 1, 0, 0
2614215, 475136, 1, 0, 0
2614465, 294912, 1, 0, 0
2614714, 296096, 1, 0, 0
2614964, 507904, 1, 0, 0
2615215, 475136, 1, 0, 0
2615464, 427694, 1, 0, 0
2615714, 278528, 1, 0, 0
2615964, 180224, 1, 0, 0
2616214, 360448, 1, 0, 0
2616465, 458752, 1, 0, 0
2616714, 477044, 1, 0, 0
2616964, 491520, 1, 0, 0
2617214, 458752, 1, 0, 0
2617465, 393216, 1, 0, 0
2617714, 213847, 1, 0, 0
2617964, 409600, 1, 0, 0
2618214, 770048, 1, 0, 0
2618465, 901120, 1, 0, 0
2618714, 509943, 1, 0, 0
2618964, 344064, 1, 0, 0
2619214, 458752, 1, 0, 0
2619465, 409600, 1, 0, 0
2619714, 493493, 1, 0, 0
2619964, 589824, 1, 0, 0
2620214, 688128, 1, 0, 0
2620465, 557056, 1, 0, 0
2620714, 954088, 1, 0, 0
2620964, 1114112, 1, 0, 0
2621214, 1327104, 1, 0, 0
2621465, 802816, 1, 0, 0
2621714, 674441, 1, 0, 0
2621964, 376832, 1, 0, 0
2622215, 770048, 1, 0, 0
2622464, 756690, 1, 0, 0
2622714, 671744, 1, 0, 0
2622964, 802816, 1, 0, 0
2623215, 819200, 1, 0, 0
2623464, 460594, 1, 0, 0
2623714, 753664, 1, 0, 0
2623964, 835584, 1, 0, 0
2624215, 1114112, 1, 0, 0
2624464, 871839, 1, 0, 0
2624714, 835584, 1, 0, 0
2624964, 540672, 1, 0, 0
2625215, 1277952, 1, 0, 0
2625464, 1299534, 1, 0, 0
2625715, 950272, 1, 0, 0
2625965, 638976, 1, 0, 0
2626214, 641542, 1, 0, 0
2626464, 835584, 1, 0, 0
2626715, 884736, 1, 0, 0
2626964, 707341, 1, 0, 0
2627214, 819200, 1, 0, 0
2627464, 786432, 1, 0, 0
2627715, 999424, 1, 0, 0
2627964, 427694, 1, 0, 0
2628214, 1245184, 1, 0, 0
2628465, 1769472, 1, 0, 0
2628714, 986987, 1, 0, 0
2628964, 688128, 1, 0, 0
2629215, 589824, 1, 0, 0
2629465, 1163264, 1, 0, 0
2629714, 1431132, 1, 0, 0
2629964, 1179648, 1, 0, 0
2630214, 802816, 1, 0, 0
2630464, 884736, 1, 0, 0
2630714, 1409024, 1, 0, 0
2630964, 855389, 1, 0, 0
2631214, 688128, 1, 0, 0
2631464, 802816, 1, 0, 0
2631714, 950272, 1, 0, 0
2631964, 540672, 1, 0, 0
2632214, 589824, 1, 0, 0
2632464, 786432, 1, 0, 0
2632714, 802816, 1, 0, 0
2632964, 557056, 1, 0, 0
2633214, 756690, 1, 0, 0
2633464, 753664, 1, 0, 0
2633714, 1163264, 1, 0, 0
2633964, 999424, 1, 0, 0
2634214, 1146880, 1, 0, 0
2634464, 884736, 1, 0, 0
2634714, 491520, 1, 0, 0
2634964, 622592, 1, 0, 0
2635214, 589824, 1, 0, 0
2635464, 411244, 1, 0, 0
2635714, 688128, 1, 0, 0
2635964, 1163264, 1, 0, 0
2636214, 835584, 1, 0, 0
2636464, 786432, 1, 0, 0
2636714, 983040, 1, 0, 0
2636964, 1703936, 1, 0, 0
2637214, 851968, 1, 0, 0
2637464, 802816, 1, 0, 0
2637714, 1130496, 1, 0, 0
2637964, 1414682, 1, 0, 0
2638214, 1425408, 1, 0, 0
2638464, 1048576, 1, 0, 0
2638714, 1179648, 1, 0, 0
2638964, 1376256, 1, 0, 0
2639214, 1228800, 1, 0, 0
2639464, 1441792, 1, 0, 0
2639714, 999424, 1, 0, 0
2639964, 835584, 1, 0, 0
2640214, 756690, 1, 0, 0
2640464, 540672, 1, 0, 0
2640714, 442368, 1, 0, 0
2640964, 671744, 1, 0, 0
2641214, 802816, 1, 0, 0
2641464, 802816, 1, 0, 0
2641714, 540672, 1, 0, 0
2641964, 753664, 1, 0, 0
2642214, 393216, 1, 0, 0
2642464, 197397, 1, 0, 0
2642714, 442368, 1, 0, 0
2642964, 507904, 1, 0, 0
2643214, 327680, 1, 0, 0
2643464, 327680, 1, 0, 0
2643714, 606208, 1, 0, 0
2643964, 557056, 1, 0, 0
2644214, 1015808, 1, 0, 0
2644464, 524288, 1, 0, 0
2644715, 802816, 1, 0, 0
2644964, 575742, 1, 0, 0
2645214, 786432, 1, 0, 0
2645464, 475136, 1, 0, 0
2645714, 720896, 1, 0, 0
2645964, 638976, 1, 0, 0
2646214, 720896, 1, 0, 0
2646464, 802816, 1, 0, 0
2646714, 671744, 1, 0, 0
2646964, 999424, 1, 0, 0
2647214, 707341, 1, 0, 0
2647464, 868352, 1, 0, 0
2647714, 999424, 1, 0, 0
2647964, 770048, 1, 0, 0
2648214, 933888, 1, 0, 0
2648464, 622592, 1, 0, 0
2648714, 868352, 1, 0, 0
2648964, 901120, 1, 0, 0
2649214, 1081344, 1, 0, 0
2649464, 1167935, 1, 0, 0
2649714, 1589248, 1, 0, 0
2649964, 933888, 1, 0, 0
2650214, 409600, 1, 0, 0
2650464, 770048, 1, 0, 0
2650714, 573440, 1, 0, 0
2650964, 1179648, 1, 0, 0
2651214, 884736, 1, 0, 0
2651464, 1015808, 1, 0, 0
2651714, 557056, 1, 0, 0
2651964, 789590, 1, 0, 0
2652214, 770048, 1, 0, 0
2652464, 557056, 1, 0, 0
2652714, 278528, 1, 0, 0
2652964, 458752, 1, 0, 0
2653214, 540672, 1, 0, 0
2653464, 425984, 1, 0, 0
2653714, 933888, 1, 0, 0
2653964, 884736, 1, 0, 0
2654215, 884736, 1, 0, 0
2654464, 806040, 1, 0, 0
2654714, 819200, 1, 0, 0
2654964, 933888, 1, 0, 0
2655214, 589824, 1, 0, 0
2655464, 704512, 1, 0, 0
2655714, 704512, 1, 0, 0
2655964, 638976, 1, 0, 0
2656214, 622592, 1, 0, 0
2656464, 753664, 1, 0, 0
2656714, 838939, 1, 0, 0
2656964, 819200, 1, 0, 0
2657214, 802816, 1, 0, 0
2657464, 999424, 1, 0, 0
2657714, 737280, 1, 0, 0
2657964, 524288, 1, 0, 0
2658214, 540672, 1, 0, 0
2658464, 770048, 1, 0, 0
2658714, 575742, 1, 0, 0
2658964, 638976, 1, 0, 0
2659214, 704512, 1, 0, 0
2659464, 917504, 1, 0, 0
2659714, 1130496, 1, 0, 0
2659964, 983040, 1, 0, 0
2660214, 1081344, 1, 0, 0
2660464, 851968, 1, 0, 0
2660714, 655360, 1, 0, 0
2660965, 1163264, 1, 0, 0
2661214, 789590, 1, 0, 0
2661464, 819200, 1, 0, 0
2661714, 786432, 1, 0, 0
2661964, 1064960, 1, 0, 0
2662214, 1048576, 1, 0, 0
2662464, 933888, 1, 0, 0
2662714, 1015808, 1, 0, 0
2662964, 851968, 1, 0, 0
2663214, 884736, 1, 0, 0
2663464, 822489, 1, 0, 0
2663714, 1032192, 1, 0, 0
2663964, 851968, 1, 0, 0
2664214, 1032192, 1, 0, 0
2664464, 589824, 1, 0, 0
2664714, 704512, 1, 0, 0
2664964, 1097728, 1, 0, 0
2665214, 1015808, 1, 0, 0
2665464, 819200, 1, 0, 0
2665715, 524288, 1, 0, 0
2665964, 871839, 1, 0, 0
2666214, 901120, 1, 0, 0
2666464, 999424, 1, 0, 0
2666714, 720896, 1, 0, 0
2666964, 737280, 1, 0, 0
2667214, 753664, 1, 0, 0
2667464, 786432, 1, 0, 0
2667714, 835584, 1, 0, 0
2667964, 606208, 1, 0, 0
2668214, 789590, 1, 0, 0
2668464, 524288, 1, 0, 0
2668714, 655360, 1, 0, 0
2668964, 638976, 1, 0, 0
2669214, 622592, 1, 0, 0
2669464, 622592, 1, 0, 0
2669714, 770048, 1, 0, 0
2669964, 851968, 1, 0, 0
2670214, 868352, 1, 0, 0
2670464, 986987, 1, 0, 0
2670714, 573440, 1, 0, 0
2670964, 524288, 1, 0, 0
2671214, 458752, 1, 0, 0
2671464, 1048576, 1, 0, 0
2671714, 1048576, 1, 0, 0
2671964, 868352, 1, 0, 0
2672214, 704512, 1, 0, 0
2672464, 819200, 1, 0, 0
2672714, 937638, 1, 0, 0
2672964, 917504, 1, 0, 0
2673214, 704512, 1, 0, 0
2673464, 557056, 1, 0, 0
2673714, 786432, 1, 0, 0
2673964, 1163264, 1, 0, 0
2674214, 901120, 1, 0, 0
2674464, 1114112, 1, 0, 0
2674714, 851968, 1, 0, 0
2674964, 638976, 1, 0, 0
2675214, 723791, 1, 0, 0
2675464, 901120, 1, 0, 0
2675714, 851968, 1, 0, 0
2675964, 622592, 1, 0, 0
2676214, 491520, 1, 0, 0
2676464, 1294336, 1, 0, 0
2676714, 802816, 1, 0, 0
2676964, 753664, 1, 0, 0
2677214, 622592, 1, 0, 0
2677464, 477044, 1, 0, 0
2677714, 868352, 1, 0, 0
2677964, 671744, 1, 0, 0
2678214, 753664, 1, 0, 0
2678464, 983040, 1, 0, 0
2678714, 294912, 1, 0, 0
2678964, 475136, 1, 0, 0
2679214, 1245184, 1, 0, 0
2679464, 540672, 1, 0, 0
2679714, 855389, 1, 0, 0
2679964, 638976, 1, 0, 0
2680214, 524288, 1, 0, 0
2680464, 737280, 1, 0, 0
2680714, 491520, 1, 0, 0
2680964, 507904, 1, 0, 0
2681214, 524288, 1, 0, 0
2681464, 606208, 1, 0, 0
2681714, 589824, 1, 0, 0
2681964, 1151485, 1, 0, 0
2682214, 622592, 1, 0, 0
2682464, 507904, 1, 0, 0
2682714, 344064, 1, 0, 0
2682964, 196608, 1, 0, 0
2683214, 524288, 1, 0, 0
2683464, 737280, 1, 0, 0
2683714, 720896, 1, 0, 0
2683964, 294912, 1, 0, 0
2684214, 592192, 1, 0, 0
2684464, 671744, 1, 0, 0
2684714, 851968, 1, 0, 0
2684964, 851968, 1, 0, 0
2685214, 557056, 1, 0, 0
2685464, 753664, 1, 0, 0
2685714, 966656, 1, 0, 0
2685964, 770048, 1, 0, 0
2686214, 622592, 1, 0, 0
2686464, 773140, 1, 0, 0
2686714, 1654784, 1, 0, 0
2686964, 1294336, 1, 0, 0
2687214, 1146880, 1, 0, 0
2687464, 507904, 1, 0, 0
2687714, 917504, 1, 0, 0
2687964, 540672, 1, 0, 0
2688214, 425984, 1, 0, 0
2688464, 475136, 1, 0, 0
2688714, 986987, 1, 0, 0
2688964, 884736, 1, 0, 0
2689214, 491520, 1, 0, 0
2689464, 966656, 1, 0, 0
2689714, 557056, 1, 0, 0
2689964, 376832, 1, 0, 0
2690214, 802816, 1, 0, 0
2690464, 507904, 1, 0, 0
2690714, 475136, 1, 0, 0
2690965, 950272, 1, 0, 0
2691214, 657991, 1, 0, 0
2691464, 1081344, 1, 0, 0
2691714, 507904, 1, 0, 0
2691964, 966656, 1, 0, 0
2692214, 1064960, 1, 0, 0
2692464, 753664, 1, 0, 0
2692714, 507904, 1, 0, 0
2692964, 1179648, 1, 0, 0
2693214, 720896, 1, 0, 0
2693464, 674441, 1, 0, 0
2693714, 491520, 1, 0, 0
2693964, 507904, 1, 0, 0
2694214, 540672, 1, 0, 0
2694464, 425984, 1, 0, 0
2694714, 770048, 1, 0, 0
2694964, 688128, 1, 0, 0
2695214, 851968, 1, 0, 0
2695464, 851968, 1, 0, 0
2695714, 1261568, 1, 0, 0
2695964, 575742, 1, 0, 0
2696214, 671744, 1, 0, 0
2696464, 671744, 1, 0, 0
2696714, 671744, 1, 0, 0
2696964, 1310720, 1, 0, 0
2697214, 1294336, 1, 0, 0
2697464, 1130496, 1, 0, 0
2697714, 655360, 1, 0, 0
2697964, 868352, 1, 0, 0
2698214, 411244, 1, 0, 0
2698464, 409600, 1, 0, 0
2698714, 835584, 1, 0, 0
2698964, 950272, 1, 0, 0
2699214, 606208, 1, 0, 0
2699464, 1081344, 1, 0, 0
2699714, 999424, 1, 0, 0
2699964, 688128, 1, 0, 0
2700214, 344064, 1, 0, 0
2700464, 641542, 1, 0, 0
2700714, 770048, 1, 0, 0
2700964, 851968, 1, 0, 0
2701214, 409600, 1, 0, 0
2701464, 606208, 1, 0, 0
2701714, 753664, 1, 0, 0
2701964, 1196032, 1, 0, 0
2702214, 720896, 1, 0, 0
2702464, 802816, 1, 0, 0
2702714, 1032192, 1, 0, 0
2702964, 1069236, 1, 0, 0
2703214, 933888, 1, 0, 0
2703464, 901120, 1, 0, 0
2703714, 606208, 1, 0, 0
2703964, 475136, 1, 0, 0
2704214, 507904, 1, 0, 0
2704464, 999424, 1, 0, 0
2704714, 1114112, 1, 0, 0
2704964, 1097728, 1, 0, 0
2705214, 411244, 1, 0, 0
2705464, 655360, 1, 0, 0
2705714, 1343488, 1, 0, 0
2705964, 753664, 1, 0, 0
2706214, 786432, 1, 0, 0
2706464, 868352, 1, 0, 0
2706714, 1146880, 1, 0, 0
2706964, 966656, 1, 0, 0
2707214, 999424, 1, 0, 0
2707464, 622592, 1, 0, 0
2707714, 855389, 1, 0, 0
2707964, 671744, 1, 0, 0
2708214, 933888, 1, 0, 0
2708464, 688128, 1, 0, 0
2708714, 917504, 1, 0, 0
2708964, 1441792, 1, 0, 0
2709214, 1032192, 1, 0, 0
2709464, 1048576, 1, 0, 0
2709714, 720896, 1, 0, 0
2709964, 1184385, 1, 0, 0
2710214, 1081344, 1, 0, 0
2710464, 950272, 1, 0, 0
2710714, 1048576, 1, 0, 0
2710964, 573440, 1, 0, 0
2711214, 573440, 1, 0, 0
2711464, 1015808, 1, 0, 0
2711714, 917504, 1, 0, 0
2711964, 655360, 1, 0, 0
2712214, 1003437, 1, 0, 0
2712464, 557056, 1, 0, 0
2712714, 606208, 1, 0, 0
2712964, 1196032, 1, 0, 0
2713214, 524288, 1, 0, 0
2713464, 622592, 1, 0, 0
2713714, 917504, 1, 0, 0
2713964, 1081344, 1, 0, 0
2714214, 720896, 1, 0, 0
2714464, 970538, 1, 0, 0
2714714, 753664, 1, 0, 0
2714964, 606208, 1, 0, 0
2715214, 835584, 1, 0, 0
2715464, 1130496, 1, 0, 0
2715714, 737280, 1, 0, 0
2715964, 425984, 1, 0, 0
2716214, 638976, 1, 0, 0
2716464, 622592, 1, 0, 0
2716714, 786432, 1, 0, 0
2716964, 542843, 1, 0, 0
2717214, 540672, 1, 0, 0
2717464, 425984, 1, 0, 0
2717714, 573440, 1, 0, 0
2717964, 671744, 1, 0, 0
2718214, 327680, 1, 0, 0
2718464, 458752, 1, 0, 0
2718714, 507904, 1, 0, 0
2718964, 180224, 1, 0, 0
2719215, 245760, 1, 0, 0
2719464, 608642, 1, 0, 0
2719714, 524288, 1, 0, 0
2719964, 425984, 1, 0, 0
2720214, 360448, 1, 0, 0
2720464, 442368, 1, 0, 0
2720714, 491520, 1, 0, 0
2720964, 311296, 1, 0, 0
2721214, 540672, 1, 0, 0
2721464, 507904, 1, 0, 0
2721714, 641542, 1, 0, 0
2721964, 638976, 1, 0, 0
2722214, 180224, 1, 0, 0
2722464, 409600, 1, 0, 0
2722714, 524288, 1, 0, 0
2722964, 524288, 1, 0, 0
2723214, 671744, 1, 0, 0
2723464, 114688, 1, 0, 0
2723714, 98304, 1, 0, 0
2723965, 409600, 1, 0, 0
2724214, 657991, 1, 0, 0
2724464, 360448, 1, 0, 0
2724714, 671744, 1, 0, 0
2724964, 344064, 1, 0, 0
2725214, 344064, 1, 0, 0
2725464, 622592, 1, 0, 0
2725714, 442368, 1, 0, 0
2725964, 542843, 1, 0, 0
2726214, 425984, 1, 0, 0
2726464, 212992, 1, 0, 0
2726714, 475136, 1, 0, 0
2726964, 114688, 1, 0, 0
2727214, 294912, 1, 0, 0
2727464, 245760, 1, 0, 0
2727714, 65536, 1, 0, 0
2727964, 442368, 1, 0, 0
2728214, 230297, 1, 0, 0
2728464, 311296, 1, 0, 0
2728714, 868352, 1, 0, 0
2728964, 638976, 1, 0, 0
2729214, 819200, 1, 0, 0
2729464, 901120, 1, 0, 0
2729714, 753664, 1, 0, 0
2729964, 737280, 1, 0, 0
2730214, 589824, 1, 0, 0
2730464, 524288, 1, 0, 0
2730714, 378345, 1, 0, 0
2730964, 425984, 1, 0, 0
2731214, 507904, 1, 0, 0
2731464, 638976, 1, 0, 0
2731714, 294912, 1, 0, 0
2731964, 344064, 1, 0, 0
2732214, 835584, 1, 0, 0
2732464, 327680, 1, 0, 0
2732714, 98304, 1, 0, 0
2732964, 98698, 1, 0, 0
2733214, 524288, 1, 0, 0
2733464, 442368, 1, 0, 0
2733714, 425984, 1, 0, 0
2733964, 638976, 1, 0, 0
2734214, 868352, 1, 0, 0
2734464, 720896, 1, 0, 0
2734714, 720896, 1, 0, 0
2734964, 606208, 1, 0, 0
2735215, 360448, 1, 0, 0
2735464, 378345, 1, 0, 0
2735714, 589824, 1, 0, 0
2735964, 507904, 1, 0, 0
2736214, 557056, 1, 0, 0
2736464, 917504, 1, 0, 0
2736714, 737280, 1, 0, 0
2736964, 606208, 1, 0, 0
2737214, 425984, 1, 0, 0
2737464, 442368, 1, 0, 0
2737714, 806040, 1, 0, 0
2737964, 606208, 1, 0, 0
2738214, 819200, 1, 0, 0
2738464, 540672, 1, 0, 0
2738714, 1163264, 1, 0, 0
2738964, 819200, 1, 0, 0
2739214, 491520, 1, 0, 0
2739464, 1032192, 1, 0, 0
2739714, 573440, 1, 0, 0
2739964, 559293, 1, 0, 0
2740214, 393216, 1, 0, 0
2740464, 802816, 1, 0, 0
2740714, 606208, 1, 0, 0
2740964, 819200, 1, 0, 0
2741214, 491520, 1, 0, 0
2741464, 638976, 1, 0, 0
2741714, 606208, 1, 0, 0
2741964, 507904, 1, 0, 0
2742215, 999424, 1, 0, 0
2742464, 1151485, 1, 0, 0
2742714, 786432, 1, 0, 0
2742964, 1114112, 1, 0, 0
2743214, 1015808, 1, 0, 0
2743464, 196608, 1, 0, 0
2743714, 278528, 1, 0, 0
2743964, 802816, 1, 0, 0
2744214, 1015808, 1, 0, 0
2744464, 720896, 1, 0, 0
2744714, 871839, 1, 0, 0
2744964, 720896, 1, 0, 0
2745214, 851968, 1, 0, 0
2745464, 753664, 1, 0, 0
2745714, 868352, 1, 0, 0
2745964, 1146880, 1, 0, 0
2746214, 720896, 1, 0, 0
2746464, 819200, 1, 0, 0
2746714, 540672, 1, 0, 0
2746964, 376832, 1, 0, 0
2747214, 345445, 1, 0, 0
2747464, 524288, 1, 0, 0
2747714, 638976, 1, 0, 0
2747964, 851968, 1, 0, 0
2748214, 606208, 1, 0, 0
2748464, 540672, 1, 0, 0
2748714, 393216, 1, 0, 0
2748964, 557056, 1, 0, 0
2749214, 606208, 1, 0, 0
2749464, 246746, 1, 0, 0
2749714, 1310720, 1, 0, 0
2749964, 802816, 1, 0, 0
2750214, 393216, 1, 0, 0
2750464, 278528, 1, 0, 0
2750714, 737280, 1, 0, 0
2750964, 622592, 1, 0, 0
2751214, 884736, 1, 0, 0
2751464, 540672, 1, 0, 0
2751715, 966656, 1, 0, 0
2751964, 279646, 1, 0, 0
2752214, 507904, 1, 0, 0
2752464, 425984, 1, 0, 0
2752714, 589824, 1, 0, 0
2752964, 475136, 1, 0, 0
2753214, 311296, 1, 0, 0
2753464, 360448, 1, 0, 0
2753714, 704512, 1, 0, 0
2753964, 638976, 1, 0, 0
2754214, 921188, 1, 0, 0
2754464, 491520, 1, 0, 0
2754714, 540672, 1, 0, 0
2754964, 802816, 1, 0, 0
2755214, 983040, 1, 0, 0
2755464, 622592, 1, 0, 0
2755714, 737280, 1, 0, 0
2755964, 491520, 1, 0, 0
2756214, 1425408, 1, 0, 0
2756464, 904738, 1, 0, 0
2756714, 507904, 1, 0, 0
2756964, 196608, 1, 0, 0
2757214, 1097728, 1, 0, 0
2757464, 671744, 1, 0, 0
2757714, 376832, 1, 0, 0
2757964, 311296, 1, 0, 0
2758214, 770048, 1, 0, 0
2758464, 606208, 1, 0, 0
2758714, 542843, 1, 0, 0
2758964, 573440, 1, 0, 0
2759214, 294912, 1, 0, 0
2759464, 1048576, 1, 0, 0
2759714, 983040, 1, 0, 0
2759964, 1015808, 1, 0, 0
2760214, 720896, 1, 0, 0
2760464, 212992, 1, 0, 0
2760714, 573440, 1, 0, 0
2760964, 756690, 1, 0, 0
2761214, 360448, 1, 0, 0
2761464, 540672, 1, 0, 0
2761714, 475136, 1, 0, 0
2761964, 786432, 1, 0, 0
2762214, 786432, 1, 0, 0
2762464, 622592, 1, 0, 0
2762714, 704512, 1, 0, 0
2762964, 1097728, 1, 0, 0
2763214, 1414682, 1, 0, 0
2763464, 1638400, 1, 0, 0
2763714, 475136, 1, 0, 0
2763964, 606208, 1, 0, 0
2764214, 622592, 1, 0, 0
2764464, 688128, 1, 0, 0
2764714, 425984, 1, 0, 0
2764964, 524288, 1, 0, 0
2765214, 294912, 1, 0, 0
2765464, 884736, 1, 0, 0
2765714, 723791, 1, 0, 0
2765964, 688128, 1, 0, 0
2766214, 294912, 1, 0, 0
2766464, 606208, 1, 0, 0
2766714, 409600, 1, 0, 0
2766964, 196608, 1, 0, 0
2767214, 704512, 1, 0, 0
2767464, 770048, 1, 0, 0
2767714, 950272, 1, 0, 0
2767964, 888289, 1, 0, 0
2768214, 655360, 1, 0, 0
2768464, 638976, 1, 0, 0
2768714, 884736, 1, 0, 0
2768964, 638976, 1, 0, 0
2769214, 638976, 1, 0, 0
2769464, 540672, 1, 0, 0
2769714, 933888, 1, 0, 0
2769964, 838939, 1, 0, 0
2770214, 557056, 1, 0, 0
2770464, 557056, 1, 0, 0
2770714, 999424, 1, 0, 0
2770964, 540672, 1, 0, 0
2771214, 589824, 1, 0, 0
2771464, 606208, 1, 0, 0
2771714, 1064960, 1, 0, 0
2771964, 770048, 1, 0, 0
2772214, 789590, 1, 0, 0
2772464, 819200, 1, 0, 0
2772714, 704512, 1, 0, 0
2772964, 950272, 1, 0, 0
2773214, 819200, 1, 0, 0
2773464, 540672, 1, 0, 0
2773714, 1310720, 1, 0, 0
2773964, 835584, 1, 0, 0
2774214, 983040, 1, 0, 0
2774464, 970538, 1, 0, 0
2774714, 868352, 1, 0, 0
2774964, 737280, 1, 0, 0
2775214, 1015808, 1, 0, 0
2775464, 704512, 1, 0, 0
2775714, 901120, 1, 0, 0
2775964, 770048, 1, 0, 0
2776214, 655360, 1, 0, 0
2776464, 425984, 1, 0, 0
2776714, 575742, 1, 0, 0
2776964, 638976, 1, 0, 0
2777214, 491520, 1, 0, 0
2777464, 966656, 1, 0, 0
2777714, 557056, 1, 0, 0
2777964, 688128, 1, 0, 0
2778214, 442368, 1, 0, 0
2778464, 917504, 1, 0, 0
2778714, 753664, 1, 0, 0
2778964, 1163264, 1, 0, 0
2779214, 608642, 1, 0, 0
2779464, 884736, 1, 0, 0
2779714, 950272, 1, 0, 0
2779964, 1064960, 1, 0, 0
2780214, 966656, 1, 0, 0
2780464, 884736, 1, 0, 0
2780714, 688128, 1, 0, 0
2780964, 819200, 1, 0, 0
2781214, 753664, 1, 0, 0
2781464, 524288, 1, 0, 0
2781714, 822489, 1, 0, 0
2781964, 507904, 1, 0, 0
2782214, 1064960, 1, 0, 0
2782464, 851968, 1, 0, 0
2782714, 819200, 1, 0, 0
2782964, 638976, 1, 0, 0
2783214, 999424, 1, 0, 0
2783464, 622592, 1, 0, 0
2783714, 671744, 1, 0, 0
2783964, 917504, 1, 0, 0
2784214, 625092, 1, 0, 0
2784464, 1032192, 1, 0, 0
2784714, 704512, 1, 0, 0
2784964, 606208, 1, 0, 0
2785214, 655360, 1, 0, 0
2785464, 999424, 1, 0, 0
2785714, 851968, 1, 0, 0
2785964, 868352, 1, 0, 0
2786214, 999424, 1, 0, 0
2786464, 999424, 1, 0, 0
2786714, 444144, 1, 0, 0
2786964, 720896, 1, 0, 0
2787214, 1081344, 1, 0, 0
2787464, 933888, 1, 0, 0
2787714, 737280, 1, 0, 0
2787964, 901120, 1, 0, 0
2788214, 720896, 1, 0, 0
2788464, 245760, 1, 0, 0
2788714, 589824, 1, 0, 0
2788964, 1167935, 1, 0, 0
2789214, 1327104, 1, 0, 0
2789464, 1196032, 1, 0, 0
2789714, 966656, 1, 0, 0
2789964, 983040, 1, 0, 0
2790214, 753664, 1, 0, 0
2790464, 917504, 1, 0, 0
2790714, 229376, 1, 0, 0
2790964, 851968, 1, 0, 0
2791214, 671744, 1, 0, 0
2791464, 442368, 1, 0, 0
2791714, 756690, 1, 0, 0
2791964, 819200, 1, 0, 0
2792214, 622592, 1, 0, 0
2792464, 393216, 1, 0, 0
2792714, 589824, 1, 0, 0
2792964, 851968, 1, 0, 0
2793214, 737280, 1, 0, 0
2793464, 966656, 1, 0, 0
2793714, 884736, 1, 0, 0
2793965, 720896, 1, 0, 0
2794214, 789590, 1, 0, 0
2794464, 737280, 1, 0, 0
2794714, 409600, 1, 0, 0
2794964, 737280, 1, 0, 0
2795214, 786432, 1, 0, 0
2795464, 868352, 1, 0, 0
2795714, 753664, 1, 0, 0
2795964, 655360, 1, 0, 0
2796215, 753664, 1, 0, 0
2796464, 822489, 1, 0, 0
2796714, 425984, 1, 0, 0
2796964, 409600, 1, 0, 0
2797214, 524288, 1, 0, 0
2797464, 589824, 1, 0, 0
2797714, 524288, 1, 0, 0
2797964, 573440, 1, 0, 0
2798214, 770048, 1, 0, 0
2798464, 559293, 1, 0, 0
2798714, 655360, 1, 0, 0
2798964, 835584, 1, 0, 0
2799214, 933888, 1, 0, 0
2799464, 1048576, 1, 0, 0
2799714, 655360, 1, 0, 0
2799964, 802816, 1, 0, 0
2800214, 851968, 1, 0, 0
2800464, 589824, 1, 0, 0
2800714, 638976, 1, 0, 0
2800964, 740240, 1, 0, 0
2801214, 851968, 1, 0, 0
2801464, 589824, 1, 0, 0
2801714, 409600, 1, 0, 0
2801964, 1064960, 1, 0, 0
2802214, 819200, 1, 0, 0
2802464, 557056, 1, 0, 0
2802714, 147456, 1, 0, 0
2802964, 589824, 1, 0, 0
2803215, 294912, 1, 0, 0
2803464, 707341, 1, 0, 0
2803714, 884736, 1, 0, 0
2803964, 884736, 1, 0, 0
2804214, 753664, 1, 0, 0
2804464, 458752, 1, 0, 0
2804714, 557056, 1, 0, 0
2804964, 999424, 1, 0, 0
2805214, 786432, 1, 0, 0
2805464, 475136, 1, 0, 0
2805714, 509943, 1, 0, 0
2805964, 409600, 1, 0, 0
2806214, 851968, 1, 0, 0
2806464, 819200, 1, 0, 0
2806714, 688128, 1, 0, 0
2806964, 704512, 1, 0, 0
2807214, 638976, 1, 0, 0
2807464, 970538, 1, 0, 0
2807714, 688128, 1, 0, 0
2807964, 589824, 1, 0, 0
2808214, 1032192, 1, 0, 0
2808464, 753664, 1, 0, 0
2808714, 704512, 1, 0, 0
2808964, 704512, 1, 0, 0
2809214, 851968, 1, 0, 0
2809464, 671744, 1, 0, 0
2809714, 1163264, 1, 0, 0
2809964, 838939, 1, 0, 0
2810214, 98304, 1, 0, 0
2810464, 524288, 1, 0, 0
2810714, 1032192, 1, 0, 0
2810964, 868352, 1, 0, 0
2811214, 786432, 1, 0, 0
2811464, 458752, 1, 0, 0
2811714, 983040, 1, 0, 0
2811964, 966656, 1, 0, 0
2812214, 1085686, 1, 0, 0
2812464, 770048, 1, 0, 0
2812714, 917504, 1, 0, 0
2812964, 753664, 1, 0, 0
2813214, 1179648, 1, 0, 0
2813464, 737280, 1, 0, 0
2813714, 753664, 1, 0, 0
2813964, 933888, 1, 0, 0
2814215, 966656, 1, 0, 0
2814464, 871839, 1, 0, 0
2814714, 966656, 1, 0, 0
2814964, 671744, 1, 0, 0
2815214, 1179648, 1, 0, 0
2815464, 1294336, 1, 0, 0
2815714, 1179648, 1, 0, 0
2815964, 737280, 1, 0, 0
2816214, 835584, 1, 0, 0
2816464, 835584, 1, 0, 0
2816714, 822489, 1, 0, 0
2816964, 688128, 1, 0, 0
2817214, 589824, 1, 0, 0
2817464, 1146880, 1, 0, 0
2817714, 1032192, 1, 0, 0
2817964, 507904, 1, 0, 0
2818214, 868352, 1, 0, 0
2818464, 802816, 1, 0, 0
2818714, 835584, 1, 0, 0
2818964, 1332433, 1, 0, 0
2819214, 851968, 1, 0, 0
2819464, 458752, 1, 0, 0
2819714, 1343488, 1, 0, 0
2819964, 622592, 1, 0, 0
2820214, 835584, 1, 0, 0
2820464, 589824, 1, 0, 0
2820714, 1163264, 1, 0, 0
2820964, 851968, 1, 0, 0
2821214, 1359872, 1, 0, 0
2821464, 986987, 1, 0, 0
2821714, 753664, 1, 0, 0
2821964, 1146880, 1, 0, 0
2822214, 802816, 1, 0, 0
2822464, 458752, 1, 0, 0
2822714, 671744, 1, 0, 0
2822964, 1261568, 1, 0, 0
2823214, 999424, 1, 0, 0
2823464, 638976, 1, 0, 0
2823714, 542843, 1, 0, 0
2823964, 425984, 1, 0, 0
2824214, 737280, 1, 0, 0
2824464, 655360, 1, 0, 0
2824714, 1015808, 1, 0, 0
2824964, 819200, 1, 0, 0
2825214, 819200, 1, 0, 0
2825464, 983040, 1, 0, 0
2825714, 475136, 1, 0, 0
2825963, 509943, 1, 0, 0
2826214, 966656, 1, 0, 0
2826464, 573440, 1, 0, 0
2826714, 606208, 1, 0, 0
2826964, 671744, 1, 0, 0
2827214, 720896, 1, 0, 0
2827464, 737280, 1, 0, 0
2827714, 409600, 1, 0, 0
2827964, 524288, 1, 0, 0
2828214, 884736, 1, 0, 0
2828464, 954088, 1, 0, 0
2828714, 819200, 1, 0, 0
2828964, 950272, 1, 0, 0
2829214, 1064960, 1, 0, 0
2829464, 1163264, 1, 0, 0
2829714, 835584, 1, 0, 0
2829964, 671744, 1, 0, 0
2830214, 589824, 1, 0, 0
2830464, 802816, 1, 0, 0
2830715, 786432, 1, 0, 0
2830964, 674441, 1, 0, 0
2831214, 786432, 1, 0, 0
2831464, 409600, 1, 0, 0
2831714, 966656, 1, 0, 0
2831964, 819200, 1, 0, 0
2832214, 966656, 1, 0, 0
2832464, 557056, 1, 0, 0
2832714, 524288, 1, 0, 0
2832964, 573440, 1, 0, 0
2833214, 707341, 1, 0, 0
2833464, 458752, 1, 0, 0
2833714, 311296, 1, 0, 0
2833964, 540672, 1, 0, 0
2834214, 622592, 1, 0, 0
2834464, 1064960, 1, 0, 0
2834714, 983040, 1, 0, 0
2834964, 966656, 1, 0, 0
2835214, 851968, 1, 0, 0
2835464, 871839, 1, 0, 0
2835714, 819200, 1, 0, 0
2835964, 1097728, 1, 0, 0
2836214, 720896, 1, 0, 0
2836464, 901120, 1, 0, 0
2836714, 901120, 1, 0, 0
2836964, 638976, 1, 0, 0
2837214, 1015808, 1, 0, 0
2837464, 1130496, 1, 0, 0
2837714, 773140, 1, 0, 0
2837964, 901120, 1, 0, 0
2838214, 770048, 1, 0, 0
2838464, 720896, 1, 0, 0
2838714, 720896, 1, 0, 0
2838964, 753664, 1, 0, 0
2839214, 901120, 1, 0, 0
2839464, 753664, 1, 0, 0
2839714, 1081344, 1, 0, 0
2839964, 868352, 1, 0, 0
2840214, 1019887, 1, 0, 0
2840464, 704512, 1, 0, 0
2840714, 638976, 1, 0, 0
2840964, 786432, 1, 0, 0
2841214, 507904, 1, 0, 0
2841464, 753664, 1, 0, 0
2841714, 376832, 1, 0, 0
2841964, 737280, 1, 0, 0
2842214, 1064960, 1, 0, 0
2842464, 641542, 1, 0, 0
2842714, 835584, 1, 0, 0
2842964, 540672, 1, 0, 0
2843214, 753664, 1, 0, 0
2843464, 1114112, 1, 0, 0
2843714, 917504, 1, 0, 0
2843964, 966656, 1, 0, 0
2844214, 819200, 1, 0, 0
2844464, 409600, 1, 0, 0
2844714, 838939, 1, 0, 0
2844964, 491520, 1, 0, 0
2845214, 114688, 1, 0, 0
2845464, 344064, 1, 0, 0
2845714, 720896, 1, 0, 0
2845964, 770048, 1, 0, 0
2846214, 557056, 1, 0, 0
2846464, 1114112, 1, 0, 0
2846714, 1064960, 1, 0, 0
2846964, 855389, 1, 0, 0
2847214, 409600, 1, 0, 0
2847464, 589824, 1, 0, 0
2847714, 475136, 1, 0, 0
2847964, 819200, 1, 0, 0
2848214, 606208, 1, 0, 0
2848464, 737280, 1, 0, 0
2848714, 507904, 1, 0, 0
2848964, 589824, 1, 0, 0
2849214, 933888, 1, 0, 0
2849464, 411244, 1, 0, 0
2849714, 868352, 1, 0, 0
2849964, 344064, 1, 0, 0
2850214, 540672, 1, 0, 0
2850464, 180224, 1, 0, 0
2850714, 557056, 1, 0, 0
2850964, 360448, 1, 0, 0
2851214, 212992, 1, 0, 0
2851464, 1064960, 1, 0, 0
2851714, 460594, 1, 0, 0
2851964, 376832, 1, 0, 0
2852214, 622592, 1, 0, 0
2852464, 917504, 1, 0, 0
2852714, 655360, 1, 0, 0
2852964, 589824, 1, 0, 0
2853214, 770048, 1, 0, 0
2853464, 638976, 1, 0, 0
2853714, 425984, 1, 0, 0
2853964, 954088, 1, 0, 0
2854214, 851968, 1, 0, 0
2854464, 983040, 1, 0, 0
2854714, 1228800, 1, 0, 0
2854964, 1196032, 1, 0, 0
2855214, 950272, 1, 0, 0
2855464, 1032192, 1, 0, 0
2855714, 999424, 1, 0, 0
2855964, 786432, 1, 0, 0
2856215, 671744, 1, 0, 0
2856464, 657991, 1, 0, 0
2856714, 1048576, 1, 0, 0
2856964, 1327104, 1, 0, 0
2857214, 1359872, 1, 0, 0
2857464, 1015808, 1, 0, 0
2857714, 1638400, 1, 0, 0
2857964, 1736704, 1, 0, 0
2858214, 720896, 1, 0, 0
2858464, 1900544, 1, 0, 0
2858714, 1727228, 1, 0, 0
2858964, 1376256, 1, 0, 0
2859214, 966656, 1, 0, 0
2859464, 1277952, 1, 0, 0
2859714, 966656, 1, 0, 0
2859964, 999424, 1, 0, 0
2860214, 950272, 1, 0, 0
2860464, 933888, 1, 0, 0
2860714, 737280, 1, 0, 0
2860964, 1277952, 1, 0, 0
2861214, 1167935, 1, 0, 0
2861464, 1687552, 1, 0, 0
2861714, 1753088, 1, 0, 0
2861964, 737280, 1, 0, 0
2862214, 1523712, 1, 0, 0
2862464, 1622016, 1, 0, 0
2862714, 524288, 1, 0, 0
2862964, 1081344, 1, 0, 0
2863214, 1474560, 1, 0, 0
2863464, 1081344, 1, 0, 0
2863714, 904738, 1, 0, 0
2863964, 425984, 1, 0, 0
2864214, 638976, 1, 0, 0
2864464, 1392640, 1, 0, 0
2864714, 1015808, 1, 0, 0
2864964, 311296, 1, 0, 0
2865214, 311296, 1, 0, 0
2865464, 1114112, 1, 0, 0
2865714, 1097728, 1, 0, 0
2865964, 477044, 1, 0, 0
2866214, 1163264, 1, 0, 0
2866464, 1392640, 1, 0, 0
2866714, 1097728, 1, 0, 0
2866964, 1081344, 1, 0, 0
2867214, 1032192, 1, 0, 0
2867464, 1081344, 1, 0, 0
2867714, 1179648, 1, 0, 0
2867964, 1343488, 1, 0, 0
2868214, 1556480, 1, 0, 0
2868464, 559293, 1, 0, 0
2868714, 1196032, 1, 0, 0
2868964, 655360, 1, 0, 0
2869214, 1392640, 1, 0, 0
2869464, 1425408, 1, 0, 0
2869714, 1785856, 1, 0, 0
2869964, 1310720, 1, 0, 0
2870214, 1425408, 1, 0, 0
2870464, 1283084, 1, 0, 0
2870714, 999424, 1, 0, 0
2870964, 1916928, 1, 0, 0
2871214, 1441792, 1, 0, 0
2871464, 1130496, 1, 0, 0
2871714, 933888, 1, 0, 0
2871964, 1507328, 1, 0, 0
2872214, 1425408, 1, 0, 0
2872464, 884736, 1, 0, 0
2872714, 622592, 1, 0, 0
2872964, 1283084, 1, 0, 0
2873214, 1310720, 1, 0, 0
2873464, 1048576, 1, 0, 0
2873714, 622592, 1, 0, 0
2873964, 1146880, 1, 0, 0
2874214, 1146880, 1, 0, 0
2874464, 1540096, 1, 0, 0
2874714, 819200, 1, 0, 0
2874964, 933888, 1, 0, 0
2875214, 1261568, 1, 0, 0
2875464, 1184385, 1, 0, 0
2875714, 1671168, 1, 0, 0
2875964, 1228800, 1, 0, 0
2876214, 1146880, 1, 0, 0
2876464, 1130496, 1, 0, 0
2876714, 917504, 1, 0, 0
2876964, 638976, 1, 0, 0
2877214, 655360, 1, 0, 0
2877464, 851968, 1, 0, 0
2877715, 1245184, 1, 0, 0
2877964, 822489, 1, 0, 0
2878214, 524288, 1, 0, 0
2878464, 1130496, 1, 0, 0
2878714, 1245184, 1, 0, 0
2878964, 1261568, 1, 0, 0
2879214, 950272, 1, 0, 0
2879464, 688128, 1, 0, 0
2879714, 606208, 1, 0, 0
2879964, 360448, 1, 0, 0
2880214, 855389, 1, 0, 0
2880464, 1179648, 1, 0, 0
2880714, 1409024, 1, 0, 0
2880964, 901120, 1, 0, 0
2881214, 1540096, 1, 0, 0
2881464, 1392640, 1, 0, 0
2881714, 1458176, 1, 0, 0
2881964, 999424, 1, 0, 0
2882214, 1146880, 1, 0, 0
2882464, 1130496, 1, 0, 0
2882714, 1628530, 1, 0, 0
2882964, 1654784, 1, 0, 0
2883214, 1392640, 1, 0, 0
2883464, 1114112, 1, 0, 0
2883714, 1523712, 1, 0, 0
2883964, 1785856, 1, 0, 0
2884214, 1196032, 1, 0, 0
2884464, 770048, 1, 0, 0
2884714, 851968, 1, 0, 0
2884964, 1343488, 1, 0, 0
2885214, 1332433, 1, 0, 0
2885464, 1753088, 1, 0, 0
2885714, 1392640, 1, 0, 0
2885964, 753664, 1, 0, 0
2886214, 1146880, 1, 0, 0
2886464, 835584, 1, 0, 0
2886714, 1032192, 1, 0, 0
2886964, 1671168, 1, 0, 0
2887214, 1081344, 1, 0, 0
2887464, 1130496, 1, 0, 0
2887714, 1184385, 1, 0, 0
2887964, 1998848, 1, 0, 0
2888214, 2113536, 1, 0, 0
2888464, 1720320, 1, 0, 0
2888714, 1556480, 1, 0, 0
2888964, 1654784, 1, 0, 0
2889214, 1507328, 1, 0, 0
2889464, 1835008, 1, 0, 0
2889714, 1228800, 1, 0, 0
2889964, 970538, 1, 0, 0
2890214, 1097728, 1, 0, 0
2890464, 1409024, 1, 0, 0
2890714, 1867776, 1, 0, 0
2890964, 1900544, 1, 0, 0
2891214, 1081344, 1, 0, 0
2891464, 753664, 1, 0, 0
2891714, 1540096, 1, 0, 0
2891964, 835584, 1, 0, 0
2892214, 1966080, 1, 0, 0
2892464, 1217285, 1, 0, 0
2892714, 999424, 1, 0, 0
2892964, 1146880, 1, 0, 0
2893214, 1556480, 1, 0, 0
2893464, 1294336, 1, 0, 0
2893714, 1720320, 1, 0, 0
2893964, 1802240, 1, 0, 0
2894214, 868352, 1, 0, 0
2894464, 1802240, 1, 0, 0
2894714, 1392640, 1, 0, 0
2894964, 1562730, 1, 0, 0
2895214, 1933312, 1, 0, 0
2895464, 1982464, 1, 0, 0
2895714, 819200, 1, 0, 0
2895964, 770048, 1, 0, 0
2896214, 1572864, 1, 0, 0
2896464, 1015808, 1, 0, 0
2896714, 688128, 1, 0, 0
2896964, 802816, 1, 0, 0
2897214, 1474560, 1, 0, 0
2897464, 1348883, 1, 0, 0
2897714, 1556480, 1, 0, 0
2897964, 983040, 1, 0, 0
2898214, 1196032, 1, 0, 0
2898464, 1179648, 1, 0, 0
2898714, 671744, 1, 0, 0
2898964, 1228800, 1, 0, 0
2899214, 917504, 1, 0, 0
2899464, 1458176, 1, 0, 0
2899714, 1496931, 1, 0, 0
2899964, 1458176, 1, 0, 0
2900214, 1507328, 1, 0, 0
2900464, 1556480, 1, 0, 0
2900714, 1064960, 1, 0, 0
2900964, 1802240, 1, 0, 0
2901214, 1359872, 1, 0, 0
2901464, 1146880, 1, 0, 0
2901714, 1572864, 1, 0, 0
2901964, 1933312, 1, 0, 0
2902214, 1760128, 1, 0, 0
2902464, 1884160, 1, 0, 0
2902714, 1261568, 1, 0, 0
2902964, 1425408, 1, 0, 0
2903214, 1703936, 1, 0, 0
2903464, 1851392, 1, 0, 0
2903714, 1081344, 1, 0, 0
2903964, 1441792, 1, 0, 0
2904214, 1228800, 1, 0, 0
2904464, 1556480, 1, 0, 0
2904714, 1595630, 1, 0, 0
2904964, 1097728, 1, 0, 0
2905214, 1785856, 1, 0, 0
2905464, 1310720, 1, 0, 0
2905714, 1884160, 1, 0, 0
2905964, 1785856, 1, 0, 0
2906214, 1507328, 1, 0, 0
2906464, 1294336, 1, 0, 0
2906714, 901120, 1, 0, 0
2906964, 1687552, 1, 0, 0
2907214, 2105574, 1, 0, 0
2907464, 1769472, 1, 0, 0
2907714, 720896, 1, 0, 0
2907964, 1982464, 1, 0, 0
2908214, 1769472, 1, 0, 0
2908464, 1261568, 1, 0, 0
2908714, 1916928, 1, 0, 0
2908964, 868352, 1, 0, 0
2909214, 1474560, 1, 0, 0
2909465, 1228800, 1, 0, 0
2909714, 2105574, 1, 0, 0
2909964, 1048576, 1, 0, 0
2910214, 1540096, 1, 0, 0
2910464, 1654784, 1, 0, 0
2910714, 1474560, 1, 0, 0
2910964, 1671168, 1, 0, 0
2911214, 1245184, 1, 0, 0
2911464, 1392640, 1, 0, 0
2911714, 1556480, 1, 0, 0
2911964, 904738, 1, 0, 0
2912214, 1392640, 1, 0, 0
2912464, 2293760, 1, 0, 0
2912714, 1654784, 1, 0, 0
2912964, 1474560, 1, 0, 0
2913214, 1212416, 1, 0, 0
2913464, 1949696, 1, 0, 0
2913714, 1572864, 1, 0, 0
2913964, 425984, 1, 0, 0
2914214, 999424, 1, 0, 0
2914464, 921188, 1, 0, 0
2914714, 2097152, 1, 0, 0
2914964, 1392640, 1, 0, 0
2915214, 1720320, 1, 0, 0
2915464, 671744, 1, 0, 0
2915714, 753664, 1, 0, 0
2915964, 1048576, 1, 0, 0
2916214, 1327104, 1, 0, 0
2916464, 1490944, 1, 0, 0
2916715, 802816, 1, 0, 0
2916964, 1694329, 1, 0, 0
2917214, 1425408, 1, 0, 0
2917464, 1769472, 1, 0, 0
2917714, 917504, 1, 0, 0
2917964, 999424, 1, 0, 0
2918214, 1671168, 1, 0, 0
2918464, 950272, 1, 0, 0
2918714, 819200, 1, 0, 0
2918964, 1245184, 1, 0, 0
2919214, 1464032, 1, 0, 0
2919464, 868352, 1, 0, 0
2919714, 901120, 1, 0, 0
2919964, 1163264, 1, 0, 0
2920214, 1081344, 1, 0, 0
2920464, 1163264, 1, 0, 0
2920714, 1196032, 1, 0, 0
2920964, 1048576, 1, 0, 0
2921214, 1720320, 1, 0, 0
2921464, 1760128, 1, 0, 0
2921714, 1343488, 1, 0, 0
2921964, 1425408, 1, 0, 0
2922214, 1392640, 1, 0, 0
2922464, 1753088, 1, 0, 0
2922714, 1720320, 1, 0, 0
2922964, 1392640, 1, 0, 0
2923214, 1163264, 1, 0, 0
2923464, 1310720, 1, 0, 0
2923714, 1310720, 1, 0, 0
2923964, 1200835, 1, 0, 0
2924214, 1294336, 1, 0, 0
2924464, 1310720, 1, 0, 0
2924714, 1802240, 1, 0, 0
2924964, 1441792, 1, 0, 0
2925214, 1163264, 1, 0, 0
2925464, 1835008, 1, 0, 0
2925714, 1261568, 1, 0, 0
2925964, 1425408, 1, 0, 0
2926215, 1343488, 1, 0, 0
2926464, 1480481, 1, 0, 0
2926714, 1441792, 1, 0, 0
2926964, 1130496, 1, 0, 0
2927214, 1097728, 1, 0, 0
2927464, 1359872, 1, 0, 0
2927714, 1228800, 1, 0, 0
2927964, 1556480, 1, 0, 0
2928214, 884736, 1, 0, 0
2928464, 901120, 1, 0, 0
2928714, 1392640, 1, 0, 0
2928964, 1941076, 1, 0, 0
2929214, 1015808, 1, 0, 0
2929464, 753664, 1, 0, 0
2929714, 1114112, 1, 0, 0
2929964, 1015808, 1, 0, 0
2930214, 868352, 1, 0, 0
2930464, 933888, 1, 0, 0
2930714, 753664, 1, 0, 0
2930964, 950272, 1, 0, 0
2931214, 1052787, 1, 0, 0
2931464, 180224, 1, 0, 0
2931714, 950272, 1, 0, 0
2931964, 1310720, 1, 0, 0
2932214, 1048576, 1, 0, 0
2932464, 1163264, 1, 0, 0
2932714, 688128, 1, 0, 0
2932964, 737280, 1, 0, 0
2933214, 507904, 1, 0, 0
2933464, 1217285, 1, 0, 0
2933714, 1081344, 1, 0, 0
2933964, 1343488, 1, 0, 0
2934214, 737280, 1, 0, 0
2934464, 704512, 1, 0, 0
2934715, 655360, 1, 0, 0
2934965, 901120, 1, 0, 0
2935214, 789590, 1, 0, 0
2935464, 557056, 1, 0, 0
2935714, 1916928, 1, 0, 0
2935964, 1130496, 1, 0, 0
2936214, 1261568, 1, 0, 0
2936464, 966656, 1, 0, 0
2936714, 1064960, 1, 0, 0
2936964, 1409024, 1, 0, 0
2937214, 1200835, 1, 0, 0
2937464, 1114112, 1, 0, 0
2937714, 704512, 1, 0, 0
2937964, 1081344, 1, 0, 0
2938214, 1441792, 1, 0, 0
2938464, 1228800, 1, 0, 0
2938714, 1179648, 1, 0, 0
2938964, 1146880, 1, 0, 0
2939214, 901120, 1, 0, 0
2939465, 1032192, 1, 0, 0
2939714, 1069236, 1, 0, 0
2939964, 835584, 1, 0, 0
2940214, 1392640, 1, 0, 0
2940464, 950272, 1, 0, 0
2940714, 950272, 1, 0, 0
2940964, 1163264, 1, 0, 0
2941214, 1818624, 1, 0, 0
2941464, 1425408, 1, 0, 0
2941714, 1184385, 1, 0, 0
2941964, 1490944, 1, 0, 0
2942214, 1638400, 1, 0, 0
2942464, 1212416, 1, 0, 0
2942714, 1490944, 1, 0, 0
2942964, 1392640, 1, 0, 0
2943214, 1245184, 1, 0, 0
2943464, 1048576, 1, 0, 0
2943714, 1212416, 1, 0, 0
2943964, 1556480, 1, 0, 0
2944214, 986987, 1, 0, 0
2944464, 524288, 1, 0, 0
2944714, 1081344, 1, 0, 0
2944964, 1523712, 1, 0, 0
2945214, 1572864, 1, 0, 0
2945464, 2080768, 1, 0, 0
2945714, 1654784, 1, 0, 0
2945964, 1474560, 1, 0, 0
2946214, 2064384, 1, 0, 0
2946464, 1228800, 1, 0, 0
2946714, 1431132, 1, 0, 0
2946964, 2015232, 1, 0, 0
2947214, 1769472, 1, 0, 0
2947464, 1507328, 1, 0, 0
2947714, 1081344, 1, 0, 0
2947964, 1589248, 1, 0, 0
2948214, 1392640, 1, 0, 0
2948464, 1842377, 1, 0, 0
2948714, 1753088, 1, 0, 0
2948964, 1032192, 1, 0, 0
2949214, 1572864, 1, 0, 0
2949464, 1392640, 1, 0, 0
2949714, 1114112, 1, 0, 0
2949964, 2408448, 1, 0, 0
2950214, 786432, 1, 0, 0
2950464, 1867776, 1, 0, 0
2950714, 1802240, 1, 0, 0
2950964, 2006875, 1, 0, 0
2951214, 1081344, 1, 0, 0
2951464, 1114112, 1, 0, 0
2951714, 1343488, 1, 0, 0
2951964, 950272, 1, 0, 0
2952214, 1720320, 1, 0, 0
2952464, 1769472, 1, 0, 0
2952714, 1228800, 1, 0, 0
2952964, 1884160, 1, 0, 0
2953214, 884736, 1, 0, 0
2953464, 838939, 1, 0, 0
2953714, 1785856, 1, 0, 0
2953964, 1376256, 1, 0, 0
2954214, 2162688, 1, 0, 0
2954464, 2277376, 1, 0, 0
2954714, 1114112, 1, 0, 0
2954964, 1818624, 1, 0, 0
2955214, 1343488, 1, 0, 0
2955464, 1589248, 1, 0, 0
2955714, 819200, 1, 0, 0
2955965, 1998848, 1, 0, 0
2956214, 822489, 1, 0, 0
2956464, 1343488, 1, 0, 0
2956714, 1818624, 1, 0, 0
2956964, 786432, 1, 0, 0
2957214, 1638400, 1, 0, 0
2957464, 1343488, 1, 0, 0
2957714, 2228224, 1, 0, 0
2957964, 2211840, 1, 0, 0
2958215, 1671168, 1, 0, 0
2958464, 1167935, 1, 0, 0
2958714, 1785856, 1, 0, 0
2958964, 1064960, 1, 0, 0
2959214, 917504, 1, 0, 0
2959464, 1228800, 1, 0, 0
2959714, 1884160, 1, 0, 0
2959964, 1818624, 1, 0, 0
2960214, 1130496, 1, 0, 0
2960464, 884736, 1, 0, 0
2960714, 1102136, 1, 0, 0
2960964, 1376256, 1, 0, 0
2961214, 1245184, 1, 0, 0
2961464, 1622016, 1, 0, 0
2961714, 1540096, 1, 0, 0
2961964, 1720320, 1, 0, 0
2962214, 1687552, 1, 0, 0
2962464, 1540096, 1, 0, 0
2962714, 1376256, 1, 0, 0
2962964, 1622016, 1, 0, 0
2963214, 1694329, 1, 0, 0
2963464, 1589248, 1, 0, 0
2963714, 1474560, 1, 0, 0
2963964, 999424, 1, 0, 0
2964214, 917504, 1, 0, 0
2964464, 1458176, 1, 0, 0
2964714, 1327104, 1, 0, 0
2964964, 1622016, 1, 0, 0
2965214, 1343488, 1, 0, 0
2965465, 753664, 1, 0, 0
2965714, 1809477, 1, 0, 0
2965964, 770048, 1, 0, 0
2966214, 704512, 1, 0, 0
2966464, 966656, 1, 0, 0
2966714, 1245184, 1, 0, 0
2966964, 1146880, 1, 0, 0
2967214, 917504, 1, 0, 0
2967464, 983040, 1, 0, 0
2967714, 1398232, 1, 0, 0
2967964, 1146880, 1, 0, 0
2968214, 1064960, 1, 0, 0
2968464, 1228800, 1, 0, 0
2968714, 1327104, 1, 0, 0
2968964, 1097728, 1, 0, 0
2969214, 1228800, 1, 0, 0
2969464, 1392640, 1, 0, 0
2969714, 1310720, 1, 0, 0
2969964, 966656, 1, 0, 0
2970214, 1151485, 1, 0, 0
2970464, 1146880, 1, 0, 0
2970714, 819200, 1, 0, 0
2970964, 1114112, 1, 0, 0
2971214, 1048576, 1, 0, 0
2971464, 622592, 1, 0, 0
2971714, 720896, 1, 0, 0
2971964, 688128, 1, 0, 0
2972214, 737280, 1, 0, 0
2972464, 723791, 1, 0, 0
2972714, 802816, 1, 0, 0
2972964, 1064960, 1, 0, 0
2973214, 491520, 1, 0, 0
2973464, 524288, 1, 0, 0
2973714, 966656, 1, 0, 0
2973964, 868352, 1, 0, 0
2974214, 671744, 1, 0, 0
2974464, 835584, 1, 0, 0
2974714, 786432, 1, 0, 0
2974964, 559293, 1, 0, 0
2975214, 737280, 1, 0, 0
2975464, 524288, 1, 0, 0
2975714, 344064, 1, 0, 0
2975964, 311296, 1, 0, 0
2976214, 81920, 1, 0, 0
2976464, 114688, 1, 0, 0
2976714, 573440, 1, 0, 0
2976964, 425984, 1, 0, 0
2977214, 707341, 1, 0, 0
2977464, 868352, 1, 0, 0
2977714, 376832, 1, 0, 0
2977964, 393216, 1, 0, 0
2978214, 344064, 1, 0, 0
2978464, 327680, 1, 0, 0
2978714, 475136, 1, 0, 0
2978964, 262144, 1, 0, 0
2979214, 720896, 1, 0, 0
2979464, 838939, 1, 0, 0
2979714, 557056, 1, 0, 0
2979964, 458752, 1, 0, 0
2980214, 917504, 1, 0, 0
2980464, 737280, 1, 0, 0
2980714, 720896, 1, 0, 0
2980964, 704512, 1, 0, 0
2981214, 622592, 1, 0, 0
2981464, 720896, 1, 0, 0
2981714, 789590, 1, 0, 0
2981964, 360448, 1, 0, 0
2982214, 589824, 1, 0, 0
2982464, 688128, 1, 0, 0
2982714, 851968, 1, 0, 0
2982964, 1114112, 1, 0, 0
2983214, 1064960, 1, 0, 0
2983464, 983040, 1, 0, 0
2983714, 851968, 1, 0, 0
2983964, 835584, 1, 0, 0
2984214, 855389, 1, 0, 0
2984464, 802816, 1, 0, 0
2984714, 589824, 1, 0, 0
2984964, 917504, 1, 0, 0
2985214, 425984, 1, 0, 0
2985464, 606208, 1, 0, 0
2985714, 1146880, 1, 0, 0
2985964, 901120, 1, 0, 0
2986214, 573440, 1, 0, 0
2986464, 509943, 1, 0, 0
2986714, 770048, 1, 0, 0
2986964, 573440, 1, 0, 0
2987214, 950272, 1, 0, 0
2987464, 819200, 1, 0, 0
2987714, 1064960, 1, 0, 0
2987964, 425984, 1, 0, 0
2988214, 671744, 1, 0, 0
2988464, 524288, 1, 0, 0
2988714, 622592, 1, 0, 0
2988964, 1069236, 1, 0, 0
2989214, 1097728, 1, 0, 0
2989464, 770048, 1, 0, 0
2989714, 901120, 1, 0, 0
2989964, 802816, 1, 0, 0
2990214, 770048, 1, 0, 0
2990464, 786432, 1, 0, 0
2990714, 557056, 1, 0, 0
2990964, 344064, 1, 0, 0
2991214, 361895, 1, 0, 0
2991464, 589824, 1, 0, 0
2991714, 753664, 1, 0, 0
2991964, 376832, 1, 0, 0
2992214, 1048576, 1, 0, 0
2992464, 1179648, 1, 0, 0
2992714, 999424, 1, 0, 0
2992964, 606208, 1, 0, 0
2993214, 983040, 1, 0, 0
2993465, 835584, 1, 0, 0
2993714, 559293, 1, 0, 0
2993964, 606208, 1, 0, 0
2994214, 999424, 1, 0, 0
2994464, 458752, 1, 0, 0
2994714, 933888, 1, 0, 0
2994964, 917504, 1, 0, 0
2995214, 720896, 1, 0, 0
2995464, 1064960, 1, 0, 0
2995714, 1474560, 1, 0, 0
2995964, 1283084, 1, 0, 0
2996214, 737280, 1, 0, 0
2996464, 983040, 1, 0, 0
2996714, 557056, 1, 0, 0
2996964, 1179648, 1, 0, 0
2997214, 622592, 1, 0, 0
2997464, 901120, 1, 0, 0
2997714, 737280, 1, 0, 0
2997964, 851968, 1, 0, 0
2998214, 1464032, 1, 0, 0
2998464, 770048, 1, 0, 0
2998714, 1163264, 1, 0, 0
2998964, 933888, 1, 0, 0
2999214, 638976, 1, 0, 0
2999464, 458752, 1, 0, 0
2999714, 1081344, 1, 0, 0
2999964, 1048576, 1, 0, 0
3000214, 1146880, 1, 0, 0
3000464, 625092, 1, 0, 0
3000714, 1441792, 1, 0, 0
3000964, 1196032, 1, 0, 0
3001214, 1654784, 1, 0, 0
3001464, 1490944, 1, 0, 0
3001714, 1343488, 1, 0, 0
3001964, 802816, 1, 0, 0
3002214, 999424, 1, 0, 0
3002464, 933888, 1, 0, 0
3002714, 933888, 1, 0, 0
3002964, 1233734, 1, 0, 0
3003214, 1376256, 1, 0, 0
3003464, 1146880, 1, 0, 0
3003714, 1310720, 1, 0, 0
3003964, 1179648, 1, 0, 0
3004214, 1048576, 1, 0, 0
3004464, 1261568, 1, 0, 0
3004714, 1097728, 1, 0, 0
3004964, 1310720, 1, 0, 0
3005214, 671744, 1, 0, 0
3005464, 904738, 1, 0, 0
3005714, 606208, 1, 0, 0
3005964, 835584, 1, 0, 0
3006214, 1196032, 1, 0, 0
3006464, 704512, 1, 0, 0
3006714, 1196032, 1, 0, 0
3006964, 606208, 1, 0, 0
3007214, 458752, 1, 0, 0
3007464, 573440, 1, 0, 0
3007714, 575742, 1, 0, 0
3007964, 1064960, 1, 0, 0
3008214, 983040, 1, 0, 0
3008464, 835584, 1, 0, 0
3008714, 770048, 1, 0, 0
3008964, 720896, 1, 0, 0
3009214, 868352, 1, 0, 0
3009464, 655360, 1, 0, 0
3009714, 622592, 1, 0, 0
3009964, 773140, 1, 0, 0
3010214, 540672, 1, 0, 0
3010464, 770048, 1, 0, 0
3010714, 770048, 1, 0, 0
3010964, 1097728, 1, 0, 0
3011214, 983040, 1, 0, 0
3011464, 557056, 1, 0, 0
3011714, 507904, 1, 0, 0
3011964, 1228800, 1, 0, 0
3012215, 933888, 1, 0, 0
3012464, 1135036, 1, 0, 0
3012714, 966656, 1, 0, 0
3012964, 1441792, 1, 0, 0
3013214, 1048576, 1, 0, 0
3013464, 1359872, 1, 0, 0
3013714, 688128, 1, 0, 0
3013964, 704512, 1, 0, 0
3014214, 655360, 1, 0, 0
3014464, 491520, 1, 0, 0
3014714, 509943, 1, 0, 0
3014964, 196608, 1, 0, 0
3015214, 458752, 1, 0, 0
3015464, 1064960, 1, 0, 0
3015714, 802816, 1, 0, 0
3015964, 737280, 1, 0, 0
3016214, 753664, 1, 0, 0
3016464, 851968, 1, 0, 0
3016714, 835584, 1, 0, 0
3016965, 1228800, 1, 0, 0
3017214, 1283084, 1, 0, 0
3017464, 737280, 1, 0, 0
3017714, 1310720, 1, 0, 0
3017964, 1196032, 1, 0, 0
3018214, 1146880, 1, 0, 0
3018464, 1458176, 1, 0, 0
3018714, 1114112, 1, 0, 0
3018964, 819200, 1, 0, 0
3019214, 491520, 1, 0, 0
3019464, 773140, 1, 0, 0
3019714, 1769472, 1, 0, 0
3019964, 557056, 1, 0, 0
3020214, 606208, 1, 0, 0
3020464, 917504, 1, 0, 0
3020714, 1048576, 1, 0, 0
3020964, 966656, 1, 0, 0
3021214, 1048576, 1, 0, 0
3021464, 1622016, 1, 0, 0
3021714, 983040, 1, 0, 0
3021964, 1069236, 1, 0, 0
3022214, 737280, 1, 0, 0
3022464, 442368, 1, 0, 0
3022714, 622592, 1, 0, 0
3022964, 737280, 1, 0, 0
3023214, 917504, 1, 0, 0
3023464, 540672, 1, 0, 0
3023714, 901120, 1, 0, 0
3023964, 720896, 1, 0, 0
3024214, 723791, 1, 0, 0
3024464, 606208, 1, 0, 0
3024714, 720896, 1, 0, 0
3024964, 540672, 1, 0, 0
3025214, 819200, 1, 0, 0
3025464, 507904, 1, 0, 0
3025714, 442368, 1, 0, 0
3025964, 212992, 1, 0, 0
3026214, 802816, 1, 0, 0
3026464, 509943, 1, 0, 0
3026714, 557056, 1, 0, 0
3026964, 688128, 1, 0, 0
3027214, 966656, 1, 0, 0
3027464, 688128, 1, 0, 0
3027714, 671744, 1, 0, 0
3027964, 606208, 1, 0, 0
3028214, 671744, 1, 0, 0
3028464, 475136, 1, 0, 0
3028714, 986987, 1, 0, 0
3028964, 393216, 1, 0, 0
3029214, 835584, 1, 0, 0
3029464, 1114112, 1, 0, 0
3029714, 524288, 1, 0, 0
3029964, 999424, 1, 0, 0
3030214, 1097728, 1, 0, 0
3030464, 917504, 1, 0, 0
3030714, 835584, 1, 0, 0
3030965, 901120, 1, 0, 0
3031214, 773140, 1, 0, 0
3031464, 507904, 1, 0, 0
3031714, 983040, 1, 0, 0
3031964, 1015808, 1, 0, 0
3032214, 393216, 1, 0, 0
3032464, 589824, 1, 0, 0
3032714, 638976, 1, 0, 0
3032964, 720896, 1, 0, 0
3033214, 625092, 1, 0, 0
3033464, 737280, 1, 0, 0
3033714, 294912, 1, 0, 0
3033964, 802816, 1, 0, 0
3034214, 950272, 1, 0, 0
3034464, 1032192, 1, 0, 0
3034714, 983040, 1, 0, 0
3034964, 868352, 1, 0, 0
3035214, 606208, 1, 0, 0
3035464, 671744, 1, 0, 0
3035714, 559293, 1, 0, 0
3035964, 409600, 1, 0, 0
3036214, 770048, 1, 0, 0
3036464, 655360, 1, 0, 0
3036714, 753664, 1, 0, 0
3036964, 786432, 1, 0, 0
3037214, 851968, 1, 0, 0
3037464, 868352, 1, 0, 0
3037714, 868352, 1, 0, 0
3037964, 884736, 1, 0, 0
3038214, 888289, 1, 0, 0
3038464, 917504, 1, 0, 0
3038714, 524288, 1, 0, 0
3038964, 1310720, 1, 0, 0
3039214, 1310720, 1, 0, 0
3039464, 1228800, 1, 0, 0
3039714, 1310720, 1, 0, 0
3039964, 1114112, 1, 0, 0
3040215, 737280, 1, 0, 0
3040464, 888289, 1, 0, 0
3040714, 933888, 1, 0, 0
3040964, 835584, 1, 0, 0
3041214, 475136, 1, 0, 0
3041464, 950272, 1, 0, 0
3041714, 966656, 1, 0, 0
3041964, 983040, 1, 0, 0
3042215, 737280, 1, 0, 0
3042464, 806040, 1, 0, 0
3042714, 1048576, 1, 0, 0
3042964, 901120, 1, 0, 0
3043214, 868352, 1, 0, 0
3043464, 851968, 1, 0, 0
3043714, 655360, 1, 0, 0
3043964, 376832, 1, 0, 0
3044214, 671744, 1, 0, 0
3044464, 1015808, 1, 0, 0
3044714, 838939, 1, 0, 0
3044964, 884736, 1, 0, 0
3045214, 802816, 1, 0, 0
3045464, 425984, 1, 0, 0
3045714, 720896, 1, 0, 0
3045964, 655360, 1, 0, 0
3046214, 622592, 1, 0, 0
3046464, 835584, 1, 0, 0
3046714, 950272, 1, 0, 0
3046964, 802816, 1, 0, 0
3047214, 641542, 1, 0, 0
3047464, 606208, 1, 0, 0
3047714, 1032192, 1, 0, 0
3047964, 1015808, 1, 0, 0
3048214, 851968, 1, 0, 0
3048464, 753664, 1, 0, 0
3048714, 425984, 1, 0, 0
3048964, 933888, 1, 0, 0
3049214, 1032192, 1, 0, 0
3049465, 606208, 1, 0, 0
3049714, 1003437, 1, 0, 0
3049964, 1327104, 1, 0, 0
3050214, 917504, 1, 0, 0
3050464, 1130496, 1, 0, 0
3050714, 1228800, 1, 0, 0
3050964, 868352, 1, 0, 0
3051214, 1310720, 1, 0, 0
3051464, 1118586, 1, 0, 0
3051714, 950272, 1, 0, 0
3051964, 1245184, 1, 0, 0
3052214, 1015808, 1, 0, 0
3052464, 851968, 1, 0, 0
3052714, 688128, 1, 0, 0
3052964, 835584, 1, 0, 0
3053214, 1392640, 1, 0, 0
3053464, 1425408, 1, 0, 0
3053714, 901120, 1, 0, 0
3053964, 1003437, 1, 0, 0
3054214, 1245184, 1, 0, 0
3054464, 704512, 1, 0, 0
3054714, 622592, 1, 0, 0
3054964, 524288, 1, 0, 0
3055214, 540672, 1, 0, 0
3055464, 475136, 1, 0, 0
3055714, 1146880, 1, 0, 0
3055964, 655360, 1, 0, 0
3056214, 838939, 1, 0, 0
3056464, 835584, 1, 0, 0
3056714, 425984, 1, 0, 0
3056964, 606208, 1, 0, 0
3057214, 1179648, 1, 0, 0
3057464, 704512, 1, 0, 0
3057714, 655360, 1, 0, 0
3057964, 901120, 1, 0, 0
3058214, 589824, 1, 0, 0
3058464, 641542, 1, 0, 0
3058714, 1310720, 1, 0, 0
3058964, 950272, 1, 0, 0
3059214, 802816, 1, 0, 0
3059464, 262144, 1, 0, 0
3059714, 1114112, 1, 0, 0
3059964, 1261568, 1, 0, 0
3060214, 1703936, 1, 0, 0
3060464, 1540096, 1, 0, 0
3060714, 542843, 1, 0, 0
3060964, 1015808, 1, 0, 0
3061214, 819200, 1, 0, 0
3061464, 819200, 1, 0, 0
3061714, 671744, 1, 0, 0
3061964, 917504, 1, 0, 0
3062214, 737280, 1, 0, 0
3062464, 540672, 1, 0, 0
3062714, 720896, 1, 0, 0
3062964, 1085686, 1, 0, 0
3063214, 688128, 1, 0, 0
3063464, 999424, 1, 0, 0
3063714, 835584, 1, 0, 0
3063964, 458752, 1, 0, 0
3064214, 884736, 1, 0, 0
3064464, 802816, 1, 0, 0
3064714, 638976, 1, 0, 0
3064964, 671744, 1, 0, 0
3065214, 393216, 1, 0, 0
3065464, 838939, 1, 0, 0
3065714, 524288, 1, 0, 0
3065964, 901120, 1, 0, 0
3066214, 212992, 1, 0, 0
3066464, 720896, 1, 0, 0
3066714, 491520, 1, 0, 0
3066964, 458752, 1, 0, 0
3067214, 688128, 1, 0, 0
3067464, 427694, 1, 0, 0
3067714, 507904, 1, 0, 0
3067964, 720896, 1, 0, 0
3068214, 753664, 1, 0, 0
3068464, 262144, 1, 0, 0
3068714, 868352, 1, 0, 0
3068964, 933888, 1, 0, 0
3069214, 524288, 1, 0, 0
3069464, 970538, 1, 0, 0
3069714, 737280, 1, 0, 0
3069964, 688128, 1, 0, 0
3070214, 671744, 1, 0, 0
3070464, 704512, 1, 0, 0
3070714, 1081344, 1, 0, 0
3070964, 507904, 1, 0, 0
3071214, 442368, 1, 0, 0
3071464, 819200, 1, 0, 0
3071714, 723791, 1, 0, 0
3071964, 835584, 1, 0, 0
3072214, 442368, 1, 0, 0
3072464, 458752, 1, 0, 0
3072714, 360448, 1, 0, 0
3072964, 589824, 1, 0, 0
3073214, 786432, 1, 0, 0
3073464, 704512, 1, 0, 0
3073714, 671744, 1, 0, 0
3073964, 409600, 1, 0, 0
3074214, 394795, 1, 0, 0
3074464, 557056, 1, 0, 0
3074714, 884736, 1, 0, 0
3074964, 737280, 1, 0, 0
3075214, 802816, 1, 0, 0
3075464, 1064960, 1, 0, 0
3075714, 671744, 1, 0, 0
3075964, 1605632, 1, 0, 0
3076214, 753664, 1, 0, 0
3076464, 986987, 1, 0, 0
3076714, 835584, 1, 0, 0
3076964, 1507328, 1, 0, 0
3077214, 1081344, 1, 0, 0
3077464, 1392640, 1, 0, 0
3077714, 802816, 1, 0, 0
3077964, 1245184, 1, 0, 0
3078214, 1425408, 1, 0, 0
3078464, 1277952, 1, 0, 0
3078714, 770048, 1, 0, 0
3078964, 723791, 1, 0, 0
3079214, 1081344, 1, 0, 0
3079464, 1130496, 1, 0, 0
3079714, 753664, 1, 0, 0
3079964, 1179648, 1, 0, 0
3080214, 1392640, 1, 0, 0
3080464, 688128, 1, 0, 0
3080714, 278528, 1, 0, 0
3080964, 657991, 1, 0, 0
3081214, 1245184, 1, 0, 0
3081464, 688128, 1, 0, 0
3081714, 540672, 1, 0, 0
3081964, 802816, 1, 0, 0
3082214, 753664, 1, 0, 0
3082464, 1130496, 1, 0, 0
3082714, 1015808, 1, 0, 0
3082964, 868352, 1, 0, 0
3083214, 1315983, 1, 0, 0
3083464, 851968, 1, 0, 0
3083714, 1228800, 1, 0, 0
3083964, 1146880, 1, 0, 0
3084214, 1638400, 1, 0, 0
3084464, 753664, 1, 0, 0
3084714, 720896, 1, 0, 0
3084964, 1146880, 1, 0, 0
3085214, 1130496, 1, 0, 0
3085464, 933888, 1, 0, 0
3085714, 921188, 1, 0, 0
3085964, 737280, 1, 0, 0
3086214, 999424, 1, 0, 0
3086464, 983040, 1, 0, 0
3086714, 1146880, 1, 0, 0
3086964, 1245184, 1, 0, 0
3087214, 1556480, 1, 0, 0
3087464, 868352, 1, 0, 0
3087714, 851968, 1, 0, 0
3087964, 1474560, 1, 0, 0
3088214, 1595630, 1, 0, 0
3088464, 770048, 1, 0, 0
3088714, 1327104, 1, 0, 0
3088964, 671744, 1, 0, 0
3089214, 1458176, 1, 0, 0
3089464, 753664, 1, 0, 0
3089714, 557056, 1, 0, 0
3089964, 950272, 1, 0, 0
3090215, 1392640, 1, 0, 0
3090464, 1102136, 1, 0, 0
3090714, 606208, 1, 0, 0
3090964, 1277952, 1, 0, 0
3091214, 1277952, 1, 0, 0
3091464, 950272, 1, 0, 0
3091714, 1359872, 1, 0, 0
3091964, 983040, 1, 0, 0
3092214, 884736, 1, 0, 0
3092464, 954088, 1, 0, 0
3092714, 720896, 1, 0, 0
3092964, 573440, 1, 0, 0
3093214, 262144, 1, 0, 0
3093464, 753664, 1, 0, 0
3093714, 540672, 1, 0, 0
3093964, 1015808, 1, 0, 0
3094214, 1310720, 1, 0, 0
3094464, 1294336, 1, 0, 0
3094715, 1163264, 1, 0, 0
3094964, 1299534, 1, 0, 0
3095214, 786432, 1, 0, 0
3095464, 1212416, 1, 0, 0
3095714, 950272, 1, 0, 0
3095964, 1409024, 1, 0, 0
3096214, 1212416, 1, 0, 0
3096464, 1245184, 1, 0, 0
3096714, 2064384, 1, 0, 0
3096964, 1441792, 1, 0, 0
3097214, 606208, 1, 0, 0
3097464, 1266634, 1, 0, 0
3097714, 999424, 1, 0, 0
3097964, 1146880, 1, 0, 0
3098214, 1376256, 1, 0, 0
3098464, 884736, 1, 0, 0
3098714, 1589248, 1, 0, 0
3098964, 1130496, 1, 0, 0
3099214, 1671168, 1, 0, 0
3099464, 1130496, 1, 0, 0
3099714, 1496931, 1, 0, 0
3099964, 1523712, 1, 0, 0
3100214, 2260992, 1, 0, 0
3100464, 2031616, 1, 0, 0
3100714, 1933312, 1, 0, 0
3100964, 1818624, 1, 0, 0
3101214, 1048576, 1, 0, 0
3101464, 1490944, 1, 0, 0
3101714, 1294336, 1, 0, 0
3101964, 1048576, 1, 0, 0
3102214, 1875277, 1, 0, 0
3102464, 1392640, 1, 0, 0
3102714, 933888, 1, 0, 0
3102964, 753664, 1, 0, 0
3103214, 1851392, 1, 0, 0
3103464, 1376256, 1, 0, 0
3103714, 1851392, 1, 0, 0
3103964, 1245184, 1, 0, 0
3104214, 1250184, 1, 0, 0
3104464, 753664, 1, 0, 0
3104714, 1032192, 1, 0, 0
3104964, 1032192, 1, 0, 0
3105214, 1572864, 1, 0, 0
3105464, 1540096, 1, 0, 0
3105714, 1638400, 1, 0, 0
3105964, 1228800, 1, 0, 0
3106214, 1441792, 1, 0, 0
3106464, 921188, 1, 0, 0
3106714, 868352, 1, 0, 0
3106964, 1409024, 1, 0, 0
3107214, 1245184, 1, 0, 0
3107464, 1572864, 1, 0, 0
3107714, 1523712, 1, 0, 0
3107964, 1343488, 1, 0, 0
3108214, 1589248, 1, 0, 0
3108464, 589824, 1, 0, 0
3108714, 1359872, 1, 0, 0
3108964, 1200835, 1, 0, 0
3109214, 1212416, 1, 0, 0
3109464, 557056, 1, 0, 0
3109714, 1015808, 1, 0, 0
3109964, 1015808, 1, 0, 0
3110214, 622592, 1, 0, 0
3110464, 786432, 1, 0, 0
3110714, 688128, 1, 0, 0
3110964, 704512, 1, 0, 0
3111215, 425984, 1, 0, 0
3111464, 493493, 1, 0, 0
3111714, 671744, 1, 0, 0
3111964, 458752, 1, 0, 0
3112214, 835584, 1, 0, 0
3112464, 327680, 1, 0, 0
3112714, 589824, 1, 0, 0
3112964, 704512, 1, 0, 0
3113214, 1015808, 1, 0, 0
3113464, 589824, 1, 0, 0
3113714, 690891, 1, 0, 0
3113964, 983040, 1, 0, 0
3114214, 425984, 1, 0, 0
3114464, 671744, 1, 0, 0
3114714, 720896, 1, 0, 0
3114964, 524288, 1, 0, 0
3115214, 770048, 1, 0, 0
3115464, 819200, 1, 0, 0
3115714, 1048576, 1, 0, 0
3115965, 688128, 1, 0, 0
3116214, 723791, 1, 0, 0
3116464, 376832, 1, 0, 0
3116714, 868352, 1, 0, 0
3116964, 1343488, 1, 0, 0
3117214, 786432, 1, 0, 0
3117464, 1228800, 1, 0, 0
3117714, 606208, 1, 0, 0
3117964, 770048, 1, 0, 0
3118214, 1146880, 1, 0, 0
3118464, 806040, 1, 0, 0
3118714, 983040, 1, 0, 0
3118964, 1310720, 1, 0, 0
3119214, 917504, 1, 0, 0
3119464, 704512, 1, 0, 0
3119714, 442368, 1, 0, 0
3119964, 524288, 1, 0, 0
3120214, 753664, 1, 0, 0
3120464, 294912, 1, 0, 0
3120715, 196608, 1, 0, 0
3120964, 98698, 1, 0, 0
3121214, 360448, 1, 0, 0
3121464, 360448, 1, 0, 0
3121714, 835584, 1, 0, 0
3121964, 901120, 1, 0, 0
3122214, 770048, 1, 0, 0
3122464, 835584, 1, 0, 0
3122714, 786432, 1, 0, 0
3122964, 868352, 1, 0, 0
3123214, 806040, 1, 0, 0
3123464, 737280, 1, 0, 0
3123714, 376832, 1, 0, 0
3123964, 393216, 1, 0, 0
3124214, 262144, 1, 0, 0
3124464, 638976, 1, 0, 0
3124714, 720896, 1, 0, 0
3124964, 540672, 1, 0, 0
3125214, 312546, 1, 0, 0
3125464, 737280, 1, 0, 0
3125714, 622592, 1, 0, 0
3125964, 671744, 1, 0, 0
3126214, 540672, 1, 0, 0
3126464, 376832, 1, 0, 0
3126714, 770048, 1, 0, 0
3126964, 491520, 1, 0, 0
3127214, 311296, 1, 0, 0
3127464, 723791, 1, 0, 0
3127714, 671744, 1, 0, 0
3127964, 573440, 1, 0, 0
3128214, 671744, 1, 0, 0
3128464, 933888, 1, 0, 0
3128714, 688128, 1, 0, 0
3128964, 1032192, 1, 0, 0
3129214, 770048, 1, 0, 0
3129464, 851968, 1, 0, 0
3129714, 655360, 1, 0, 0
3129964, 460594, 1, 0, 0
3130214, 753664, 1, 0, 0
3130464, 557056, 1, 0, 0
3130714, 344064, 1, 0, 0
3130964, 425984, 1, 0, 0
3131214, 409600, 1, 0, 0
3131464, 294912, 1, 0, 0
3131715, 442368, 1, 0, 0
3131964, 625092, 1, 0, 0
3132214, 327680, 1, 0, 0
3132464, 1441792, 1, 0, 0
3132714, 868352, 1, 0, 0
3132964, 1146880, 1, 0, 0
3133214, 1605632, 1, 0, 0
3133464, 901120, 1, 0, 0
3133714, 983040, 1, 0, 0
3133964, 1036337, 1, 0, 0
3134214, 1376256, 1, 0, 0
3134464, 704512, 1, 0, 0
3134714, 1392640, 1, 0, 0
3134964, 2244608, 1, 0, 0
3135214, 1687552, 1, 0, 0
3135464, 770048, 1, 0, 0
3135714, 1130496, 1, 0, 0
3135964, 1245184, 1, 0, 0
3136214, 1431132, 1, 0, 0
3136464, 999424, 1, 0, 0
3136714, 1392640, 1, 0, 0
3136964, 933888, 1, 0, 0
3137214, 1163264, 1, 0, 0
3137464, 1785856, 1, 0, 0
3137714, 1212416, 1, 0, 0
3137964, 884736, 1, 0, 0
3138214, 868352, 1, 0, 0
3138464, 1464032, 1, 0, 0
3138714, 1064960, 1, 0, 0
3138964, 688128, 1, 0, 0
3139214, 720896, 1, 0, 0
3139464, 737280, 1, 0, 0
3139714, 1048576, 1, 0, 0
3139964, 933888, 1, 0, 0
3140214, 622592, 1, 0, 0
3140464, 1032192, 1, 0, 0
3140715, 638976, 1, 0, 0
3140964, 1036337, 1, 0, 0
3141214, 1212416, 1, 0, 0
3141464, 425984, 1, 0, 0
3141714, 1130496, 1, 0, 0
3141964, 573440, 1, 0, 0
3142214, 589824, 1, 0, 0
3142464, 802816, 1, 0, 0
3142714, 1097728, 1, 0, 0
3142964, 786432, 1, 0, 0
3143214, 608642, 1, 0, 0
3143464, 507904, 1, 0, 0
3143714, 1015808, 1, 0, 0
3143964, 1032192, 1, 0, 0
3144214, 851968, 1, 0, 0
3144464, 901120, 1, 0, 0
3144714, 1196032, 1, 0, 0
3144964, 2015232, 1, 0, 0
3145214, 884736, 1, 0, 0
3145464, 690891, 1, 0, 0
3145714, 1441792, 1, 0, 0
3145964, 2015232, 1, 0, 0
3146214, 1425408, 1, 0, 0
3146464, 983040, 1, 0, 0
3146714, 950272, 1, 0, 0
3146964, 409600, 1, 0, 0
3147214, 1736704, 1, 0, 0
3147464, 1605632, 1, 0, 0
3147714, 1233734, 1, 0, 0
3147964, 1687552, 1, 0, 0
3148214, 1441792, 1, 0, 0
3148464, 835584, 1, 0, 0
3148714, 1064960, 1, 0, 0
3148964, 933888, 1, 0, 0
3149214, 1343488, 1, 0, 0
3149464, 819200, 1, 0, 0
3149714, 1135036, 1, 0, 0
3149964, 1490944, 1, 0, 0
3150214, 1179648, 1, 0, 0
3150464, 1605632, 1, 0, 0
3150714, 1261568, 1, 0, 0
3150964, 1277952, 1, 0, 0
3151214, 1212416, 1, 0, 0
3151464, 999424, 1, 0, 0
3151714, 1163264, 1, 0, 0
3151964, 1671168, 1, 0, 0
3152214, 871839, 1, 0, 0
3152464, 1392640, 1, 0, 0
3152714, 1081344, 1, 0, 0
3152964, 589824, 1, 0, 0
3153214, 1638400, 1, 0, 0
3153464, 1490944, 1, 0, 0
3153714, 999424, 1, 0, 0
3153964, 1507328, 1, 0, 0
3154214, 1064960, 1, 0, 0
3154464, 1261568, 1, 0, 0
3154714, 1414682, 1, 0, 0
3154964, 1638400, 1, 0, 0
3155214, 1032192, 1, 0, 0
3155464, 1802240, 1, 0, 0
3155714, 1048576, 1, 0, 0
3155964, 1523712, 1, 0, 0
3156214, 1114112, 1, 0, 0
3156464, 1032192, 1, 0, 0
3156715, 950272, 1, 0, 0
3156964, 1546281, 1, 0, 0
3157214, 2277376, 1, 0, 0
3157464, 688128, 1, 0, 0
3157714, 294912, 1, 0, 0
3157964, 1933312, 1, 0, 0
3158214, 851968, 1, 0, 0
3158464, 1769472, 1, 0, 0
3158714, 1622016, 1, 0, 0
3158964, 970538, 1, 0, 0
3159214, 1343488, 1, 0, 0
3159464, 901120, 1, 0, 0
3159714, 1261568, 1, 0, 0
3159964, 1212416, 1, 0, 0
3160214, 1376256, 1, 0, 0
3160464, 1900544, 1, 0, 0
3160714, 1867776, 1, 0, 0
3160964, 1949696, 1, 0, 0
3161215, 983040, 1, 0, 0
3161464, 1283084, 1, 0, 0
3161714, 884736, 1, 0, 0
3161964, 1458176, 1, 0, 0
3162214, 1277952, 1, 0, 0
3162464, 1802240, 1, 0, 0
3162714, 1753088, 1, 0, 0
3162964, 1458176, 1, 0, 0
3163214, 1556480, 1, 0, 0
3163464, 2441216, 1, 0, 0
3163714, 1052787, 1, 0, 0
3163964, 1638400, 1, 0, 0
3164214, 1359872, 1, 0, 0
3164464, 1490944, 1, 0, 0
3164714, 1654784, 1, 0, 0
3164964, 1425408, 1, 0, 0
3165214, 868352, 1, 0, 0
3165464, 1163264, 1, 0, 0
3165714, 950272, 1, 0, 0
3165963, 1414682, 1, 0, 0
3166214, 1392640, 1, 0, 0
3166464, 1212416, 1, 0, 0
3166714, 1818624, 1, 0, 0
3166964, 1425408, 1, 0, 0
3167214, 1245184, 1, 0, 0
3167464, 1310720, 1, 0, 0
3167714, 1179648, 1, 0, 0
3167964, 884736, 1, 0, 0
3168214, 819200, 1, 0, 0
3168464, 1315983, 1, 0, 0
3168714, 1507328, 1, 0, 0
3168964, 688128, 1, 0, 0
3169214, 1867776, 1, 0, 0
3169464, 2326528, 1, 0, 0
3169714, 1671168, 1, 0, 0
3169964, 1114112, 1, 0, 0
3170214, 1081344, 1, 0, 0
3170464, 1064960, 1, 0, 0
3170714, 822489, 1, 0, 0
3170964, 1818624, 1, 0, 0
3171214, 1540096, 1, 0, 0
3171464, 2031616, 1, 0, 0
3171714, 1966080, 1, 0, 0
3171964, 1785856, 1, 0, 0
3172214, 999424, 1, 0, 0
3172464, 1081344, 1, 0, 0
3172714, 1900544, 1, 0, 0
3172964, 1015808, 1, 0, 0
3173214, 1990425, 1, 0, 0
3173464, 2146304, 1, 0, 0
3173714, 1490944, 1, 0, 0
3173964, 1949696, 1, 0, 0
3174214, 1622016, 1, 0, 0
3174464, 1474560, 1, 0, 0
3174714, 2244608, 1, 0, 0
3174964, 1736704, 1, 0, 0
3175214, 1851392, 1, 0, 0
3175464, 1441792, 1, 0, 0
3175714, 1842377, 1, 0, 0
3175964, 901120, 1, 0, 0
3176214, 1785856, 1, 0, 0
3176464, 1818624, 1, 0, 0
3176714, 1818624, 1, 0, 0
3176964, 2752512, 1, 0, 0
3177214, 2768896, 1, 0, 0
3177464, 1703936, 1, 0, 0
3177715, 2850816, 1, 0, 0
3177964, 1019887, 1, 0, 0
3178214, 1130496, 1, 0, 0
3178464, 1556480, 1, 0, 0
3178714, 1474560, 1, 0, 0
3178964, 2211840, 1, 0, 0
3179214, 1703936, 1, 0, 0
3179464, 1622016, 1, 0, 0
3179714, 1425408, 1, 0, 0
3179964, 1490944, 1, 0, 0
3180214, 1579180, 1, 0, 0
3180464, 1933312, 1, 0, 0
3180714, 1933312, 1, 0, 0
3180964, 1589248, 1, 0, 0
3181214, 2736128, 1, 0, 0
3181464, 2211840, 1, 0, 0
3181714, 2015232, 1, 0, 0
3181964, 2293760, 1, 0, 0
3182214, 1900544, 1, 0, 0
3182464, 1875277, 1, 0, 0
3182714, 1851392, 1, 0, 0
3182964, 1458176, 1, 0, 0
3183214, 1589248, 1, 0, 0
3183464, 1081344, 1, 0, 0
3183714, 999424, 1, 0, 0
3183964, 1179648, 1, 0, 0
3184214, 1310720, 1, 0, 0
3184464, 1409024, 1, 0, 0
3184714, 835584, 1, 0, 0
3184964, 477044, 1, 0, 0
3185214, 1523712, 1, 0, 0
3185464, 1196032, 1, 0, 0
3185714, 1572864, 1, 0, 0
3185964, 884736, 1, 0, 0
3186214, 1572864, 1, 0, 0
3186464, 1490944, 1, 0, 0
3186714, 1982464, 1, 0, 0
3186964, 1474560, 1, 0, 0
3187215, 1245184, 1, 0, 0
3187464, 1398232, 1, 0, 0
3187714, 1310720, 1, 0, 0
3187964, 999424, 1, 0, 0
3188214, 1736704, 1, 0, 0
3188464, 1998848, 1, 0, 0
3188714, 1638400, 1, 0, 0
3188964, 1130496, 1, 0, 0
3189214, 2048000, 1, 0, 0
3189464, 622592, 1, 0, 0
3189714, 954088, 1, 0, 0
3189964, 1589248, 1, 0, 0
3190214, 1114112, 1, 0, 0
3190464, 360448, 1, 0, 0
3190714, 1327104, 1, 0, 0
3190964, 1785856, 1, 0, 0
3191214, 1081344, 1, 0, 0
3191464, 753664, 1, 0, 0
3191714, 1638400, 1, 0, 0
3191964, 2237172, 1, 0, 0
3192214, 1490944, 1, 0, 0
3192464, 1179648, 1, 0, 0
3192714, 999424, 1, 0, 0
3192964, 2342912, 1, 0, 0
3193214, 1638400, 1, 0, 0
3193464, 1720320, 1, 0, 0
3193714, 1261568, 1, 0, 0
3193964, 1687552, 1, 0, 0
3194215, 802816, 1, 0, 0
3194464, 1151485, 1, 0, 0
3194714, 1818624, 1, 0, 0
3194964, 1212416, 1, 0, 0
3195214, 704512, 1, 0, 0
3195464, 1261568, 1, 0, 0
3195714, 1523712, 1, 0, 0
3195964, 1261568, 1, 0, 0
3196214, 1900544, 1, 0, 0
3196464, 1654784, 1, 0, 0
3196714, 888289, 1, 0, 0
3196964, 1441792, 1, 0, 0
3197214, 1163264, 1, 0, 0
3197464, 1425408, 1, 0, 0
3197714, 770048, 1, 0, 0
3197964, 950272, 1, 0, 0
3198214, 589824, 1, 0, 0
3198464, 704512, 1, 0, 0
3198714, 983040, 1, 0, 0
3198964, 1151485, 1, 0, 0
3199214, 704512, 1, 0, 0
3199464, 901120, 1, 0, 0
3199714, 901120, 1, 0, 0
3199964, 933888, 1, 0, 0
3200214, 737280, 1, 0, 0
3200464, 901120, 1, 0, 0
3200714, 393216, 1, 0, 0
3200964, 575742, 1, 0, 0
3201214, 245760, 1, 0, 0
3201464, 671744, 1, 0, 0
3201714, 1130496, 1, 0, 0
3201964, 884736, 1, 0, 0
3202214, 1032192, 1, 0, 0
3202464, 704512, 1, 0, 0
3202714, 819200, 1, 0, 0
3202964, 802816, 1, 0, 0
3203214, 838939, 1, 0, 0
3203464, 966656, 1, 0, 0
3203714, 1425408, 1, 0, 0
3203964, 1015808, 1, 0, 0
3204214, 1114112, 1, 0, 0
3204464, 917504, 1, 0, 0
3204714, 933888, 1, 0, 0
3204964, 901120, 1, 0, 0
3205214, 868352, 1, 0, 0
3205464, 720896, 1, 0, 0
3205714, 1266634, 1, 0, 0
3205964, 1032192, 1, 0, 0
3206214, 1064960, 1, 0, 0
3206464, 671744, 1, 0, 0
3206714, 933888, 1, 0, 0
3206964, 1376256, 1, 0, 0
3207214, 1458176, 1, 0, 0
3207464, 868352, 1, 0, 0
3207714, 524288, 1, 0, 0
3207964, 786432, 1, 0, 0
3208214, 1250184, 1, 0, 0
3208464, 1622016, 1, 0, 0
3208714, 1392640, 1, 0, 0
3208964, 966656, 1, 0, 0
3209214, 884736, 1, 0, 0
3209464, 966656, 1, 0, 0
3209714, 1720320, 1, 0, 0
3209964, 1343488, 1, 0, 0
3210214, 1392640, 1, 0, 0
3210464, 1589248, 1, 0, 0
3210713, 1118586, 1, 0, 0
3210964, 1605632, 1, 0, 0
3211214, 1376256, 1, 0, 0
3211464, 589824, 1, 0, 0
3211714, 540672, 1, 0, 0
3211964, 196608, 1, 0, 0
3212214, 655360, 1, 0, 0
3212464, 819200, 1, 0, 0
3212714, 524288, 1, 0, 0
3212964, 524288, 1, 0, 0
3213214, 312546, 1, 0, 0
3213464, 704512, 1, 0, 0
3213714, 638976, 1, 0, 0
3213964, 393216, 1, 0, 0
3214214, 606208, 1, 0, 0
3214464, 966656, 1, 0, 0
3214714, 491520, 1, 0, 0
3214964, 524288, 1, 0, 0
3215215, 606208, 1, 0, 0
3215464, 773140, 1, 0, 0
3215714, 442368, 1, 0, 0
3215964, 311296, 1, 0, 0
3216214, 376832, 1, 0, 0
3216464, 229376, 1, 0, 0
3216714, 425984, 1, 0, 0
3216964, 458752, 1, 0, 0
3217214, 622592, 1, 0, 0
3217464, 937638, 1, 0, 0
3217714, 1032192, 1, 0, 0
3217964, 1081344, 1, 0, 0
3218214, 983040, 1, 0, 0
3218464, 507904, 1, 0, 0
3218714, 1015808, 1, 0, 0
3218964, 802816, 1, 0, 0
3219214, 868352, 1, 0, 0
3219464, 802816, 1, 0, 0
3219715, 557056, 1, 0, 0
3219964, 444144, 1, 0, 0
3220214, 557056, 1, 0, 0
3220464, 409600, 1, 0, 0
3220714, 212992, 1, 0, 0
3220964, 786432, 1, 0, 0
3221214, 606208, 1, 0, 0
3221464, 475136, 1, 0, 0
3221715, 376832, 1, 0, 0
3221964, 328995, 1, 0, 0
3222214, 704512, 1, 0, 0
3222464, 442368, 1, 0, 0
3222714, 655360, 1, 0, 0
3222964, 573440, 1, 0, 0
3223214, 688128, 1, 0, 0
3223464, 442368, 1, 0, 0
3223714, 589824, 1, 0, 0
3223963, 789590, 1, 0, 0
3224214, 638976, 1, 0, 0
3224464, 442368, 1, 0, 0
3224714, 704512, 1, 0, 0
3224964, 786432, 1, 0, 0
3225214, 425984, 1, 0, 0
3225464, 704512, 1, 0, 0
3225714, 360448, 1, 0, 0
3225964, 16384, 1, 0, 0
3226214, 638976, 1, 0, 0
3226464, 1250184, 1, 0, 0
3226714, 638976, 1, 0, 0
3226964, 720896, 1, 0, 0
3227214, 425984, 1, 0, 0
3227464, 622592, 1, 0, 0
3227714, 376832, 1, 0, 0
3227964, 196608, 1, 0, 0
3228214, 245760, 1, 0, 0
3228464, 393216, 1, 0, 0
3228714, 361895, 1, 0, 0
3228964, 311296, 1, 0, 0
3229214, 557056, 1, 0, 0
3229464, 1753088, 1, 0, 0
3229714, 1474560, 1, 0, 0
3229964, 966656, 1, 0, 0
3230214, 1163264, 1, 0, 0
3230464, 851968, 1, 0, 0
3230714, 933888, 1, 0, 0
3230964, 917504, 1, 0, 0
3231214, 1069236, 1, 0, 0
3231464, 868352, 1, 0, 0
3231714, 1474560, 1, 0, 0
3231964, 1032192, 1, 0, 0
3232214, 933888, 1, 0, 0
3232464, 589824, 1, 0, 0
3232714, 1196032, 1, 0, 0
3232964, 1556480, 1, 0, 0
3233214, 901120, 1, 0, 0
3233464, 212992, 1, 0, 0
3233714, 657991, 1, 0, 0
3233964, 507904, 1, 0, 0
3234214, 1146880, 1, 0, 0
3234464, 1212416, 1, 0, 0
3234714, 868352, 1, 0, 0
3234964, 409600, 1, 0, 0
3235214, 294912, 1, 0, 0
3235464, 1392640, 1, 0, 0
3235714, 950272, 1, 0, 0
3235964, 507904, 1, 0, 0
3236214, 542843, 1, 0, 0
3236464, 1114112, 1, 0, 0
3236714, 1343488, 1, 0, 0
3236964, 999424, 1, 0, 0
3237214, 966656, 1, 0, 0
3237464, 1228800, 1, 0, 0
3237714, 1392640, 1, 0, 0
3237964, 1048576, 1, 0, 0
3238214, 1628530, 1, 0, 0
3238464, 1687552, 1, 0, 0
3238714, 1343488, 1, 0, 0
3238964, 884736, 1, 0, 0
3239214, 688128, 1, 0, 0
3239464, 622592, 1, 0, 0
3239714, 851968, 1, 0, 0
3239964, 966656, 1, 0, 0
3240214, 1048576, 1, 0, 0
3240464, 1540096, 1, 0, 0
3240714, 871839, 1, 0, 0
3240964, 884736, 1, 0, 0
3241214, 1294336, 1, 0, 0
3241464, 1212416, 1, 0, 0
3241714, 1818624, 1, 0, 0
3241964, 753664, 1, 0, 0
3242214, 606208, 1, 0, 0
3242464, 409600, 1, 0, 0
3242714, 704512, 1, 0, 0
3242964, 970538, 1, 0, 0
3243214, 1409024, 1, 0, 0
3243464, 917504, 1, 0, 0
3243714, 294912, 1, 0, 0
3243964, 360448, 1, 0, 0
3244214, 458752, 1, 0, 0
3244464, 376832, 1, 0, 0
3244714, 606208, 1, 0, 0
3244964, 294912, 1, 0, 0
3245214, 756690, 1, 0, 0
3245464, 425984, 1, 0, 0
3245714, 720896, 1, 0, 0
3245964, 720896, 1, 0, 0
3246214, 950272, 1, 0, 0
3246464, 704512, 1, 0, 0
3246714, 425984, 1, 0, 0
3246964, 606208, 1, 0, 0
3247214, 393216, 1, 0, 0
3247464, 98698, 1, 0, 0
3247714, 491520, 1, 0, 0
3247964, 884736, 1, 0, 0
3248214, 786432, 1, 0, 0
3248464, 999424, 1, 0, 0
3248714, 655360, 1, 0, 0
3248964, 458752, 1, 0, 0
3249214, 409600, 1, 0, 0
3249464, 491520, 1, 0, 0
3249714, 753664, 1, 0, 0
3249964, 756690, 1, 0, 0
3250214, 409600, 1, 0, 0
3250464, 98304, 1, 0, 0
3250714, 1196032, 1, 0, 0
3250964, 950272, 1, 0, 0
3251214, 819200, 1, 0, 0
3251464, 507904, 1, 0, 0
3251714, 573440, 1, 0, 0
3251964, 671744, 1, 0, 0
3252215, 786432, 1, 0, 0
3252464, 904738, 1, 0, 0
3252714, 622592, 1, 0, 0
3252964, 737280, 1, 0, 0
3253214, 557056, 1, 0, 0
3253464, 622592, 1, 0, 0
3253714, 737280, 1, 0, 0
3253964, 737280, 1, 0, 0
3254214, 901120, 1, 0, 0
3254464, 838939, 1, 0, 0
3254714, 573440, 1, 0, 0
3254964, 360448, 1, 0, 0
3255214, 245760, 1, 0, 0
3255464, 327680, 1, 0, 0
3255714, 1081344, 1, 0, 0
3255964, 704512, 1, 0, 0
3256214, 802816, 1, 0, 0
3256464, 737280, 1, 0, 0
3256714, 707341, 1, 0, 0
3256964, 360448, 1, 0, 0
3257214, 1064960, 1, 0, 0
3257464, 933888, 1, 0, 0
3257714, 884736, 1, 0, 0
3257964, 753664, 1, 0, 0
3258214, 655360, 1, 0, 0
3258464, 360448, 1, 0, 0
3258714, 806040, 1, 0, 0
3258964, 409600, 1, 0, 0
3259214, 294912, 1, 0, 0
3259464, 983040, 1, 0, 0
3259714, 868352, 1, 0, 0
3259964, 1327104, 1, 0, 0
3260214, 344064, 1, 0, 0
3260464, 573440, 1, 0, 0
3260714, 933888, 1, 0, 0
3260964, 1212416, 1, 0, 0
3261214, 1052787, 1, 0, 0
3261464, 671744, 1, 0, 0
3261714, 671744, 1, 0, 0
3261964, 851968, 1, 0, 0
3262214, 638976, 1, 0, 0
3262464, 638976, 1, 0, 0
3262714, 720896, 1, 0, 0
3262964, 770048, 1, 0, 0
3263214, 622592, 1, 0, 0
3263464, 1048576, 1, 0, 0
3263714, 707341, 1, 0, 0
3263964, 1064960, 1, 0, 0
3264214, 835584, 1, 0, 0
3264464, 671744, 1, 0, 0
3264714, 1196032, 1, 0, 0
3264964, 1376256, 1, 0, 0
3265214, 1097728, 1, 0, 0
3265464, 688128, 1, 0, 0
3265714, 917504, 1, 0, 0
3265965, 622592, 1, 0, 0
3266214, 411244, 1, 0, 0
3266464, 557056, 1, 0, 0
3266714, 1261568, 1, 0, 0
3266964, 524288, 1, 0, 0
3267214, 1327104, 1, 0, 0
3267464, 1622016, 1, 0, 0
3267714, 950272, 1, 0, 0
3267964, 1622016, 1, 0, 0
3268214, 901120, 1, 0, 0
3268464, 1365333, 1, 0, 0
3268714, 1392640, 1, 0, 0
3268964, 966656, 1, 0, 0
3269214, 278528, 1, 0, 0
3269464, 966656, 1, 0, 0
3269714, 1359872, 1, 0, 0
3269964, 786432, 1, 0, 0
3270214, 1032192, 1, 0, 0
3270464, 1245184, 1, 0, 0
3270714, 1392640, 1, 0, 0
3270964, 1332433, 1, 0, 0
3271214, 1409024, 1, 0, 0
3271464, 1146880, 1, 0, 0
3271714, 1032192, 1, 0, 0
3271964, 737280, 1, 0, 0
3272214, 1458176, 1, 0, 0
3272464, 1294336, 1, 0, 0
3272714, 835584, 1, 0, 0
3272964, 606208, 1, 0, 0
3273215, 901120, 1, 0, 0
3273464, 921188, 1, 0, 0
3273714, 786432, 1, 0, 0
3273964, 1163264, 1, 0, 0
3274214, 2228224, 1, 0, 0
3274464, 1228800, 1, 0, 0
3274714, 1212416, 1, 0, 0
3274964, 1097728, 1, 0, 0
3275214, 1212416, 1, 0, 0
3275464, 1196032, 1, 0, 0
3275714, 1480481, 1, 0, 0
3275964, 671744, 1, 0, 0
3276214, 671744, 1, 0, 0
3276464, 655360, 1, 0, 0
3276714, 1671168, 1, 0, 0
3276964, 1196032, 1, 0, 0
3277214, 1097728, 1, 0, 0
3277464, 491520, 1, 0, 0
3277714, 1196032, 1, 0, 0
3277964, 950272, 1, 0, 0
3278214, 723791, 1, 0, 0
3278464, 1048576, 1, 0, 0
3278714, 1294336, 1, 0, 0
3278964, 1261568, 1, 0, 0
3279214, 589824, 1, 0, 0
3279464, 606208, 1, 0, 0
3279714, 1359872, 1, 0, 0
3279964, 753664, 1, 0, 0
3280214, 1703936, 1, 0, 0
3280465, 1409024, 1, 0, 0
3280714, 1299534, 1, 0, 0
3280964, 1163264, 1, 0, 0
3281214, 1163264, 1, 0, 0
3281464, 1654784, 1, 0, 0
3281714, 1310720, 1, 0, 0
3281964, 1277952, 1, 0, 0
3282214, 704512, 1, 0, 0
3282464, 475136, 1, 0, 0
3282714, 999424, 1, 0, 0
3282964, 657991, 1, 0, 0
3283214, 1114112, 1, 0, 0
3283464, 950272, 1, 0, 0
3283714, 1081344, 1, 0, 0
3283964, 1212416, 1, 0, 0
3284214, 1474560, 1, 0, 0
3284464, 1425408, 1, 0, 0
3284714, 1048576, 1, 0, 0
3284964, 1196032, 1, 0, 0
3285214, 966656, 1, 0, 0
3285464, 1381783, 1, 0, 0
3285714, 983040, 1, 0, 0
3285964, 1114112, 1, 0, 0
3286214, 851968, 1, 0, 0
3286464, 966656, 1, 0, 0
3286714, 1245184, 1, 0, 0
3286964, 1474560, 1, 0, 0
3287214, 1032192, 1, 0, 0
3287464, 1228800, 1, 0, 0
3287714, 1283084, 1, 0, 0
3287964, 1196032, 1, 0, 0
3288214, 1114112, 1, 0, 0
3288464, 983040, 1, 0, 0
3288714, 1064960, 1, 0, 0
3288964, 770048, 1, 0, 0
3289214, 819200, 1, 0, 0
3289464, 983040, 1, 0, 0
3289714, 917504, 1, 0, 0
3289964, 921188, 1, 0, 0
3290214, 409600, 1, 0, 0
3290464, 475136, 1, 0, 0
3290714, 901120, 1, 0, 0
3290964, 1097728, 1, 0, 0
3291214, 1294336, 1, 0, 0
3291464, 229376, 1, 0, 0
3291714, 1245184, 1, 0, 0
3291964, 1736704, 1, 0, 0
3292214, 933888, 1, 0, 0
3292464, 296096, 1, 0, 0
3292714, 933888, 1, 0, 0
3292964, 688128, 1, 0, 0
3293214, 1277952, 1, 0, 0
3293464, 1130496, 1, 0, 0
3293714, 1064960, 1, 0, 0
3293964, 999424, 1, 0, 0
3294214, 1507328, 1, 0, 0
3294464, 950272, 1, 0, 0
3294714, 442368, 1, 0, 0
3294964, 1167935, 1, 0, 0
3295214, 1245184, 1, 0, 0
3295464, 507904, 1, 0, 0
3295714, 983040, 1, 0, 0
3295964, 901120, 1, 0, 0
3296214, 622592, 1, 0, 0
3296464, 884736, 1, 0, 0
3296714, 770048, 1, 0, 0
3296964, 983040, 1, 0, 0
3297214, 1069236, 1, 0, 0
3297464, 704512, 1, 0, 0
3297714, 1261568, 1, 0, 0
3297964, 933888, 1, 0, 0
3298214, 1228800, 1, 0, 0
3298464, 1425408, 1, 0, 0
3298714, 819200, 1, 0, 0
3298964, 1261568, 1, 0, 0
3299214, 1233734, 1, 0, 0
3299464, 311296, 1, 0, 0
3299714, 1179648, 1, 0, 0
3299964, 1114112, 1, 0, 0
3300214, 704512, 1, 0, 0
3300464, 835584, 1, 0, 0
3300714, 868352, 1, 0, 0
3300964, 1212416, 1, 0, 0
3301214, 1785856, 1, 0, 0
3301464, 1809477, 1, 0, 0
3301714, 1327104, 1, 0, 0
3301964, 999424, 1, 0, 0
3302214, 1081344, 1, 0, 0
3302464, 1474560, 1, 0, 0
3302714, 1277952, 1, 0, 0
3302964, 737280, 1, 0, 0
3303214, 491520, 1, 0, 0
3303464, 1490944, 1, 0, 0
3303714, 819200, 1, 0, 0
3303964, 1019887, 1, 0, 0
3304214, 1474560, 1, 0, 0
3304464, 1146880, 1, 0, 0
3304714, 1818624, 1, 0, 0
3304964, 1097728, 1, 0, 0
3305214, 1097728, 1, 0, 0
3305464, 933888, 1, 0, 0
3305714, 737280, 1, 0, 0
3305964, 1212416, 1, 0, 0
3306214, 937638, 1, 0, 0
3306464, 1064960, 1, 0, 0
3306714, 1196032, 1, 0, 0
3306964, 1392640, 1, 0, 0
3307214, 1753088, 1, 0, 0
3307464, 638976, 1, 0, 0
3307714, 1081344, 1, 0, 0
3307964, 737280, 1, 0, 0
3308214, 1064960, 1, 0, 0
3308465, 851968, 1, 0, 0
3308714, 707341, 1, 0, 0
3308964, 917504, 1, 0, 0
3309214, 1261568, 1, 0, 0
3309464, 1228800, 1, 0, 0
3309714, 1228800, 1, 0, 0
3309964, 1376256, 1, 0, 0
3310214, 1048576, 1, 0, 0
3310464, 1294336, 1, 0, 0
3310714, 1359872, 1, 0, 0
3310964, 1228800, 1, 0, 0
3311214, 1085686, 1, 0, 0
3311464, 1736704, 1, 0, 0
3311714, 1835008, 1, 0, 0
3311964, 868352, 1, 0, 0
3312214, 409600, 1, 0, 0
3312464, 1622016, 1, 0, 0
3312714, 1327104, 1, 0, 0
3312964, 819200, 1, 0, 0
3313214, 933888, 1, 0, 0
3313464, 1102136, 1, 0, 0
3313714, 901120, 1, 0, 0
3313964, 1753088, 1, 0, 0
3314214, 1654784, 1, 0, 0
3314464, 983040, 1, 0, 0
3314714, 983040, 1, 0, 0
3314964, 1212416, 1, 0, 0
3315214, 1916928, 1, 0, 0
3315464, 1605632, 1, 0, 0
3315714, 1572864, 1, 0, 0
3315964, 625092, 1, 0, 0
3316214, 835584, 1, 0, 0
3316464, 1277952, 1, 0, 0
3316714, 1146880, 1, 0, 0
3316964, 1130496, 1, 0, 0
3317214, 1245184, 1, 0, 0
3317464, 1294336, 1, 0, 0
3317714, 1327104, 1, 0, 0
3317964, 966656, 1, 0, 0
3318214, 838939, 1, 0, 0
3318464, 1048576, 1, 0, 0
3318714, 1376256, 1, 0, 0
3318964, 1081344, 1, 0, 0
3319214, 1228800, 1, 0, 0
3319464, 1196032, 1, 0, 0
3319714, 1540096, 1, 0, 0
3319964, 1458176, 1, 0, 0
3320214, 1114112, 1, 0, 0
3320464, 1343488, 1, 0, 0
3320714, 1661429, 1, 0, 0
3320964, 737280, 1, 0, 0
3321214, 638976, 1, 0, 0
3321464, 966656, 1, 0, 0
3321714, 524288, 1, 0, 0
3321964, 1048576, 1, 0, 0
3322214, 622592, 1, 0, 0
3322464, 753664, 1, 0, 0
3322714, 966656, 1, 0, 0
3322964, 1015808, 1, 0, 0
3323214, 655360, 1, 0, 0
3323464, 954088, 1, 0, 0
3323714, 999424, 1, 0, 0
3323964, 475136, 1, 0, 0
3324214, 606208, 1, 0, 0
3324464, 1097728, 1, 0, 0
3324714, 1032192, 1, 0, 0
3324964, 917504, 1, 0, 0
3325214, 753664, 1, 0, 0
3325464, 688128, 1, 0, 0
3325713, 740240, 1, 0, 0
3325964, 1032192, 1, 0, 0
3326214, 573440, 1, 0, 0
3326464, 622592, 1, 0, 0
3326714, 1343488, 1, 0, 0
3326964, 1015808, 1, 0, 0
3327214, 1064960, 1, 0, 0
3327464, 1048576, 1, 0, 0
3327714, 720896, 1, 0, 0
3327964, 868352, 1, 0, 0
3328214, 509943, 1, 0, 0
3328464, 753664, 1, 0, 0
3328714, 638976, 1, 0, 0
3328964, 638976, 1, 0, 0
3329214, 491520, 1, 0, 0
3329464, 458752, 1, 0, 0
3329714, 819200, 1, 0, 0
3329964, 819200, 1, 0, 0
3330214, 983040, 1, 0, 0
3330464, 753664, 1, 0, 0
3330714, 526393, 1, 0, 0
3330964, 557056, 1, 0, 0
3331214, 835584, 1, 0, 0
3331464, 409600, 1, 0, 0
3331714, 311296, 1, 0, 0
3331964, 655360, 1, 0, 0
3332214, 606208, 1, 0, 0
3332464, 933888, 1, 0, 0
3332714, 606208, 1, 0, 0
3332964, 838939, 1, 0, 0
3333214, 606208, 1, 0, 0
3333464, 442368, 1, 0, 0
3333714, 212992, 1, 0, 0
3333964, 671744, 1, 0, 0
3334214, 442368, 1, 0, 0
3334464, 507904, 1, 0, 0
3334714, 851968, 1, 0, 0
3334964, 425984, 1, 0, 0
3335215, 507904, 1, 0, 0
3335464, 559293, 1, 0, 0
3335714, 589824, 1, 0, 0
3335964, 671744, 1, 0, 0
3336214, 557056, 1, 0, 0
3336464, 540672, 1, 0, 0
3336714, 507904, 1, 0, 0
3336964, 425984, 1, 0, 0
3337214, 655360, 1, 0, 0
3337463, 657991, 1, 0, 0
3337714, 966656, 1, 0, 0
3337964, 851968, 1, 0, 0
3338214, 688128, 1, 0, 0
3338464, 688128, 1, 0, 0
3338714, 425984, 1, 0, 0
3338964, 622592, 1, 0, 0
3339214, 720896, 1, 0, 0
3339464, 573440, 1, 0, 0
3339714, 229376, 1, 0, 0
3339964, 688128, 1, 0, 0
3340214, 871839, 1, 0, 0
3340464, 983040, 1, 0, 0
3340714, 753664, 1, 0, 0
3340964, 950272, 1, 0, 0
3341214, 327680, 1, 0, 0
3341464, 819200, 1, 0, 0
3341714, 409600, 1, 0, 0
3341964, 425984, 1, 0, 0
3342214, 608642, 1, 0, 0
3342464, 491520, 1, 0, 0
3342714, 933888, 1, 0, 0
3342964, 737280, 1, 0, 0
3343214, 999424, 1, 0, 0
3343464, 589824, 1, 0, 0
3343714, 884736, 1, 0, 0
3343964, 851968, 1, 0, 0
3344214, 311296, 1, 0, 0
3344464, 311296, 1, 0, 0
3344714, 641542, 1, 0, 0
3344964, 1294336, 1, 0, 0
3345214, 1212416, 1, 0, 0
3345464, 1474560, 1, 0, 0
3345714, 753664, 1, 0, 0
3345964, 884736, 1, 0, 0
3346214, 770048, 1, 0, 0
3346464, 638976, 1, 0, 0
3346714, 753664, 1, 0, 0
3346964, 638976, 1, 0, 0
3347214, 638976, 1, 0, 0
3347464, 1348883, 1, 0, 0
3347714, 393216, 1, 0, 0
3347964, 622592, 1, 0, 0
3348214, 655360, 1, 0, 0
3348464, 524288, 1, 0, 0
3348714, 311296, 1, 0, 0
3348964, 98304, 1, 0, 0
3349214, 458752, 1, 0, 0
3349464, 921188, 1, 0, 0
3349714, 98304, 1, 0, 0
3349964, 311296, 1, 0, 0
3350214, 802816, 1, 0, 0
3350464, 475136, 1, 0, 0
3350714, 98304, 1, 0, 0
3350964, 294912, 1, 0, 0
3351214, 458752, 1, 0, 0
3351464, 475136, 1, 0, 0
3351715, 458752, 1, 0, 0
3351964, 575742, 1, 0, 0
3352214, 868352, 1, 0, 0
3352464, 507904, 1, 0, 0
3352714, 327680, 1, 0, 0
3352964, 327680, 1, 0, 0
3353214, 409600, 1, 0, 0
3353464, 409600, 1, 0, 0
3353714, 638976, 1, 0, 0
3353964, 573440, 1, 0, 0
3354214, 493493, 1, 0, 0
3354464, 638976, 1, 0, 0
3354714, 999424, 1, 0, 0
3354964, 819200, 1, 0, 0
3355214, 966656, 1, 0, 0
3355464, 557056, 1, 0, 0
3355714, 1081344, 1, 0, 0
3355964, 655360, 1, 0, 0
3356214, 868352, 1, 0, 0
3356463, 641542, 1, 0, 0
3356714, 1146880, 1, 0, 0
3356964, 999424, 1, 0, 0
3357214, 1376256, 1, 0, 0
3357464, 770048, 1, 0, 0
3357714, 1572864, 1, 0, 0
3357964, 1310720, 1, 0, 0
3358214, 819200, 1, 0, 0
3358464, 1310720, 1, 0, 0
3358714, 917504, 1, 0, 0
3358964, 1266634, 1, 0, 0
3359214, 1081344, 1, 0, 0
3359464, 1163264, 1, 0, 0
3359714, 802816, 1, 0, 0
3359964, 950272, 1, 0, 0
3360214, 917504, 1, 0, 0
3360464, 737280, 1, 0, 0
3360714, 933888, 1, 0, 0
3360964, 966656, 1, 0, 0
3361215, 1130496, 1, 0, 0
3361464, 1019887, 1, 0, 0
3361714, 1114112, 1, 0, 0
3361964, 688128, 1, 0, 0
3362214, 720896, 1, 0, 0
3362464, 933888, 1, 0, 0
3362714, 1114112, 1, 0, 0
3362964, 1376256, 1, 0, 0
3363214, 1294336, 1, 0, 0
3363464, 770048, 1, 0, 0
3363714, 855389, 1, 0, 0
3363964, 425984, 1, 0, 0
3364214, 425984, 1, 0, 0
3364464, 999424, 1, 0, 0
3364714, 770048, 1, 0, 0
3364964, 1179648, 1, 0, 0
3365214, 835584, 1, 0, 0
3365464, 491520, 1, 0, 0
3365714, 917504, 1, 0, 0
3365964, 1851392, 1, 0, 0
3366214, 871839, 1, 0, 0
3366464, 786432, 1, 0, 0
3366714, 917504, 1, 0, 0
3366964, 1212416, 1, 0, 0
3367214, 524288, 1, 0, 0
3367464, 1277952, 1, 0, 0
3367714, 884736, 1, 0, 0
3367964, 770048, 1, 0, 0
3368214, 933888, 1, 0, 0
3368464, 1431132, 1, 0, 0
3368714, 1163264, 1, 0, 0
3368964, 1179648, 1, 0, 0
3369214, 1245184, 1, 0, 0
3369464, 1425408, 1, 0, 0
3369714, 1261568, 1, 0, 0
3369964, 1523712, 1, 0, 0
3370214, 1196032, 1, 0, 0
3370464, 1233734, 1, 0, 0
3370714, 999424, 1, 0, 0
3370964, 1638400, 1, 0, 0
3371214, 1277952, 1, 0, 0
3371464, 1638400, 1, 0, 0
3371714, 737280, 1, 0, 0
3371964, 524288, 1, 0, 0
3372214, 622592, 1, 0, 0
3372464, 1015808, 1, 0, 0
3372714, 740240, 1, 0, 0
3372964, 1343488, 1, 0, 0
3373214, 1081344, 1, 0, 0
3373464, 851968, 1, 0, 0
3373714, 1245184, 1, 0, 0
3373964, 1179648, 1, 0, 0
3374214, 1720320, 1, 0, 0
3374464, 917504, 1, 0, 0
3374714, 638976, 1, 0, 0
3374964, 704512, 1, 0, 0
3375214, 1392640, 1, 0, 0
3375464, 1102136, 1, 0, 0
3375714, 1064960, 1, 0, 0
3375964, 835584, 1, 0, 0
3376214, 737280, 1, 0, 0
3376464, 1212416, 1, 0, 0
3376714, 1409024, 1, 0, 0
3376964, 1343488, 1, 0, 0
3377214, 1212416, 1, 0, 0
3377464, 1081344, 1, 0, 0
3377714, 740240, 1, 0, 0
3377964, 606208, 1, 0, 0
3378214, 1015808, 1, 0, 0
3378464, 917504, 1, 0, 0
3378714, 884736, 1, 0, 0
3378964, 1146880, 1, 0, 0
3379214, 1212416, 1, 0, 0
3379464, 1146880, 1, 0, 0
3379714, 1343488, 1, 0, 0
3379964, 1381783, 1, 0, 0
3380214, 737280, 1, 0, 0
3380464, 753664, 1, 0, 0
3380714, 1294336, 1, 0, 0
3380964, 1523712, 1, 0, 0
3381214, 1212416, 1, 0, 0
3381464, 1163264, 1, 0, 0
3381714, 1277952, 1, 0, 0
3381964, 1036337, 1, 0, 0
3382214, 1212416, 1, 0, 0
3382464, 1114112, 1, 0, 0
3382714, 917504, 1, 0, 0
3382964, 1736704, 1, 0, 0
3383214, 1474560, 1, 0, 0
3383464, 1245184, 1, 0, 0
3383714, 999424, 1, 0, 0
3383964, 1409024, 1, 0, 0
3384214, 1217285, 1, 0, 0
3384464, 1277952, 1, 0, 0
3384714, 458752, 1, 0, 0
3384964, 868352, 1, 0, 0
3385214, 1376256, 1, 0, 0
3385464, 1212416, 1, 0, 0
3385714, 1261568, 1, 0, 0
3385964, 1097728, 1, 0, 0
3386214, 1638400, 1, 0, 0
3386464, 1743678, 1, 0, 0
3386714, 1327104, 1, 0, 0
3386964, 1949696, 1, 0, 0
3387214, 1277952, 1, 0, 0
3387464, 327680, 1, 0, 0
3387714, 1540096, 1, 0, 0
3387964, 1458176, 1, 0, 0
3388214, 770048, 1, 0, 0
3388464, 917504, 1, 0, 0
3388714, 1228800, 1, 0, 0
3388964, 608642, 1, 0, 0
3389214, 720896, 1, 0, 0
3389464, 1572864, 1, 0, 0
3389714, 1343488, 1, 0, 0
3389964, 1474560, 1, 0, 0
3390214, 1441792, 1, 0, 0
3390464, 901120, 1, 0, 0
3390714, 868352, 1, 0, 0
3390964, 1212416, 1, 0, 0
3391214, 1753088, 1, 0, 0
3391464, 1644979, 1, 0, 0
3391714, 1769472, 1, 0, 0
3391964, 1294336, 1, 0, 0
3392214, 1458176, 1, 0, 0
3392464, 1703936, 1, 0, 0
3392714, 868352, 1, 0, 0
3392964, 1359872, 1, 0, 0
3393214, 1146880, 1, 0, 0
3393464, 1015808, 1, 0, 0
3393714, 1277952, 1, 0, 0
3393964, 921188, 1, 0, 0
3394214, 1687552, 1, 0, 0
3394464, 1769472, 1, 0, 0
3394714, 1359872, 1, 0, 0
3394964, 1261568, 1, 0, 0
3395214, 983040, 1, 0, 0
3395464, 901120, 1, 0, 0
3395714, 770048, 1, 0, 0
3395964, 966656, 1, 0, 0
3396215, 917504, 1, 0, 0
3396464, 1250184, 1, 0, 0
3396714, 1785856, 1, 0, 0
3396964, 851968, 1, 0, 0
3397214, 1064960, 1, 0, 0
3397464, 1130496, 1, 0, 0
3397714, 835584, 1, 0, 0
3397964, 1409024, 1, 0, 0
3398214, 1589248, 1, 0, 0
3398464, 575742, 1, 0, 0
3398714, 1556480, 1, 0, 0
3398964, 589824, 1, 0, 0
3399214, 1261568, 1, 0, 0
3399464, 966656, 1, 0, 0
3399714, 1343488, 1, 0, 0
3399964, 1687552, 1, 0, 0
3400214, 1605632, 1, 0, 0
3400464, 1998848, 1, 0, 0
3400713, 1118586, 1, 0, 0
3400964, 1310720, 1, 0, 0
3401214, 737280, 1, 0, 0
3401464, 1474560, 1, 0, 0
3401714, 1835008, 1, 0, 0
3401964, 2097152, 1, 0, 0
3402214, 2048000, 1, 0, 0
3402464, 1703936, 1, 0, 0
3402714, 966656, 1, 0, 0
3402964, 425984, 1, 0, 0
3403214, 1835008, 1, 0, 0
3403464, 954088, 1, 0, 0
3403714, 409600, 1, 0, 0
3403964, 835584, 1, 0, 0
3404214, 1720320, 1, 0, 0
3404464, 1392640, 1, 0, 0
3404714, 573440, 1, 0, 0
3404964, 1294336, 1, 0, 0
3405214, 1654784, 1, 0, 0
3405464, 1638400, 1, 0, 0
3405714, 1233734, 1, 0, 0
3405964, 1638400, 1, 0, 0
3406214, 638976, 1, 0, 0
3406464, 835584, 1, 0, 0
3406714, 770048, 1, 0, 0
3406964, 1179648, 1, 0, 0
3407214, 901120, 1, 0, 0
3407464, 1277952, 1, 0, 0
3407714, 638976, 1, 0, 0
3407964, 933888, 1, 0, 0
3408214, 411244, 1, 0, 0
3408464, 1785856, 1, 0, 0
3408714, 1851392, 1, 0, 0
3408964, 1490944, 1, 0, 0
3409214, 704512, 1, 0, 0
3409464, 622592, 1, 0, 0
3409714, 1130496, 1, 0, 0
3409964, 1146880, 1, 0, 0
3410214, 1638400, 1, 0, 0
3410464, 690891, 1, 0, 0
3410714, 606208, 1, 0, 0
3410964, 1343488, 1, 0, 0
3411214, 1556480, 1, 0, 0
3411464, 1245184, 1, 0, 0
3411714, 1572864, 1, 0, 0
3411964, 1638400, 1, 0, 0
3412214, 1359872, 1, 0, 0
3412464, 917504, 1, 0, 0
3412714, 1146880, 1, 0, 0
3412964, 1398232, 1, 0, 0
3413214, 1097728, 1, 0, 0
3413464, 1015808, 1, 0, 0
3413714, 1622016, 1, 0, 0
3413964, 1589248, 1, 0, 0
3414214, 1261568, 1, 0, 0
3414464, 1245184, 1, 0, 0
3414714, 966656, 1, 0, 0
3414964, 1146880, 1, 0, 0
3415214, 1579180, 1, 0, 0
3415464, 1327104, 1, 0, 0
3415714, 868352, 1, 0, 0
3415964, 983040, 1, 0, 0
3416214, 802816, 1, 0, 0
3416464, 1556480, 1, 0, 0
3416714, 1490944, 1, 0, 0
3416964, 1490944, 1, 0, 0
3417214, 1769472, 1, 0, 0
3417464, 1359872, 1, 0, 0
3417714, 493493, 1, 0, 0
3417964, 1392640, 1, 0, 0
3418214, 933888, 1, 0, 0
3418464, 1196032, 1, 0, 0
3418714, 1261568, 1, 0, 0
3418964, 868352, 1, 0, 0
3419214, 1343488, 1, 0, 0
3419464, 1687552, 1, 0, 0
3419714, 1949696, 1, 0, 0
3419964, 1365333, 1, 0, 0
3420214, 1802240, 1, 0, 0
3420464, 1818624, 1, 0, 0
3420714, 1376256, 1, 0, 0
3420964, 753664, 1, 0, 0
3421214, 999424, 1, 0, 0
3421464, 933888, 1, 0, 0
3421714, 1556480, 1, 0, 0
3421964, 1769472, 1, 0, 0
3422214, 1703936, 1, 0, 0
3422464, 263196, 1, 0, 0
3422714, 114688, 1, 0, 0
3422964, 851968, 1, 0, 0
3423214, 999424, 1, 0, 0
3423464, 786432, 1, 0, 0
3423714, 983040, 1, 0, 0
3423964, 1228800, 1, 0, 0
3424214, 1703936, 1, 0, 0
3424464, 671744, 1, 0, 0
3424715, 1245184, 1, 0, 0
3424964, 2171373, 1, 0, 0
3425214, 1425408, 1, 0, 0
3425464, 1671168, 1, 0, 0
3425714, 1490944, 1, 0, 0
3425964, 1916928, 1, 0, 0
3426214, 1835008, 1, 0, 0
3426464, 2523136, 1, 0, 0
3426714, 1703936, 1, 0, 0
3426964, 1217285, 1, 0, 0
3427214, 999424, 1, 0, 0
3427464, 1572864, 1, 0, 0
3427714, 1228800, 1, 0, 0
3427964, 2146304, 1, 0, 0
3428214, 1900544, 1, 0, 0
3428464, 1081344, 1, 0, 0
3428714, 1671168, 1, 0, 0
3428964, 819200, 1, 0, 0
3429215, 1130496, 1, 0, 0
3429464, 723791, 1, 0, 0
3429714, 1032192, 1, 0, 0
3429964, 1196032, 1, 0, 0
3430214, 966656, 1, 0, 0
3430464, 1687552, 1, 0, 0
3430714, 1179648, 1, 0, 0
3430964, 1359872, 1, 0, 0
3431214, 1851392, 1, 0, 0
3431464, 1589248, 1, 0, 0
3431714, 1842377, 1, 0, 0
3431964, 1458176, 1, 0, 0
3432214, 655360, 1, 0, 0
3432464, 2244608, 1, 0, 0
3432714, 1556480, 1, 0, 0
3432964, 1687552, 1, 0, 0
3433214, 1589248, 1, 0, 0
3433464, 1671168, 1, 0, 0
3433714, 1572864, 1, 0, 0
3433964, 2179072, 1, 0, 0
3434214, 2253622, 1, 0, 0
3434464, 1261568, 1, 0, 0
3434714, 1867776, 1, 0, 0
3434964, 1409024, 1, 0, 0
3435214, 1933312, 1, 0, 0
3435464, 1622016, 1, 0, 0
3435714, 1163264, 1, 0, 0
3435964, 1294336, 1, 0, 0
3436214, 1425408, 1, 0, 0
3436464, 1431132, 1, 0, 0
3436714, 1130496, 1, 0, 0
3436964, 1277952, 1, 0, 0
3437214, 1376256, 1, 0, 0
3437464, 1163264, 1, 0, 0
3437714, 1310720, 1, 0, 0
3437964, 1163264, 1, 0, 0
3438214, 835584, 1, 0, 0
3438464, 1359872, 1, 0, 0
3438714, 1572864, 1, 0, 0
3438964, 2072674, 1, 0, 0
3439214, 1490944, 1, 0, 0
3439464, 1376256, 1, 0, 0
3439714, 1409024, 1, 0, 0
3439964, 1327104, 1, 0, 0
3440214, 2031616, 1, 0, 0
3440464, 1130496, 1, 0, 0
3440714, 983040, 1, 0, 0
3440964, 1376256, 1, 0, 0
3441214, 1957526, 1, 0, 0
3441464, 1851392, 1, 0, 0
3441714, 1130496, 1, 0, 0
3441964, 1245184, 1, 0, 0
3442214, 1818624, 1, 0, 0
3442464, 2375680, 1, 0, 0
3442714, 1589248, 1, 0, 0
3442964, 1310720, 1, 0, 0
3443214, 1507328, 1, 0, 0
3443465, 1572864, 1, 0, 0
3443714, 1233734, 1, 0, 0
3443964, 1163264, 1, 0, 0
3444214, 1359872, 1, 0, 0
3444464, 966656, 1, 0, 0
3444714, 1048576, 1, 0, 0
3444964, 1523712, 1, 0, 0
3445214, 1556480, 1, 0, 0
3445464, 819200, 1, 0, 0
3445714, 1966080, 1, 0, 0
3445964, 1069236, 1, 0, 0
3446214, 2097152, 1, 0, 0
3446464, 1048576, 1, 0, 0
3446714, 2277376, 1, 0, 0
3446964, 2244608, 1, 0, 0
3447214, 1703936, 1, 0, 0
3447464, 2080768, 1, 0, 0
3447713, 2204273, 1, 0, 0
3447964, 1851392, 1, 0, 0
3448214, 655360, 1, 0, 0
3448464, 1835008, 1, 0, 0
3448714, 1114112, 1, 0, 0
3448964, 950272, 1, 0, 0
3449214, 1720320, 1, 0, 0
3449464, 1851392, 1, 0, 0
3449714, 1703936, 1, 0, 0
3449964, 1277952, 1, 0, 0
3450214, 1891726, 1, 0, 0
3450464, 1605632, 1, 0, 0
3450714, 2424832, 1, 0, 0
3450964, 1179648, 1, 0, 0
3451214, 1507328, 1, 0, 0
3451464, 1097728, 1, 0, 0
3451714, 1589248, 1, 0, 0
3451964, 1474560, 1, 0, 0
3452214, 1835008, 1, 0, 0
3452464, 954088, 1, 0, 0
3452714, 1441792, 1, 0, 0
3452964, 1130496, 1, 0, 0
3453214, 606208, 1, 0, 0
3453464, 1196032, 1, 0, 0
3453714, 1163264, 1, 0, 0
3453964, 1654784, 1, 0, 0
3454214, 1556480, 1, 0, 0
3454464, 1048576, 1, 0, 0
3454714, 770048, 1, 0, 0
3454964, 1250184, 1, 0, 0
3455214, 1277952, 1, 0, 0
3455464, 1081344, 1, 0, 0
3455714, 1097728, 1, 0, 0
3455964, 1507328, 1, 0, 0
3456214, 1327104, 1, 0, 0
3456464, 1081344, 1, 0, 0
3456714, 950272, 1, 0, 0
3456964, 1753088, 1, 0, 0
3457214, 1966080, 1, 0, 0
3457464, 1677879, 1, 0, 0
3457714, 1523712, 1, 0, 0
3457964, 1753088, 1, 0, 0
3458214, 1785856, 1, 0, 0
3458464, 1458176, 1, 0, 0
3458714, 1048576, 1, 0, 0
3458964, 1425408, 1, 0, 0
3459214, 1359872, 1, 0, 0
3459464, 1114112, 1, 0, 0
3459714, 756690, 1, 0, 0
3459964, 983040, 1, 0, 0
3460214, 1523712, 1, 0, 0
3460464, 704512, 1, 0, 0
3460714, 737280, 1, 0, 0
3460964, 819200, 1, 0, 0
3461214, 1163264, 1, 0, 0
3461464, 1048576, 1, 0, 0
3461714, 868352, 1, 0, 0
3461964, 1310720, 1, 0, 0
3462214, 1513381, 1, 0, 0
3462464, 1179648, 1, 0, 0
3462714, 720896, 1, 0, 0
3462964, 1589248, 1, 0, 0
3463214, 1458176, 1, 0, 0
3463464, 786432, 1, 0, 0
3463714, 1245184, 1, 0, 0
3463964, 1359872, 1, 0, 0
3464214, 1392640, 1, 0, 0
3464464, 1753088, 1, 0, 0
3464714, 1480481, 1, 0, 0
3464964, 1507328, 1, 0, 0
3465214, 1261568, 1, 0, 0
3465464, 917504, 1, 0, 0
3465714, 1769472, 1, 0, 0
3465964, 999424, 1, 0, 0
3466214, 1769472, 1, 0, 0
3466464, 950272, 1, 0, 0
3466714, 1622016, 1, 0, 0
3466964, 671744, 1, 0, 0
3467214, 559293, 1, 0, 0
3467464, 1507328, 1, 0, 0
3467714, 1212416, 1, 0, 0
3467964, 1212416, 1, 0, 0
3468214, 1048576, 1, 0, 0
3468464, 999424, 1, 0, 0
3468714, 1130496, 1, 0, 0
3468964, 851968, 1, 0, 0
3469214, 1064960, 1, 0, 0
3469464, 789590, 1, 0, 0
3469714, 933888, 1, 0, 0
3469964, 1064960, 1, 0, 0
3470214, 1425408, 1, 0, 0
3470464, 1556480, 1, 0, 0
3470714, 950272, 1, 0, 0
3470964, 1474560, 1, 0, 0
3471214, 1032192, 1, 0, 0
3471464, 1048576, 1, 0, 0
3471714, 1146880, 1, 0, 0
3471964, 1414682, 1, 0, 0
3472214, 1097728, 1, 0, 0
3472464, 999424, 1, 0, 0
3472714, 1015808, 1, 0, 0
3472964, 1376256, 1, 0, 0
3473214, 1048576, 1, 0, 0
3473464, 720896, 1, 0, 0
3473714, 1146880, 1, 0, 0
3473964, 540672, 1, 0, 0
3474215, 540672, 1, 0, 0
3474464, 1052787, 1, 0, 0
3474714, 966656, 1, 0, 0
3474964, 1032192, 1, 0, 0
3475214, 1376256, 1, 0, 0
3475464, 1179648, 1, 0, 0
3475714, 835584, 1, 0, 0
3475964, 901120, 1, 0, 0
3476214, 1245184, 1, 0, 0
3476465, 1212416, 1, 0, 0
3476714, 1102136, 1, 0, 0
3476964, 622592, 1, 0, 0
3477214, 655360, 1, 0, 0
3477464, 1097728, 1, 0, 0
3477714, 1507328, 1, 0, 0
3477964, 2473984, 1, 0, 0
3478214, 1458176, 1, 0, 0
3478464, 592192, 1, 0, 0
3478714, 737280, 1, 0, 0
3478964, 1097728, 1, 0, 0
3479214, 671744, 1, 0, 0
3479464, 1196032, 1, 0, 0
3479714, 1228800, 1, 0, 0
3479964, 884736, 1, 0, 0
3480214, 901120, 1, 0, 0
3480464, 1032192, 1, 0, 0
3480714, 1661429, 1, 0, 0
3480964, 1589248, 1, 0, 0
3481214, 1671168, 1, 0, 0
3481464, 835584, 1, 0, 0
3481714, 1064960, 1, 0, 0
3481964, 1097728, 1, 0, 0
3482214, 1015808, 1, 0, 0
3482464, 999424, 1, 0, 0
3482714, 950272, 1, 0, 0
3482964, 1228800, 1, 0, 0
3483214, 1184385, 1, 0, 0
3483464, 1130496, 1, 0, 0
3483714, 1081344, 1, 0, 0
3483964, 1081344, 1, 0, 0
3484214, 294912, 1, 0, 0
3484464, 360448, 1, 0, 0
3484714, 901120, 1, 0, 0
3484964, 1507328, 1, 0, 0
3485214, 819200, 1, 0, 0
3485465, 589824, 1, 0, 0
3485714, 559293, 1, 0, 0
3485964, 966656, 1, 0, 0
3486214, 1474560, 1, 0, 0
3486464, 868352, 1, 0, 0
3486714, 1441792, 1, 0, 0
3486964, 1294336, 1, 0, 0
3487214, 1146880, 1, 0, 0
3487464, 1474560, 1, 0, 0
3487714, 1294336, 1, 0, 0
3487964, 1052787, 1, 0, 0
3488214, 1212416, 1, 0, 0
3488464, 901120, 1, 0, 0
3488714, 425984, 1, 0, 0
3488964, 1097728, 1, 0, 0
3489214, 1638400, 1, 0, 0
3489464, 1540096, 1, 0, 0
3489714, 966656, 1, 0, 0
3489964, 294912, 1, 0, 0
3490214, 1130496, 1, 0, 0
3490464, 1644979, 1, 0, 0
3490714, 1310720, 1, 0, 0
3490964, 1638400, 1, 0, 0
3491214, 1359872, 1, 0, 0
3491464, 1163264, 1, 0, 0
3491714, 1294336, 1, 0, 0
3491964, 1376256, 1, 0, 0
3492214, 1622016, 1, 0, 0
3492464, 1736704, 1, 0, 0
3492714, 1825927, 1, 0, 0
3492964, 1818624, 1, 0, 0
3493214, 1769472, 1, 0, 0
3493464, 1703936, 1, 0, 0
3493714, 1916928, 1, 0, 0
3493964, 1097728, 1, 0, 0
3494214, 1114112, 1, 0, 0
3494464, 2097152, 1, 0, 0
3494714, 1753088, 1, 0, 0
3494964, 1638400, 1, 0, 0
3495214, 2072674, 1, 0, 0
3495464, 1769472, 1, 0, 0
3495714, 1310720, 1, 0, 0
3495964, 1622016, 1, 0, 0
3496214, 1982464, 1, 0, 0
3496464, 1687552, 1, 0, 0
3496714, 1884160, 1, 0, 0
3496964, 1277952, 1, 0, 0
3497214, 1277952, 1, 0, 0
3497464, 1398232, 1, 0, 0
3497714, 1523712, 1, 0, 0
3497964, 1081344, 1, 0, 0
3498214, 1425408, 1, 0, 0
3498464, 1622016, 1, 0, 0
3498714, 1884160, 1, 0, 0
3498964, 802816, 1, 0, 0
3499214, 1507328, 1, 0, 0
3499464, 884736, 1, 0, 0
3499714, 1916928, 1, 0, 0
3499963, 1727228, 1, 0, 0
3500214, 1671168, 1, 0, 0
3500464, 1556480, 1, 0, 0
3500714, 1622016, 1, 0, 0
3500964, 1376256, 1, 0, 0
3501214, 1146880, 1, 0, 0
3501464, 704512, 1, 0, 0
3501714, 1392640, 1, 0, 0
3501964, 1048576, 1, 0, 0
3502215, 901120, 1, 0, 0
3502464, 1398232, 1, 0, 0
3502714, 1376256, 1, 0, 0
3502964, 1163264, 1, 0, 0
3503214, 1114112, 1, 0, 0
3503464, 1343488, 1, 0, 0
3503714, 1671168, 1, 0, 0
3503964, 1097728, 1, 0, 0
3504214, 1327104, 1, 0, 0
3504464, 999424, 1, 0, 0
3504714, 937638, 1, 0, 0
3504964, 851968, 1, 0, 0
3505214, 1212416, 1, 0, 0
3505464, 1097728, 1, 0, 0
3505714, 1867776, 1, 0, 0
3505964, 2211840, 1, 0, 0
3506214, 1474560, 1, 0, 0
3506464, 1671168, 1, 0, 0
3506714, 1474560, 1, 0, 0
3506964, 2293760, 1, 0, 0
3507214, 2368771, 1, 0, 0
3507464, 1818624, 1, 0, 0
3507714, 2129920, 1, 0, 0
3507964, 1720320, 1, 0, 0
3508214, 540672, 1, 0, 0
3508464, 786432, 1, 0, 0
3508714, 1671168, 1, 0, 0
3508964, 2048000, 1, 0, 0
3509214, 1441792, 1, 0, 0
3509464, 806040, 1, 0, 0
3509714, 1851392, 1, 0, 0
3509964, 1671168, 1, 0, 0
3510214, 868352, 1, 0, 0
3510464, 1212416, 1, 0, 0
3510714, 1638400, 1, 0, 0
3510964, 1130496, 1, 0, 0
3511214, 524288, 1, 0, 0
3511464, 1474560, 1, 0, 0
3511715, 983040, 1, 0, 0
3511964, 1431132, 1, 0, 0
3512214, 589824, 1, 0, 0
3512464, 1245184, 1, 0, 0
3512714, 1490944, 1, 0, 0
3512964, 1212416, 1, 0, 0
3513214, 1163264, 1, 0, 0
3513464, 1589248, 1, 0, 0
3513714, 1245184, 1, 0, 0
3513964, 966656, 1, 0, 0
3514215, 1228800, 1, 0, 0
3514464, 970538, 1, 0, 0
3514714, 1523712, 1, 0, 0
3514964, 1327104, 1, 0, 0
3515214, 1638400, 1, 0, 0
3515464, 1949696, 1, 0, 0
3515714, 1245184, 1, 0, 0
3515964, 2097152, 1, 0, 0
3516214, 1458176, 1, 0, 0
3516464, 753664, 1, 0, 0
3516714, 1480481, 1, 0, 0
3516964, 1130496, 1, 0, 0
3517214, 1507328, 1, 0, 0
3517464, 1490944, 1, 0, 0
3517714, 1556480, 1, 0, 0
3517964, 1130496, 1, 0, 0
3518214, 1376256, 1, 0, 0
3518464, 1212416, 1, 0, 0
3518714, 1687552, 1, 0, 0
3518964, 1802240, 1, 0, 0
3519214, 1447582, 1, 0, 0
3519464, 1212416, 1, 0, 0
3519714, 1114112, 1, 0, 0
3519964, 1343488, 1, 0, 0
3520214, 1392640, 1, 0, 0
3520464, 1720320, 1, 0, 0
3520714, 1277952, 1, 0, 0
3520964, 1064960, 1, 0, 0
3521214, 1228800, 1, 0, 0
3521464, 1167935, 1, 0, 0
3521714, 1294336, 1, 0, 0
3521964, 1114112, 1, 0, 0
3522214, 1277952, 1, 0, 0
3522464, 1671168, 1, 0, 0
3522714, 1245184, 1, 0, 0
3522964, 1425408, 1, 0, 0
3523214, 1376256, 1, 0, 0
3523464, 1064960, 1, 0, 0
3523714, 1507328, 1, 0, 0
3523964, 1671168, 1, 0, 0
3524214, 806040, 1, 0, 0
3524464, 835584, 1, 0, 0
3524714, 2277376, 1, 0, 0
3524964, 1736704, 1, 0, 0
3525214, 1064960, 1, 0, 0
3525464, 1327104, 1, 0, 0
3525714, 966656, 1, 0, 0
3525964, 1261568, 1, 0, 0
3526214, 2138473, 1, 0, 0
3526464, 835584, 1, 0, 0
3526714, 1900544, 1, 0, 0
3526964, 851968, 1, 0, 0
3527214, 2228224, 1, 0, 0
3527464, 1916928, 1, 0, 0
3527714, 2064384, 1, 0, 0
3527964, 1933312, 1, 0, 0
3528214, 1867776, 1, 0, 0
3528464, 1736704, 1, 0, 0
3528714, 2056224, 1, 0, 0
3528964, 1048576, 1, 0, 0
3529214, 1294336, 1, 0, 0
3529464, 688128, 1, 0, 0
3529714, 2244608, 1, 0, 0
3529964, 1851392, 1, 0, 0
3530214, 1327104, 1, 0, 0
3530464, 1458176, 1, 0, 0
3530714, 1556480, 1, 0, 0
3530964, 1556480, 1, 0, 0
3531214, 1233734, 1, 0, 0
3531464, 2146304, 1, 0, 0
3531714, 1572864, 1, 0, 0
3531964, 1802240, 1, 0, 0
3532214, 1671168, 1, 0, 0
3532464, 2572288, 1, 0, 0
3532714, 1687552, 1, 0, 0
3532964, 2359296, 1, 0, 0
3533214, 2392064, 1, 0, 0
3533464, 1529831, 1, 0, 0
3533714, 1785856, 1, 0, 0
3533964, 1654784, 1, 0, 0
3534214, 2211840, 1, 0, 0
3534464, 1458176, 1, 0, 0
3534714, 2015232, 1, 0, 0
3534964, 2015232, 1, 0, 0
3535214, 1720320, 1, 0, 0
3535464, 1638400, 1, 0, 0
3535714, 1425408, 1, 0, 0
3535964, 1458176, 1, 0, 0
3536214, 1266634, 1, 0, 0
3536464, 1130496, 1, 0, 0
3536714, 1277952, 1, 0, 0
3536964, 1490944, 1, 0, 0
3537214, 753664, 1, 0, 0
3537464, 1687552, 1, 0, 0
3537714, 1179648, 1, 0, 0
3537964, 655360, 1, 0, 0
3538214, 851968, 1, 0, 0
3538464, 904738, 1, 0, 0
3538714, 655360, 1, 0, 0
3538964, 704512, 1, 0, 0
3539214, 540672, 1, 0, 0
3539464, 524288, 1, 0, 0
3539714, 491520, 1, 0, 0
3539964, 491520, 1, 0, 0
3540214, 409600, 1, 0, 0
3540464, 819200, 1, 0, 0
3540713, 937638, 1, 0, 0
3540964, 835584, 1, 0, 0
3541214, 802816, 1, 0, 0
3541464, 688128, 1, 0, 0
3541714, 1196032, 1, 0, 0
3541964, 851968, 1, 0, 0
3542214, 442368, 1, 0, 0
3542464, 524288, 1, 0, 0
3542714, 917504, 1, 0, 0
3542964, 904738, 1, 0, 0
3543214, 589824, 1, 0, 0
3543464, 1146880, 1, 0, 0
3543714, 573440, 1, 0, 0
3543964, 950272, 1, 0, 0
3544214, 671744, 1, 0, 0
3544464, 770048, 1, 0, 0
3544714, 802816, 1, 0, 0
3544964, 933888, 1, 0, 0
3545214, 983040, 1, 0, 0
3545464, 1184385, 1, 0, 0
3545714, 1048576, 1, 0, 0
3545964, 1064960, 1, 0, 0
3546214, 1441792, 1, 0, 0
3546464, 1032192, 1, 0, 0
3546714, 1392640, 1, 0, 0
3546964, 802816, 1, 0, 0
3547214, 327680, 1, 0, 0
3547464, 1032192, 1, 0, 0
3547715, 557056, 1, 0, 0
3547964, 690891, 1, 0, 0
3548214, 1064960, 1, 0, 0
3548464, 1048576, 1, 0, 0
3548714, 901120, 1, 0, 0
3548964, 1261568, 1, 0, 0
3549214, 933888, 1, 0, 0
3549464, 950272, 1, 0, 0
3549714, 901120, 1, 0, 0
3549964, 999424, 1, 0, 0
3550214, 1102136, 1, 0, 0
3550464, 1867776, 1, 0, 0
3550714, 1212416, 1, 0, 0
3550964, 524288, 1, 0, 0
3551214, 425984, 1, 0, 0
3551464, 950272, 1, 0, 0
3551714, 933888, 1, 0, 0
3551964, 1867776, 1, 0, 0
3552214, 1081344, 1, 0, 0
3552464, 1212416, 1, 0, 0
3552714, 1118586, 1, 0, 0
3552964, 1179648, 1, 0, 0
3553214, 786432, 1, 0, 0
3553464, 1196032, 1, 0, 0
3553714, 933888, 1, 0, 0
3553964, 1015808, 1, 0, 0
3554214, 1228800, 1, 0, 0
3554464, 1589248, 1, 0, 0
3554714, 1146880, 1, 0, 0
3554964, 753664, 1, 0, 0
3555214, 1398232, 1, 0, 0
3555464, 1769472, 1, 0, 0
3555714, 1474560, 1, 0, 0
3555964, 1146880, 1, 0, 0
3556214, 442368, 1, 0, 0
3556464, 1015808, 1, 0, 0
3556714, 884736, 1, 0, 0
3556964, 1114112, 1, 0, 0
3557214, 737280, 1, 0, 0
3557464, 526393, 1, 0, 0
3557714, 622592, 1, 0, 0
3557964, 622592, 1, 0, 0
3558214, 1196032, 1, 0, 0
3558464, 999424, 1, 0, 0
3558714, 1376256, 1, 0, 0
3558964, 704512, 1, 0, 0
3559214, 933888, 1, 0, 0
3559464, 573440, 1, 0, 0
3559714, 655360, 1, 0, 0
3559964, 296096, 1, 0, 0
3560214, 671744, 1, 0, 0
3560464, 1376256, 1, 0, 0
3560714, 1196032, 1, 0, 0
3560964, 1114112, 1, 0, 0
3561214, 1064960, 1, 0, 0
3561464, 1409024, 1, 0, 0
3561714, 1490944, 1, 0, 0
3561964, 1032192, 1, 0, 0
3562214, 411244, 1, 0, 0
3562464, 737280, 1, 0, 0
3562714, 1146880, 1, 0, 0
3562964, 1163264, 1, 0, 0
3563214, 1392640, 1, 0, 0
3563464, 557056, 1, 0, 0
3563714, 884736, 1, 0, 0
3563964, 1441792, 1, 0, 0
3564214, 1064960, 1, 0, 0
3564464, 657991, 1, 0, 0
3564714, 1114112, 1, 0, 0
3564964, 999424, 1, 0, 0
3565214, 1179648, 1, 0, 0
3565464, 1245184, 1, 0, 0
3565714, 1097728, 1, 0, 0
3565964, 786432, 1, 0, 0
3566214, 507904, 1, 0, 0
3566464, 393216, 1, 0, 0
3566714, 871839, 1, 0, 0
3566964, 835584, 1, 0, 0
3567214, 655360, 1, 0, 0
3567464, 1228800, 1, 0, 0
3567714, 1622016, 1, 0, 0
3567964, 1409024, 1, 0, 0
3568214, 1392640, 1, 0, 0
3568464, 999424, 1, 0, 0
3568714, 933888, 1, 0, 0
3568964, 720896, 1, 0, 0
3569214, 1069236, 1, 0, 0
3569464, 491520, 1, 0, 0
3569714, 622592, 1, 0, 0
3569964, 1064960, 1, 0, 0
3570214, 1720320, 1, 0, 0
3570464, 1818624, 1, 0, 0
3570714, 1179648, 1, 0, 0
3570964, 1294336, 1, 0, 0
3571214, 1727228, 1, 0, 0
3571464, 1081344, 1, 0, 0
3571714, 884736, 1, 0, 0
3571964, 2015232, 1, 0, 0
3572214, 1916928, 1, 0, 0
3572464, 1507328, 1, 0, 0
3572714, 1884160, 1, 0, 0
3572964, 1343488, 1, 0, 0
3573214, 1622016, 1, 0, 0
3573464, 1130496, 1, 0, 0
3573714, 1283084, 1, 0, 0
3573964, 1802240, 1, 0, 0
3574214, 1736704, 1, 0, 0
3574464, 950272, 1, 0, 0
3574714, 1081344, 1, 0, 0
3574964, 966656, 1, 0, 0
3575214, 901120, 1, 0, 0
3575464, 589824, 1, 0, 0
3575714, 425984, 1, 0, 0
3575964, 1458176, 1, 0, 0
3576214, 1135036, 1, 0, 0
3576464, 1212416, 1, 0, 0
3576714, 1032192, 1, 0, 0
3576964, 1048576, 1, 0, 0
3577214, 1064960, 1, 0, 0
3577464, 704512, 1, 0, 0
3577714, 524288, 1, 0, 0
3577964, 901120, 1, 0, 0
3578214, 950272, 1, 0, 0
3578464, 1102136, 1, 0, 0
3578714, 1409024, 1, 0, 0
3578964, 622592, 1, 0, 0
3579214, 671744, 1, 0, 0
3579464, 1228800, 1, 0, 0
3579714, 851968, 1, 0, 0
3579964, 933888, 1, 0, 0
3580214, 770048, 1, 0, 0
3580464, 966656, 1, 0, 0
3580714, 1233734, 1, 0, 0
3580964, 540672, 1, 0, 0
3581214, 999424, 1, 0, 0
3581464, 884736, 1, 0, 0
3581714, 589824, 1, 0, 0
3581964, 622592, 1, 0, 0
3582214, 442368, 1, 0, 0
3582464, 1097728, 1, 0, 0
3582714, 1589248, 1, 0, 0
3582965, 1064960, 1, 0, 0
3583214, 1118586, 1, 0, 0
3583464, 1294336, 1, 0, 0
3583714, 1032192, 1, 0, 0
3583964, 704512, 1, 0, 0
3584214, 688128, 1, 0, 0
3584464, 770048, 1, 0, 0
3584714, 622592, 1, 0, 0
3584964, 707341, 1, 0, 0
3585214, 622592, 1, 0, 0
3585464, 1359872, 1, 0, 0
3585714, 1032192, 1, 0, 0
3585964, 1032192, 1, 0, 0
3586214, 524288, 1, 0, 0
3586464, 1032192, 1, 0, 0
3586714, 1179648, 1, 0, 0
3586964, 1228800, 1, 0, 0
3587214, 1315983, 1, 0, 0
3587464, 1032192, 1, 0, 0
3587714, 917504, 1, 0, 0
3587964, 1294336, 1, 0, 0
3588214, 851968, 1, 0, 0
3588464, 1032192, 1, 0, 0
3588714, 966656, 1, 0, 0
3588964, 638976, 1, 0, 0
3589214, 1982464, 1, 0, 0
3589465, 1916928, 1, 0, 0
3589714, 542843, 1, 0, 0
3589964, 1507328, 1, 0, 0
3590214, 1998848, 1, 0, 0
3590464, 1261568, 1, 0, 0
3590714, 1409024, 1, 0, 0
3590964, 1802240, 1, 0, 0
3591214, 1425408, 1, 0, 0
3591464, 1736704, 1, 0, 0
3591714, 1769472, 1, 0, 0
3591963, 1118586, 1, 0, 0
3592214, 1048576, 1, 0, 0
3592464, 1179648, 1, 0, 0
3592714, 1064960, 1, 0, 0
3592964, 1015808, 1, 0, 0
3593214, 1310720, 1, 0, 0
3593464, 1458176, 1, 0, 0
3593714, 1163264, 1, 0, 0
3593964, 1441792, 1, 0, 0
3594214, 1196032, 1, 0, 0
3594464, 1644979, 1, 0, 0
3594714, 1212416, 1, 0, 0
3594964, 2162688, 1, 0, 0
3595214, 1376256, 1, 0, 0
3595464, 2473984, 1, 0, 0
3595714, 1425408, 1, 0, 0
3595964, 1212416, 1, 0, 0
3596214, 933888, 1, 0, 0
3596464, 884736, 1, 0, 0
3596714, 1294336, 1, 0, 0
3596964, 1299534, 1, 0, 0
3597214, 1490944, 1, 0, 0
3597464, 491520, 1, 0, 0
3597714, 1687552, 1, 0, 0
3597964, 1572864, 1, 0, 0
3598214, 1228800, 1, 0, 0
3598464, 1523712, 1, 0, 0
3598714, 1376256, 1, 0, 0
3598964, 1163264, 1, 0, 0
3599215, 1179648, 1, 0, 0
3599464, 1348883, 1, 0, 0
3599714, 1753088, 1, 0, 0
3599964, 1474560, 1, 0, 0
3600214, 1196032, 1, 0, 0
3600464, 851968, 1, 0, 0
3600714, 966656, 1, 0, 0
3600964, 1605632, 1, 0, 0
3601214, 1212416, 1, 0, 0
3601464, 1556480, 1, 0, 0
3601715, 1572864, 1, 0, 0
3601964, 1167935, 1, 0, 0
3602214, 1327104, 1, 0, 0
3602464, 1064960, 1, 0, 0
3602714, 1572864, 1, 0, 0
3602964, 1359872, 1, 0, 0
3603214, 1179648, 1, 0, 0
3603464, 1572864, 1, 0, 0
3603714, 1622016, 1, 0, 0
3603964, 1130496, 1, 0, 0
3604214, 1540096, 1, 0, 0
3604464, 1398232, 1, 0, 0
3604714, 1310720, 1, 0, 0
3604964, 819200, 1, 0, 0
3605214, 917504, 1, 0, 0
3605464, 1523712, 1, 0, 0
3605714, 1245184, 1, 0, 0
3605964, 1703936, 1, 0, 0
3606214, 2211840, 1, 0, 0
3606464, 2015232, 1, 0, 0
3606714, 1167935, 1, 0, 0
3606964, 1769472, 1, 0, 0
3607214, 1310720, 1, 0, 0
3607464, 983040, 1, 0, 0
3607714, 1474560, 1, 0, 0
3607964, 2179072, 1, 0, 0
3608214, 2572288, 1, 0, 0
3608464, 1736704, 1, 0, 0
3608714, 671744, 1, 0, 0
3608964, 1343488, 1, 0, 0
3609214, 1973975, 1, 0, 0
3609464, 1540096, 1, 0, 0
3609714, 1638400, 1, 0, 0
3609964, 1015808, 1, 0, 0
3610214, 999424, 1, 0, 0
3610464, 1277952, 1, 0, 0
3610714, 868352, 1, 0, 0
3610964, 1064960, 1, 0, 0
3611214, 999424, 1, 0, 0
3611465, 507904, 1, 0, 0
3611714, 625092, 1, 0, 0
3611964, 737280, 1, 0, 0
3612214, 688128, 1, 0, 0
3612464, 802816, 1, 0, 0
3612714, 589824, 1, 0, 0
3612964, 376832, 1, 0, 0
3613214, 753664, 1, 0, 0
3613464, 704512, 1, 0, 0
3613714, 344064, 1, 0, 0
3613964, 674441, 1, 0, 0
3614214, 917504, 1, 0, 0
3614464, 868352, 1, 0, 0
3614714, 704512, 1, 0, 0
3614964, 966656, 1, 0, 0
3615214, 901120, 1, 0, 0
3615464, 884736, 1, 0, 0
3615714, 917504, 1, 0, 0
3615964, 737280, 1, 0, 0
3616214, 868352, 1, 0, 0
3616464, 822489, 1, 0, 0
3616714, 622592, 1, 0, 0
3616964, 704512, 1, 0, 0
3617214, 835584, 1, 0, 0
3617464, 1064960, 1, 0, 0
3617714, 1015808, 1, 0, 0
3617964, 622592, 1, 0, 0
3618214, 1277952, 1, 0, 0
3618464, 655360, 1, 0, 0
3618714, 871839, 1, 0, 0
3618964, 917504, 1, 0, 0
3619214, 1114112, 1, 0, 0
3619464, 966656, 1, 0, 0
3619714, 524288, 1, 0, 0
3619964, 720896, 1, 0, 0
3620214, 720896, 1, 0, 0
3620464, 901120, 1, 0, 0
3620714, 999424, 1, 0, 0
3620964, 1019887, 1, 0, 0
3621214, 950272, 1, 0, 0
3621464, 540672, 1, 0, 0
3621714, 835584, 1, 0, 0
3621964, 770048, 1, 0, 0
3622214, 786432, 1, 0, 0
3622464, 835584, 1, 0, 0
3622714, 868352, 1, 0, 0
3622964, 1064960, 1, 0, 0
3623214, 740240, 1, 0, 0
3623464, 704512, 1, 0, 0
3623714, 1064960, 1, 0, 0
3623964, 770048, 1, 0, 0
3624214, 393216, 1, 0, 0
3624464, 622592, 1, 0, 0
3624714, 802816, 1, 0, 0
3624964, 737280, 1, 0, 0
3625214, 802816, 1, 0, 0
3625464, 657991, 1, 0, 0
3625714, 1261568, 1, 0, 0
3625964, 606208, 1, 0, 0
3626214, 442368, 1, 0, 0
3626464, 720896, 1, 0, 0
3626714, 786432, 1, 0, 0
3626964, 966656, 1, 0, 0
3627214, 884736, 1, 0, 0
3627464, 819200, 1, 0, 0
3627714, 589824, 1, 0, 0
3627964, 526393, 1, 0, 0
3628214, 737280, 1, 0, 0
3628464, 688128, 1, 0, 0
3628714, 720896, 1, 0, 0
3628964, 704512, 1, 0, 0
3629214, 655360, 1, 0, 0
3629464, 655360, 1, 0, 0
3629714, 901120, 1, 0, 0
3629964, 294912, 1, 0, 0
3630215, 475136, 1, 0, 0
3630464, 608642, 1, 0, 0
3630714, 753664, 1, 0, 0
3630964, 933888, 1, 0, 0
3631214, 1327104, 1, 0, 0
3631464, 901120, 1, 0, 0
3631714, 884736, 1, 0, 0
3631964, 1146880, 1, 0, 0
3632214, 704512, 1, 0, 0
3632464, 786432, 1, 0, 0
3632714, 575742, 1, 0, 0
3632964, 933888, 1, 0, 0
3633214, 409600, 1, 0, 0
3633464, 655360, 1, 0, 0
3633714, 1032192, 1, 0, 0
3633964, 557056, 1, 0, 0
3634214, 822489, 1, 0, 0
3634464, 753664, 1, 0, 0
3634714, 671744, 1, 0, 0
3634964, 376832, 1, 0, 0
3635214, 786432, 1, 0, 0
3635464, 376832, 1, 0, 0
3635714, 737280, 1, 0, 0
3635964, 606208, 1, 0, 0
3636214, 542843, 1, 0, 0
3636464, 491520, 1, 0, 0
3636714, 557056, 1, 0, 0
3636964, 737280, 1, 0, 0
3637214, 835584, 1, 0, 0
3637465, 1097728, 1, 0, 0
3637714, 625092, 1, 0, 0
3637964, 589824, 1, 0, 0
3638214, 573440, 1, 0, 0
3638464, 835584, 1, 0, 0
3638715, 753664, 1, 0, 0
3638964, 641542, 1, 0, 0
3639214, 557056, 1, 0, 0
3639464, 638976, 1, 0, 0
3639714, 802816, 1, 0, 0
3639965, 540672, 1, 0, 0
3640214, 641542, 1, 0, 0
3640464, 720896, 1, 0, 0
3640714, 786432, 1, 0, 0
3640965, 671744, 1, 0, 0
3641214, 345445, 1, 0, 0
3641464, 442368, 1, 0, 0
3641714, 311296, 1, 0, 0
3641964, 409600, 1, 0, 0
3642215, 622592, 1, 0, 0
3642464, 427694, 1, 0, 0
3642714, 802816, 1, 0, 0
3642964, 688128, 1, 0, 0
3643215, 491520, 1, 0, 0
3643464, 197397, 1, 0, 0
3643714, 212992, 1, 0, 0
3643964, 262144, 1, 0, 0
3644214, 393216, 1, 0, 0
3644465, 737280, 1, 0, 0
3644714, 657991, 1, 0, 0
3644964, 671744, 1, 0, 0
3645214, 425984, 1, 0, 0
3645464, 311296, 1, 0, 0
3645715, 442368, 1, 0, 0
3645964, 789590, 1, 0, 0
3646214, 1327104, 1, 0, 0
3646464, 1130496, 1, 0, 0
3646715, 425984, 1, 0, 0
3646964, 855389, 1, 0, 0
3647214, 753664, 1, 0, 0
3647464, 606208, 1, 0, 0
3647714, 425984, 1, 0, 0
3647965, 294912, 1, 0, 0
3648214, 937638, 1, 0, 0
3648464, 688128, 1, 0, 0
3648714, 196608, 1, 0, 0
3648965, 573440, 1, 0, 0
3649214, 493493, 1, 0, 0
3649464, 671744, 1, 0, 0
3649714, 704512, 1, 0, 0
3649964, 622592, 1, 0, 0
3650215, 409600, 1, 0, 0
3650464, 1266634, 1, 0, 0
3650714, 753664, 1, 0, 0
3650964, 737280, 1, 0, 0
3651215, 589824, 1, 0, 0
3651465, 245760, 1, 0, 0
3651714, 411244, 1, 0, 0
3651964, 737280, 1, 0, 0
3652214, 311296, 1, 0, 0
3652465, 376832, 1, 0, 0
3652714, 575742, 1, 0, 0
3652964, 573440, 1, 0, 0
3653214, 376832, 1, 0, 0
3653464, 720896, 1, 0, 0
3653715, 540672, 1, 0, 0
3653964, 806040, 1, 0, 0
3654214, 950272, 1, 0, 0
3654464, 901120, 1, 0, 0
3654714, 622592, 1, 0, 0
3654965, 475136, 1, 0, 0
3655214, 246746, 1, 0, 0
3655464, 393216, 1, 0, 0
3655714, 524288, 1, 0, 0
3655964, 573440, 1, 0, 0
3656215, 81920, 1, 0, 0
3656464, 411244, 1, 0, 0
3656714, 638976, 1, 0, 0
3656964, 573440, 1, 0, 0
3657214, 868352, 1, 0, 0
3657465, 507904, 1, 0, 0
3657714, 707341, 1, 0, 0
3657964, 655360, 1, 0, 0
3658214, 851968, 1, 0, 0
3658465, 770048, 1, 0, 0
3658714, 641542, 1, 0, 0
3658964, 950272, 1, 0, 0
3659214, 1163264, 1, 0, 0
3659465, 475136, 1, 0, 0
3659715, 704512, 1, 0, 0
3659964, 1381783, 1, 0, 0
3660214, 835584, 1, 0, 0
3660464, 737280, 1, 0, 0
3660715, 671744, 1, 0, 0
3660964, 509943, 1, 0, 0
3661214, 770048, 1, 0, 0
3661464, 671744, 1, 0, 0
3661715, 688128, 1, 0, 0
3661964, 1052787, 1, 0, 0
3662214, 1097728, 1, 0, 0
3662464, 770048, 1, 0, 0
3662714, 1310720, 1, 0, 0
3662965, 720896, 1, 0, 0
3663214, 674441, 1, 0, 0
3663464, 1032192, 1, 0, 0
3663714, 589824, 1, 0, 0
3663964, 573440, 1, 0, 0
3664215, 720896, 1, 0, 0
3664464, 1135036, 1, 0, 0
3664714, 901120, 1, 0, 0
3664964, 819200, 1, 0, 0
3665214, 638976, 1, 0, 0
3665465, 638976, 1, 0, 0
3665714, 444144, 1, 0, 0
3665964, 622592, 1, 0, 0
3666214, 557056, 1, 0, 0
3666464, 671744, 1, 0, 0
3666715, 196608, 1, 0, 0
3666964, 213847, 1, 0, 0
3667214, 507904, 1, 0, 0
3667464, 1032192, 1, 0, 0
3667714, 524288, 1, 0, 0
3667965, 376832, 1, 0, 0
3668214, 493493, 1, 0, 0
3668464, 196608, 1, 0, 0
3668714, 671744, 1, 0, 0
3668964, 294912, 1, 0, 0
3669215, 311296, 1, 0, 0
3669464, 312546, 1, 0, 0
3669714, 1015808, 1, 0, 0
3669964, 393216, 1, 0, 0
3670214, 753664, 1, 0, 0
3670465, 573440, 1, 0, 0
3670714, 526393, 1, 0, 0
3670964, 573440, 1, 0, 0
3671214, 655360, 1, 0, 0
3671464, 688128, 1, 0, 0
3671715, 475136, 1, 0, 0
3671964, 213847, 1, 0, 0
3672214, 376832, 1, 0, 0
3672464, 540672, 1, 0, 0
3672714, 557056, 1, 0, 0
3672964, 589824, 1, 0, 0
3673215, 409600, 1, 0, 0
3673464, 641542, 1, 0, 0
3673714, 344064, 1, 0, 0
3673964, 196608, 1, 0, 0
3674214, 196608, 1, 0, 0
3674465, 409600, 1, 0, 0
3674714, 608642, 1, 0, 0
3674964, 491520, 1, 0, 0
3675214, 360448, 1, 0, 0
3675464, 409600, 1, 0, 0
3675714, 393216, 1, 0, 0
3675965, 180224, 1, 0, 0
3676214, 213847, 1, 0, 0
3676464, 327680, 1, 0, 0
3676714, 540672, 1, 0, 0
3676964, 507904, 1, 0, 0
3677214, 409600, 1, 0, 0
3677464, 394795, 1, 0, 0
3677714, 835584, 1, 0, 0
3677964, 868352, 1, 0, 0
3678214, 917504, 1, 0, 0
3678464, 638976, 1, 0, 0
3678715, 851968, 1, 0, 0
3678964, 888289, 1, 0, 0
3679214, 458752, 1, 0, 0
3679464, 491520, 1, 0, 0
3679714, 524288, 1, 0, 0
3679965, 393216, 1, 0, 0
3680214, 460594, 1, 0, 0
3680464, 655360, 1, 0, 0
3680714, 376832, 1, 0, 0
3680965, 589824, 1, 0, 0
3681215, 475136, 1, 0, 0
3681464, 608642, 1, 0, 0
3681714, 901120, 1, 0, 0
3681964, 491520, 1, 0, 0
3682215, 802816, 1, 0, 0
3682464, 526393, 1, 0, 0
3682714, 507904, 1, 0, 0
3682964, 622592, 1, 0, 0
3683215, 786432, 1, 0, 0
3683464, 690891, 1, 0, 0
3683714, 786432, 1, 0, 0
3683964, 835584, 1, 0, 0
3684214, 507904, 1, 0, 0
3684465, 802816, 1, 0, 0
3684714, 970538, 1, 0, 0
3684964, 1130496, 1, 0, 0
3685214, 835584, 1, 0, 0
3685464, 671744, 1, 0, 0
3685715, 1114112, 1, 0, 0
3685964, 296096, 1, 0, 0
3686214, 671744, 1, 0, 0
3686464, 1146880, 1, 0, 0
3686714, 409600, 1, 0, 0
3686964, 409600, 1, 0, 0
3687215, 376832, 1, 0, 0
3687464, 559293, 1, 0, 0
3687714, 786432, 1, 0, 0
3687964, 688128, 1, 0, 0
3688214, 753664, 1, 0, 0
3688465, 966656, 1, 0, 0
3688714, 806040, 1, 0, 0
3688964, 671744, 1, 0, 0
3689214, 802816, 1, 0, 0
3689464, 671744, 1, 0, 0
3689715, 1097728, 1, 0, 0
3689964, 1398232, 1, 0, 0
3690214, 1015808, 1, 0, 0
3690464, 786432, 1, 0, 0
3690714, 1605632, 1, 0, 0
3690965, 1474560, 1, 0, 0
3691214, 756690, 1, 0, 0
3691464, 917504, 1, 0, 0
3691714, 770048, 1, 0, 0
3691964, 1146880, 1, 0, 0
3692215, 835584, 1, 0, 0
3692464, 871839, 1, 0, 0
3692714, 1064960, 1, 0, 0
3692964, 901120, 1, 0, 0
3693215, 802816, 1, 0, 0
3693465, 1146880, 1, 0, 0
3693714, 1250184, 1, 0, 0
3693964, 819200, 1, 0, 0
3694214, 655360, 1, 0, 0
3694465, 720896, 1, 0, 0
3694714, 789590, 1, 0, 0
3694964, 557056, 1, 0, 0
3695214, 622592, 1, 0, 0
3695464, 884736, 1, 0, 0
3695715, 819200, 1, 0, 0
3695964, 756690, 1, 0, 0
3696214, 458752, 1, 0, 0
3696464, 606208, 1, 0, 0
3696715, 425984, 1, 0, 0
3696964, 509943, 1, 0, 0
3697214, 835584, 1, 0, 0
3697464, 737280, 1, 0, 0
3697714, 360448, 1, 0, 0
3697965, 589824, 1, 0, 0
3698214, 460594, 1, 0, 0
3698464, 557056, 1, 0, 0
3698714, 753664, 1, 0, 0
3698965, 622592, 1, 0, 0
3699215, 475136, 1, 0, 0
3699464, 690891, 1, 0, 0
3699714, 901120, 1, 0, 0
3699964, 704512, 1, 0, 0
3700215, 638976, 1, 0, 0
3700464, 477044, 1, 0, 0
3700714, 262144, 1, 0, 0
3700964, 851968, 1, 0, 0
3701214, 704512, 1, 0, 0
3701465, 950272, 1, 0, 0
3701714, 657991, 1, 0, 0
3701964, 655360, 1, 0, 0
3702214, 737280, 1, 0, 0
3702465, 720896, 1, 0, 0
3702714, 1069236, 1, 0, 0
3702964, 606208, 1, 0, 0
3703214, 655360, 1, 0, 0
3703465, 507904, 1, 0, 0
3703714, 542843, 1, 0, 0
3703964, 671744, 1, 0, 0
3704214, 360448, 1, 0, 0
3704464, 442368, 1, 0, 0
3704715, 606208, 1, 0, 0
3704964, 575742, 1, 0, 0
3705214, 884736, 1, 0, 0
3705464, 360448, 1, 0, 0
3705715, 196608, 1, 0, 0
3705965, 589824, 1, 0, 0
3706214, 394795, 1, 0, 0
3706464, 393216, 1, 0, 0
3706714, 409600, 1, 0, 0
3706965, 278528, 1, 0, 0
3707215, 409600, 1, 0, 0
3707464, 460594, 1, 0, 0
3707714, 442368, 1, 0, 0
3707964, 524288, 1, 0, 0
3708214, 212992, 1, 0, 0
3708464, 115148, 1, 0, 0
3708714, 409600, 1, 0, 0
3708964, 98304, 1, 0, 0
3709214, 98304, 1, 0, 0
3709464, 98304, 1, 0, 0
3709714, 98304, 1, 0, 0
3709964, 196608, 1, 0, 0
3710215, 409600, 1, 0, 0
3710464, 509943, 1, 0, 0
3710714, 327680, 1, 0, 0
3710964, 229376, 1, 0, 0
3711215, 294912, 1, 0, 0
3711465, 196608, 1, 0, 0
3711714, 213847, 1, 0, 0
3711964, 294912, 1, 0, 0
3712214, 458752, 1, 0, 0
3712464, 655360, 1, 0, 0
3712715, 294912, 1, 0, 0
3712964, 444144, 1, 0, 0
3713214, 573440, 1, 0, 0
3713464, 638976, 1, 0, 0
3713715, 360448, 1, 0, 0
3713964, 707341, 1, 0, 0
3714214, 311296, 1, 0, 0
3714464, 409600, 1, 0, 0
3714715, 212992, 1, 0, 0
3714964, 427694, 1, 0, 0
3715214, 425984, 1, 0, 0
3715464, 393216, 1, 0, 0
3715714, 311296, 1, 0, 0
3715965, 573440, 1, 0, 0
3716214, 625092, 1, 0, 0
3716464, 311296, 1, 0, 0
3716714, 229376, 1, 0, 0
3716964, 311296, 1, 0, 0
3717215, 294912, 1, 0, 0
3717464, 213847, 1, 0, 0
3717714, 393216, 1, 0, 0
3717964, 245760, 1, 0, 0
3718214, 278528, 1, 0, 0
3718465, 278528, 1, 0, 0
3718714, 164497, 1, 0, 0
3718964, 229376, 1, 0, 0
3719214, 360448, 1, 0, 0
3719464, 524288, 1, 0, 0
3719714, 245760, 1, 0, 0
3719965, 442368, 1, 0, 0
3720214, 296096, 1, 0, 0
3720464, 393216, 1, 0, 0
3720714, 442368, 1, 0, 0
3720964, 245760, 1, 0, 0
3721215, 458752, 1, 0, 0
3721465, 327680, 1, 0, 0
3721714, 460594, 1, 0, 0
3721964, 557056, 1, 0, 0
3722214, 196608, 1, 0, 0
3722464, 311296, 1, 0, 0
3722715, 638976, 1, 0, 0
3722964, 526393, 1, 0, 0
3723214, 720896, 1, 0, 0
3723464, 835584, 1, 0, 0
3723715, 622592, 1, 0, 0
3723964, 509943, 1, 0, 0
3724214, 491520, 1, 0, 0
3724464, 573440, 1, 0, 0
3724714, 409600, 1, 0, 0
3724964, 294912, 1, 0, 0
3725214, 213847, 1, 0, 0
3725464, 458752, 1, 0, 0
3725714, 212992, 1, 0, 0
3725964, 311296, 1, 0, 0
3726214, 507904, 1, 0, 0
3726465, 507904, 1, 0, 0
3726714, 197397, 1, 0, 0
3726964, 327680, 1, 0, 0
3727214, 360448, 1, 0, 0
3727464, 245760, 1, 0, 0
3727715, 245760, 1, 0, 0
3727964, 477044, 1, 0, 0
3728214, 327680, 1, 0, 0
3728464, 1015808, 1, 0, 0
3728715, 360448, 1, 0, 0
3728965, 393216, 1, 0, 0
3729214, 526393, 1, 0, 0
3729464, 589824, 1, 0, 0
3729714, 491520, 1, 0, 0
3729965, 409600, 1, 0, 0
3730214, 674441, 1, 0, 0
3730464, 458752, 1, 0, 0
3730714, 671744, 1, 0, 0
3730964, 442368, 1, 0, 0
3731215, 884736, 1, 0, 0
3731464, 1118586, 1, 0, 0
3731714, 573440, 1, 0, 0
3731964, 950272, 1, 0, 0
3732215, 1048576, 1, 0, 0
3732464, 1102136, 1, 0, 0
3732714, 671744, 1, 0, 0
3732964, 524288, 1, 0, 0
3733214, 655360, 1, 0, 0
3733465, 524288, 1, 0, 0
3733714, 789590, 1, 0, 0
3733964, 409600, 1, 0, 0
3734214, 983040, 1, 0, 0
3734465, 573440, 1, 0, 0
3734714, 822489, 1, 0, 0
3734964, 1032192, 1, 0, 0
3735214, 868352, 1, 0, 0
3735464, 737280, 1, 0, 0
3735715, 573440, 1, 0, 0
3735964, 806040, 1, 0, 0
3736214, 786432, 1, 0, 0
3736464, 638976, 1, 0, 0
3736714, 917504, 1, 0, 0
3736965, 819200, 1, 0, 0
3737214, 1019887, 1, 0, 0
3737464, 770048, 1, 0, 0
3737714, 688128, 1, 0, 0
3737965, 360448, 1, 0, 0
3738214, 657991, 1, 0, 0
3738464, 688128, 1, 0, 0
3738714, 1032192, 1, 0, 0
3738964, 802816, 1, 0, 0
3739215, 475136, 1, 0, 0
3739464, 674441, 1, 0, 0
3739714, 655360, 1, 0, 0
3739964, 1081344, 1, 0, 0
3740214, 1130496, 1, 0, 0
3740465, 704512, 1, 0, 0
3740714, 1069236, 1, 0, 0
3740964, 851968, 1, 0, 0
3741214, 1245184, 1, 0, 0
3741465, 999424, 1, 0, 0
3741715, 720896, 1, 0, 0
3741964, 608642, 1, 0, 0
3742214, 688128, 1, 0, 0
3742465, 950272, 1, 0, 0
3742715, 540672, 1, 0, 0
3742964, 690891, 1, 0, 0
3743214, 688128, 1, 0, 0
3743465, 720896, 1, 0, 0
3743715, 1261568, 1, 0, 0
3743964, 1184385, 1, 0, 0
3744214, 884736, 1, 0, 0
3744464, 737280, 1, 0, 0
3744715, 638976, 1, 0, 0
3744964, 690891, 1, 0, 0
3745214, 540672, 1, 0, 0
3745464, 983040, 1, 0, 0
3745714, 1064960, 1, 0, 0
3745965, 737280, 1, 0, 0
3746214, 806040, 1, 0, 0
3746464, 802816, 1, 0, 0
3746714, 638976, 1, 0, 0
3746965, 507904, 1, 0, 0
3747214, 904738, 1, 0, 0
3747464, 851968, 1, 0, 0
3747714, 966656, 1, 0, 0
3747965, 622592, 1, 0, 0
3748214, 1233734, 1, 0, 0
3748464, 966656, 1, 0, 0
3748714, 753664, 1, 0, 0
3748964, 802816, 1, 0, 0
3749215, 999424, 1, 0, 0
3749464, 1167935, 1, 0, 0
3749714, 786432, 1, 0, 0
3749964, 950272, 1, 0, 0
3750215, 901120, 1, 0, 0
3750465, 901120, 1, 0, 0
3750714, 871839, 1, 0, 0
3750964, 884736, 1, 0, 0
3751214, 638976, 1, 0, 0
3751465, 802816, 1, 0, 0
3751714, 575742, 1, 0, 0
3751964, 868352, 1, 0, 0
3752214, 770048, 1, 0, 0
3752464, 819200, 1, 0, 0
3752715, 622592, 1, 0, 0
3752964, 657991, 1, 0, 0
3753214, 409600, 1, 0, 0
3753464, 671744, 1, 0, 0
3753715, 655360, 1, 0, 0
3753964, 312546, 1, 0, 0
3754214, 294912, 1, 0, 0
3754464, 507904, 1, 0, 0
3754714, 491520, 1, 0, 0
3754965, 851968, 1, 0, 0
3755215, 311296, 1, 0, 0
3755464, 345445, 1, 0, 0
3755714, 344064, 1, 0, 0
3755964, 573440, 1, 0, 0
3756215, 425984, 1, 0, 0
3756464, 493493, 1, 0, 0
3756714, 737280, 1, 0, 0
3756964, 1196032, 1, 0, 0
3757214, 983040, 1, 0, 0
3757465, 704512, 1, 0, 0
3757714, 707341, 1, 0, 0
3757964, 999424, 1, 0, 0
3758214, 966656, 1, 0, 0
3758465, 671744, 1, 0, 0
3758714, 477044, 1, 0, 0
3758964, 770048, 1, 0, 0
3759214, 737280, 1, 0, 0
3759464, 802816, 1, 0, 0
3759715, 557056, 1, 0, 0
3759964, 641542, 1, 0, 0
3760214, 720896, 1, 0, 0
3760464, 1146880, 1, 0, 0
3760715, 638976, 1, 0, 0
3760964, 526393, 1, 0, 0
3761214, 442368, 1, 0, 0
3761464, 688128, 1, 0, 0
3761714, 393216, 1, 0, 0
3761965, 1163264, 1, 0, 0
3762214, 1496931, 1, 0, 0
3762464, 638976, 1, 0, 0
3762714, 475136, 1, 0, 0
3762964, 671744, 1, 0, 0
3763215, 475136, 1, 0, 0
3763464, 328995, 1, 0, 0
3763714, 327680, 1, 0, 0
3763964, 671744, 1, 0, 0
3764214, 507904, 1, 0, 0
3764465, 753664, 1, 0, 0
3764714, 1003437, 1, 0, 0
3764964, 704512, 1, 0, 0
3765214, 1032192, 1, 0, 0
3765464, 573440, 1, 0, 0
3765715, 507904, 1, 0, 0
3765964, 871839, 1, 0, 0
3766214, 983040, 1, 0, 0
3766464, 458752, 1, 0, 0
3766714, 671744, 1, 0, 0
3766965, 884736, 1, 0, 0
3767214, 756690, 1, 0, 0
3767464, 409600, 1, 0, 0
3767714, 524288, 1, 0, 0
3767964, 409600, 1, 0, 0
3768214, 393216, 1, 0, 0
3768464, 279646, 1, 0, 0
3768714, 524288, 1, 0, 0
3768964, 720896, 1, 0, 0
3769214, 507904, 1, 0, 0
3769465, 770048, 1, 0, 0
3769714, 592192, 1, 0, 0
3769964, 638976, 1, 0, 0
3770214, 507904, 1, 0, 0
3770464, 294912, 1, 0, 0
3770715, 409600, 1, 0, 0
3770964, 394795, 1, 0, 0
3771214, 737280, 1, 0, 0
3771464, 491520, 1, 0, 0
3771714, 376832, 1, 0, 0
3771965, 376832, 1, 0, 0
3772214, 378345, 1, 0, 0
3772464, 196608, 1, 0, 0
3772714, 98304, 1, 0, 0
3772964, 311296, 1, 0, 0
3773214, 212992, 1, 0, 0
3773465, 458752, 1, 0, 0
3773714, 427694, 1, 0, 0
3773964, 229376, 1, 0, 0
3774214, 229376, 1, 0, 0
3774464, 344064, 1, 0, 0
3774714, 311296, 1, 0, 0
3774964, 655360, 1, 0, 0
3775215, 802816, 1, 0, 0
3775464, 427694, 1, 0, 0
3775714, 196608, 1, 0, 0
3775964, 393216, 1, 0, 0
3776215, 344064, 1, 0, 0
3776464, 394795, 1, 0, 0
3776714, 704512, 1, 0, 0
3776964, 294912, 1, 0, 0
3777214, 458752, 1, 0, 0
3777465, 638976, 1, 0, 0
3777714, 723791, 1, 0, 0
3777964, 409600, 1, 0, 0
3778214, 409600, 1, 0, 0
3778465, 868352, 1, 0, 0
3778714, 296096, 1, 0, 0
3778964, 524288, 1, 0, 0
3779214, 425984, 1, 0, 0
3779464, 507904, 1, 0, 0
3779714, 770048, 1, 0, 0
3779964, 838939, 1, 0, 0
3780214, 999424, 1, 0, 0
3780464, 819200, 1, 0, 0
3780714, 786432, 1, 0, 0
3780964, 884736, 1, 0, 0
3781215, 704512, 1, 0, 0
3781464, 559293, 1, 0, 0
3781714, 786432, 1, 0, 0
3781964, 802816, 1, 0, 0
3782215, 1032192, 1, 0, 0
3782465, 819200, 1, 0, 0
3782714, 657991, 1, 0, 0
3782964, 933888, 1, 0, 0
3783214, 589824, 1, 0, 0
3783465, 1179648, 1, 0, 0
3783714, 657991, 1, 0, 0
3783964, 901120, 1, 0, 0
3784214, 786432, 1, 0, 0
3784464, 1064960, 1, 0, 0
3784715, 655360, 1, 0, 0
3784964, 822489, 1, 0, 0
3785214, 770048, 1, 0, 0
3785464, 737280, 1, 0, 0
3785714, 720896, 1, 0, 0
3785965, 409600, 1, 0, 0
3786214, 526393, 1, 0, 0
3786464, 983040, 1, 0, 0
3786714, 950272, 1, 0, 0
3786964, 737280, 1, 0, 0
3787215, 720896, 1, 0, 0
3787464, 921188, 1, 0, 0
3787714, 753664, 1, 0, 0
3787964, 606208, 1, 0, 0
3788215, 491520, 1, 0, 0
3788465, 507904, 1, 0, 0
3788714, 773140, 1, 0, 0
3788964, 1048576, 1, 0, 0
3789214, 688128, 1, 0, 0
3789465, 1146880, 1, 0, 0
3789714, 657991, 1, 0, 0
3789964, 983040, 1, 0, 0
3790214, 753664, 1, 0, 0
3790465, 901120, 1, 0, 0
3790714, 888289, 1, 0, 0
3790964, 671744, 1, 0, 0
3791214, 1097728, 1, 0, 0
3791464, 1081344, 1, 0, 0
3791715, 737280, 1, 0, 0
3791964, 838939, 1, 0, 0
3792214, 966656, 1, 0, 0
3792464, 1064960, 1, 0, 0
3792714, 671744, 1, 0, 0
3792965, 671744, 1, 0, 0
3793214, 822489, 1, 0, 0
3793464, 1015808, 1, 0, 0
3793714, 540672, 1, 0, 0
3793964, 376832, 1, 0, 0
3794215, 311296, 1, 0, 0
3794464, 411244, 1, 0, 0
3794714, 311296, 1, 0, 0
3794964, 0, 1, 0, 0
3795214, 393216, 1, 0, 0
3795465, 294912, 1, 0, 0
3795714, 98698, 1, 0, 0
3795964, 294912, 1, 0, 0
3796214, 557056, 1, 0, 0
3796464, 868352, 1, 0, 0
3796715, 868352, 1, 0, 0
3796964, 559293, 1, 0, 0
3797214, 770048, 1, 0, 0
3797464, 606208, 1, 0, 0
3797715, 835584, 1, 0, 0
3797965, 917504, 1, 0, 0
3798214, 1003437, 1, 0, 0
3798464, 720896, 1, 0, 0
3798714, 737280, 1, 0, 0
3798965, 622592, 1, 0, 0
3799214, 625092, 1, 0, 0
3799464, 622592, 1, 0, 0
3799714, 442368, 1, 0, 0
3799964, 589824, 1, 0, 0
3800215, 376832, 1, 0, 0
3800464, 213847, 1, 0, 0
3800714, 409600, 1, 0, 0
3800964, 655360, 1, 0, 0
3801215, 409600, 1, 0, 0
3801464, 296096, 1, 0, 0
3801714, 819200, 1, 0, 0
3801964, 622592, 1, 0, 0
3802215, 311296, 1, 0, 0
3802465, 393216, 1, 0, 0
3802714, 657991, 1, 0, 0
3802964, 819200, 1, 0, 0
3803214, 868352, 1, 0, 0
3803465, 196608, 1, 0, 0
3803714, 509943, 1, 0, 0
3803964, 573440, 1, 0, 0
3804214, 409600, 1, 0, 0
3804464, 196608, 1, 0, 0
3804715, 540672, 1, 0, 0
3804964, 411244, 1, 0, 0
3805214, 491520, 1, 0, 0
3805464, 393216, 1, 0, 0
3805714, 753664, 1, 0, 0
3805965, 606208, 1, 0, 0
3806214, 493493, 1, 0, 0
3806464, 0, 1, 0, 0
3806714, 458752, 1, 0, 0
3806964, 475136, 1, 0, 0
3807214, 458752, 1, 0, 0
3807465, 294912, 1, 0, 0
3807714, 98698, 1, 0, 0
3807964, 507904, 1, 0, 0
3808214, 606208, 1, 0, 0
3808465, 753664, 1, 0, 0
3808715, 622592, 1, 0, 0
3808964, 773140, 1, 0, 0
3809214, 802816, 1, 0, 0
3809465, 442368, 1, 0, 0
3809714, 312546, 1, 0, 0
3809964, 671744, 1, 0, 0
3810214, 278528, 1, 0, 0
3810465, 638976, 1, 0, 0
3810714, 411244, 1, 0, 0
3810964, 327680, 1, 0, 0
3811214, 589824, 1, 0, 0
3811464, 278528, 1, 0, 0
3811715, 540672, 1, 0, 0
3811964, 197397, 1, 0, 0
3812214, 491520, 1, 0, 0
3812464, 524288, 1, 0, 0
3812714, 688128, 1, 0, 0
3812964, 622592, 1, 0, 0
3813215, 638976, 1, 0, 0
3813464, 1118586, 1, 0, 0
3813714, 573440, 1, 0, 0
3813964, 671744, 1, 0, 0
3814215, 557056, 1, 0, 0
3814464, 296096, 1, 0, 0
3814714, 425984, 1, 0, 0
3814964, 983040, 1, 0, 0
3815214, 884736, 1, 0, 0
3815465, 573440, 1, 0, 0
3815714, 625092, 1, 0, 0
3815964, 16384, 1, 0, 0
3816214, 671744, 1, 0, 0
3816464, 442368, 1, 0, 0
3816715, 622592, 1, 0, 0
3816964, 477044, 1, 0, 0
3817214, 425984, 1, 0, 0
3817464, 442368, 1, 0, 0
3817714, 212992, 1, 0, 0
3817964, 491520, 1, 0, 0
3818215, 786432, 1, 0, 0
3818464, 641542, 1, 0, 0
3818714, 638976, 1, 0, 0
3818964, 442368, 1, 0, 0
3819214, 901120, 1, 0, 0
3819464, 723791, 1, 0, 0
3819714, 229376, 1, 0, 0
3819964, 442368, 1, 0, 0
3820214, 98304, 1, 0, 0
3820465, 507904, 1, 0, 0
3820714, 542843, 1, 0, 0
3820964, 622592, 1, 0, 0
3821214, 524288, 1, 0, 0
3821464, 475136, 1, 0, 0
3821715, 442368, 1, 0, 0
3821964, 871839, 1, 0, 0
3822214, 606208, 1, 0, 0
3822464, 360448, 1, 0, 0
3822715, 737280, 1, 0, 0
3822965, 196608, 1, 0, 0
3823214, 378345, 1, 0, 0
3823464, 753664, 1, 0, 0
3823714, 376832, 1, 0, 0
3823965, 442368, 1, 0, 0
3824214, 296096, 1, 0, 0
3824464, 557056, 1, 0, 0
3824714, 655360, 1, 0, 0
3824964, 557056, 1, 0, 0
3825215, 425984, 1, 0, 0
3825464, 378345, 1, 0, 0
3825714, 344064, 1, 0, 0
3825964, 409600, 1, 0, 0
3826215, 688128, 1, 0, 0
3826464, 608642, 1, 0, 0
3826714, 589824, 1, 0, 0
3826964, 655360, 1, 0, 0
3827214, 557056, 1, 0, 0
3827465, 950272, 1, 0, 0
3827714, 411244, 1, 0, 0
3827964, 458752, 1, 0, 0
3828214, 409600, 1, 0, 0
3828465, 491520, 1, 0, 0
3828714, 197397, 1, 0, 0
3828964, 425984, 1, 0, 0
3829214, 163840, 1, 0, 0
3829464, 458752, 1, 0, 0
3829714, 491520, 1, 0, 0
3829965, 344064, 1, 0, 0
3830214, 263196, 1, 0, 0
3830464, 720896, 1, 0, 0
3830714, 393216, 1, 0, 0
3830964, 704512, 1, 0, 0
3831214, 411244, 1, 0, 0
3831464, 638976, 1, 0, 0
3831714, 688128, 1, 0, 0
3831964, 294912, 1, 0, 0
3832215, 524288, 1, 0, 0
3832464, 312546, 1, 0, 0
3832714, 278528, 1, 0, 0
3832964, 524288, 1, 0, 0
3833214, 573440, 1, 0, 0
3833465, 425984, 1, 0, 0
3833714, 559293, 1, 0, 0
3833964, 360448, 1, 0, 0
3834214, 409600, 1, 0, 0
3834464, 327680, 1, 0, 0
3834714, 278528, 1, 0, 0
3834964, 312546, 1, 0, 0
3835214, 540672, 1, 0, 0
3835464, 737280, 1, 0, 0
3835714, 622592, 1, 0, 0
3835964, 393216, 1, 0, 0
3836215, 327680, 1, 0, 0
3836464, 493493, 1, 0, 0
3836714, 294912, 1, 0, 0
3836964, 507904, 1, 0, 0
3837215, 688128, 1, 0, 0
3837464, 526393, 1, 0, 0
3837714, 557056, 1, 0, 0
3837964, 622592, 1, 0, 0
3838214, 212992, 1, 0, 0
3838465, 442368, 1, 0, 0
3838714, 345445, 1, 0, 0
3838964, 458752, 1, 0, 0
3839214, 638976, 1, 0, 0
3839465, 507904, 1, 0, 0
3839715, 409600, 1, 0, 0
3839964, 542843, 1, 0, 0
3840214, 770048, 1, 0, 0
3840464, 294912, 1, 0, 0
3840714, 589824, 1, 0, 0
3840965, 311296, 1, 0, 0
3841214, 625092, 1, 0, 0
3841464, 606208, 1, 0, 0
3841714, 458752, 1, 0, 0
3841965, 442368, 1, 0, 0
3842214, 509943, 1, 0, 0
3842464, 786432, 1, 0, 0
3842714, 507904, 1, 0, 0
3842964, 524288, 1, 0, 0
3843215, 409600, 1, 0, 0
3843464, 674441, 1, 0, 0
3843714, 655360, 1, 0, 0
3843964, 720896, 1, 0, 0
3844215, 671744, 1, 0, 0
3844464, 773140, 1, 0, 0
3844714, 409600, 1, 0, 0
3844964, 573440, 1, 0, 0
3845214, 524288, 1, 0, 0
3845465, 393216, 1, 0, 0
3845714, 427694, 1, 0, 0
3845964, 475136, 1, 0, 0
3846214, 589824, 1, 0, 0
3846465, 737280, 1, 0, 0
3846715, 704512, 1, 0, 0
3846964, 509943, 1, 0, 0
3847214, 884736, 1, 0, 0
3847464, 442368, 1, 0, 0
3847714, 0, 1, 0, 0
3847965, 606208, 1, 0, 0
3848214, 690891, 1, 0, 0
3848464, 688128, 1, 0, 0
3848714, 720896, 1, 0, 0
3848964, 737280, 1, 0, 0
3849215, 671744, 1, 0, 0
3849464, 871839, 1, 0, 0
3849714, 442368, 1, 0, 0
3849964, 524288, 1, 0, 0
3850215, 901120, 1, 0, 0
3850464, 493493, 1, 0, 0
3850714, 688128, 1, 0, 0
3850964, 606208, 1, 0, 0
3851214, 835584, 1, 0, 0
3851465, 851968, 1, 0, 0
3851714, 444144, 1, 0, 0
3851964, 720896, 1, 0, 0
3852214, 851968, 1, 0, 0
3852465, 786432, 1, 0, 0
3852714, 213847, 1, 0, 0
3852964, 688128, 1, 0, 0
3853214, 720896, 1, 0, 0
3853464, 393216, 1, 0, 0
3853714, 1081344, 1, 0, 0
3853965, 819200, 1, 0, 0
3854214, 756690, 1, 0, 0
3854464, 802816, 1, 0, 0
3854714, 507904, 1, 0, 0
3854964, 442368, 1, 0, 0
3855215, 491520, 1, 0, 0
3855464, 411244, 1, 0, 0
3855714, 475136, 1, 0, 0
3855964, 589824, 1, 0, 0
3856214, 638976, 1, 0, 0
3856464, 740240, 1, 0, 0
3856714, 884736, 1, 0, 0
3856964, 720896, 1, 0, 0
3857214, 868352, 1, 0, 0
3857465, 376832, 1, 0, 0
3857714, 608642, 1, 0, 0
3857964, 753664, 1, 0, 0
3858214, 475136, 1, 0, 0
3858464, 671744, 1, 0, 0
3858715, 1015808, 1, 0, 0
3858964, 559293, 1, 0, 0
3859214, 720896, 1, 0, 0
3859464, 442368, 1, 0, 0
3859714, 409600, 1, 0, 0
3859965, 294912, 1, 0, 0
3860215, 753664, 1, 0, 0
3860464, 427694, 1, 0, 0
3860714, 98304, 1, 0, 0
3860964, 720896, 1, 0, 0
3861215, 311296, 1, 0, 0
3861464, 641542, 1, 0, 0
3861714, 1130496, 1, 0, 0
3861964, 901120, 1, 0, 0
3862215, 671744, 1, 0, 0
3862465, 311296, 1, 0, 0
3862714, 460594, 1, 0, 0
3862964, 901120, 1, 0, 0
3863214, 851968, 1, 0, 0
3863465, 851968, 1, 0, 0
3863714, 625092, 1, 0, 0
3863964, 442368, 1, 0, 0
3864214, 671744, 1, 0, 0
3864464, 851968, 1, 0, 0
3864715, 655360, 1, 0, 0
3864964, 608642, 1, 0, 0
3865214, 458752, 1, 0, 0
3865464, 245760, 1, 0, 0
3865714, 770048, 1, 0, 0
3865965, 294912, 1, 0, 0
3866214, 296096, 1, 0, 0
3866464, 540672, 1, 0, 0
3866714, 720896, 1, 0, 0
3866964, 491520, 1, 0, 0
3867215, 294912, 1, 0, 0
3867464, 328995, 1, 0, 0
3867714, 540672, 1, 0, 0
3867964, 770048, 1, 0, 0
3868214, 950272, 1, 0, 0
3868465, 573440, 1, 0, 0
3868714, 526393, 1, 0, 0
3868964, 638976, 1, 0, 0
3869214, 770048, 1, 0, 0
3869465, 901120, 1, 0, 0
3869714, 806040, 1, 0, 0
3869964, 770048, 1, 0, 0
3870214, 425984, 1, 0, 0
3870464, 868352, 1, 0, 0
3870714, 838939, 1, 0, 0
3870964, 1032192, 1, 0, 0
3871214, 917504, 1, 0, 0
3871464, 1179648, 1, 0, 0
3871714, 1081344, 1, 0, 0
3871964, 1130496, 1, 0, 0
3872214, 851968, 1, 0, 0
3872464, 1015808, 1, 0, 0
3872714, 838939, 1, 0, 0
3872964, 753664, 1, 0, 0
3873214, 901120, 1, 0, 0
3873464, 1114112, 1, 0, 0
3873714, 884736, 1, 0, 0
3873964, 622592, 1, 0, 0
3874214, 540672, 1, 0, 0
3874464, 966656, 1, 0, 0
3874714, 819200, 1, 0, 0
3874964, 822489, 1, 0, 0
3875214, 458752, 1, 0, 0
3875464, 425984, 1, 0, 0
3875714, 393216, 1, 0, 0
3875964, 311296, 1, 0, 0
3876214, 425984, 1, 0, 0
3876464, 360448, 1, 0, 0
3876714, 278528, 1, 0, 0
3876964, 294912, 1, 0, 0
3877214, 246746, 1, 0, 0
3877464, 376832, 1, 0, 0
3877714, 294912, 1, 0, 0
3877964, 524288, 1, 0, 0
3878214, 671744, 1, 0, 0
3878464, 327680, 1, 0, 0
3878714, 491520, 1, 0, 0
3878964, 606208, 1, 0, 0
3879214, 720896, 1, 0, 0
3879464, 509943, 1, 0, 0
3879714, 540672, 1, 0, 0
3879964, 311296, 1, 0, 0
3880214, 393216, 1, 0, 0
3880464, 622592, 1, 0, 0
3880714, 360448, 1, 0, 0
3880964, 327680, 1, 0, 0
3881214, 294912, 1, 0, 0
3881464, 409600, 1, 0, 0
3881714, 360448, 1, 0, 0
3881964, 312546, 1, 0, 0
3882214, 573440, 1, 0, 0
3882464, 393216, 1, 0, 0
3882714, 475136, 1, 0, 0
3882964, 507904, 1, 0, 0
3883214, 737280, 1, 0, 0
3883464, 720896, 1, 0, 0
3883714, 507904, 1, 0, 0
3883964, 524288, 1, 0, 0
3884214, 477044, 1, 0, 0
3884464, 589824, 1, 0, 0
3884714, 409600, 1, 0, 0
3884964, 737280, 1, 0, 0
3885214, 524288, 1, 0, 0
3885464, 491520, 1, 0, 0
3885714, 753664, 1, 0, 0
3885964, 409600, 1, 0, 0
3886214, 311296, 1, 0, 0
3886465, 475136, 1, 0, 0
3886714, 312546, 1, 0, 0
3886964, 507904, 1, 0, 0
3887214, 638976, 1, 0, 0
3887464, 638976, 1, 0, 0
3887714, 901120, 1, 0, 0
3887964, 851968, 1, 0, 0
3888214, 491520, 1, 0, 0
3888464, 294912, 1, 0, 0
3888714, 819200, 1, 0, 0
3888964, 509943, 1, 0, 0
3889214, 622592, 1, 0, 0
3889464, 884736, 1, 0, 0
3889714, 671744, 1, 0, 0
3889964, 901120, 1, 0, 0
3890214, 458752, 1, 0, 0
3890464, 753664, 1, 0, 0
3890714, 507904, 1, 0, 0
3890964, 278528, 1, 0, 0
3891215, 344064, 1, 0, 0
3891464, 542843, 1, 0, 0
3891714, 442368, 1, 0, 0
3891964, 770048, 1, 0, 0
3892214, 737280, 1, 0, 0
3892464, 540672, 1, 0, 0
3892714, 557056, 1, 0, 0
3892964, 360448, 1, 0, 0
3893214, 507904, 1, 0, 0
3893464, 344064, 1, 0, 0
3893714, 444144, 1, 0, 0
3893964, 671744, 1, 0, 0
3894214, 524288, 1, 0, 0
3894464, 819200, 1, 0, 0
3894714, 819200, 1, 0, 0
3894964, 770048, 1, 0, 0
3895214, 655360, 1, 0, 0
3895464, 638976, 1, 0, 0
3895714, 720896, 1, 0, 0
3895964, 493493, 1, 0, 0
3896214, 245760, 1, 0, 0
3896464, 409600, 1, 0, 0
3896714, 638976, 1, 0, 0
3896964, 229376, 1, 0, 0
3897214, 458752, 1, 0, 0
3897464, 425984, 1, 0, 0
3897714, 655360, 1, 0, 0
3897964, 294912, 1, 0, 0
3898215, 311296, 1, 0, 0
3898464, 526393, 1, 0, 0
3898714, 622592, 1, 0, 0
3898964, 737280, 1, 0, 0
3899214, 442368, 1, 0, 0
3899464, 311296, 1, 0, 0
3899714, 819200, 1, 0, 0
3899964, 622592, 1, 0, 0
3900214, 507904, 1, 0, 0
3900464, 559293, 1, 0, 0
3900714, 147456, 1, 0, 0
3900964, 638976, 1, 0, 0
3901214, 1048576, 1, 0, 0
3901464, 901120, 1, 0, 0
3901714, 638976, 1, 0, 0
3901964, 294912, 1, 0, 0
3902214, 720896, 1, 0, 0
3902464, 720896, 1, 0, 0
3902714, 622592, 1, 0, 0
3902964, 740240, 1, 0, 0
3903214, 983040, 1, 0, 0
3903464, 704512, 1, 0, 0
3903714, 819200, 1, 0, 0
3903964, 720896, 1, 0, 0
3904214, 409600, 1, 0, 0
3904464, 393216, 1, 0, 0
3904714, 425984, 1, 0, 0
3904964, 573440, 1, 0, 0
3905214, 460594, 1, 0, 0
3905464, 573440, 1, 0, 0
3905714, 425984, 1, 0, 0
3905964, 491520, 1, 0, 0
3906214, 360448, 1, 0, 0
3906464, 425984, 1, 0, 0
3906714, 327680, 1, 0, 0
3906964, 393216, 1, 0, 0
3907214, 196608, 1, 0, 0
3907464, 279646, 1, 0, 0
3907714, 606208, 1, 0, 0
3907964, 475136, 1, 0, 0
3908214, 65536, 1, 0, 0
3908464, 32768, 1, 0, 0
3908714, 0, 1, 0, 0
3908964, 16384, 1, 0, 0
3909214, 32768, 1, 0, 0
3909464, 0, 1, 0, 0
3909714, 0, 1, 0, 0
3909964, 0, 1, 0, 0
3910214, 16384, 1, 0, 0
3910464, 0, 1, 0, 0
3910714, 32768, 1, 0, 0
3910964, 32768, 1, 0, 0
3911214, 0, 1, 0, 0
3911464, 16384, 1, 0, 0
3911714, 0, 1, 0, 0
3911964, 0, 1, 0, 0
3912214, 16384, 1, 0, 0
3912464, 0, 1, 0, 0
3912714, 1376256, 1, 0, 0
3912964, 1261568, 1, 0, 0
3913214, 1392640, 1, 0, 0
3913464, 753664, 1, 0, 0
3913714, 1179648, 1, 0, 0
3913964, 868352, 1, 0, 0
3914215, 737280, 1, 0, 0
3914464, 937638, 1, 0, 0
3914714, 901120, 1, 0, 0
3914964, 737280, 1, 0, 0
3915214, 327680, 1, 0, 0
3915464, 540672, 1, 0, 0
3915714, 851968, 1, 0, 0
3915964, 606208, 1, 0, 0
3916214, 802816, 1, 0, 0
3916464, 425984, 1, 0, 0
3916714, 921188, 1, 0, 0
3916964, 688128, 1, 0, 0
3917214, 524288, 1, 0, 0
3917464, 933888, 1, 0, 0
3917714, 671744, 1, 0, 0
3917964, 540672, 1, 0, 0
3918214, 442368, 1, 0, 0
3918464, 950272, 1, 0, 0
3918714, 851968, 1, 0, 0
3918965, 491520, 1, 0, 0
3919214, 444144, 1, 0, 0
3919464, 622592, 1, 0, 0
3919714, 819200, 1, 0, 0
3919964, 917504, 1, 0, 0
3920214, 655360, 1, 0, 0
3920464, 720896, 1, 0, 0
3920714, 786432, 1, 0, 0
3920964, 704512, 1, 0, 0
3921214, 1003437, 1, 0, 0
3921464, 802816, 1, 0, 0
3921714, 425984, 1, 0, 0
3921964, 606208, 1, 0, 0
3922214, 753664, 1, 0, 0
3922464, 327680, 1, 0, 0
3922714, 589824, 1, 0, 0
3922964, 425984, 1, 0, 0
3923214, 901120, 1, 0, 0
3923464, 394795, 1, 0, 0
3923714, 688128, 1, 0, 0
3923964, 589824, 1, 0, 0
3924214, 1081344, 1, 0, 0
3924464, 901120, 1, 0, 0
3924714, 901120, 1, 0, 0
3924964, 606208, 1, 0, 0
3925214, 1196032, 1, 0, 0
3925465, 1327104, 1, 0, 0
3925714, 937638, 1, 0, 0
3925964, 491520, 1, 0, 0
3926214, 327680, 1, 0, 0
3926464, 360448, 1, 0, 0
3926714, 638976, 1, 0, 0
3926964, 720896, 1, 0, 0
3927214, 557056, 1, 0, 0
3927464, 393216, 1, 0, 0
3927714, 671744, 1, 0, 0
3927964, 970538, 1, 0, 0
3928214, 901120, 1, 0, 0
3928464, 311296, 1, 0, 0
3928714, 475136, 1, 0, 0
3928964, 1228800, 1, 0, 0
3929214, 901120, 1, 0, 0
3929464, 753664, 1, 0, 0
3929714, 1392640, 1, 0, 0
3929964, 1015808, 1, 0, 0
3930214, 756690, 1, 0, 0
3930464, 311296, 1, 0, 0
3930714, 917504, 1, 0, 0
3930964, 884736, 1, 0, 0
3931214, 1064960, 1, 0, 0
3931464, 524288, 1, 0, 0
3931714, 442368, 1, 0, 0
3931964, 966656, 1, 0, 0
3932214, 1507328, 1, 0, 0
3932464, 1200835, 1, 0, 0
3932714, 1245184, 1, 0, 0
3932964, 737280, 1, 0, 0
3933214, 1179648, 1, 0, 0
3933464, 999424, 1, 0, 0
3933714, 720896, 1, 0, 0
3933964, 1146880, 1, 0, 0
3934214, 884736, 1, 0, 0
3934464, 999424, 1, 0, 0
3934714, 786432, 1, 0, 0
3934964, 921188, 1, 0, 0
3935214, 786432, 1, 0, 0
3935464, 966656, 1, 0, 0
3935714, 589824, 1, 0, 0
3935964, 802816, 1, 0, 0
3936214, 1081344, 1, 0, 0
3936464, 802816, 1, 0, 0
3936714, 819200, 1, 0, 0
3936964, 983040, 1, 0, 0
3937214, 1130496, 1, 0, 0
3937464, 625092, 1, 0, 0
3937714, 819200, 1, 0, 0
3937964, 983040, 1, 0, 0
3938214, 770048, 1, 0, 0
3938464, 753664, 1, 0, 0
3938714, 819200, 1, 0, 0
3938964, 589824, 1, 0, 0
3939214, 294912, 1, 0, 0
3939464, 589824, 1, 0, 0
3939714, 592192, 1, 0, 0
3939964, 704512, 1, 0, 0
3940214, 475136, 1, 0, 0
3940464, 442368, 1, 0, 0
3940714, 540672, 1, 0, 0
3940964, 409600, 1, 0, 0
3941214, 229376, 1, 0, 0
3941464, 491520, 1, 0, 0
3941714, 393216, 1, 0, 0
3941965, 196608, 1, 0, 0
3942214, 296096, 1, 0, 0
3942464, 278528, 1, 0, 0
3942714, 294912, 1, 0, 0
3942964, 147456, 1, 0, 0
3943214, 81920, 1, 0, 0
3943464, 196608, 1, 0, 0
3943714, 262144, 1, 0, 0
3943964, 131072, 1, 0, 0
3944215, 327680, 1, 0, 0
3944464, 378345, 1, 0, 0
3944714, 294912, 1, 0, 0
3944964, 360448, 1, 0, 0
3945214, 425984, 1, 0, 0
3945464, 425984, 1, 0, 0
3945714, 409600, 1, 0, 0
3945964, 425984, 1, 0, 0
3946214, 573440, 1, 0, 0
3946464, 509943, 1, 0, 0
3946714, 540672, 1, 0, 0
3946964, 360448, 1, 0, 0
3947214, 491520, 1, 0, 0
3947464, 704512, 1, 0, 0
3947714, 98304, 1, 0, 0
3947964, 475136, 1, 0, 0
3948214, 638976, 1, 0, 0
3948464, 229376, 1, 0, 0
3948714, 411244, 1, 0, 0
3948964, 475136, 1, 0, 0
3949214, 688128, 1, 0, 0
3949464, 589824, 1, 0, 0
3949714, 557056, 1, 0, 0
3949964, 557056, 1, 0, 0
3950214, 540672, 1, 0, 0
3950464, 606208, 1, 0, 0
3950714, 278528, 1, 0, 0
3950964, 723791, 1, 0, 0
3951214, 393216, 1, 0, 0
3951464, 507904, 1, 0, 0
3951714, 491520, 1, 0, 0
3951964, 458752, 1, 0, 0
3952214, 294912, 1, 0, 0
3952464, 720896, 1, 0, 0
3952714, 442368, 1, 0, 0
3952964, 376832, 1, 0, 0
3953214, 868352, 1, 0, 0
3953464, 855389, 1, 0, 0
3953714, 557056, 1, 0, 0
3953964, 606208, 1, 0, 0
3954214, 737280, 1, 0, 0
3954464, 507904, 1, 0, 0
3954714, 376832, 1, 0, 0
3954964, 573440, 1, 0, 0
3955214, 344064, 1, 0, 0
3955464, 311296, 1, 0, 0
3955714, 296096, 1, 0, 0
3955964, 409600, 1, 0, 0
3956214, 442368, 1, 0, 0
3956464, 294912, 1, 0, 0
3956714, 311296, 1, 0, 0
3956964, 294912, 1, 0, 0
3957214, 344064, 1, 0, 0
3957464, 262144, 1, 0, 0
3957715, 196608, 1, 0, 0
3957964, 394795, 1, 0, 0
3958214, 475136, 1, 0, 0
3958464, 475136, 1, 0, 0
3958714, 311296, 1, 0, 0
3958964, 655360, 1, 0, 0
3959214, 458752, 1, 0, 0
3959464, 409600, 1, 0, 0
3959714, 655360, 1, 0, 0
3959964, 789590, 1, 0, 0
3960214, 966656, 1, 0, 0
3960464, 540672, 1, 0, 0
3960714, 327680, 1, 0, 0
3960964, 917504, 1, 0, 0
3961214, 376832, 1, 0, 0
3961464, 311296, 1, 0, 0
3961714, 491520, 1, 0, 0
3961964, 294912, 1, 0, 0
3962214, 378345, 1, 0, 0
3962464, 688128, 1, 0, 0
3962714, 557056, 1, 0, 0
3962964, 376832, 1, 0, 0
3963214, 720896, 1, 0, 0
3963464, 819200, 1, 0, 0
3963714, 704512, 1, 0, 0
3963964, 933888, 1, 0, 0
3964214, 638976, 1, 0, 0
3964464, 720896, 1, 0, 0
3964714, 411244, 1, 0, 0
3964964, 16384, 1, 0, 0
3965214, 278528, 1, 0, 0
3965464, 245760, 1, 0, 0
3965714, 720896, 1, 0, 0
3965964, 557056, 1, 0, 0
3966214, 114688, 1, 0, 0
3966464, 376832, 1, 0, 0
3966714, 294912, 1, 0, 0
3966964, 328995, 1, 0, 0
3967214, 81920, 1, 0, 0
3967464, 163840, 1, 0, 0
3967714, 196608, 1, 0, 0
3967964, 737280, 1, 0, 0
3968214, 622592, 1, 0, 0
3968464, 294912, 1, 0, 0
3968714, 360448, 1, 0, 0
3968964, 442368, 1, 0, 0
3969214, 542843, 1, 0, 0
3969464, 786432, 1, 0, 0
3969714, 589824, 1, 0, 0
3969964, 360448, 1, 0, 0
3970214, 360448, 1, 0, 0
3970464, 114688, 1, 0, 0
3970714, 98304, 1, 0, 0
3970964, 360448, 1, 0, 0
3971214, 278528, 1, 0, 0
3971464, 296096, 1, 0, 0
3971714, 524288, 1, 0, 0
3971964, 212992, 1, 0, 0
3972214, 196608, 1, 0, 0
3972464, 294912, 1, 0, 0
3972714, 311296, 1, 0, 0
3972964, 196608, 1, 0, 0
3973215, 442368, 1, 0, 0
3973464, 822489, 1, 0, 0
3973714, 344064, 1, 0, 0
3973964, 540672, 1, 0, 0
3974214, 491520, 1, 0, 0
3974464, 376832, 1, 0, 0
3974714, 294912, 1, 0, 0
3974964, 589824, 1, 0, 0
3975214, 573440, 1, 0, 0
3975464, 690891, 1, 0, 0
3975714, 540672, 1, 0, 0
3975964, 409600, 1, 0, 0
3976214, 409600, 1, 0, 0
3976464, 507904, 1, 0, 0
3976714, 720896, 1, 0, 0
3976964, 753664, 1, 0, 0
3977214, 770048, 1, 0, 0
3977464, 475136, 1, 0, 0
3977715, 835584, 1, 0, 0
3977964, 1052787, 1, 0, 0
3978214, 1228800, 1, 0, 0
3978464, 622592, 1, 0, 0
3978714, 835584, 1, 0, 0
3978964, 1327104, 1, 0, 0
3979214, 983040, 1, 0, 0
3979464, 1327104, 1, 0, 0
3979714, 1048576, 1, 0, 0
3979964, 1069236, 1, 0, 0
3980214, 950272, 1, 0, 0
3980464, 884736, 1, 0, 0
3980714, 606208, 1, 0, 0
3980964, 802816, 1, 0, 0
3981214, 294912, 1, 0, 0
3981464, 442368, 1, 0, 0
3981714, 491520, 1, 0, 0
3981964, 114688, 1, 0, 0
3982215, 524288, 1, 0, 0
3982464, 773140, 1, 0, 0
3982714, 622592, 1, 0, 0
3982964, 360448, 1, 0, 0
3983214, 294912, 1, 0, 0
3983464, 819200, 1, 0, 0
3983714, 851968, 1, 0, 0
3983964, 425984, 1, 0, 0
3984214, 294912, 1, 0, 0
3984464, 409600, 1, 0, 0
3984714, 328995, 1, 0, 0
3984964, 327680, 1, 0, 0
3985214, 294912, 1, 0, 0
3985464, 638976, 1, 0, 0
3985714, 376832, 1, 0, 0
3985964, 507904, 1, 0, 0
3986214, 737280, 1, 0, 0
3986464, 622592, 1, 0, 0
3986714, 802816, 1, 0, 0
3986964, 671744, 1, 0, 0
3987214, 460594, 1, 0, 0
3987464, 770048, 1, 0, 0
3987714, 638976, 1, 0, 0
3987964, 442368, 1, 0, 0
3988214, 589824, 1, 0, 0
3988464, 507904, 1, 0, 0
3988714, 638976, 1, 0, 0
3988964, 393216, 1, 0, 0
3989215, 638976, 1, 0, 0
3989464, 444144, 1, 0, 0
3989714, 1032192, 1, 0, 0
3989964, 1245184, 1, 0, 0
3990214, 884736, 1, 0, 0
3990464, 753664, 1, 0, 0
3990714, 835584, 1, 0, 0
3990964, 884736, 1, 0, 0
3991215, 557056, 1, 0, 0
3991465, 638976, 1, 0, 0
3991714, 707341, 1, 0, 0
3991964, 884736, 1, 0, 0
3992214, 983040, 1, 0, 0
3992464, 966656, 1, 0, 0
3992714, 688128, 1, 0, 0
3992964, 819200, 1, 0, 0
3993214, 393216, 1, 0, 0
3993465, 1146880, 1, 0, 0
3993714, 707341, 1, 0, 0
3993964, 966656, 1, 0, 0
3994214, 737280, 1, 0, 0
3994464, 655360, 1, 0, 0
3994714, 557056, 1, 0, 0
3994964, 573440, 1, 0, 0
3995214, 196608, 1, 0, 0
3995464, 409600, 1, 0, 0
3995714, 606208, 1, 0, 0
3995964, 509943, 1, 0, 0
3996214, 868352, 1, 0, 0
3996464, 688128, 1, 0, 0
3996714, 262144, 1, 0, 0
3996964, 917504, 1, 0, 0
3997214, 1277952, 1, 0, 0
3997464, 344064, 1, 0, 0
3997714, 1015808, 1, 0, 0
3997964, 606208, 1, 0, 0
3998214, 740240, 1, 0, 0
3998464, 573440, 1, 0, 0
3998714, 180224, 1, 0, 0
3998964, 770048, 1, 0, 0
3999214, 868352, 1, 0, 0
3999464, 245760, 1, 0, 0
3999714, 557056, 1, 0, 0
3999964, 819200, 1, 0, 0
4000214, 802816, 1, 0, 0
4000464, 509943, 1, 0, 0
4000714, 868352, 1, 0, 0
4000964, 720896, 1, 0, 0
4001214, 393216, 1, 0, 0
4001464, 163840, 1, 0, 0
4001714, 933888, 1, 0, 0
4001964, 573440, 1, 0, 0
4002214, 671744, 1, 0, 0
4002464, 393216, 1, 0, 0
4002714, 509943, 1, 0, 0
4002964, 442368, 1, 0, 0
4003214, 753664, 1, 0, 0
4003464, 458752, 1, 0, 0
4003714, 573440, 1, 0, 0
4003964, 589824, 1, 0, 0
4004215, 802816, 1, 0, 0
4004464, 740240, 1, 0, 0
4004714, 868352, 1, 0, 0
4004964, 737280, 1, 0, 0
4005214, 950272, 1, 0, 0
4005464, 704512, 1, 0, 0
4005714, 770048, 1, 0, 0
4005964, 393216, 1, 0, 0
4006214, 262144, 1, 0, 0
4006464, 475136, 1, 0, 0
4006714, 690891, 1, 0, 0
4006964, 360448, 1, 0, 0
4007214, 802816, 1, 0, 0
4007464, 98304, 1, 0, 0
4007714, 409600, 1, 0, 0
4007964, 753664, 1, 0, 0
4008214, 212992, 1, 0, 0
4008464, 442368, 1, 0, 0
4008714, 835584, 1, 0, 0
4008964, 641542, 1, 0, 0
4009214, 901120, 1, 0, 0
4009464, 606208, 1, 0, 0
4009714, 737280, 1, 0, 0
4009964, 950272, 1, 0, 0
4010214, 753664, 1, 0, 0
4010464, 311296, 1, 0, 0
4010714, 442368, 1, 0, 0
4010964, 704512, 1, 0, 0
4011214, 526393, 1, 0, 0
4011464, 573440, 1, 0, 0
4011714, 507904, 1, 0, 0
4011964, 507904, 1, 0, 0
4012214, 294912, 1, 0, 0
4012464, 491520, 1, 0, 0
4012714, 884736, 1, 0, 0
4012964, 1032192, 1, 0, 0
4013215, 868352, 1, 0, 0
4013464, 608642, 1, 0, 0
4013714, 311296, 1, 0, 0
4013964, 409600, 1, 0, 0
4014214, 196608, 1, 0, 0
4014464, 344064, 1, 0, 0
4014714, 196608, 1, 0, 0
4014964, 704512, 1, 0, 0
4015214, 327680, 1, 0, 0
4015464, 540672, 1, 0, 0
4015714, 641542, 1, 0, 0
4015964, 688128, 1, 0, 0
4016214, 704512, 1, 0, 0
4016464, 1277952, 1, 0, 0
4016714, 1212416, 1, 0, 0
4016964, 1163264, 1, 0, 0
4017214, 1130496, 1, 0, 0
4017464, 966656, 1, 0, 0
4017714, 884736, 1, 0, 0
4017964, 655360, 1, 0, 0
4018214, 657991, 1, 0, 0
4018464, 655360, 1, 0, 0
4018714, 622592, 1, 0, 0
4018964, 1228800, 1, 0, 0
4019214, 1359872, 1, 0, 0
4019464, 1163264, 1, 0, 0
4019714, 262144, 1, 0, 0
4019964, 409600, 1, 0, 0
4020214, 770048, 1, 0, 0
4020464, 851968, 1, 0, 0
4020714, 740240, 1, 0, 0
4020964, 589824, 1, 0, 0
4021214, 524288, 1, 0, 0
4021464, 409600, 1, 0, 0
4021714, 606208, 1, 0, 0
4021964, 983040, 1, 0, 0
4022214, 557056, 1, 0, 0
4022464, 540672, 1, 0, 0
4022715, 622592, 1, 0, 0
4022964, 838939, 1, 0, 0
4023214, 999424, 1, 0, 0
4023464, 1163264, 1, 0, 0
4023714, 1097728, 1, 0, 0
4023964, 999424, 1, 0, 0
4024214, 557056, 1, 0, 0
4024464, 475136, 1, 0, 0
4024714, 933888, 1, 0, 0
4024964, 950272, 1, 0, 0
4025214, 806040, 1, 0, 0
4025464, 737280, 1, 0, 0
4025714, 786432, 1, 0, 0
4025964, 491520, 1, 0, 0
4026214, 557056, 1, 0, 0
4026464, 491520, 1, 0, 0
4026714, 884736, 1, 0, 0
4026964, 1064960, 1, 0, 0
4027214, 509943, 1, 0, 0
4027464, 671744, 1, 0, 0
4027714, 1245184, 1, 0, 0
4027964, 1032192, 1, 0, 0
4028214, 311296, 1, 0, 0
4028464, 704512, 1, 0, 0
4028714, 376832, 1, 0, 0
4028964, 1097728, 1, 0, 0
4029214, 884736, 1, 0, 0
4029465, 1425408, 1, 0, 0
4029714, 542843, 1, 0, 0
4029964, 1130496, 1, 0, 0
4030214, 688128, 1, 0, 0
4030464, 442368, 1, 0, 0
4030714, 557056, 1, 0, 0
4030964, 638976, 1, 0, 0
4031214, 442368, 1, 0, 0
4031464, 802816, 1, 0, 0
4031714, 888289, 1, 0, 0
4031964, 737280, 1, 0, 0
4032214, 409600, 1, 0, 0
4032464, 393216, 1, 0, 0
4032714, 770048, 1, 0, 0
4032964, 393216, 1, 0, 0
4033214, 704512, 1, 0, 0
4033464, 1015808, 1, 0, 0
4033714, 999424, 1, 0, 0
4033964, 1081344, 1, 0, 0
4034214, 345445, 1, 0, 0
4034464, 376832, 1, 0, 0
4034714, 311296, 1, 0, 0
4034964, 638976, 1, 0, 0
4035214, 655360, 1, 0, 0
4035464, 540672, 1, 0, 0
4035714, 98304, 1, 0, 0
4035964, 622592, 1, 0, 0
4036214, 737280, 1, 0, 0
4036464, 1081344, 1, 0, 0
4036714, 723791, 1, 0, 0
4036964, 540672, 1, 0, 0
4037214, 868352, 1, 0, 0
4037464, 950272, 1, 0, 0
4037714, 475136, 1, 0, 0
4037964, 311296, 1, 0, 0
4038214, 507904, 1, 0, 0
4038464, 491520, 1, 0, 0
4038714, 638976, 1, 0, 0
4038964, 806040, 1, 0, 0
4039214, 671744, 1, 0, 0
4039464, 671744, 1, 0, 0
4039714, 524288, 1, 0, 0
4039964, 131072, 1, 0, 0
4040214, 327680, 1, 0, 0
4040464, 606208, 1, 0, 0
4040714, 704512, 1, 0, 0
4040964, 592192, 1, 0, 0
4041214, 589824, 1, 0, 0
4041464, 540672, 1, 0, 0
4041714, 622592, 1, 0, 0
4041964, 409600, 1, 0, 0
4042214, 442368, 1, 0, 0
4042464, 294912, 1, 0, 0
4042714, 98304, 1, 0, 0
4042964, 311296, 1, 0, 0
4043214, 542843, 1, 0, 0
4043464, 245760, 1, 0, 0
4043714, 294912, 1, 0, 0
4043964, 655360, 1, 0, 0
4044214, 802816, 1, 0, 0
4044464, 491520, 1, 0, 0
4044714, 606208, 1, 0, 0
4044964, 819200, 1, 0, 0
4045214, 835584, 1, 0, 0
4045464, 1283084, 1, 0, 0
4045714, 950272, 1, 0, 0
4045964, 851968, 1, 0, 0
4046214, 1261568, 1, 0, 0
4046464, 753664, 1, 0, 0
4046714, 917504, 1, 0, 0
4046964, 1064960, 1, 0, 0
4047214, 655360, 1, 0, 0
4047464, 888289, 1, 0, 0
4047714, 212992, 1, 0, 0
4047964, 294912, 1, 0, 0
4048214, 655360, 1, 0, 0
4048464, 557056, 1, 0, 0
4048714, 917504, 1, 0, 0
4048964, 507904, 1, 0, 0
4049214, 491520, 1, 0, 0
4049464, 557056, 1, 0, 0
4049714, 311296, 1, 0, 0
4049964, 444144, 1, 0, 0
4050214, 868352, 1, 0, 0
4050464, 638976, 1, 0, 0
4050714, 376832, 1, 0, 0
4050964, 311296, 1, 0, 0
4051214, 540672, 1, 0, 0
4051464, 589824, 1, 0, 0
4051714, 688128, 1, 0, 0
4051964, 411244, 1, 0, 0
4052214, 606208, 1, 0, 0
4052464, 770048, 1, 0, 0
4052714, 475136, 1, 0, 0
4052964, 245760, 1, 0, 0
4053214, 294912, 1, 0, 0
4053464, 933888, 1, 0, 0
4053714, 770048, 1, 0, 0
4053965, 98304, 1, 0, 0
4054214, 904738, 1, 0, 0
4054464, 606208, 1, 0, 0
4054714, 688128, 1, 0, 0
4054964, 524288, 1, 0, 0
4055214, 688128, 1, 0, 0
4055464, 638976, 1, 0, 0
4055714, 671744, 1, 0, 0
4055964, 933888, 1, 0, 0
4056214, 737280, 1, 0, 0
4056464, 411244, 1, 0, 0
4056714, 606208, 1, 0, 0
4056964, 409600, 1, 0, 0
4057214, 393216, 1, 0, 0
4057464, 262144, 1, 0, 0
4057714, 475136, 1, 0, 0
4057964, 229376, 1, 0, 0
4058214, 163840, 1, 0, 0
4058465, 344064, 1, 0, 0
4058714, 197397, 1, 0, 0
4058964, 409600, 1, 0, 0
4059214, 393216, 1, 0, 0
4059464, 311296, 1, 0, 0
4059714, 753664, 1, 0, 0
4059964, 606208, 1, 0, 0
4060214, 606208, 1, 0, 0
4060464, 901120, 1, 0, 0
4060714, 704512, 1, 0, 0
4060964, 904738, 1, 0, 0
4061214, 966656, 1, 0, 0
4061464, 393216, 1, 0, 0
4061714, 770048, 1, 0, 0
4061964, 868352, 1, 0, 0
4062214, 1179648, 1, 0, 0
4062464, 884736, 1, 0, 0
4062714, 802816, 1, 0, 0
4062964, 1245184, 1, 0, 0
4063214, 822489, 1, 0, 0
4063464, 851968, 1, 0, 0
4063714, 1163264, 1, 0, 0
4063964, 524288, 1, 0, 0
4064214, 770048, 1, 0, 0
4064464, 737280, 1, 0, 0
4064714, 688128, 1, 0, 0
4064964, 589824, 1, 0, 0
4065214, 786432, 1, 0, 0
4065464, 394795, 1, 0, 0
4065714, 851968, 1, 0, 0
4065964, 655360, 1, 0, 0
4066214, 589824, 1, 0, 0
4066464, 770048, 1, 0, 0
4066714, 606208, 1, 0, 0
4066964, 507904, 1, 0, 0
4067214, 786432, 1, 0, 0
4067464, 786432, 1, 0, 0
4067714, 592192, 1, 0, 0
4067964, 671744, 1, 0, 0
4068214, 835584, 1, 0, 0
4068464, 999424, 1, 0, 0
4068714, 720896, 1, 0, 0
4068964, 589824, 1, 0, 0
4069214, 229376, 1, 0, 0
4069464, 901120, 1, 0, 0
4069714, 786432, 1, 0, 0
4069964, 855389, 1, 0, 0
4070214, 983040, 1, 0, 0
4070464, 606208, 1, 0, 0
4070714, 901120, 1, 0, 0
4070964, 589824, 1, 0, 0
4071214, 770048, 1, 0, 0
4071464, 393216, 1, 0, 0
4071714, 704512, 1, 0, 0
4071964, 557056, 1, 0, 0
4072214, 822489, 1, 0, 0
4072464, 376832, 1, 0, 0
4072714, 1179648, 1, 0, 0
4072964, 901120, 1, 0, 0
4073214, 917504, 1, 0, 0
4073464, 753664, 1, 0, 0
4073714, 1474560, 1, 0, 0
4073964, 819200, 1, 0, 0
4074214, 1458176, 1, 0, 0
4074464, 589824, 1, 0, 0
4074714, 986987, 1, 0, 0
4074964, 1458176, 1, 0, 0
4075214, 851968, 1, 0, 0
4075464, 786432, 1, 0, 0
4075714, 638976, 1, 0, 0
4075964, 802816, 1, 0, 0
4076214, 1261568, 1, 0, 0
4076464, 1081344, 1, 0, 0
4076714, 393216, 1, 0, 0
4076964, 393216, 1, 0, 0
4077214, 378345, 1, 0, 0
4077464, 950272, 1, 0, 0
4077714, 606208, 1, 0, 0
4077964, 999424, 1, 0, 0
4078214, 589824, 1, 0, 0
4078464, 671744, 1, 0, 0
4078714, 638976, 1, 0, 0
4078964, 425984, 1, 0, 0
4079215, 753664, 1, 0, 0
4079464, 1069236, 1, 0, 0
4079714, 573440, 1, 0, 0
4079964, 655360, 1, 0, 0
4080214, 786432, 1, 0, 0
4080464, 180224, 1, 0, 0
4080714, 458752, 1, 0, 0
4080964, 409600, 1, 0, 0
4081215, 655360, 1, 0, 0
4081465, 655360, 1, 0, 0
4081714, 904738, 1, 0, 0
4081964, 327680, 1, 0, 0
4082214, 720896, 1, 0, 0
4082464, 524288, 1, 0, 0
4082714, 458752, 1, 0, 0
4082964, 229376, 1, 0, 0
4083214, 835584, 1, 0, 0
4083464, 753664, 1, 0, 0
4083714, 328995, 1, 0, 0
4083964, 1310720, 1, 0, 0
4084214, 720896, 1, 0, 0
4084464, 950272, 1, 0, 0
4084714, 540672, 1, 0, 0
4084964, 1015808, 1, 0, 0
4085214, 573440, 1, 0, 0
4085464, 933888, 1, 0, 0
4085714, 1146880, 1, 0, 0
4085965, 851968, 1, 0, 0
4086214, 954088, 1, 0, 0
4086464, 1130496, 1, 0, 0
4086714, 1015808, 1, 0, 0
4086964, 884736, 1, 0, 0
4087214, 327680, 1, 0, 0
4087464, 458752, 1, 0, 0
4087714, 524288, 1, 0, 0
4087964, 540672, 1, 0, 0
4088215, 573440, 1, 0, 0
4088464, 740240, 1, 0, 0
4088714, 557056, 1, 0, 0
4088964, 638976, 1, 0, 0
4089214, 491520, 1, 0, 0
4089464, 655360, 1, 0, 0
4089714, 507904, 1, 0, 0
4089964, 294912, 1, 0, 0
4090214, 540672, 1, 0, 0
4090464, 819200, 1, 0, 0
4090714, 740240, 1, 0, 0
4090964, 851968, 1, 0, 0
4091214, 638976, 1, 0, 0
4091464, 507904, 1, 0, 0
4091714, 688128, 1, 0, 0
4091964, 638976, 1, 0, 0
4092214, 753664, 1, 0, 0
4092464, 884736, 1, 0, 0
4092714, 901120, 1, 0, 0
4092964, 835584, 1, 0, 0
4093214, 740240, 1, 0, 0
4093464, 606208, 1, 0, 0
4093714, 704512, 1, 0, 0
4093964, 655360, 1, 0, 0
4094214, 393216, 1, 0, 0
4094464, 262144, 1, 0, 0
4094714, 393216, 1, 0, 0
4094964, 704512, 1, 0, 0
4095214, 868352, 1, 0, 0
4095464, 657991, 1, 0, 0
4095714, 868352, 1, 0, 0
4095964, 999424, 1, 0, 0
4096214, 835584, 1, 0, 0
4096464, 573440, 1, 0, 0
4096714, 557056, 1, 0, 0
4096964, 884736, 1, 0, 0
4097214, 868352, 1, 0, 0
4097464, 802816, 1, 0, 0
4097714, 937638, 1, 0, 0
4097964, 868352, 1, 0, 0
4098214, 737280, 1, 0, 0
4098464, 655360, 1, 0, 0
4098714, 704512, 1, 0, 0
4098964, 933888, 1, 0, 0
4099214, 851968, 1, 0, 0
4099464, 999424, 1, 0, 0
4099714, 671744, 1, 0, 0
4099964, 1163264, 1, 0, 0
4100214, 838939, 1, 0, 0
4100464, 655360, 1, 0, 0
4100714, 819200, 1, 0, 0
4100964, 1441792, 1, 0, 0
4101214, 884736, 1, 0, 0
4101464, 622592, 1, 0, 0
4101714, 622592, 1, 0, 0
4101964, 688128, 1, 0, 0
4102214, 573440, 1, 0, 0
4102464, 838939, 1, 0, 0
4102714, 917504, 1, 0, 0
4102964, 425984, 1, 0, 0
4103214, 573440, 1, 0, 0
4103464, 868352, 1, 0, 0
4103714, 311296, 1, 0, 0
4103964, 737280, 1, 0, 0
4104214, 458752, 1, 0, 0
4104464, 540672, 1, 0, 0
4104714, 493493, 1, 0, 0
4104964, 786432, 1, 0, 0
4105214, 688128, 1, 0, 0
4105464, 573440, 1, 0, 0
4105714, 491520, 1, 0, 0
4105964, 704512, 1, 0, 0
4106214, 409600, 1, 0, 0
4106464, 425984, 1, 0, 0
4106714, 311296, 1, 0, 0
4106964, 444144, 1, 0, 0
4107214, 458752, 1, 0, 0
4107464, 98304, 1, 0, 0
4107714, 360448, 1, 0, 0
4107964, 589824, 1, 0, 0
4108214, 458752, 1, 0, 0
4108464, 835584, 1, 0, 0
4108714, 868352, 1, 0, 0
4108964, 770048, 1, 0, 0
4109214, 740240, 1, 0, 0
4109464, 638976, 1, 0, 0
4109714, 671744, 1, 0, 0
4109964, 983040, 1, 0, 0
4110214, 966656, 1, 0, 0
4110464, 835584, 1, 0, 0
4110714, 786432, 1, 0, 0
4110964, 835584, 1, 0, 0
4111214, 937638, 1, 0, 0
4111464, 868352, 1, 0, 0
4111714, 868352, 1, 0, 0
4111964, 884736, 1, 0, 0
4112214, 770048, 1, 0, 0
4112464, 655360, 1, 0, 0
4112714, 688128, 1, 0, 0
4112964, 671744, 1, 0, 0
4113214, 901120, 1, 0, 0
4113465, 573440, 1, 0, 0
4113714, 542843, 1, 0, 0
4113964, 622592, 1, 0, 0
4114214, 688128, 1, 0, 0
4114464, 245760, 1, 0, 0
4114714, 622592, 1, 0, 0
4114964, 524288, 1, 0, 0
4115214, 507904, 1, 0, 0
4115464, 802816, 1, 0, 0
4115714, 954088, 1, 0, 0
4115964, 655360, 1, 0, 0
4116214, 311296, 1, 0, 0
4116464, 458752, 1, 0, 0
4116714, 737280, 1, 0, 0
4116964, 917504, 1, 0, 0
4117214, 688128, 1, 0, 0
4117464, 786432, 1, 0, 0
4117714, 756690, 1, 0, 0
4117964, 327680, 1, 0, 0
4118214, 589824, 1, 0, 0
4118464, 311296, 1, 0, 0
4118714, 442368, 1, 0, 0
4118964, 540672, 1, 0, 0
4119214, 278528, 1, 0, 0
4119464, 950272, 1, 0, 0
4119714, 1032192, 1, 0, 0
4119964, 493493, 1, 0, 0
4120214, 114688, 1, 0, 0
4120464, 163840, 1, 0, 0
4120714, 442368, 1, 0, 0
4120964, 409600, 1, 0, 0
4121214, 393216, 1, 0, 0
4121464, 802816, 1, 0, 0
4121714, 737280, 1, 0, 0
4121964, 819200, 1, 0, 0
4122214, 625092, 1, 0, 0
4122464, 688128, 1, 0, 0
4122714, 491520, 1, 0, 0
4122964, 1032192, 1, 0, 0
4123214, 1081344, 1, 0, 0
4123464, 1228800, 1, 0, 0
4123714, 1146880, 1, 0, 0
4123964, 540672, 1, 0, 0
4124214, 884736, 1, 0, 0
4124464, 802816, 1, 0, 0
4124714, 444144, 1, 0, 0
4124964, 1015808, 1, 0, 0
4125214, 638976, 1, 0, 0
4125464, 851968, 1, 0, 0
4125714, 1015808, 1, 0, 0
4125964, 1146880, 1, 0, 0
4126214, 819200, 1, 0, 0
4126464, 933888, 1, 0, 0
4126713, 789590, 1, 0, 0
4126964, 999424, 1, 0, 0
4127214, 917504, 1, 0, 0
4127464, 770048, 1, 0, 0
4127714, 720896, 1, 0, 0
4127964, 917504, 1, 0, 0
4128214, 901120, 1, 0, 0
4128464, 1032192, 1, 0, 0
4128714, 1048576, 1, 0, 0
4128964, 786432, 1, 0, 0
4129214, 1052787, 1, 0, 0
4129464, 786432, 1, 0, 0
4129714, 851968, 1, 0, 0
4129964, 1064960, 1, 0, 0
4130214, 851968, 1, 0, 0
4130464, 1032192, 1, 0, 0
4130714, 573440, 1, 0, 0
4130964, 524288, 1, 0, 0
4131214, 507904, 1, 0, 0
4131464, 411244, 1, 0, 0
4131714, 622592, 1, 0, 0
4131964, 835584, 1, 0, 0
4132214, 655360, 1, 0, 0
4132464, 1081344, 1, 0, 0
4132714, 1179648, 1, 0, 0
4132964, 737280, 1, 0, 0
4133214, 819200, 1, 0, 0
4133464, 622592, 1, 0, 0
4133714, 589824, 1, 0, 0
4133964, 625092, 1, 0, 0
4134214, 933888, 1, 0, 0
4134464, 835584, 1, 0, 0
4134714, 573440, 1, 0, 0
4134964, 442368, 1, 0, 0
4135214, 540672, 1, 0, 0
4135464, 327680, 1, 0, 0
4135714, 638976, 1, 0, 0
4135964, 524288, 1, 0, 0
4136214, 575742, 1, 0, 0
4136464, 557056, 1, 0, 0
4136714, 688128, 1, 0, 0
4136964, 540672, 1, 0, 0
4137214, 507904, 1, 0, 0
4137464, 98304, 1, 0, 0
4137714, 32768, 1, 0, 0
4137964, 999424, 1, 0, 0
4138214, 851968, 1, 0, 0
4138464, 526393, 1, 0, 0
4138714, 688128, 1, 0, 0
4138964, 507904, 1, 0, 0
4139214, 294912, 1, 0, 0
4139464, 606208, 1, 0, 0
4139714, 753664, 1, 0, 0
4139964, 491520, 1, 0, 0
4140214, 425984, 1, 0, 0
4140464, 507904, 1, 0, 0
4140714, 526393, 1, 0, 0
4140964, 589824, 1, 0, 0
4141214, 458752, 1, 0, 0
4141464, 311296, 1, 0, 0
4141714, 524288, 1, 0, 0
4141964, 327680, 1, 0, 0
4142214, 98304, 1, 0, 0
4142464, 212992, 1, 0, 0
4142714, 425984, 1, 0, 0
4142964, 394795, 1, 0, 0
4143214, 294912, 1, 0, 0
4143464, 458752, 1, 0, 0
4143714, 557056, 1, 0, 0
4143964, 868352, 1, 0, 0
4144214, 1114112, 1, 0, 0
4144464, 770048, 1, 0, 0
4144714, 933888, 1, 0, 0
4144964, 573440, 1, 0, 0
4145214, 756690, 1, 0, 0
4145464, 524288, 1, 0, 0
4145714, 688128, 1, 0, 0
4145964, 704512, 1, 0, 0
4146214, 786432, 1, 0, 0
4146464, 638976, 1, 0, 0
4146714, 983040, 1, 0, 0
4146964, 851968, 1, 0, 0
4147214, 753664, 1, 0, 0
4147464, 802816, 1, 0, 0
4147714, 855389, 1, 0, 0
4147964, 1015808, 1, 0, 0
4148214, 901120, 1, 0, 0
4148464, 950272, 1, 0, 0
4148714, 770048, 1, 0, 0
4148964, 655360, 1, 0, 0
4149214, 720896, 1, 0, 0
4149464, 606208, 1, 0, 0
4149714, 868352, 1, 0, 0
4149964, 592192, 1, 0, 0
4150214, 1196032, 1, 0, 0
4150464, 983040, 1, 0, 0
4150714, 589824, 1, 0, 0
4150964, 950272, 1, 0, 0
4151214, 983040, 1, 0, 0
4151464, 1032192, 1, 0, 0
4151714, 1048576, 1, 0, 0
4151964, 835584, 1, 0, 0
4152214, 756690, 1, 0, 0
4152464, 917504, 1, 0, 0
4152714, 1359872, 1, 0, 0
4152964, 1146880, 1, 0, 0
4153214, 1097728, 1, 0, 0
4153464, 1196032, 1, 0, 0
4153714, 868352, 1, 0, 0
4153964, 442368, 1, 0, 0
4154214, 540672, 1, 0, 0
4154464, 868352, 1, 0, 0
4154714, 1217285, 1, 0, 0
4154964, 950272, 1, 0, 0
4155214, 1196032, 1, 0, 0
4155464, 770048, 1, 0, 0
4155714, 1032192, 1, 0, 0
4155964, 1179648, 1, 0, 0
4156214, 360448, 1, 0, 0
4156464, 638976, 1, 0, 0
4156714, 884736, 1, 0, 0
4156965, 557056, 1, 0, 0
4157214, 559293, 1, 0, 0
4157464, 802816, 1, 0, 0
4157714, 950272, 1, 0, 0
4157964, 966656, 1, 0, 0
4158214, 1196032, 1, 0, 0
4158464, 966656, 1, 0, 0
4158714, 753664, 1, 0, 0
4158964, 950272, 1, 0, 0
4159214, 901120, 1, 0, 0
4159464, 888289, 1, 0, 0
4159714, 1146880, 1, 0, 0
4159964, 868352, 1, 0, 0
4160214, 1048576, 1, 0, 0
4160464, 1146880, 1, 0, 0
4160714, 1015808, 1, 0, 0
4160964, 606208, 1, 0, 0
4161214, 851968, 1, 0, 0
4161464, 884736, 1, 0, 0
4161715, 606208, 1, 0, 0
4161964, 855389, 1, 0, 0
4162214, 901120, 1, 0, 0
4162464, 933888, 1, 0, 0
4162714, 606208, 1, 0, 0
4162964, 851968, 1, 0, 0
4163214, 737280, 1, 0, 0
4163464, 999424, 1, 0, 0
4163714, 688128, 1, 0, 0
4163964, 917504, 1, 0, 0
4164214, 1365333, 1, 0, 0
4164464, 1212416, 1, 0, 0
4164714, 966656, 1, 0, 0
4164964, 753664, 1, 0, 0
4165214, 917504, 1, 0, 0
4165464, 770048, 1, 0, 0
4165714, 983040, 1, 0, 0
4165964, 933888, 1, 0, 0
4166214, 1048576, 1, 0, 0
4166464, 723791, 1, 0, 0
4166714, 1097728, 1, 0, 0
4166964, 1064960, 1, 0, 0
4167214, 983040, 1, 0, 0
4167464, 1015808, 1, 0, 0
4167714, 720896, 1, 0, 0
4167964, 786432, 1, 0, 0
4168214, 311296, 1, 0, 0
4168464, 704512, 1, 0, 0
4168714, 557056, 1, 0, 0
4168965, 819200, 1, 0, 0
4169214, 674441, 1, 0, 0
4169464, 966656, 1, 0, 0
4169714, 851968, 1, 0, 0
4169964, 1130496, 1, 0, 0
4170214, 1048576, 1, 0, 0
4170464, 638976, 1, 0, 0
4170714, 1130496, 1, 0, 0
4170964, 950272, 1, 0, 0
4171214, 806040, 1, 0, 0
4171464, 622592, 1, 0, 0
4171714, 770048, 1, 0, 0
4171964, 802816, 1, 0, 0
4172214, 573440, 1, 0, 0
4172464, 786432, 1, 0, 0
4172714, 737280, 1, 0, 0
4172964, 720896, 1, 0, 0
4173214, 688128, 1, 0, 0
4173464, 884736, 1, 0, 0
4173714, 1250184, 1, 0, 0
4173964, 802816, 1, 0, 0
4174214, 851968, 1, 0, 0
4174464, 802816, 1, 0, 0
4174714, 835584, 1, 0, 0
4174964, 835584, 1, 0, 0
4175214, 638976, 1, 0, 0
4175464, 901120, 1, 0, 0
4175714, 884736, 1, 0, 0
4175964, 921188, 1, 0, 0
4176214, 1196032, 1, 0, 0
4176464, 1048576, 1, 0, 0
4176714, 933888, 1, 0, 0
4176964, 851968, 1, 0, 0
4177214, 851968, 1, 0, 0
4177464, 344064, 1, 0, 0
4177714, 983040, 1, 0, 0
4177964, 638976, 1, 0, 0
4178214, 507904, 1, 0, 0
4178464, 921188, 1, 0, 0
4178714, 737280, 1, 0, 0
4178964, 589824, 1, 0, 0
4179214, 999424, 1, 0, 0
4179464, 344064, 1, 0, 0
4179714, 196608, 1, 0, 0
4179964, 360448, 1, 0, 0
4180214, 983040, 1, 0, 0
4180464, 622592, 1, 0, 0
4180714, 540672, 1, 0, 0
4180964, 690891, 1, 0, 0
4181214, 622592, 1, 0, 0
4181464, 671744, 1, 0, 0
4181714, 966656, 1, 0, 0
4181964, 720896, 1, 0, 0
4182214, 671744, 1, 0, 0
4182464, 868352, 1, 0, 0
4182714, 311296, 1, 0, 0
4182964, 425984, 1, 0, 0
4183214, 723791, 1, 0, 0
4183464, 770048, 1, 0, 0
4183714, 671744, 1, 0, 0
4183964, 311296, 1, 0, 0
4184214, 1228800, 1, 0, 0
4184464, 704512, 1, 0, 0
4184714, 884736, 1, 0, 0
4184964, 786432, 1, 0, 0
4185214, 802816, 1, 0, 0
4185464, 753664, 1, 0, 0
4185714, 838939, 1, 0, 0
4185964, 360448, 1, 0, 0
4186214, 376832, 1, 0, 0
4186464, 622592, 1, 0, 0
4186714, 688128, 1, 0, 0
4186964, 491520, 1, 0, 0
4187214, 442368, 1, 0, 0
4187464, 393216, 1, 0, 0
4187714, 229376, 1, 0, 0
4187964, 115148, 1, 0, 0
4188214, 180224, 1, 0, 0
4188464, 278528, 1, 0, 0
4188714, 557056, 1, 0, 0
4188964, 737280, 1, 0, 0
4189214, 491520, 1, 0, 0
4189464, 606208, 1, 0, 0
4189714, 622592, 1, 0, 0
4189964, 475136, 1, 0, 0
4190214, 213847, 1, 0, 0
4190464, 589824, 1, 0, 0
4190714, 425984, 1, 0, 0
4190964, 393216, 1, 0, 0
4191214, 442368, 1, 0, 0
4191464, 311296, 1, 0, 0
4191714, 393216, 1, 0, 0
4191964, 606208, 1, 0, 0
4192214, 425984, 1, 0, 0
4192465, 507904, 1, 0, 0
4192714, 625092, 1, 0, 0
4192964, 802816, 1, 0, 0
4193214, 737280, 1, 0, 0
4193464, 589824, 1, 0, 0
4193714, 753664, 1, 0, 0
4193964, 868352, 1, 0, 0
4194214, 589824, 1, 0, 0
4194464, 540672, 1, 0, 0
4194714, 723791, 1, 0, 0
4194964, 638976, 1, 0, 0
4195214, 458752, 1, 0, 0
4195464, 98304, 1, 0, 0
4195714, 196608, 1, 0, 0
4195964, 180224, 1, 0, 0
4196214, 229376, 1, 0, 0
4196464, 638976, 1, 0, 0
4196714, 704512, 1, 0, 0
4196964, 557056, 1, 0, 0
4197214, 394795, 1, 0, 0
4197464, 196608, 1, 0, 0
4197714, 196608, 1, 0, 0
4197964, 409600, 1, 0, 0
4198214, 884736, 1, 0, 0
4198464, 344064, 1, 0, 0
4198714, 770048, 1, 0, 0
4198964, 409600, 1, 0, 0
4199214, 671744, 1, 0, 0
4199464, 933888, 1, 0, 0
4199714, 937638, 1, 0, 0
4199964, 720896, 1, 0, 0
4200214, 409600, 1, 0, 0
4200464, 753664, 1, 0, 0
4200714, 311296, 1, 0, 0
4200964, 262144, 1, 0, 0
4201214, 524288, 1, 0, 0
4201464, 524288, 1, 0, 0
4201714, 196608, 1, 0, 0
4201964, 148048, 1, 0, 0
4202214, 180224, 1, 0, 0
4202464, 0, 1, 0, 0
4202714, 606208, 1, 0, 0
4202964, 507904, 1, 0, 0
4203214, 507904, 1, 0, 0
4203464, 540672, 1, 0, 0
4203714, 770048, 1, 0, 0
4203964, 507904, 1, 0, 0
4204215, 491520, 1, 0, 0
4204464, 1036337, 1, 0, 0
4204714, 540672, 1, 0, 0
4204964, 802816, 1, 0, 0
4205214, 884736, 1, 0, 0
4205464, 851968, 1, 0, 0
4205714, 704512, 1, 0, 0
4205964, 737280, 1, 0, 0
4206214, 917504, 1, 0, 0
4206464, 1064960, 1, 0, 0
4206714, 707341, 1, 0, 0
4206964, 868352, 1, 0, 0
4207214, 950272, 1, 0, 0
4207464, 851968, 1, 0, 0
4207714, 819200, 1, 0, 0
4207964, 770048, 1, 0, 0
4208214, 884736, 1, 0, 0
4208464, 884736, 1, 0, 0
4208714, 1196032, 1, 0, 0
4208964, 1245184, 1, 0, 0
4209214, 921188, 1, 0, 0
4209464, 638976, 1, 0, 0
4209714, 1327104, 1, 0, 0
4209964, 557056, 1, 0, 0
4210214, 933888, 1, 0, 0
4210464, 770048, 1, 0, 0
4210714, 704512, 1, 0, 0
4210964, 770048, 1, 0, 0
4211214, 786432, 1, 0, 0
4211465, 770048, 1, 0, 0
4211714, 871839, 1, 0, 0
4211964, 688128, 1, 0, 0
4212214, 1032192, 1, 0, 0
4212464, 802816, 1, 0, 0
4212714, 966656, 1, 0, 0
4212964, 819200, 1, 0, 0
4213214, 851968, 1, 0, 0
4213464, 966656, 1, 0, 0
4213714, 802816, 1, 0, 0
4213963, 723791, 1, 0, 0
4214214, 671744, 1, 0, 0
4214464, 1523712, 1, 0, 0
4214714, 753664, 1, 0, 0
4214964, 720896, 1, 0, 0
4215214, 786432, 1, 0, 0
4215464, 999424, 1, 0, 0
4215714, 1130496, 1, 0, 0
4215964, 1015808, 1, 0, 0
4216215, 851968, 1, 0, 0
4216464, 888289, 1, 0, 0
4216714, 1015808, 1, 0, 0
4216964, 1212416, 1, 0, 0
4217214, 638976, 1, 0, 0
4217464, 507904, 1, 0, 0
4217714, 688128, 1, 0, 0
4217964, 1376256, 1, 0, 0
4218214, 950272, 1, 0, 0
4218464, 1019887, 1, 0, 0
4218714, 950272, 1, 0, 0
4218964, 1261568, 1, 0, 0
4219214, 1523712, 1, 0, 0
4219464, 1343488, 1, 0, 0
4219714, 1474560, 1, 0, 0
4219964, 1081344, 1, 0, 0
4220214, 1114112, 1, 0, 0
4220464, 1064960, 1, 0, 0
4220714, 950272, 1, 0, 0
4220964, 1097728, 1, 0, 0
4221214, 937638, 1, 0, 0
4221464, 835584, 1, 0, 0
4221714, 901120, 1, 0, 0
4221964, 737280, 1, 0, 0
4222214, 1114112, 1, 0, 0
4222464, 950272, 1, 0, 0
4222714, 966656, 1, 0, 0
4222964, 884736, 1, 0, 0
4223214, 557056, 1, 0, 0
4223464, 1365333, 1, 0, 0
4223714, 1310720, 1, 0, 0
4223964, 1212416, 1, 0, 0
4224214, 1048576, 1, 0, 0
4224464, 1163264, 1, 0, 0
4224714, 1376256, 1, 0, 0
4224964, 1081344, 1, 0, 0
4225214, 770048, 1, 0, 0
4225464, 1015808, 1, 0, 0
4225714, 917504, 1, 0, 0
4225964, 838939, 1, 0, 0
4226214, 1343488, 1, 0, 0
4226464, 1327104, 1, 0, 0
4226714, 1228800, 1, 0, 0
4226964, 606208, 1, 0, 0
4227214, 802816, 1, 0, 0
4227464, 1277952, 1, 0, 0
4227714, 1441792, 1, 0, 0
4227964, 950272, 1, 0, 0
4228214, 540672, 1, 0, 0
4228464, 526393, 1, 0, 0
4228714, 819200, 1, 0, 0
4228964, 1146880, 1, 0, 0
4229214, 901120, 1, 0, 0
4229464, 835584, 1, 0, 0
4229714, 327680, 1, 0, 0
4229964, 802816, 1, 0, 0
4230214, 1163264, 1, 0, 0
4230464, 950272, 1, 0, 0
4230714, 1032192, 1, 0, 0
4230964, 1266634, 1, 0, 0
4231214, 1015808, 1, 0, 0
4231464, 868352, 1, 0, 0
4231714, 1032192, 1, 0, 0
4231964, 1015808, 1, 0, 0
4232214, 1114112, 1, 0, 0
4232464, 1163264, 1, 0, 0
4232714, 1081344, 1, 0, 0
4232964, 917504, 1, 0, 0
4233214, 835584, 1, 0, 0
4233464, 592192, 1, 0, 0
4233714, 950272, 1, 0, 0
4233964, 950272, 1, 0, 0
4234214, 933888, 1, 0, 0
4234464, 851968, 1, 0, 0
4234714, 638976, 1, 0, 0
4234964, 753664, 1, 0, 0
4235214, 933888, 1, 0, 0
4235464, 622592, 1, 0, 0
4235714, 444144, 1, 0, 0
4235964, 851968, 1, 0, 0
4236214, 425984, 1, 0, 0
4236464, 688128, 1, 0, 0
4236714, 229376, 1, 0, 0
4236964, 507904, 1, 0, 0
4237214, 622592, 1, 0, 0
4237464, 638976, 1, 0, 0
4237715, 507904, 1, 0, 0
4237964, 542843, 1, 0, 0
4238214, 475136, 1, 0, 0
4238464, 557056, 1, 0, 0
4238714, 589824, 1, 0, 0
4238964, 901120, 1, 0, 0
4239214, 786432, 1, 0, 0
4239464, 573440, 1, 0, 0
4239714, 704512, 1, 0, 0
4239964, 704512, 1, 0, 0
4240214, 723791, 1, 0, 0
4240464, 753664, 1, 0, 0
4240714, 1032192, 1, 0, 0
4240964, 786432, 1, 0, 0
4241214, 655360, 1, 0, 0
4241464, 606208, 1, 0, 0
4241714, 1179648, 1, 0, 0
4241964, 622592, 1, 0, 0
4242214, 835584, 1, 0, 0
4242464, 737280, 1, 0, 0
4242714, 1315983, 1, 0, 0
4242964, 1064960, 1, 0, 0
4243214, 802816, 1, 0, 0
4243464, 1032192, 1, 0, 0
4243714, 983040, 1, 0, 0
4243964, 1146880, 1, 0, 0
4244214, 851968, 1, 0, 0
4244464, 1048576, 1, 0, 0
4244714, 1064960, 1, 0, 0
4244964, 622592, 1, 0, 0
4245214, 806040, 1, 0, 0
4245464, 737280, 1, 0, 0
4245714, 983040, 1, 0, 0
4245964, 1064960, 1, 0, 0
4246214, 1310720, 1, 0, 0
4246464, 884736, 1, 0, 0
4246714, 1032192, 1, 0, 0
4246964, 573440, 1, 0, 0
4247214, 753664, 1, 0, 0
4247464, 770048, 1, 0, 0
4247714, 871839, 1, 0, 0
4247964, 589824, 1, 0, 0
4248214, 819200, 1, 0, 0
4248464, 950272, 1, 0, 0
4248714, 884736, 1, 0, 0
4248964, 884736, 1, 0, 0
4249214, 720896, 1, 0, 0
4249464, 622592, 1, 0, 0
4249714, 1081344, 1, 0, 0
4249964, 1114112, 1, 0, 0
4250214, 1200835, 1, 0, 0
4250464, 1310720, 1, 0, 0
4250714, 1343488, 1, 0, 0
4250964, 1114112, 1, 0, 0
4251214, 819200, 1, 0, 0
4251464, 442368, 1, 0, 0
4251714, 720896, 1, 0, 0
4251964, 720896, 1, 0, 0
4252214, 671744, 1, 0, 0
4252464, 1069236, 1, 0, 0
4252714, 802816, 1, 0, 0
4252964, 819200, 1, 0, 0
4253214, 835584, 1, 0, 0
4253464, 966656, 1, 0, 0
4253714, 1343488, 1, 0, 0
4253964, 770048, 1, 0, 0
4254214, 802816, 1, 0, 0
4254464, 802816, 1, 0, 0
4254714, 888289, 1, 0, 0
4254964, 901120, 1, 0, 0
4255214, 1097728, 1, 0, 0
4255464, 819200, 1, 0, 0
4255714, 835584, 1, 0, 0
4255964, 851968, 1, 0, 0
4256214, 770048, 1, 0, 0
4256464, 1146880, 1, 0, 0
4256714, 1163264, 1, 0, 0
4256963, 1135036, 1, 0, 0
4257214, 901120, 1, 0, 0
4257464, 868352, 1, 0, 0
4257714, 638976, 1, 0, 0
4257964, 425984, 1, 0, 0
4258214, 622592, 1, 0, 0
4258464, 278528, 1, 0, 0
4258714, 720896, 1, 0, 0
4258964, 557056, 1, 0, 0
4259215, 524288, 1, 0, 0
4259464, 460594, 1, 0, 0
4259714, 786432, 1, 0, 0
4259964, 950272, 1, 0, 0
4260214, 1163264, 1, 0, 0
4260464, 1163264, 1, 0, 0
4260714, 753664, 1, 0, 0
4260964, 917504, 1, 0, 0
4261214, 1261568, 1, 0, 0
4261464, 868352, 1, 0, 0
4261715, 933888, 1, 0, 0
4261964, 625092, 1, 0, 0
4262214, 901120, 1, 0, 0
4262464, 1146880, 1, 0, 0
4262714, 1048576, 1, 0, 0
4262964, 1785856, 1, 0, 0
4263214, 835584, 1, 0, 0
4263464, 1277952, 1, 0, 0
4263714, 1277952, 1, 0, 0
4263964, 917504, 1, 0, 0
4264214, 786432, 1, 0, 0
4264464, 542843, 1, 0, 0
4264714, 606208, 1, 0, 0
4264964, 819200, 1, 0, 0
4265214, 671744, 1, 0, 0
4265464, 770048, 1, 0, 0
4265714, 819200, 1, 0, 0
4265964, 966656, 1, 0, 0
4266214, 1327104, 1, 0, 0
4266464, 983040, 1, 0, 0
4266714, 855389, 1, 0, 0
4266964, 1245184, 1, 0, 0
4267214, 1540096, 1, 0, 0
4267464, 1081344, 1, 0, 0
4267714, 1048576, 1, 0, 0
4267964, 1212416, 1, 0, 0
4268214, 1294336, 1, 0, 0
4268464, 655360, 1, 0, 0
4268714, 851968, 1, 0, 0
4268964, 1064960, 1, 0, 0
4269214, 1052787, 1, 0, 0
4269464, 1179648, 1, 0, 0
4269714, 1048576, 1, 0, 0
4269964, 999424, 1, 0, 0
4270214, 1048576, 1, 0, 0
4270464, 573440, 1, 0, 0
4270714, 1310720, 1, 0, 0
4270964, 999424, 1, 0, 0
4271214, 1196032, 1, 0, 0
4271464, 1097728, 1, 0, 0
4271714, 855389, 1, 0, 0
4271964, 1081344, 1, 0, 0
4272214, 802816, 1, 0, 0
4272464, 835584, 1, 0, 0
4272714, 557056, 1, 0, 0
4272964, 557056, 1, 0, 0
4273214, 819200, 1, 0, 0
4273464, 999424, 1, 0, 0
4273714, 589824, 1, 0, 0
4273964, 625092, 1, 0, 0
4274214, 950272, 1, 0, 0
4274464, 212992, 1, 0, 0
4274714, 491520, 1, 0, 0
4274964, 196608, 1, 0, 0
4275214, 524288, 1, 0, 0
4275464, 442368, 1, 0, 0
4275714, 589824, 1, 0, 0
4275964, 1507328, 1, 0, 0
4276215, 1048576, 1, 0, 0
4276464, 460594, 1, 0, 0
4276714, 737280, 1, 0, 0
4276964, 1277952, 1, 0, 0
4277214, 1179648, 1, 0, 0
4277464, 638976, 1, 0, 0
4277714, 704512, 1, 0, 0
4277964, 770048, 1, 0, 0
4278214, 1081344, 1, 0, 0
4278465, 966656, 1, 0, 0
4278714, 921188, 1, 0, 0
4278964, 1310720, 1, 0, 0
4279214, 950272, 1, 0, 0
4279464, 983040, 1, 0, 0
4279714, 1359872, 1, 0, 0
4279964, 507904, 1, 0, 0
4280214, 753664, 1, 0, 0
4280464, 1671168, 1, 0, 0
4280714, 1441792, 1, 0, 0
4280964, 851968, 1, 0, 0
4281214, 1003437, 1, 0, 0
4281464, 901120, 1, 0, 0
4281714, 720896, 1, 0, 0
4281964, 983040, 1, 0, 0
4282214, 933888, 1, 0, 0
4282464, 524288, 1, 0, 0
4282714, 720896, 1, 0, 0
4282964, 802816, 1, 0, 0
4283214, 720896, 1, 0, 0
4283464, 657991, 1, 0, 0
4283714, 884736, 1, 0, 0
4283964, 1474560, 1, 0, 0
4284214, 1310720, 1, 0, 0
4284464, 1589248, 1, 0, 0
4284714, 1638400, 1, 0, 0
4284964, 1441792, 1, 0, 0
4285214, 1523712, 1, 0, 0
4285464, 1196032, 1, 0, 0
4285714, 98698, 1, 0, 0
4285964, 606208, 1, 0, 0
4286214, 1032192, 1, 0, 0
4286464, 917504, 1, 0, 0
4286714, 229376, 1, 0, 0
4286964, 491520, 1, 0, 0
4287214, 409600, 1, 0, 0
4287464, 409600, 1, 0, 0
4287714, 458752, 1, 0, 0
4287965, 835584, 1, 0, 0
4288214, 493493, 1, 0, 0
4288464, 327680, 1, 0, 0
4288714, 507904, 1, 0, 0
4288964, 753664, 1, 0, 0
4289214, 507904, 1, 0, 0
4289464, 704512, 1, 0, 0
4289714, 311296, 1, 0, 0
4289964, 802816, 1, 0, 0
4290214, 229376, 1, 0, 0
4290464, 937638, 1, 0, 0
4290714, 1146880, 1, 0, 0
4290964, 753664, 1, 0, 0
4291214, 638976, 1, 0, 0
4291464, 1409024, 1, 0, 0
4291714, 1228800, 1, 0, 0
4291964, 524288, 1, 0, 0
4292214, 180224, 1, 0, 0
4292464, 819200, 1, 0, 0
4292714, 475136, 1, 0, 0
4292964, 674441, 1, 0, 0
4293214, 589824, 1, 0, 0
4293464, 770048, 1, 0, 0
4293714, 524288, 1, 0, 0
4293964, 1015808, 1, 0, 0
4294214, 917504, 1, 0, 0
4294464, 753664, 1, 0, 0
4294714, 819200, 1, 0, 0
4294964, 753664, 1, 0, 0
4295214, 921188, 1, 0, 0
4295464, 1490944, 1, 0, 0
4295714, 835584, 1, 0, 0
4295964, 131072, 1, 0, 0
4296214, 589824, 1, 0, 0
4296464, 851968, 1, 0, 0
4296714, 1228800, 1, 0, 0
4296964, 573440, 1, 0, 0
4297214, 606208, 1, 0, 0
4297464, 1052787, 1, 0, 0
4297714, 933888, 1, 0, 0
4297964, 409600, 1, 0, 0
4298214, 425984, 1, 0, 0
4298464, 393216, 1, 0, 0
4298714, 425984, 1, 0, 0
4298964, 294912, 1, 0, 0
4299214, 917504, 1, 0, 0
4299464, 425984, 1, 0, 0
4299714, 802816, 1, 0, 0
4299964, 806040, 1, 0, 0
4300214, 1196032, 1, 0, 0
4300464, 1064960, 1, 0, 0
4300714, 868352, 1, 0, 0
4300964, 1114112, 1, 0, 0
4301214, 999424, 1, 0, 0
4301464, 1245184, 1, 0, 0
4301714, 966656, 1, 0, 0
4301964, 851968, 1, 0, 0
4302214, 1315983, 1, 0, 0
4302464, 1015808, 1, 0, 0
4302714, 1097728, 1, 0, 0
4302964, 851968, 1, 0, 0
4303214, 507904, 1, 0, 0
4303464, 802816, 1, 0, 0
4303714, 540672, 1, 0, 0
4303964, 851968, 1, 0, 0
4304214, 966656, 1, 0, 0
4304464, 638976, 1, 0, 0
4304714, 641542, 1, 0, 0
4304964, 1064960, 1, 0, 0
4305214, 638976, 1, 0, 0
4305464, 901120, 1, 0, 0
4305714, 917504, 1, 0, 0
4305964, 1687552, 1, 0, 0
4306214, 1294336, 1, 0, 0
4306464, 1196032, 1, 0, 0
4306714, 737280, 1, 0, 0
4306964, 723791, 1, 0, 0
4307214, 1474560, 1, 0, 0
4307464, 1032192, 1, 0, 0
4307714, 983040, 1, 0, 0
4307964, 1277952, 1, 0, 0
4308214, 966656, 1, 0, 0
4308464, 688128, 1, 0, 0
4308714, 868352, 1, 0, 0
4308964, 950272, 1, 0, 0
4309214, 884736, 1, 0, 0
4309464, 674441, 1, 0, 0
4309714, 1097728, 1, 0, 0
4309964, 917504, 1, 0, 0
4310214, 868352, 1, 0, 0
4310464, 1343488, 1, 0, 0
4310714, 786432, 1, 0, 0
4310964, 884736, 1, 0, 0
4311214, 884736, 1, 0, 0
4311464, 1015808, 1, 0, 0
4311714, 1694329, 1, 0, 0
4311964, 1146880, 1, 0, 0
4312214, 1687552, 1, 0, 0
4312464, 1064960, 1, 0, 0
4312714, 1048576, 1, 0, 0
4312964, 1458176, 1, 0, 0
4313214, 1343488, 1, 0, 0
4313464, 1769472, 1, 0, 0
4313714, 1130496, 1, 0, 0
4313964, 688128, 1, 0, 0
4314214, 1250184, 1, 0, 0
4314464, 933888, 1, 0, 0
4314714, 1048576, 1, 0, 0
4314964, 835584, 1, 0, 0
4315214, 901120, 1, 0, 0
4315464, 1081344, 1, 0, 0
4315714, 1064960, 1, 0, 0
4315964, 491520, 1, 0, 0
4316214, 917504, 1, 0, 0
4316464, 933888, 1, 0, 0
4316714, 838939, 1, 0, 0
4316964, 327680, 1, 0, 0
4317214, 786432, 1, 0, 0
4317464, 507904, 1, 0, 0
4317714, 557056, 1, 0, 0
4317964, 999424, 1, 0, 0
4318214, 1310720, 1, 0, 0
4318464, 1032192, 1, 0, 0
4318714, 393216, 1, 0, 0
4318965, 983040, 1, 0, 0
4319214, 855389, 1, 0, 0
4319464, 638976, 1, 0, 0
4319714, 393216, 1, 0, 0
4319964, 1097728, 1, 0, 0
4320214, 868352, 1, 0, 0
4320464, 1507328, 1, 0, 0
4320714, 1376256, 1, 0, 0
4320964, 1130496, 1, 0, 0
4321214, 1736704, 1, 0, 0
4321464, 1809477, 1, 0, 0
4321714, 1982464, 1, 0, 0
4321964, 1081344, 1, 0, 0
4322214, 835584, 1, 0, 0
4322464, 1638400, 1, 0, 0
4322714, 1638400, 1, 0, 0
4322964, 688128, 1, 0, 0
4323214, 819200, 1, 0, 0
4323464, 1228800, 1, 0, 0
4323714, 622592, 1, 0, 0
4323964, 1019887, 1, 0, 0
4324214, 819200, 1, 0, 0
4324464, 409600, 1, 0, 0
4324714, 671744, 1, 0, 0
4324964, 1048576, 1, 0, 0
4325214, 507904, 1, 0, 0
4325464, 540672, 1, 0, 0
4325714, 786432, 1, 0, 0
4325965, 557056, 1, 0, 0
4326214, 756690, 1, 0, 0
4326464, 950272, 1, 0, 0
4326714, 966656, 1, 0, 0
4326964, 917504, 1, 0, 0
4327214, 1245184, 1, 0, 0
4327464, 950272, 1, 0, 0
4327714, 933888, 1, 0, 0
4327964, 1884160, 1, 0, 0
4328214, 770048, 1, 0, 0
4328464, 773140, 1, 0, 0
4328714, 622592, 1, 0, 0
4328964, 1933312, 1, 0, 0
4329214, 327680, 1, 0, 0
4329464, 933888, 1, 0, 0
4329714, 1982464, 1, 0, 0
4329964, 1261568, 1, 0, 0
4330214, 1130496, 1, 0, 0
4330464, 901120, 1, 0, 0
4330714, 1409024, 1, 0, 0
4330965, 1294336, 1, 0, 0
4331214, 1233734, 1, 0, 0
4331464, 1343488, 1, 0, 0
4331714, 1081344, 1, 0, 0
4331964, 1228800, 1, 0, 0
4332214, 1376256, 1, 0, 0
4332464, 1015808, 1, 0, 0
4332714, 901120, 1, 0, 0
4332964, 1998848, 1, 0, 0
4333214, 1114112, 1, 0, 0
4333465, 1884160, 1, 0, 0
4333714, 2023325, 1, 0, 0
4333964, 1474560, 1, 0, 0
4334214, 1294336, 1, 0, 0
4334464, 950272, 1, 0, 0
4334714, 688128, 1, 0, 0
4334964, 1245184, 1, 0, 0
4335214, 1343488, 1, 0, 0
4335464, 1720320, 1, 0, 0
4335714, 1851392, 1, 0, 0
4335964, 1908176, 1, 0, 0
4336214, 1163264, 1, 0, 0
4336464, 278528, 1, 0, 0
4336714, 1097728, 1, 0, 0
4336964, 1490944, 1, 0, 0
4337214, 1130496, 1, 0, 0
4337464, 819200, 1, 0, 0
4337714, 884736, 1, 0, 0
4337964, 638976, 1, 0, 0
4338214, 773140, 1, 0, 0
4338464, 1097728, 1, 0, 0
4338714, 786432, 1, 0, 0
4338964, 819200, 1, 0, 0
4339214, 819200, 1, 0, 0
4339464, 655360, 1, 0, 0
4339714, 786432, 1, 0, 0
4339964, 409600, 1, 0, 0
4340214, 1015808, 1, 0, 0
4340464, 737280, 1, 0, 0
4340714, 213847, 1, 0, 0
4340964, 786432, 1, 0, 0
4341214, 917504, 1, 0, 0
4341464, 688128, 1, 0, 0
4341714, 622592, 1, 0, 0
4341964, 507904, 1, 0, 0
4342214, 606208, 1, 0, 0
4342464, 802816, 1, 0, 0
4342714, 851968, 1, 0, 0
4342964, 427694, 1, 0, 0
4343214, 671744, 1, 0, 0
4343464, 720896, 1, 0, 0
4343714, 475136, 1, 0, 0
4343964, 475136, 1, 0, 0
4344214, 622592, 1, 0, 0
4344464, 868352, 1, 0, 0
4344714, 802816, 1, 0, 0
4344964, 622592, 1, 0, 0
4345214, 704512, 1, 0, 0
4345464, 328995, 1, 0, 0
4345714, 491520, 1, 0, 0
4345964, 671744, 1, 0, 0
4346214, 1081344, 1, 0, 0
4346464, 1064960, 1, 0, 0
4346714, 868352, 1, 0, 0
4346964, 442368, 1, 0, 0
4347214, 507904, 1, 0, 0
4347464, 707341, 1, 0, 0
4347714, 802816, 1, 0, 0
4347964, 622592, 1, 0, 0
4348214, 606208, 1, 0, 0
4348464, 491520, 1, 0, 0
4348714, 589824, 1, 0, 0
4348964, 1409024, 1, 0, 0
4349214, 868352, 1, 0, 0
4349464, 393216, 1, 0, 0
4349714, 1179648, 1, 0, 0
4349964, 871839, 1, 0, 0
4350214, 638976, 1, 0, 0
4350464, 475136, 1, 0, 0
4350714, 819200, 1, 0, 0
4350964, 1081344, 1, 0, 0
4351214, 1409024, 1, 0, 0
4351464, 835584, 1, 0, 0
4351714, 622592, 1, 0, 0
4351964, 933888, 1, 0, 0
4352214, 1097728, 1, 0, 0
4352464, 937638, 1, 0, 0
4352714, 393216, 1, 0, 0
4352964, 311296, 1, 0, 0
4353214, 884736, 1, 0, 0
4353464, 1343488, 1, 0, 0
4353714, 622592, 1, 0, 0
4353964, 425984, 1, 0, 0
4354214, 655360, 1, 0, 0
4354464, 983040, 1, 0, 0
4354714, 592192, 1, 0, 0
4354964, 278528, 1, 0, 0
4355214, 425984, 1, 0, 0
4355464, 638976, 1, 0, 0
4355714, 393216, 1, 0, 0
4355964, 1048576, 1, 0, 0
4356214, 1474560, 1, 0, 0
4356464, 802816, 1, 0, 0
4356714, 802816, 1, 0, 0
4356964, 507904, 1, 0, 0
4357214, 394795, 1, 0, 0
4357464, 1048576, 1, 0, 0
4357714, 1228800, 1, 0, 0
4357964, 524288, 1, 0, 0
4358214, 1163264, 1, 0, 0
4358464, 1359872, 1, 0, 0
4358714, 1048576, 1, 0, 0
4358964, 1294336, 1, 0, 0
4359214, 999424, 1, 0, 0
4359464, 1085686, 1, 0, 0
4359714, 786432, 1, 0, 0
4359964, 311296, 1, 0, 0
4360214, 638976, 1, 0, 0
4360464, 704512, 1, 0, 0
4360714, 1179648, 1, 0, 0
4360964, 622592, 1, 0, 0
4361214, 770048, 1, 0, 0
4361464, 1196032, 1, 0, 0
4361714, 1146880, 1, 0, 0
4361964, 1184385, 1, 0, 0
4362214, 786432, 1, 0, 0
4362464, 950272, 1, 0, 0
4362714, 1048576, 1, 0, 0
4362964, 1032192, 1, 0, 0
4363214, 1523712, 1, 0, 0
4363464, 720896, 1, 0, 0
4363714, 1327104, 1, 0, 0
4363964, 786432, 1, 0, 0
4364214, 1064960, 1, 0, 0
4364464, 1562730, 1, 0, 0
4364714, 1064960, 1, 0, 0
4364964, 983040, 1, 0, 0
4365214, 917504, 1, 0, 0
4365464, 1064960, 1, 0, 0
4365714, 770048, 1, 0, 0
4365964, 835584, 1, 0, 0
4366214, 409600, 1, 0, 0
4366464, 901120, 1, 0, 0
4366713, 1315983, 1, 0, 0
4366964, 1490944, 1, 0, 0
4367214, 1015808, 1, 0, 0
4367464, 851968, 1, 0, 0
4367714, 1081344, 1, 0, 0
4367964, 491520, 1, 0, 0
4368214, 2080768, 1, 0, 0
4368464, 1343488, 1, 0, 0
4368714, 1376256, 1, 0, 0
4368964, 954088, 1, 0, 0
4369214, 884736, 1, 0, 0
4369464, 475136, 1, 0, 0
4369714, 1261568, 1, 0, 0
4369964, 1605632, 1, 0, 0
4370214, 622592, 1, 0, 0
4370464, 622592, 1, 0, 0
4370714, 753664, 1, 0, 0
4370964, 1474560, 1, 0, 0
4371215, 442368, 1, 0, 0
4371464, 2122024, 1, 0, 0
4371714, 1392640, 1, 0, 0
4371964, 786432, 1, 0, 0
4372214, 917504, 1, 0, 0
4372464, 1327104, 1, 0, 0
4372714, 770048, 1, 0, 0
4372964, 1753088, 1, 0, 0
4373214, 1048576, 1, 0, 0
4373464, 1048576, 1, 0, 0
4373714, 1365333, 1, 0, 0
4373964, 1376256, 1, 0, 0
4374214, 1359872, 1, 0, 0
4374464, 688128, 1, 0, 0
4374714, 1146880, 1, 0, 0
4374964, 737280, 1, 0, 0
4375214, 425984, 1, 0, 0
4375464, 753664, 1, 0, 0
4375714, 1425408, 1, 0, 0
4375964, 1496931, 1, 0, 0
4376214, 507904, 1, 0, 0
4376464, 1474560, 1, 0, 0
4376714, 786432, 1, 0, 0
4376964, 524288, 1, 0, 0
4377214, 704512, 1, 0, 0
4377464, 1015808, 1, 0, 0
4377714, 999424, 1, 0, 0
4377964, 851968, 1, 0, 0
4378214, 1431132, 1, 0, 0
4378464, 1048576, 1, 0, 0
4378714, 1294336, 1, 0, 0
4378964, 933888, 1, 0, 0
4379214, 1048576, 1, 0, 0
4379464, 606208, 1, 0, 0
4379714, 1654784, 1, 0, 0
4379964, 933888, 1, 0, 0
4380214, 1654784, 1, 0, 0
4380464, 1015808, 1, 0, 0
4380714, 773140, 1, 0, 0
4380964, 704512, 1, 0, 0
4381214, 1196032, 1, 0, 0
4381464, 1015808, 1, 0, 0
4381714, 1310720, 1, 0, 0
4381964, 1605632, 1, 0, 0
4382214, 671744, 1, 0, 0
4382464, 1163264, 1, 0, 0
4382714, 720896, 1, 0, 0
4382964, 789590, 1, 0, 0
4383214, 835584, 1, 0, 0
4383464, 1114112, 1, 0, 0
4383714, 770048, 1, 0, 0
4383964, 1114112, 1, 0, 0
4384214, 802816, 1, 0, 0
4384464, 573440, 1, 0, 0
4384714, 1114112, 1, 0, 0
4384964, 688128, 1, 0, 0
4385214, 1015808, 1, 0, 0
4385464, 855389, 1, 0, 0
4385714, 1425408, 1, 0, 0
4385964, 802816, 1, 0, 0
4386214, 1179648, 1, 0, 0
4386464, 868352, 1, 0, 0
4386714, 622592, 1, 0, 0
4386964, 1245184, 1, 0, 0
4387214, 950272, 1, 0, 0
4387464, 688128, 1, 0, 0
4387714, 608642, 1, 0, 0
4387964, 704512, 1, 0, 0
4388214, 458752, 1, 0, 0
4388464, 409600, 1, 0, 0
4388714, 638976, 1, 0, 0
4388964, 540672, 1, 0, 0
4389214, 901120, 1, 0, 0
4389464, 753664, 1, 0, 0
4389714, 475136, 1, 0, 0
4389964, 589824, 1, 0, 0
4390214, 312546, 1, 0, 0
4390464, 802816, 1, 0, 0
4390714, 262144, 1, 0, 0
4390964, 278528, 1, 0, 0
4391214, 196608, 1, 0, 0
4391464, 327680, 1, 0, 0
4391714, 147456, 1, 0, 0
4391964, 16384, 1, 0, 0
4392214, 98304, 1, 0, 0
4392464, 115148, 1, 0, 0
4392714, 229376, 1, 0, 0
4392964, 524288, 1, 0, 0
4393214, 344064, 1, 0, 0
4393464, 294912, 1, 0, 0
4393714, 442368, 1, 0, 0
4393964, 114688, 1, 0, 0
4394214, 557056, 1, 0, 0
4394464, 409600, 1, 0, 0
4394714, 411244, 1, 0, 0
4394964, 311296, 1, 0, 0
4395214, 98304, 1, 0, 0
4395464, 524288, 1, 0, 0
4395714, 262144, 1, 0, 0
4395964, 557056, 1, 0, 0
4396214, 393216, 1, 0, 0
4396464, 770048, 1, 0, 0
4396714, 409600, 1, 0, 0
4396964, 147456, 1, 0, 0
4397214, 148048, 1, 0, 0
4397464, 114688, 1, 0, 0
4397714, 98304, 1, 0, 0
4397964, 360448, 1, 0, 0
4398214, 704512, 1, 0, 0
4398464, 311296, 1, 0, 0
4398714, 966656, 1, 0, 0
4398964, 753664, 1, 0, 0
4399215, 524288, 1, 0, 0
4399464, 197397, 1, 0, 0
4399714, 655360, 1, 0, 0
4399964, 589824, 1, 0, 0
4400214, 802816, 1, 0, 0
4400464, 1212416, 1, 0, 0
4400714, 524288, 1, 0, 0
4400964, 589824, 1, 0, 0
4401214, 196608, 1, 0, 0
4401464, 524288, 1, 0, 0
4401714, 871839, 1, 0, 0
4401964, 819200, 1, 0, 0
4402214, 589824, 1, 0, 0
4402464, 1392640, 1, 0, 0
4402714, 294912, 1, 0, 0
4402964, 655360, 1, 0, 0
4403214, 425984, 1, 0, 0
4403464, 409600, 1, 0, 0
4403714, 983040, 1, 0, 0
4403964, 509943, 1, 0, 0
4404214, 737280, 1, 0, 0
4404464, 753664, 1, 0, 0
4404714, 622592, 1, 0, 0
4404964, 819200, 1, 0, 0
4405214, 1196032, 1, 0, 0
4405464, 671744, 1, 0, 0
4405714, 196608, 1, 0, 0
4405964, 262144, 1, 0, 0
4406214, 838939, 1, 0, 0
4406464, 770048, 1, 0, 0
4406714, 507904, 1, 0, 0
4406964, 425984, 1, 0, 0
4407214, 131072, 1, 0, 0
4407464, 737280, 1, 0, 0
4407714, 1064960, 1, 0, 0
4407964, 425984, 1, 0, 0
4408214, 245760, 1, 0, 0
4408464, 411244, 1, 0, 0
4408714, 294912, 1, 0, 0
4408964, 311296, 1, 0, 0
4409214, 278528, 1, 0, 0
4409464, 507904, 1, 0, 0
4409714, 229376, 1, 0, 0
4409964, 163840, 1, 0, 0
4410214, 540672, 1, 0, 0
4410464, 278528, 1, 0, 0
4410714, 114688, 1, 0, 0
4410964, 296096, 1, 0, 0
4411214, 884736, 1, 0, 0
4411464, 671744, 1, 0, 0
4411714, 688128, 1, 0, 0
4411964, 704512, 1, 0, 0
4412214, 819200, 1, 0, 0
4412464, 524288, 1, 0, 0
4412714, 1081344, 1, 0, 0
4412964, 344064, 1, 0, 0
4413214, 197397, 1, 0, 0
4413464, 557056, 1, 0, 0
4413714, 294912, 1, 0, 0
4413964, 393216, 1, 0, 0
4414214, 966656, 1, 0, 0
4414464, 688128, 1, 0, 0
4414714, 475136, 1, 0, 0
4414964, 442368, 1, 0, 0
4415215, 638976, 1, 0, 0
4415464, 493493, 1, 0, 0
4415714, 360448, 1, 0, 0
4415964, 393216, 1, 0, 0
4416214, 458752, 1, 0, 0
4416464, 851968, 1, 0, 0
4416714, 950272, 1, 0, 0
4416964, 671744, 1, 0, 0
4417214, 1359872, 1, 0, 0
4417465, 1294336, 1, 0, 0
4417714, 608642, 1, 0, 0
4417964, 819200, 1, 0, 0
4418214, 737280, 1, 0, 0
4418464, 999424, 1, 0, 0
4418714, 573440, 1, 0, 0
4418964, 1261568, 1, 0, 0
4419214, 1622016, 1, 0, 0
4419464, 1294336, 1, 0, 0
4419714, 688128, 1, 0, 0
4419964, 986987, 1, 0, 0
4420214, 524288, 1, 0, 0
4420464, 1081344, 1, 0, 0
4420714, 1146880, 1, 0, 0
4420964, 655360, 1, 0, 0
4421214, 884736, 1, 0, 0
4421464, 573440, 1, 0, 0
4421714, 425984, 1, 0, 0
4421964, 851968, 1, 0, 0
4422214, 904738, 1, 0, 0
4422464, 720896, 1, 0, 0
4422714, 622592, 1, 0, 0
4422964, 425984, 1, 0, 0
4423214, 294912, 1, 0, 0
4423464, 966656, 1, 0, 0
4423714, 1114112, 1, 0, 0
4423964, 950272, 1, 0, 0
4424214, 1048576, 1, 0, 0
4424464, 114688, 1, 0, 0
4424714, 1052787, 1, 0, 0
4424964, 1622016, 1, 0, 0
4425214, 589824, 1, 0, 0
4425464, 98304, 1, 0, 0
4425714, 1392640, 1, 0, 0
4425964, 1196032, 1, 0, 0
4426214, 1310720, 1, 0, 0
4426464, 540672, 1, 0, 0
4426714, 819200, 1, 0, 0
4426964, 1036337, 1, 0, 0
4427214, 1064960, 1, 0, 0
4427464, 901120, 1, 0, 0
4427714, 1671168, 1, 0, 0
4427964, 1064960, 1, 0, 0
4428214, 1359872, 1, 0, 0
4428464, 1392640, 1, 0, 0
4428714, 770048, 1, 0, 0
4428964, 753664, 1, 0, 0
4429214, 770048, 1, 0, 0
4429464, 1102136, 1, 0, 0
4429714, 933888, 1, 0, 0
4429964, 1114112, 1, 0, 0
4430214, 802816, 1, 0, 0
4430464, 1392640, 1, 0, 0
4430714, 901120, 1, 0, 0
4430964, 1081344, 1, 0, 0
4431214, 835584, 1, 0, 0
4431464, 737280, 1, 0, 0
4431715, 327680, 1, 0, 0
4431964, 312546, 1, 0, 0
4432214, 786432, 1, 0, 0
4432464, 622592, 1, 0, 0
4432714, 901120, 1, 0, 0
4432964, 1212416, 1, 0, 0
4433214, 507904, 1, 0, 0
4433464, 409600, 1, 0, 0
4433714, 655360, 1, 0, 0
4433964, 950272, 1, 0, 0
4434214, 740240, 1, 0, 0
4434464, 770048, 1, 0, 0
4434714, 393216, 1, 0, 0
4434964, 311296, 1, 0, 0
4435214, 1097728, 1, 0, 0
4435464, 1310720, 1, 0, 0
4435714, 1048576, 1, 0, 0
4435964, 1392640, 1, 0, 0
4436214, 1703936, 1, 0, 0
4436464, 1266634, 1, 0, 0
4436714, 933888, 1, 0, 0
4436964, 1753088, 1, 0, 0
4437214, 1048576, 1, 0, 0
4437464, 966656, 1, 0, 0
4437714, 1540096, 1, 0, 0
4437964, 557056, 1, 0, 0
4438214, 1327104, 1, 0, 0
4438464, 1277952, 1, 0, 0
4438714, 1245184, 1, 0, 0
4438964, 1579180, 1, 0, 0
4439214, 1261568, 1, 0, 0
4439464, 1048576, 1, 0, 0
4439714, 1540096, 1, 0, 0
4439964, 1097728, 1, 0, 0
4440214, 557056, 1, 0, 0
4440464, 983040, 1, 0, 0
4440714, 1064960, 1, 0, 0
4440964, 1015808, 1, 0, 0
4441214, 986987, 1, 0, 0
4441464, 606208, 1, 0, 0
4441714, 737280, 1, 0, 0
4441964, 278528, 1, 0, 0
4442214, 507904, 1, 0, 0
4442464, 638976, 1, 0, 0
4442714, 409600, 1, 0, 0
4442964, 507904, 1, 0, 0
4443215, 917504, 1, 0, 0
4443464, 1250184, 1, 0, 0
4443714, 1359872, 1, 0, 0
4443964, 540672, 1, 0, 0
4444214, 688128, 1, 0, 0
4444464, 540672, 1, 0, 0
4444714, 376832, 1, 0, 0
4444964, 622592, 1, 0, 0
4445214, 509943, 1, 0, 0
4445464, 622592, 1, 0, 0
4445714, 163840, 1, 0, 0
4445964, 442368, 1, 0, 0
4446214, 311296, 1, 0, 0
4446464, 622592, 1, 0, 0
4446714, 376832, 1, 0, 0
4446964, 279646, 1, 0, 0
4447214, 557056, 1, 0, 0
4447464, 1064960, 1, 0, 0
4447714, 819200, 1, 0, 0
4447964, 393216, 1, 0, 0
4448214, 278528, 1, 0, 0
4448464, 851968, 1, 0, 0
4448714, 999424, 1, 0, 0
4448964, 868352, 1, 0, 0
4449215, 507904, 1, 0, 0
4449464, 361895, 1, 0, 0
4449714, 1327104, 1, 0, 0
4449964, 950272, 1, 0, 0
4450214, 966656, 1, 0, 0
4450464, 524288, 1, 0, 0
4450714, 786432, 1, 0, 0
4450964, 901120, 1, 0, 0
4451214, 589824, 1, 0, 0
4451464, 393216, 1, 0, 0
4451714, 622592, 1, 0, 0
4451964, 592192, 1, 0, 0
4452214, 524288, 1, 0, 0
4452464, 1196032, 1, 0, 0
4452714, 212992, 1, 0, 0
4452964, 311296, 1, 0, 0
4453214, 442368, 1, 0, 0
4453464, 835584, 1, 0, 0
4453714, 409600, 1, 0, 0
4453964, 855389, 1, 0, 0
4454214, 491520, 1, 0, 0
4454464, 688128, 1, 0, 0
4454714, 671744, 1, 0, 0
4454964, 262144, 1, 0, 0
4455214, 475136, 1, 0, 0
4455464, 442368, 1, 0, 0
4455714, 475136, 1, 0, 0
4455964, 884736, 1, 0, 0
4456214, 901120, 1, 0, 0
4456464, 444144, 1, 0, 0
4456714, 688128, 1, 0, 0
4456964, 917504, 1, 0, 0
4457214, 770048, 1, 0, 0
4457464, 1294336, 1, 0, 0
4457714, 901120, 1, 0, 0
4457964, 1212416, 1, 0, 0
4458214, 491520, 1, 0, 0
4458464, 819200, 1, 0, 0
4458715, 1212416, 1, 0, 0
4458964, 1085686, 1, 0, 0
4459214, 1228800, 1, 0, 0
4459464, 671744, 1, 0, 0
4459714, 540672, 1, 0, 0
4459964, 999424, 1, 0, 0
4460214, 1261568, 1, 0, 0
4460464, 901120, 1, 0, 0
4460714, 835584, 1, 0, 0
4460964, 671744, 1, 0, 0
4461214, 394795, 1, 0, 0
4461464, 491520, 1, 0, 0
4461714, 983040, 1, 0, 0
4461964, 835584, 1, 0, 0
4462214, 901120, 1, 0, 0
4462464, 1425408, 1, 0, 0
4462714, 884736, 1, 0, 0
4462964, 1130496, 1, 0, 0
4463214, 999424, 1, 0, 0
4463463, 641542, 1, 0, 0
4463714, 1048576, 1, 0, 0
4463964, 1196032, 1, 0, 0
4464214, 1458176, 1, 0, 0
4464464, 1851392, 1, 0, 0
4464714, 1572864, 1, 0, 0
4464964, 1179648, 1, 0, 0
4465214, 851968, 1, 0, 0
4465464, 1146880, 1, 0, 0
4465714, 606208, 1, 0, 0
4465964, 507904, 1, 0, 0
4466214, 1118586, 1, 0, 0
4466464, 933888, 1, 0, 0
4466714, 950272, 1, 0, 0
4466964, 851968, 1, 0, 0
4467214, 737280, 1, 0, 0
4467464, 442368, 1, 0, 0
4467714, 1097728, 1, 0, 0
4467964, 1212416, 1, 0, 0
4468214, 212992, 1, 0, 0
4468464, 1102136, 1, 0, 0
4468714, 1228800, 1, 0, 0
4468964, 933888, 1, 0, 0
4469214, 557056, 1, 0, 0
4469464, 524288, 1, 0, 0
4469714, 409600, 1, 0, 0
4469964, 1032192, 1, 0, 0
4470214, 704512, 1, 0, 0
4470464, 1015808, 1, 0, 0
4470714, 983040, 1, 0, 0
4470964, 1003437, 1, 0, 0
4471214, 638976, 1, 0, 0
4471464, 360448, 1, 0, 0
4471714, 507904, 1, 0, 0
4471964, 950272, 1, 0, 0
4472214, 606208, 1, 0, 0
4472464, 638976, 1, 0, 0
4472714, 720896, 1, 0, 0
4472964, 737280, 1, 0, 0
4473213, 855389, 1, 0, 0
4473464, 1802240, 1, 0, 0
4473714, 884736, 1, 0, 0
4473964, 1605632, 1, 0, 0
4474214, 1081344, 1, 0, 0
4474464, 983040, 1, 0, 0
4474714, 983040, 1, 0, 0
4474964, 1130496, 1, 0, 0
4475214, 1409024, 1, 0, 0
4475465, 1261568, 1, 0, 0
4475714, 954088, 1, 0, 0
4475964, 81920, 1, 0, 0
4476214, 655360, 1, 0, 0
4476464, 737280, 1, 0, 0
4476714, 589824, 1, 0, 0
4476964, 491520, 1, 0, 0
4477214, 688128, 1, 0, 0
4477464, 409600, 1, 0, 0
4477715, 884736, 1, 0, 0
4477964, 575742, 1, 0, 0
4478214, 933888, 1, 0, 0
4478464, 622592, 1, 0, 0
4478714, 770048, 1, 0, 0
4478964, 917504, 1, 0, 0
4479214, 753664, 1, 0, 0
4479464, 589824, 1, 0, 0
4479714, 704512, 1, 0, 0
4479964, 802816, 1, 0, 0
4480214, 1480481, 1, 0, 0
4480464, 933888, 1, 0, 0
4480714, 1196032, 1, 0, 0
4480964, 737280, 1, 0, 0
4481214, 983040, 1, 0, 0
4481464, 950272, 1, 0, 0
4481714, 884736, 1, 0, 0
4481964, 1081344, 1, 0, 0
4482214, 786432, 1, 0, 0
4482464, 540672, 1, 0, 0
4482714, 657991, 1, 0, 0
4482964, 851968, 1, 0, 0
4483214, 557056, 1, 0, 0
4483464, 753664, 1, 0, 0
4483714, 557056, 1, 0, 0
4483964, 507904, 1, 0, 0
4484214, 819200, 1, 0, 0
4484464, 1245184, 1, 0, 0
4484714, 491520, 1, 0, 0
4484964, 737280, 1, 0, 0
4485214, 806040, 1, 0, 0
4485464, 491520, 1, 0, 0
4485714, 606208, 1, 0, 0
4485964, 557056, 1, 0, 0
4486214, 311296, 1, 0, 0
4486464, 507904, 1, 0, 0
4486714, 229376, 1, 0, 0
4486964, 425984, 1, 0, 0
4487214, 212992, 1, 0, 0
4487464, 296096, 1, 0, 0
4487714, 212992, 1, 0, 0
4487964, 393216, 1, 0, 0
4488214, 98304, 1, 0, 0
4488464, 311296, 1, 0, 0
4488714, 835584, 1, 0, 0
4488964, 589824, 1, 0, 0
4489214, 753664, 1, 0, 0
4489464, 622592, 1, 0, 0
4489715, 638976, 1, 0, 0
4489964, 213847, 1, 0, 0
4490214, 589824, 1, 0, 0
4490464, 458752, 1, 0, 0
4490714, 376832, 1, 0, 0
4490964, 163840, 1, 0, 0
4491214, 409600, 1, 0, 0
4491464, 622592, 1, 0, 0
4491714, 802816, 1, 0, 0
4491964, 753664, 1, 0, 0
4492215, 1064960, 1, 0, 0
4492464, 904738, 1, 0, 0
4492714, 851968, 1, 0, 0
4492964, 655360, 1, 0, 0
4493214, 835584, 1, 0, 0
4493464, 262144, 1, 0, 0
4493714, 212992, 1, 0, 0
4493964, 737280, 1, 0, 0
4494214, 491520, 1, 0, 0
4494464, 806040, 1, 0, 0
4494714, 491520, 1, 0, 0
4494964, 770048, 1, 0, 0
4495214, 507904, 1, 0, 0
4495464, 933888, 1, 0, 0
4495714, 1130496, 1, 0, 0
4495964, 1228800, 1, 0, 0
4496214, 1146880, 1, 0, 0
4496464, 575742, 1, 0, 0
4496714, 278528, 1, 0, 0
4496964, 770048, 1, 0, 0
4497214, 573440, 1, 0, 0
4497464, 458752, 1, 0, 0
4497714, 507904, 1, 0, 0
4497964, 1212416, 1, 0, 0
4498214, 786432, 1, 0, 0
4498464, 868352, 1, 0, 0
4498714, 917504, 1, 0, 0
4498964, 707341, 1, 0, 0
4499214, 720896, 1, 0, 0
4499464, 770048, 1, 0, 0
4499714, 1474560, 1, 0, 0
4499964, 409600, 1, 0, 0
4500214, 1245184, 1, 0, 0
4500464, 1114112, 1, 0, 0
4500714, 1261568, 1, 0, 0
4500964, 1114112, 1, 0, 0
4501215, 835584, 1, 0, 0
4501464, 1052787, 1, 0, 0
4501714, 1032192, 1, 0, 0
4501964, 1245184, 1, 0, 0
4502214, 1163264, 1, 0, 0
4502464, 1589248, 1, 0, 0
4502714, 1261568, 1, 0, 0
4502964, 868352, 1, 0, 0
4503214, 1245184, 1, 0, 0
4503464, 641542, 1, 0, 0
4503714, 1130496, 1, 0, 0
4503964, 966656, 1, 0, 0
4504214, 1474560, 1, 0, 0
4504464, 901120, 1, 0, 0
4504714, 442368, 1, 0, 0
4504964, 884736, 1, 0, 0
4505214, 1163264, 1, 0, 0
4505464, 1196032, 1, 0, 0
4505714, 983040, 1, 0, 0
4505964, 786432, 1, 0, 0
4506214, 954088, 1, 0, 0
4506464, 1097728, 1, 0, 0
4506714, 1064960, 1, 0, 0
4506964, 1114112, 1, 0, 0
4507214, 720896, 1, 0, 0
4507464, 917504, 1, 0, 0
4507714, 802816, 1, 0, 0
4507964, 393216, 1, 0, 0
4508214, 901120, 1, 0, 0
4508464, 789590, 1, 0, 0
4508714, 933888, 1, 0, 0
4508964, 507904, 1, 0, 0
4509214, 753664, 1, 0, 0
4509464, 606208, 1, 0, 0
4509714, 278528, 1, 0, 0
4509964, 409600, 1, 0, 0
4510214, 802816, 1, 0, 0
4510464, 802816, 1, 0, 0
4510714, 394795, 1, 0, 0
4510964, 606208, 1, 0, 0
4511214, 1163264, 1, 0, 0
4511464, 1048576, 1, 0, 0
4511714, 1261568, 1, 0, 0
4511964, 507904, 1, 0, 0
4512214, 622592, 1, 0, 0
4512464, 1130496, 1, 0, 0
4512714, 704512, 1, 0, 0
4512964, 786432, 1, 0, 0
4513214, 904738, 1, 0, 0
4513464, 557056, 1, 0, 0
4513714, 704512, 1, 0, 0
4513964, 557056, 1, 0, 0
4514214, 655360, 1, 0, 0
4514464, 311296, 1, 0, 0
4514714, 770048, 1, 0, 0
4514964, 589824, 1, 0, 0
4515214, 524288, 1, 0, 0
4515464, 690891, 1, 0, 0
4515714, 622592, 1, 0, 0
4515964, 573440, 1, 0, 0
4516214, 294912, 1, 0, 0
4516464, 327680, 1, 0, 0
4516714, 491520, 1, 0, 0
4516964, 966656, 1, 0, 0
4517214, 573440, 1, 0, 0
4517464, 851968, 1, 0, 0
4517714, 540672, 1, 0, 0
4517964, 822489, 1, 0, 0
4518214, 819200, 1, 0, 0
4518464, 704512, 1, 0, 0
4518714, 1179648, 1, 0, 0
4518964, 1245184, 1, 0, 0
4519214, 1540096, 1, 0, 0
4519464, 1015808, 1, 0, 0
4519714, 1343488, 1, 0, 0
4519964, 540672, 1, 0, 0
4520214, 954088, 1, 0, 0
4520464, 1015808, 1, 0, 0
4520714, 557056, 1, 0, 0
4520964, 770048, 1, 0, 0
4521214, 753664, 1, 0, 0
4521464, 1163264, 1, 0, 0
4521714, 999424, 1, 0, 0
4521964, 1048576, 1, 0, 0
4522214, 1196032, 1, 0, 0
4522464, 1572864, 1, 0, 0
4522714, 904738, 1, 0, 0
4522964, 573440, 1, 0, 0
4523214, 966656, 1, 0, 0
4523464, 1114112, 1, 0, 0
4523714, 901120, 1, 0, 0
4523964, 491520, 1, 0, 0
4524214, 1441792, 1, 0, 0
4524464, 884736, 1, 0, 0
4524714, 983040, 1, 0, 0
4524964, 1032192, 1, 0, 0
4525214, 970538, 1, 0, 0
4525464, 999424, 1, 0, 0
4525714, 851968, 1, 0, 0
4525964, 1212416, 1, 0, 0
4526214, 1196032, 1, 0, 0
4526464, 999424, 1, 0, 0
4526714, 917504, 1, 0, 0
4526964, 933888, 1, 0, 0
4527214, 688128, 1, 0, 0
4527464, 999424, 1, 0, 0
4527714, 1480481, 1, 0, 0
4527964, 884736, 1, 0, 0
4528214, 475136, 1, 0, 0
4528464, 1228800, 1, 0, 0
4528714, 1638400, 1, 0, 0
4528964, 212992, 1, 0, 0
4529214, 557056, 1, 0, 0
4529464, 671744, 1, 0, 0
4529714, 819200, 1, 0, 0
4529964, 1036337, 1, 0, 0
4530214, 819200, 1, 0, 0
4530464, 851968, 1, 0, 0
4530714, 1163264, 1, 0, 0
4530964, 933888, 1, 0, 0
4531214, 573440, 1, 0, 0
4531464, 786432, 1, 0, 0
4531714, 737280, 1, 0, 0
4531964, 999424, 1, 0, 0
4532214, 868352, 1, 0, 0
4532464, 838939, 1, 0, 0
4532714, 409600, 1, 0, 0
4532964, 475136, 1, 0, 0
4533214, 786432, 1, 0, 0
4533464, 933888, 1, 0, 0
4533714, 1196032, 1, 0, 0
4533964, 1097728, 1, 0, 0
4534214, 868352, 1, 0, 0
4534464, 1036337, 1, 0, 0
4534714, 1015808, 1, 0, 0
4534964, 1048576, 1, 0, 0
4535214, 376832, 1, 0, 0
4535464, 622592, 1, 0, 0
4535714, 327680, 1, 0, 0
4535964, 819200, 1, 0, 0
4536214, 294912, 1, 0, 0
4536464, 622592, 1, 0, 0
4536714, 723791, 1, 0, 0
4536964, 786432, 1, 0, 0
4537214, 819200, 1, 0, 0
4537464, 720896, 1, 0, 0
4537714, 802816, 1, 0, 0
4537964, 524288, 1, 0, 0
4538214, 1081344, 1, 0, 0
4538464, 526393, 1, 0, 0
4538714, 868352, 1, 0, 0
4538964, 1228800, 1, 0, 0
4539214, 1196032, 1, 0, 0
4539464, 753664, 1, 0, 0
4539714, 737280, 1, 0, 0
4539964, 1622016, 1, 0, 0
4540214, 1114112, 1, 0, 0
4540464, 1474560, 1, 0, 0
4540714, 770048, 1, 0, 0
4540964, 806040, 1, 0, 0
4541214, 1163264, 1, 0, 0
4541464, 1064960, 1, 0, 0
4541714, 1081344, 1, 0, 0
4541964, 1703936, 1, 0, 0
4542214, 655360, 1, 0, 0
4542464, 507904, 1, 0, 0
4542714, 753664, 1, 0, 0
4542964, 589824, 1, 0, 0
4543214, 542843, 1, 0, 0
4543464, 671744, 1, 0, 0
4543714, 999424, 1, 0, 0
4543964, 1245184, 1, 0, 0
4544214, 1097728, 1, 0, 0
4544464, 393216, 1, 0, 0
4544714, 589824, 1, 0, 0
4544964, 802816, 1, 0, 0
4545214, 851968, 1, 0, 0
4545464, 1392640, 1, 0, 0
4545714, 1464032, 1, 0, 0
4545964, 999424, 1, 0, 0
4546214, 1851392, 1, 0, 0
4546464, 1277952, 1, 0, 0
4546714, 868352, 1, 0, 0
4546964, 1376256, 1, 0, 0
4547214, 753664, 1, 0, 0
4547464, 1605632, 1, 0, 0
4547714, 1802240, 1, 0, 0
4547964, 1283084, 1, 0, 0
4548214, 737280, 1, 0, 0
4548464, 901120, 1, 0, 0
4548714, 442368, 1, 0, 0
4548964, 1310720, 1, 0, 0
4549214, 851968, 1, 0, 0
4549464, 1032192, 1, 0, 0
4549714, 1523712, 1, 0, 0
4549964, 1032192, 1, 0, 0
4550214, 1069236, 1, 0, 0
4550464, 557056, 1, 0, 0
4550714, 425984, 1, 0, 0
4550964, 720896, 1, 0, 0
4551214, 770048, 1, 0, 0
4551464, 983040, 1, 0, 0
4551714, 901120, 1, 0, 0
4551964, 1097728, 1, 0, 0
4552214, 933888, 1, 0, 0
4552464, 1529831, 1, 0, 0
4552714, 1310720, 1, 0, 0
4552964, 1228800, 1, 0, 0
4553214, 1523712, 1, 0, 0
4553464, 1425408, 1, 0, 0
4553714, 1409024, 1, 0, 0
4553964, 1720320, 1, 0, 0
4554214, 983040, 1, 0, 0
4554464, 1212416, 1, 0, 0
4554714, 966656, 1, 0, 0
4554964, 789590, 1, 0, 0
4555214, 1146880, 1, 0, 0
4555464, 704512, 1, 0, 0
4555714, 442368, 1, 0, 0
4555964, 1540096, 1, 0, 0
4556214, 950272, 1, 0, 0
4556464, 901120, 1, 0, 0
4556714, 966656, 1, 0, 0
4556964, 1081344, 1, 0, 0
4557214, 606208, 1, 0, 0
4557464, 888289, 1, 0, 0
4557714, 1212416, 1, 0, 0
4557964, 606208, 1, 0, 0
4558214, 294912, 1, 0, 0
4558464, 753664, 1, 0, 0
4558714, 835584, 1, 0, 0
4558964, 1015808, 1, 0, 0
4559214, 753664, 1, 0, 0
4559464, 1703936, 1, 0, 0
4559714, 1151485, 1, 0, 0
4559964, 950272, 1, 0, 0
4560214, 1228800, 1, 0, 0
4560464, 1212416, 1, 0, 0
4560714, 770048, 1, 0, 0
4560964, 1228800, 1, 0, 0
4561214, 1015808, 1, 0, 0
4561464, 1490944, 1, 0, 0
4561714, 999424, 1, 0, 0
4561964, 1102136, 1, 0, 0
4562214, 589824, 1, 0, 0
4562464, 1310720, 1, 0, 0
4562714, 884736, 1, 0, 0
4562964, 671744, 1, 0, 0
4563214, 688128, 1, 0, 0
4563464, 868352, 1, 0, 0
4563714, 638976, 1, 0, 0
4563964, 1277952, 1, 0, 0
4564214, 1359872, 1, 0, 0
4564464, 888289, 1, 0, 0
4564714, 1179648, 1, 0, 0
4564964, 1097728, 1, 0, 0
4565214, 1064960, 1, 0, 0
4565464, 589824, 1, 0, 0
4565714, 786432, 1, 0, 0
4565964, 1081344, 1, 0, 0
4566214, 589824, 1, 0, 0
4566464, 835584, 1, 0, 0
4566714, 888289, 1, 0, 0
4566964, 393216, 1, 0, 0
4567214, 524288, 1, 0, 0
4567464, 557056, 1, 0, 0
4567714, 638976, 1, 0, 0
4567964, 835584, 1, 0, 0
4568214, 983040, 1, 0, 0
4568464, 1015808, 1, 0, 0
4568714, 1015808, 1, 0, 0
4568964, 1097728, 1, 0, 0
4569214, 1003437, 1, 0, 0
4569464, 933888, 1, 0, 0
4569714, 1146880, 1, 0, 0
4569964, 753664, 1, 0, 0
4570214, 524288, 1, 0, 0
4570464, 950272, 1, 0, 0
4570714, 704512, 1, 0, 0
4570964, 966656, 1, 0, 0
4571214, 884736, 1, 0, 0
4571464, 213847, 1, 0, 0
4571714, 851968, 1, 0, 0
4571964, 770048, 1, 0, 0
4572214, 344064, 1, 0, 0
4572464, 540672, 1, 0, 0
4572714, 720896, 1, 0, 0
4572964, 344064, 1, 0, 0
4573214, 409600, 1, 0, 0
4573464, 507904, 1, 0, 0
4573714, 294912, 1, 0, 0
4573964, 740240, 1, 0, 0
4574214, 720896, 1, 0, 0
4574464, 622592, 1, 0, 0
4574714, 393216, 1, 0, 0
4574964, 442368, 1, 0, 0
4575214, 540672, 1, 0, 0
4575464, 884736, 1, 0, 0
4575714, 1081344, 1, 0, 0
4575964, 983040, 1, 0, 0
4576214, 999424, 1, 0, 0
4576464, 888289, 1, 0, 0
4576714, 704512, 1, 0, 0
4576964, 933888, 1, 0, 0
4577214, 933888, 1, 0, 0
4577464, 425984, 1, 0, 0
4577714, 1114112, 1, 0, 0
4577964, 1130496, 1, 0, 0
4578214, 425984, 1, 0, 0
4578464, 671744, 1, 0, 0
4578714, 409600, 1, 0, 0
4578964, 855389, 1, 0, 0
4579214, 671744, 1, 0, 0
4579464, 557056, 1, 0, 0
4579714, 491520, 1, 0, 0
4579964, 704512, 1, 0, 0
4580214, 622592, 1, 0, 0
4580464, 425984, 1, 0, 0
4580714, 409600, 1, 0, 0
4580964, 212992, 1, 0, 0
4581215, 212992, 1, 0, 0
4581464, 921188, 1, 0, 0
4581714, 1081344, 1, 0, 0
4581964, 1425408, 1, 0, 0
4582214, 753664, 1, 0, 0
4582464, 606208, 1, 0, 0
4582714, 786432, 1, 0, 0
4582964, 622592, 1, 0, 0
4583214, 786432, 1, 0, 0
4583465, 393216, 1, 0, 0
4583714, 296096, 1, 0, 0
4583964, 606208, 1, 0, 0
4584214, 344064, 1, 0, 0
4584464, 1048576, 1, 0, 0
4584714, 491520, 1, 0, 0
4584964, 704512, 1, 0, 0
4585214, 917504, 1, 0, 0
4585464, 688128, 1, 0, 0
4585714, 720896, 1, 0, 0
4585964, 1283084, 1, 0, 0
4586214, 557056, 1, 0, 0
4586464, 507904, 1, 0, 0
4586714, 950272, 1, 0, 0
4586964, 524288, 1, 0, 0
4587214, 491520, 1, 0, 0
4587464, 606208, 1, 0, 0
4587714, 245760, 1, 0, 0
4587964, 720896, 1, 0, 0
4588215, 311296, 1, 0, 0
4588464, 296096, 1, 0, 0
4588714, 819200, 1, 0, 0
4588964, 770048, 1, 0, 0
4589214, 196608, 1, 0, 0
4589464, 278528, 1, 0, 0
4589714, 425984, 1, 0, 0
4589964, 688128, 1, 0, 0
4590214, 704512, 1, 0, 0
4590464, 835584, 1, 0, 0
4590714, 690891, 1, 0, 0
4590964, 360448, 1, 0, 0
4591214, 1130496, 1, 0, 0
4591464, 425984, 1, 0, 0
4591714, 835584, 1, 0, 0
4591964, 393216, 1, 0, 0
4592214, 507904, 1, 0, 0
4592464, 737280, 1, 0, 0
4592714, 901120, 1, 0, 0
4592964, 542843, 1, 0, 0
4593214, 376832, 1, 0, 0
4593464, 1032192, 1, 0, 0
4593714, 786432, 1, 0, 0
4593964, 655360, 1, 0, 0
4594214, 540672, 1, 0, 0
4594464, 1064960, 1, 0, 0
4594714, 901120, 1, 0, 0
4594964, 409600, 1, 0, 0
4595214, 409600, 1, 0, 0
4595464, 542843, 1, 0, 0
4595714, 917504, 1, 0, 0
4595964, 1048576, 1, 0, 0
4596214, 933888, 1, 0, 0
4596464, 999424, 1, 0, 0
4596714, 622592, 1, 0, 0
4596964, 589824, 1, 0, 0
4597214, 1671168, 1, 0, 0
4597464, 1212416, 1, 0, 0
4597714, 477044, 1, 0, 0
4597964, 983040, 1, 0, 0
4598214, 1228800, 1, 0, 0
4598464, 770048, 1, 0, 0
4598714, 1425408, 1, 0, 0
4598964, 1146880, 1, 0, 0
4599214, 966656, 1, 0, 0
4599464, 1376256, 1, 0, 0
4599714, 802816, 1, 0, 0
4599964, 737280, 1, 0, 0
4600214, 1019887, 1, 0, 0
4600464, 1294336, 1, 0, 0
4600714, 917504, 1, 0, 0
4600964, 442368, 1, 0, 0
4601214, 671744, 1, 0, 0
4601464, 1097728, 1, 0, 0
4601714, 851968, 1, 0, 0
4601964, 606208, 1, 0, 0
4602214, 1081344, 1, 0, 0
4602464, 1184385, 1, 0, 0
4602714, 933888, 1, 0, 0
4602964, 524288, 1, 0, 0
4603214, 868352, 1, 0, 0
4603464, 786432, 1, 0, 0
4603714, 753664, 1, 0, 0
4603964, 868352, 1, 0, 0
4604214, 622592, 1, 0, 0
4604464, 589824, 1, 0, 0
4604714, 655360, 1, 0, 0
4604964, 460594, 1, 0, 0
4605214, 950272, 1, 0, 0
4605464, 835584, 1, 0, 0
4605714, 622592, 1, 0, 0
4605964, 851968, 1, 0, 0
4606214, 933888, 1, 0, 0
4606464, 786432, 1, 0, 0
4606714, 737280, 1, 0, 0
4606964, 1048576, 1, 0, 0
4607214, 822489, 1, 0, 0
4607464, 1196032, 1, 0, 0
4607714, 606208, 1, 0, 0
4607964, 1376256, 1, 0, 0
4608214, 622592, 1, 0, 0
4608464, 1277952, 1, 0, 0
4608714, 1392640, 1, 0, 0
4608964, 524288, 1, 0, 0
4609214, 868352, 1, 0, 0
4609464, 1069236, 1, 0, 0
4609714, 868352, 1, 0, 0
4609964, 540672, 1, 0, 0
4610214, 1048576, 1, 0, 0
4610464, 1179648, 1, 0, 0
4610714, 606208, 1, 0, 0
4610964, 638976, 1, 0, 0
4611214, 1294336, 1, 0, 0
4611464, 1064960, 1, 0, 0
4611714, 933888, 1, 0, 0
4611964, 460594, 1, 0, 0
4612214, 966656, 1, 0, 0
4612464, 901120, 1, 0, 0
4612714, 868352, 1, 0, 0
4612964, 622592, 1, 0, 0
4613214, 1179648, 1, 0, 0
4613464, 1212416, 1, 0, 0
4613714, 1441792, 1, 0, 0
4613964, 1343488, 1, 0, 0
4614215, 1048576, 1, 0, 0
4614464, 1036337, 1, 0, 0
4614714, 1146880, 1, 0, 0
4614964, 1359872, 1, 0, 0
4615214, 1474560, 1, 0, 0
4615464, 327680, 1, 0, 0
4615714, 851968, 1, 0, 0
4615964, 1048576, 1, 0, 0
4616214, 638976, 1, 0, 0
4616464, 475136, 1, 0, 0
4616714, 917504, 1, 0, 0
4616964, 970538, 1, 0, 0
4617214, 884736, 1, 0, 0
4617464, 770048, 1, 0, 0
4617714, 622592, 1, 0, 0
4617964, 1130496, 1, 0, 0
4618214, 868352, 1, 0, 0
4618464, 720896, 1, 0, 0
4618714, 1085686, 1, 0, 0
4618964, 311296, 1, 0, 0
4619214, 1130496, 1, 0, 0
4619464, 851968, 1, 0, 0
4619714, 688128, 1, 0, 0
4619964, 819200, 1, 0, 0
4620214, 1015808, 1, 0, 0
4620464, 835584, 1, 0, 0
4620714, 888289, 1, 0, 0
4620964, 573440, 1, 0, 0
4621214, 409600, 1, 0, 0
4621464, 933888, 1, 0, 0
4621714, 655360, 1, 0, 0
4621964, 802816, 1, 0, 0
4622214, 770048, 1, 0, 0
4622464, 786432, 1, 0, 0
4622714, 1015808, 1, 0, 0
4622964, 933888, 1, 0, 0
4623214, 442368, 1, 0, 0
4623464, 921188, 1, 0, 0
4623714, 1032192, 1, 0, 0
4623964, 1294336, 1, 0, 0
4624214, 966656, 1, 0, 0
4624464, 737280, 1, 0, 0
4624714, 1015808, 1, 0, 0
4624964, 950272, 1, 0, 0
4625214, 737280, 1, 0, 0
4625464, 819200, 1, 0, 0
4625714, 592192, 1, 0, 0
4625964, 1228800, 1, 0, 0
4626214, 1294336, 1, 0, 0
4626464, 999424, 1, 0, 0
4626714, 458752, 1, 0, 0
4626964, 737280, 1, 0, 0
4627214, 933888, 1, 0, 0
4627464, 1179648, 1, 0, 0
4627714, 1114112, 1, 0, 0
4627965, 704512, 1, 0, 0
4628214, 1069236, 1, 0, 0
4628464, 507904, 1, 0, 0
4628714, 360448, 1, 0, 0
4628964, 1163264, 1, 0, 0
4629214, 1196032, 1, 0, 0
4629464, 1179648, 1, 0, 0
4629714, 1179648, 1, 0, 0
4629964, 524288, 1, 0, 0
4630214, 509943, 1, 0, 0
4630464, 688128, 1, 0, 0
4630714, 868352, 1, 0, 0
4630964, 1032192, 1, 0, 0
4631214, 901120, 1, 0, 0
4631464, 1015808, 1, 0, 0
4631714, 999424, 1, 0, 0
4631964, 720896, 1, 0, 0
4632214, 475136, 1, 0, 0
4632464, 884736, 1, 0, 0
4632714, 674441, 1, 0, 0
4632964, 1277952, 1, 0, 0
4633214, 294912, 1, 0, 0
4633464, 720896, 1, 0, 0
4633714, 966656, 1, 0, 0
4633964, 1032192, 1, 0, 0
4634214, 753664, 1, 0, 0
4634464, 606208, 1, 0, 0
4634714, 507904, 1, 0, 0
4634964, 657991, 1, 0, 0
4635214, 802816, 1, 0, 0
4635464, 606208, 1, 0, 0
4635714, 196608, 1, 0, 0
4635964, 1245184, 1, 0, 0
4636214, 1130496, 1, 0, 0
4636464, 884736, 1, 0, 0
4636714, 491520, 1, 0, 0
4636964, 704512, 1, 0, 0
4637215, 557056, 1, 0, 0
4637464, 1414682, 1, 0, 0
4637714, 901120, 1, 0, 0
4637964, 999424, 1, 0, 0
4638214, 589824, 1, 0, 0
4638464, 442368, 1, 0, 0
4638714, 688128, 1, 0, 0
4638964, 344064, 1, 0, 0
4639214, 1048576, 1, 0, 0
4639464, 1032192, 1, 0, 0
4639714, 888289, 1, 0, 0
4639964, 311296, 1, 0, 0
4640214, 786432, 1, 0, 0
4640464, 1179648, 1, 0, 0
4640714, 573440, 1, 0, 0
4640964, 917504, 1, 0, 0
4641214, 1900544, 1, 0, 0
4641464, 1835008, 1, 0, 0
4641714, 770048, 1, 0, 0
4641964, 1114112, 1, 0, 0
4642214, 986987, 1, 0, 0
4642464, 1228800, 1, 0, 0
4642714, 1015808, 1, 0, 0
4642964, 884736, 1, 0, 0
4643214, 180224, 1, 0, 0
4643464, 606208, 1, 0, 0
4643714, 1376256, 1, 0, 0
4643964, 950272, 1, 0, 0
4644214, 1343488, 1, 0, 0
4644464, 1003437, 1, 0, 0
4644714, 901120, 1, 0, 0
4644964, 884736, 1, 0, 0
4645214, 753664, 1, 0, 0
4645464, 1196032, 1, 0, 0
4645714, 917504, 1, 0, 0
4645964, 933888, 1, 0, 0
4646214, 1474560, 1, 0, 0
4646464, 1327104, 1, 0, 0
4646714, 655360, 1, 0, 0
4646964, 950272, 1, 0, 0
4647214, 707341, 1, 0, 0
4647464, 802816, 1, 0, 0
4647714, 819200, 1, 0, 0
4647964, 458752, 1, 0, 0
4648214, 983040, 1, 0, 0
4648464, 573440, 1, 0, 0
4648714, 114688, 1, 0, 0
4648964, 1048576, 1, 0, 0
4649214, 806040, 1, 0, 0
4649464, 1572864, 1, 0, 0
4649714, 983040, 1, 0, 0
4649964, 212992, 1, 0, 0
4650214, 983040, 1, 0, 0
4650464, 655360, 1, 0, 0
4650714, 606208, 1, 0, 0
4650964, 819200, 1, 0, 0
4651214, 589824, 1, 0, 0
4651464, 983040, 1, 0, 0
4651714, 970538, 1, 0, 0
4651964, 425984, 1, 0, 0
4652214, 1196032, 1, 0, 0
4652464, 950272, 1, 0, 0
4652714, 557056, 1, 0, 0
4652964, 491520, 1, 0, 0
4653214, 262144, 1, 0, 0
4653464, 1081344, 1, 0, 0
4653714, 393216, 1, 0, 0
4653964, 822489, 1, 0, 0
4654214, 1114112, 1, 0, 0
4654464, 1294336, 1, 0, 0
4654714, 507904, 1, 0, 0
4654964, 917504, 1, 0, 0
4655214, 1130496, 1, 0, 0
4655464, 802816, 1, 0, 0
4655714, 819200, 1, 0, 0
4655964, 901120, 1, 0, 0
4656214, 1343488, 1, 0, 0
4656464, 1398232, 1, 0, 0
4656714, 524288, 1, 0, 0
4656964, 425984, 1, 0, 0
4657214, 917504, 1, 0, 0
4657464, 802816, 1, 0, 0
4657714, 688128, 1, 0, 0
4657964, 540672, 1, 0, 0
4658214, 589824, 1, 0, 0
4658464, 770048, 1, 0, 0
4658714, 213847, 1, 0, 0
4658964, 966656, 1, 0, 0
4659214, 770048, 1, 0, 0
4659464, 802816, 1, 0, 0
4659714, 360448, 1, 0, 0
4659964, 671744, 1, 0, 0
4660214, 442368, 1, 0, 0
4660464, 1179648, 1, 0, 0
4660714, 638976, 1, 0, 0
4660964, 851968, 1, 0, 0
4661215, 1196032, 1, 0, 0
4661464, 1365333, 1, 0, 0
4661714, 1097728, 1, 0, 0
4661964, 917504, 1, 0, 0
4662214, 1146880, 1, 0, 0
4662464, 1589248, 1, 0, 0
4662714, 540672, 1, 0, 0
4662964, 1097728, 1, 0, 0
4663214, 1671168, 1, 0, 0
4663464, 1261568, 1, 0, 0
4663714, 1003437, 1, 0, 0
4663964, 360448, 1, 0, 0
4664214, 606208, 1, 0, 0
4664464, 622592, 1, 0, 0
4664714, 999424, 1, 0, 0
4664964, 917504, 1, 0, 0
4665214, 720896, 1, 0, 0
4665464, 1048576, 1, 0, 0
4665714, 966656, 1, 0, 0
4665964, 786432, 1, 0, 0
4666214, 806040, 1, 0, 0
4666464, 851968, 1, 0, 0
4666714, 671744, 1, 0, 0
4666964, 884736, 1, 0, 0
4667214, 491520, 1, 0, 0
4667464, 606208, 1, 0, 0
4667714, 966656, 1, 0, 0
4667964, 753664, 1, 0, 0
4668214, 704512, 1, 0, 0
4668464, 625092, 1, 0, 0
4668714, 114688, 1, 0, 0
4668964, 393216, 1, 0, 0
4669214, 802816, 1, 0, 0
4669464, 884736, 1, 0, 0
4669714, 311296, 1, 0, 0
4669964, 1146880, 1, 0, 0
4670214, 720896, 1, 0, 0
4670464, 851968, 1, 0, 0
4670714, 592192, 1, 0, 0
4670964, 720896, 1, 0, 0
4671214, 1048576, 1, 0, 0
4671464, 671744, 1, 0, 0
4671714, 589824, 1, 0, 0
4671964, 557056, 1, 0, 0
4672214, 1736704, 1, 0, 0
4672464, 540672, 1, 0, 0
4672714, 475136, 1, 0, 0
4672964, 311296, 1, 0, 0
4673214, 477044, 1, 0, 0
4673464, 884736, 1, 0, 0
4673714, 294912, 1, 0, 0
4673964, 638976, 1, 0, 0
4674214, 917504, 1, 0, 0
4674464, 147456, 1, 0, 0
4674714, 999424, 1, 0, 0
4674964, 638976, 1, 0, 0
4675214, 688128, 1, 0, 0
4675464, 838939, 1, 0, 0
4675714, 704512, 1, 0, 0
4675964, 622592, 1, 0, 0
4676214, 1327104, 1, 0, 0
4676464, 1310720, 1, 0, 0
4676714, 770048, 1, 0, 0
4676964, 671744, 1, 0, 0
4677214, 1064960, 1, 0, 0
4677464, 1032192, 1, 0, 0
4677715, 1146880, 1, 0, 0
4677964, 1233734, 1, 0, 0
4678214, 1359872, 1, 0, 0
4678464, 770048, 1, 0, 0
4678714, 933888, 1, 0, 0
4678964, 950272, 1, 0, 0
4679214, 950272, 1, 0, 0
4679464, 720896, 1, 0, 0
4679714, 507904, 1, 0, 0
4679964, 1228800, 1, 0, 0
4680214, 1299534, 1, 0, 0
4680464, 933888, 1, 0, 0
4680714, 770048, 1, 0, 0
4680964, 638976, 1, 0, 0
4681214, 884736, 1, 0, 0
4681464, 1015808, 1, 0, 0
4681714, 999424, 1, 0, 0
4681964, 789590, 1, 0, 0
4682214, 1376256, 1, 0, 0
4682464, 884736, 1, 0, 0
4682714, 622592, 1, 0, 0
4682964, 737280, 1, 0, 0
4683214, 868352, 1, 0, 0
4683464, 704512, 1, 0, 0
4683714, 540672, 1, 0, 0
4683964, 1048576, 1, 0, 0
4684214, 622592, 1, 0, 0
4684464, 1299534, 1, 0, 0
4684714, 835584, 1, 0, 0
4684964, 770048, 1, 0, 0
4685214, 786432, 1, 0, 0
4685464, 1130496, 1, 0, 0
4685714, 950272, 1, 0, 0
4685964, 557056, 1, 0, 0
4686214, 344064, 1, 0, 0
4686464, 294912, 1, 0, 0
4686714, 311296, 1, 0, 0
4686964, 460594, 1, 0, 0
4687214, 1212416, 1, 0, 0
4687464, 638976, 1, 0, 0
4687714, 720896, 1, 0, 0
4687964, 851968, 1, 0, 0
4688214, 606208, 1, 0, 0
4688464, 638976, 1, 0, 0
4688714, 802816, 1, 0, 0
4688964, 524288, 1, 0, 0
4689215, 442368, 1, 0, 0
4689464, 690891, 1, 0, 0
4689714, 311296, 1, 0, 0
4689964, 540672, 1, 0, 0
4690214, 1327104, 1, 0, 0
4690464, 966656, 1, 0, 0
4690714, 835584, 1, 0, 0
4690964, 1343488, 1, 0, 0
4691214, 933888, 1, 0, 0
4691464, 1310720, 1, 0, 0
4691714, 1003437, 1, 0, 0
4691964, 983040, 1, 0, 0
4692214, 753664, 1, 0, 0
4692464, 1327104, 1, 0, 0
4692714, 1130496, 1, 0, 0
4692964, 884736, 1, 0, 0
4693214, 1654784, 1, 0, 0
4693464, 1638400, 1, 0, 0
4693714, 950272, 1, 0, 0
4693964, 773140, 1, 0, 0
4694214, 720896, 1, 0, 0
4694464, 622592, 1, 0, 0
4694714, 442368, 1, 0, 0
4694964, 1114112, 1, 0, 0
4695214, 1343488, 1, 0, 0
4695464, 819200, 1, 0, 0
4695714, 655360, 1, 0, 0
4695964, 458752, 1, 0, 0
4696214, 606208, 1, 0, 0
4696465, 737280, 1, 0, 0
4696714, 756690, 1, 0, 0
4696964, 1228800, 1, 0, 0
4697214, 409600, 1, 0, 0
4697464, 622592, 1, 0, 0
4697714, 933888, 1, 0, 0
4697964, 212992, 1, 0, 0
4698214, 966656, 1, 0, 0
4698464, 475136, 1, 0, 0
4698714, 491520, 1, 0, 0
4698964, 477044, 1, 0, 0
4699214, 327680, 1, 0, 0
4699464, 868352, 1, 0, 0
4699714, 884736, 1, 0, 0
4699964, 491520, 1, 0, 0
4700214, 16384, 1, 0, 0
4700464, 884736, 1, 0, 0
4700714, 606208, 1, 0, 0
4700965, 491520, 1, 0, 0
4701215, 524288, 1, 0, 0
4701464, 575742, 1, 0, 0
4701714, 851968, 1, 0, 0
4701964, 262144, 1, 0, 0
4702214, 606208, 1, 0, 0
4702464, 311296, 1, 0, 0
4702714, 753664, 1, 0, 0
4702964, 966656, 1, 0, 0
4703214, 1130496, 1, 0, 0
4703464, 921188, 1, 0, 0
4703714, 1589248, 1, 0, 0
4703964, 1294336, 1, 0, 0
4704214, 2129920, 1, 0, 0
4704464, 999424, 1, 0, 0
4704714, 884736, 1, 0, 0
4704964, 835584, 1, 0, 0
4705214, 1409024, 1, 0, 0
4705464, 1294336, 1, 0, 0
4705713, 1266634, 1, 0, 0
4705964, 1196032, 1, 0, 0
4706214, 1359872, 1, 0, 0
4706464, 1097728, 1, 0, 0
4706714, 1196032, 1, 0, 0
4706964, 1032192, 1, 0, 0
4707214, 819200, 1, 0, 0
4707464, 622592, 1, 0, 0
4707714, 884736, 1, 0, 0
4707964, 1048576, 1, 0, 0
4708214, 871839, 1, 0, 0
4708464, 933888, 1, 0, 0
4708714, 1048576, 1, 0, 0
4708964, 753664, 1, 0, 0
4709214, 491520, 1, 0, 0
4709464, 638976, 1, 0, 0
4709714, 770048, 1, 0, 0
4709964, 999424, 1, 0, 0
4710214, 1359872, 1, 0, 0
4710464, 1941076, 1, 0, 0
4710714, 999424, 1, 0, 0
4710964, 917504, 1, 0, 0
4711214, 1294336, 1, 0, 0
4711464, 1196032, 1, 0, 0
4711714, 835584, 1, 0, 0
4711964, 720896, 1, 0, 0
4712214, 1048576, 1, 0, 0
4712464, 966656, 1, 0, 0
4712715, 884736, 1, 0, 0
4712964, 1102136, 1, 0, 0
4713214, 999424, 1, 0, 0
4713464, 835584, 1, 0, 0
4713714, 1458176, 1, 0, 0
4713964, 1458176, 1, 0, 0
4714214, 1490944, 1, 0, 0
4714464, 1294336, 1, 0, 0
4714714, 1916928, 1, 0, 0
4714964, 1654784, 1, 0, 0
4715214, 1760128, 1, 0, 0
4715464, 393216, 1, 0, 0
4715714, 819200, 1, 0, 0
4715964, 851968, 1, 0, 0
4716214, 1064960, 1, 0, 0
4716464, 1507328, 1, 0, 0
4716714, 770048, 1, 0, 0
4716964, 1048576, 1, 0, 0
4717214, 950272, 1, 0, 0
4717464, 507904, 1, 0, 0
4717714, 904738, 1, 0, 0
4717964, 1163264, 1, 0, 0
4718214, 1392640, 1, 0, 0
4718464, 1228800, 1, 0, 0
4718714, 655360, 1, 0, 0
4718964, 1343488, 1, 0, 0
4719214, 1081344, 1, 0, 0
4719464, 1720320, 1, 0, 0
4719714, 1359872, 1, 0, 0
4719964, 966656, 1, 0, 0
4720214, 871839, 1, 0, 0
4720464, 1163264, 1, 0, 0
4720714, 1556480, 1, 0, 0
4720964, 1245184, 1, 0, 0
4721214, 1441792, 1, 0, 0
4721464, 1425408, 1, 0, 0
4721714, 1720320, 1, 0, 0
4721964, 1654784, 1, 0, 0
4722214, 1490944, 1, 0, 0
4722464, 1622016, 1, 0, 0
4722714, 1842377, 1, 0, 0
4722964, 1605632, 1, 0, 0
4723214, 688128, 1, 0, 0
4723464, 917504, 1, 0, 0
4723714, 1556480, 1, 0, 0
4723964, 933888, 1, 0, 0
4724214, 622592, 1, 0, 0
4724464, 786432, 1, 0, 0
4724714, 409600, 1, 0, 0
4724964, 394795, 1, 0, 0
4725214, 999424, 1, 0, 0
4725464, 770048, 1, 0, 0
4725714, 999424, 1, 0, 0
4725964, 851968, 1, 0, 0
4726214, 491520, 1, 0, 0
4726464, 933888, 1, 0, 0
4726714, 884736, 1, 0, 0
4726965, 1228800, 1, 0, 0
4727214, 690891, 1, 0, 0
4727464, 507904, 1, 0, 0
4727714, 540672, 1, 0, 0
4727964, 524288, 1, 0, 0
4728214, 491520, 1, 0, 0
4728464, 1130496, 1, 0, 0
4728714, 786432, 1, 0, 0
4728964, 884736, 1, 0, 0
4729214, 904738, 1, 0, 0
4729464, 1163264, 1, 0, 0
4729714, 1277952, 1, 0, 0
4729964, 999424, 1, 0, 0
4730214, 1523712, 1, 0, 0
4730464, 802816, 1, 0, 0
4730714, 1064960, 1, 0, 0
4730964, 1343488, 1, 0, 0
4731214, 901120, 1, 0, 0
4731464, 1097728, 1, 0, 0
4731714, 904738, 1, 0, 0
4731964, 1785856, 1, 0, 0
4732214, 1015808, 1, 0, 0
4732464, 999424, 1, 0, 0
4732714, 1130496, 1, 0, 0
4732964, 1163264, 1, 0, 0
4733214, 1130496, 1, 0, 0
4733464, 1179648, 1, 0, 0
4733714, 1114112, 1, 0, 0
4733964, 1146880, 1, 0, 0
4734214, 1233734, 1, 0, 0
4734464, 1376256, 1, 0, 0
4734714, 1245184, 1, 0, 0
4734964, 933888, 1, 0, 0
4735214, 1179648, 1, 0, 0
4735464, 1441792, 1, 0, 0
4735714, 1441792, 1, 0, 0
4735964, 1212416, 1, 0, 0
4736214, 1064960, 1, 0, 0
4736464, 737280, 1, 0, 0
4736714, 674441, 1, 0, 0
4736964, 802816, 1, 0, 0
4737214, 524288, 1, 0, 0
4737464, 458752, 1, 0, 0
4737714, 540672, 1, 0, 0
4737964, 933888, 1, 0, 0
4738214, 917504, 1, 0, 0
4738464, 1163264, 1, 0, 0
4738714, 1048576, 1, 0, 0
4738965, 1228800, 1, 0, 0
4739214, 789590, 1, 0, 0
4739464, 999424, 1, 0, 0
4739714, 491520, 1, 0, 0
4739964, 1130496, 1, 0, 0
4740214, 884736, 1, 0, 0
4740464, 1196032, 1, 0, 0
4740714, 1163264, 1, 0, 0
4740964, 1245184, 1, 0, 0
4741214, 1327104, 1, 0, 0
4741464, 1003437, 1, 0, 0
4741714, 1212416, 1, 0, 0
4741964, 1130496, 1, 0, 0
4742214, 720896, 1, 0, 0
4742464, 1114112, 1, 0, 0
4742714, 1392640, 1, 0, 0
4742964, 1409024, 1, 0, 0
4743214, 1425408, 1, 0, 0
4743464, 1277952, 1, 0, 0
4743715, 1376256, 1, 0, 0
4743964, 921188, 1, 0, 0
4744214, 1212416, 1, 0, 0
4744464, 1130496, 1, 0, 0
4744714, 1392640, 1, 0, 0
4744964, 1048576, 1, 0, 0
4745214, 1130496, 1, 0, 0
4745464, 950272, 1, 0, 0
4745715, 868352, 1, 0, 0
4745964, 641542, 1, 0, 0
4746214, 688128, 1, 0, 0
4746464, 1196032, 1, 0, 0
4746714, 1277952, 1, 0, 0
4746964, 901120, 1, 0, 0
4747214, 819200, 1, 0, 0
4747464, 917504, 1, 0, 0
4747714, 737280, 1, 0, 0
4747964, 753664, 1, 0, 0
4748214, 904738, 1, 0, 0
4748464, 393216, 1, 0, 0
4748714, 720896, 1, 0, 0
4748964, 786432, 1, 0, 0
4749214, 688128, 1, 0, 0
4749464, 655360, 1, 0, 0
4749714, 540672, 1, 0, 0
4749964, 1196032, 1, 0, 0
4750214, 901120, 1, 0, 0
4750465, 966656, 1, 0, 0
4750714, 378345, 1, 0, 0
4750964, 753664, 1, 0, 0
4751214, 737280, 1, 0, 0
4751464, 999424, 1, 0, 0
4751714, 1507328, 1, 0, 0
4751964, 409600, 1, 0, 0
4752214, 753664, 1, 0, 0
4752464, 409600, 1, 0, 0
4752714, 737280, 1, 0, 0
4752964, 723791, 1, 0, 0
4753214, 671744, 1, 0, 0
4753464, 983040, 1, 0, 0
4753714, 737280, 1, 0, 0
4753964, 933888, 1, 0, 0
4754214, 868352, 1, 0, 0
4754464, 1245184, 1, 0, 0
4754714, 933888, 1, 0, 0
4754964, 835584, 1, 0, 0
4755214, 1032192, 1, 0, 0
4755464, 1217285, 1, 0, 0
4755714, 1474560, 1, 0, 0
4755964, 1441792, 1, 0, 0
4756214, 1409024, 1, 0, 0
4756464, 1343488, 1, 0, 0
4756714, 1097728, 1, 0, 0
4756964, 1703936, 1, 0, 0
4757214, 1343488, 1, 0, 0
4757464, 983040, 1, 0, 0
4757714, 1464032, 1, 0, 0
4757964, 573440, 1, 0, 0
4758214, 901120, 1, 0, 0
4758464, 786432, 1, 0, 0
4758714, 1032192, 1, 0, 0
4758964, 917504, 1, 0, 0
4759214, 1015808, 1, 0, 0
4759464, 770048, 1, 0, 0
4759714, 802816, 1, 0, 0
4759964, 901120, 1, 0, 0
4760214, 954088, 1, 0, 0
4760464, 966656, 1, 0, 0
4760714, 688128, 1, 0, 0
4760964, 507904, 1, 0, 0
4761214, 999424, 1, 0, 0
4761464, 1343488, 1, 0, 0
4761714, 983040, 1, 0, 0
4761964, 1130496, 1, 0, 0
4762214, 851968, 1, 0, 0
4762464, 933888, 1, 0, 0
4762714, 1200835, 1, 0, 0
4762964, 638976, 1, 0, 0
4763214, 688128, 1, 0, 0
4763464, 245760, 1, 0, 0
4763714, 720896, 1, 0, 0
4763964, 868352, 1, 0, 0
4764214, 425984, 1, 0, 0
4764464, 688128, 1, 0, 0
4764714, 966656, 1, 0, 0
4764964, 460594, 1, 0, 0
4765214, 589824, 1, 0, 0
4765464, 671744, 1, 0, 0
4765714, 573440, 1, 0, 0
4765964, 98304, 1, 0, 0
4766214, 0, 1, 0, 0
4766464, 671744, 1, 0, 0
4766714, 770048, 1, 0, 0
4766964, 524288, 1, 0, 0
4767214, 954088, 1, 0, 0
4767464, 1064960, 1, 0, 0
4767714, 737280, 1, 0, 0
4767964, 1097728, 1, 0, 0
4768214, 851968, 1, 0, 0
4768464, 688128, 1, 0, 0
4768714, 425984, 1, 0, 0
4768964, 507904, 1, 0, 0
4769214, 802816, 1, 0, 0
4769464, 1114112, 1, 0, 0
4769714, 312546, 1, 0, 0
4769964, 737280, 1, 0, 0
4770214, 720896, 1, 0, 0
4770464, 1245184, 1, 0, 0
4770714, 1064960, 1, 0, 0
4770964, 1228800, 1, 0, 0
4771214, 917504, 1, 0, 0
4771464, 1179648, 1, 0, 0
4771714, 720896, 1, 0, 0
4771965, 720896, 1, 0, 0
4772214, 756690, 1, 0, 0
4772464, 1097728, 1, 0, 0
4772714, 638976, 1, 0, 0
4772964, 1097728, 1, 0, 0
4773214, 1032192, 1, 0, 0
4773464, 229376, 1, 0, 0
4773714, 557056, 1, 0, 0
4773964, 475136, 1, 0, 0
4774214, 622592, 1, 0, 0
4774464, 740240, 1, 0, 0
4774714, 196608, 1, 0, 0
4774964, 819200, 1, 0, 0
4775214, 344064, 1, 0, 0
4775464, 688128, 1, 0, 0
4775714, 606208, 1, 0, 0
4775964, 950272, 1, 0, 0
4776214, 688128, 1, 0, 0
4776464, 425984, 1, 0, 0
4776714, 526393, 1, 0, 0
4776964, 393216, 1, 0, 0
4777214, 589824, 1, 0, 0
4777464, 688128, 1, 0, 0
4777714, 1212416, 1, 0, 0
4777964, 1032192, 1, 0, 0
4778214, 1556480, 1, 0, 0
4778464, 802816, 1, 0, 0
4778714, 901120, 1, 0, 0
4778964, 970538, 1, 0, 0
4779214, 999424, 1, 0, 0
4779464, 1081344, 1, 0, 0
4779714, 770048, 1, 0, 0
4779964, 868352, 1, 0, 0
4780214, 655360, 1, 0, 0
4780464, 884736, 1, 0, 0
4780714, 1048576, 1, 0, 0
4780964, 933888, 1, 0, 0
4781214, 1003437, 1, 0, 0
4781464, 753664, 1, 0, 0
4781714, 671744, 1, 0, 0
4781964, 589824, 1, 0, 0
4782214, 720896, 1, 0, 0
4782464, 507904, 1, 0, 0
4782714, 409600, 1, 0, 0
4782964, 622592, 1, 0, 0
4783214, 98304, 1, 0, 0
4783464, 1102136, 1, 0, 0
4783714, 737280, 1, 0, 0
4783964, 966656, 1, 0, 0
4784214, 1310720, 1, 0, 0
4784464, 737280, 1, 0, 0
4784714, 802816, 1, 0, 0
4784964, 475136, 1, 0, 0
4785214, 1081344, 1, 0, 0
4785464, 655360, 1, 0, 0
4785714, 690891, 1, 0, 0
4785964, 557056, 1, 0, 0
4786214, 917504, 1, 0, 0
4786464, 540672, 1, 0, 0
4786714, 770048, 1, 0, 0
4786964, 835584, 1, 0, 0
4787214, 983040, 1, 0, 0
4787464, 819200, 1, 0, 0
4787715, 835584, 1, 0, 0
4787964, 756690, 1, 0, 0
4788214, 786432, 1, 0, 0
4788464, 606208, 1, 0, 0
4788714, 1064960, 1, 0, 0
4788964, 1015808, 1, 0, 0
4789214, 1294336, 1, 0, 0
4789464, 1228800, 1, 0, 0
4789714, 851968, 1, 0, 0
4789964, 1019887, 1, 0, 0
4790214, 688128, 1, 0, 0
4790464, 1163264, 1, 0, 0
4790714, 966656, 1, 0, 0
4790964, 884736, 1, 0, 0
4791214, 1179648, 1, 0, 0
4791464, 901120, 1, 0, 0
4791714, 720896, 1, 0, 0
4791964, 770048, 1, 0, 0
4792214, 1015808, 1, 0, 0
4792464, 937638, 1, 0, 0
4792714, 819200, 1, 0, 0
4792964, 999424, 1, 0, 0
4793214, 1294336, 1, 0, 0
4793464, 294912, 1, 0, 0
4793714, 999424, 1, 0, 0
4793964, 868352, 1, 0, 0
4794214, 720896, 1, 0, 0
4794464, 1376256, 1, 0, 0
4794714, 1294336, 1, 0, 0
4794964, 1381783, 1, 0, 0
4795214, 1015808, 1, 0, 0
4795464, 802816, 1, 0, 0
4795714, 1261568, 1, 0, 0
4795964, 1540096, 1, 0, 0
4796214, 1343488, 1, 0, 0
4796464, 1048576, 1, 0, 0
4796714, 1261568, 1, 0, 0
4796964, 1277952, 1, 0, 0
4797214, 1114112, 1, 0, 0
4797464, 477044, 1, 0, 0
4797714, 950272, 1, 0, 0
4797964, 704512, 1, 0, 0
4798214, 458752, 1, 0, 0
4798464, 999424, 1, 0, 0
4798714, 983040, 1, 0, 0
4798964, 491520, 1, 0, 0
4799214, 393216, 1, 0, 0
4799465, 442368, 1, 0, 0
4799714, 197397, 1, 0, 0
4799964, 229376, 1, 0, 0
4800214, 589824, 1, 0, 0
4800464, 557056, 1, 0, 0
4800714, 1507328, 1, 0, 0
4800964, 442368, 1, 0, 0
4801214, 737280, 1, 0, 0
4801464, 933888, 1, 0, 0
4801714, 819200, 1, 0, 0
4801964, 970538, 1, 0, 0
4802214, 950272, 1, 0, 0
4802464, 868352, 1, 0, 0
4802714, 1130496, 1, 0, 0
4802964, 999424, 1, 0, 0
4803214, 688128, 1, 0, 0
4803464, 917504, 1, 0, 0
4803714, 966656, 1, 0, 0
4803964, 950272, 1, 0, 0
4804215, 655360, 1, 0, 0
4804464, 871839, 1, 0, 0
4804714, 999424, 1, 0, 0
4804964, 442368, 1, 0, 0
4805214, 655360, 1, 0, 0
4805464, 753664, 1, 0, 0
4805714, 1327104, 1, 0, 0
4805964, 606208, 1, 0, 0
4806214, 1097728, 1, 0, 0
4806465, 1409024, 1, 0, 0
4806714, 1085686, 1, 0, 0
4806964, 671744, 1, 0, 0
4807214, 1490944, 1, 0, 0
4807464, 1064960, 1, 0, 0
4807714, 1015808, 1, 0, 0
4807964, 1064960, 1, 0, 0
4808214, 1212416, 1, 0, 0
4808464, 1179648, 1, 0, 0
4808714, 1294336, 1, 0, 0
4808964, 1019887, 1, 0, 0
4809214, 409600, 1, 0, 0
4809464, 868352, 1, 0, 0
4809714, 1048576, 1, 0, 0
4809964, 753664, 1, 0, 0
4810214, 1228800, 1, 0, 0
4810464, 1015808, 1, 0, 0
4810714, 802816, 1, 0, 0
4810964, 1245184, 1, 0, 0
4811215, 819200, 1, 0, 0
4811464, 888289, 1, 0, 0
4811714, 770048, 1, 0, 0
4811964, 720896, 1, 0, 0
4812214, 950272, 1, 0, 0
4812464, 983040, 1, 0, 0
4812714, 753664, 1, 0, 0
4812964, 901120, 1, 0, 0
4813214, 1228800, 1, 0, 0
4813464, 655360, 1, 0, 0
4813714, 707341, 1, 0, 0
4813964, 573440, 1, 0, 0
4814214, 950272, 1, 0, 0
4814464, 704512, 1, 0, 0
4814714, 1032192, 1, 0, 0
4814964, 999424, 1, 0, 0
4815214, 966656, 1, 0, 0
4815464, 720896, 1, 0, 0
4815714, 1130496, 1, 0, 0
4815964, 970538, 1, 0, 0
4816214, 950272, 1, 0, 0
4816464, 1277952, 1, 0, 0
4816714, 1343488, 1, 0, 0
4816964, 557056, 1, 0, 0
4817214, 1048576, 1, 0, 0
4817464, 770048, 1, 0, 0
4817714, 802816, 1, 0, 0
4817964, 1179648, 1, 0, 0
4818214, 1332433, 1, 0, 0
4818464, 753664, 1, 0, 0
4818714, 1048576, 1, 0, 0
4818964, 1540096, 1, 0, 0
4819214, 999424, 1, 0, 0
4819464, 1163264, 1, 0, 0
4819714, 999424, 1, 0, 0
4819964, 1130496, 1, 0, 0
4820214, 835584, 1, 0, 0
4820464, 1036337, 1, 0, 0
4820714, 999424, 1, 0, 0
4820964, 802816, 1, 0, 0
4821214, 1032192, 1, 0, 0
4821464, 901120, 1, 0, 0
4821714, 1130496, 1, 0, 0
4821964, 1196032, 1, 0, 0
4822214, 999424, 1, 0, 0
4822464, 1064960, 1, 0, 0
4822714, 1085686, 1, 0, 0
4822964, 1048576, 1, 0, 0
4823214, 1048576, 1, 0, 0
4823464, 1277952, 1, 0, 0
4823714, 851968, 1, 0, 0
4823964, 589824, 1, 0, 0
4824214, 753664, 1, 0, 0
4824464, 540672, 1, 0, 0
4824714, 606208, 1, 0, 0
4824964, 986987, 1, 0, 0
4825214, 950272, 1, 0, 0
4825464, 655360, 1, 0, 0
4825714, 1196032, 1, 0, 0
4825964, 1605632, 1, 0, 0
4826214, 1015808, 1, 0, 0
4826464, 1228800, 1, 0, 0
4826714, 966656, 1, 0, 0
4826964, 1228800, 1, 0, 0
4827215, 1179648, 1, 0, 0
4827464, 1332433, 1, 0, 0
4827714, 966656, 1, 0, 0
4827964, 1179648, 1, 0, 0
4828214, 1671168, 1, 0, 0
4828464, 1327104, 1, 0, 0
4828714, 950272, 1, 0, 0
4828964, 1179648, 1, 0, 0
4829214, 1114112, 1, 0, 0
4829464, 1277952, 1, 0, 0
4829714, 986987, 1, 0, 0
4829964, 1163264, 1, 0, 0
4830214, 1048576, 1, 0, 0
4830464, 999424, 1, 0, 0
4830714, 557056, 1, 0, 0
4830964, 1064960, 1, 0, 0
4831214, 1130496, 1, 0, 0
4831464, 1212416, 1, 0, 0
4831714, 1228800, 1, 0, 0
4831965, 1015808, 1, 0, 0
4832214, 1842377, 1, 0, 0
4832464, 1261568, 1, 0, 0
4832714, 1359872, 1, 0, 0
4832964, 1097728, 1, 0, 0
4833214, 1327104, 1, 0, 0
4833464, 753664, 1, 0, 0
4833714, 851968, 1, 0, 0
4833964, 819200, 1, 0, 0
4834215, 1359872, 1, 0, 0
4834464, 822489, 1, 0, 0
4834714, 753664, 1, 0, 0
4834964, 1081344, 1, 0, 0
4835214, 917504, 1, 0, 0
4835464, 983040, 1, 0, 0
4835714, 1294336, 1, 0, 0
4835964, 1277952, 1, 0, 0
4836214, 786432, 1, 0, 0
4836464, 835584, 1, 0, 0
4836714, 559293, 1, 0, 0
4836964, 819200, 1, 0, 0
4837214, 655360, 1, 0, 0
4837464, 884736, 1, 0, 0
4837714, 770048, 1, 0, 0
4837964, 933888, 1, 0, 0
4838214, 1196032, 1, 0, 0
4838464, 884736, 1, 0, 0
4838714, 966656, 1, 0, 0
4838965, 1064960, 1, 0, 0
4839214, 740240, 1, 0, 0
4839464, 606208, 1, 0, 0
4839714, 770048, 1, 0, 0
4839964, 1032192, 1, 0, 0
4840214, 1114112, 1, 0, 0
4840464, 425984, 1, 0, 0
4840714, 1015808, 1, 0, 0
4840964, 770048, 1, 0, 0
4841214, 688128, 1, 0, 0
4841464, 608642, 1, 0, 0
4841714, 851968, 1, 0, 0
4841964, 983040, 1, 0, 0
4842214, 327680, 1, 0, 0
4842464, 360448, 1, 0, 0
4842714, 770048, 1, 0, 0
4842964, 1048576, 1, 0, 0
4843214, 425984, 1, 0, 0
4843464, 917504, 1, 0, 0
4843714, 838939, 1, 0, 0
4843964, 884736, 1, 0, 0
4844214, 835584, 1, 0, 0
4844464, 442368, 1, 0, 0
4844714, 753664, 1, 0, 0
4844964, 475136, 1, 0, 0
4845214, 131072, 1, 0, 0
4845464, 720896, 1, 0, 0
4845714, 884736, 1, 0, 0
4845964, 1003437, 1, 0, 0
4846214, 491520, 1, 0, 0
4846464, 507904, 1, 0, 0
4846714, 393216, 1, 0, 0
4846964, 655360, 1, 0, 0
4847214, 835584, 1, 0, 0
4847464, 540672, 1, 0, 0
4847714, 212992, 1, 0, 0
4847964, 638976, 1, 0, 0
4848214, 524288, 1, 0, 0
4848464, 773140, 1, 0, 0
4848714, 524288, 1, 0, 0
4848964, 753664, 1, 0, 0
4849214, 540672, 1, 0, 0
4849464, 442368, 1, 0, 0
4849714, 688128, 1, 0, 0
4849964, 1015808, 1, 0, 0
4850214, 458752, 1, 0, 0
4850464, 557056, 1, 0, 0
4850714, 345445, 1, 0, 0
4850964, 196608, 1, 0, 0
4851214, 950272, 1, 0, 0
4851464, 655360, 1, 0, 0
4851714, 655360, 1, 0, 0
4851964, 770048, 1, 0, 0
4852214, 262144, 1, 0, 0
4852464, 81920, 1, 0, 0
4852714, 98304, 1, 0, 0
4852964, 904738, 1, 0, 0
4853214, 688128, 1, 0, 0
4853464, 65536, 1, 0, 0
4853714, 524288, 1, 0, 0
4853964, 589824, 1, 0, 0
4854214, 393216, 1, 0, 0
4854464, 81920, 1, 0, 0
4854714, 425984, 1, 0, 0
4854964, 655360, 1, 0, 0
4855214, 328995, 1, 0, 0
4855464, 589824, 1, 0, 0
4855714, 196608, 1, 0, 0
4855964, 524288, 1, 0, 0
4856214, 507904, 1, 0, 0
4856464, 327680, 1, 0, 0
4856714, 540672, 1, 0, 0
4856964, 786432, 1, 0, 0
4857215, 1015808, 1, 0, 0
4857464, 1496931, 1, 0, 0
4857714, 933888, 1, 0, 0
4857964, 999424, 1, 0, 0
4858214, 868352, 1, 0, 0
4858464, 688128, 1, 0, 0
4858714, 983040, 1, 0, 0
4858964, 1048576, 1, 0, 0
4859214, 1064960, 1, 0, 0
4859464, 835584, 1, 0, 0
4859714, 868352, 1, 0, 0
4859964, 822489, 1, 0, 0
4860214, 917504, 1, 0, 0
4860464, 671744, 1, 0, 0
4860714, 589824, 1, 0, 0
4860964, 802816, 1, 0, 0
4861214, 786432, 1, 0, 0
4861464, 950272, 1, 0, 0
4861714, 671744, 1, 0, 0
4861964, 1359872, 1, 0, 0
4862214, 1266634, 1, 0, 0
4862464, 589824, 1, 0, 0
4862714, 966656, 1, 0, 0
4862964, 1310720, 1, 0, 0
4863214, 917504, 1, 0, 0
4863464, 999424, 1, 0, 0
4863714, 966656, 1, 0, 0
4863964, 1179648, 1, 0, 0
4864214, 1179648, 1, 0, 0
4864465, 737280, 1, 0, 0
4864714, 1036337, 1, 0, 0
4864964, 851968, 1, 0, 0
4865214, 1163264, 1, 0, 0
4865464, 950272, 1, 0, 0
4865714, 1146880, 1, 0, 0
4865964, 1032192, 1, 0, 0
4866214, 1228800, 1, 0, 0
4866464, 1032192, 1, 0, 0
4866714, 477044, 1, 0, 0
4866964, 753664, 1, 0, 0
4867214, 1114112, 1, 0, 0
4867464, 393216, 1, 0, 0
4867714, 344064, 1, 0, 0
4867964, 442368, 1, 0, 0
4868214, 507904, 1, 0, 0
4868464, 507904, 1, 0, 0
4868714, 589824, 1, 0, 0
4868964, 917504, 1, 0, 0
4869214, 954088, 1, 0, 0
4869464, 524288, 1, 0, 0
4869714, 720896, 1, 0, 0
4869964, 917504, 1, 0, 0
4870214, 589824, 1, 0, 0
4870464, 884736, 1, 0, 0
4870714, 573440, 1, 0, 0
4870964, 425984, 1, 0, 0
4871214, 770048, 1, 0, 0
4871464, 230297, 1, 0, 0
4871714, 966656, 1, 0, 0
4871964, 737280, 1, 0, 0
4872214, 917504, 1, 0, 0
4872464, 1179648, 1, 0, 0
4872714, 966656, 1, 0, 0
4872964, 1130496, 1, 0, 0
4873214, 1015808, 1, 0, 0
4873464, 1612080, 1, 0, 0
4873714, 1474560, 1, 0, 0
4873964, 786432, 1, 0, 0
4874214, 1032192, 1, 0, 0
4874464, 1327104, 1, 0, 0
4874714, 1310720, 1, 0, 0
4874964, 1540096, 1, 0, 0
4875214, 1196032, 1, 0, 0
4875464, 917504, 1, 0, 0
4875713, 707341, 1, 0, 0
4875964, 720896, 1, 0, 0
4876214, 966656, 1, 0, 0
4876464, 1097728, 1, 0, 0
4876714, 1130496, 1, 0, 0
4876964, 1130496, 1, 0, 0
4877214, 933888, 1, 0, 0
4877464, 1212416, 1, 0, 0
4877714, 966656, 1, 0, 0
4877964, 704512, 1, 0, 0
4878214, 1036337, 1, 0, 0
4878464, 917504, 1, 0, 0
4878714, 1228800, 1, 0, 0
4878964, 868352, 1, 0, 0
4879214, 851968, 1, 0, 0
4879464, 1130496, 1, 0, 0
4879714, 1146880, 1, 0, 0
4879964, 1196032, 1, 0, 0
4880214, 966656, 1, 0, 0
4880464, 638976, 1, 0, 0
4880714, 806040, 1, 0, 0
4880964, 966656, 1, 0, 0
4881214, 983040, 1, 0, 0
4881464, 933888, 1, 0, 0
4881714, 655360, 1, 0, 0
4881964, 638976, 1, 0, 0
4882214, 802816, 1, 0, 0
4882464, 1245184, 1, 0, 0
4882714, 1019887, 1, 0, 0
4882964, 622592, 1, 0, 0
4883214, 868352, 1, 0, 0
4883464, 540672, 1, 0, 0
4883714, 491520, 1, 0, 0
4883964, 589824, 1, 0, 0
4884214, 573440, 1, 0, 0
4884464, 835584, 1, 0, 0
4884714, 851968, 1, 0, 0
4884964, 838939, 1, 0, 0
4885214, 1048576, 1, 0, 0
4885464, 1130496, 1, 0, 0
4885714, 1048576, 1, 0, 0
4885964, 851968, 1, 0, 0
4886214, 1179648, 1, 0, 0
4886464, 1032192, 1, 0, 0
4886714, 819200, 1, 0, 0
4886964, 1310720, 1, 0, 0
4887214, 1332433, 1, 0, 0
4887464, 1277952, 1, 0, 0
4887714, 1015808, 1, 0, 0
4887964, 835584, 1, 0, 0
4888214, 1163264, 1, 0, 0
4888464, 1114112, 1, 0, 0
4888714, 1097728, 1, 0, 0
4888964, 1228800, 1, 0, 0
4889214, 1212416, 1, 0, 0
4889464, 1052787, 1, 0, 0
4889714, 1097728, 1, 0, 0
4889964, 1212416, 1, 0, 0
4890214, 1277952, 1, 0, 0
4890464, 983040, 1, 0, 0
4890714, 1015808, 1, 0, 0
4890964, 1064960, 1, 0, 0
4891214, 1032192, 1, 0, 0
4891463, 1924626, 1, 0, 0
4891714, 1474560, 1, 0, 0
4891964, 851968, 1, 0, 0
4892214, 1146880, 1, 0, 0
4892464, 1048576, 1, 0, 0
4892714, 540672, 1, 0, 0
4892964, 983040, 1, 0, 0
4893214, 1179648, 1, 0, 0
4893464, 786432, 1, 0, 0
4893715, 720896, 1, 0, 0
4893964, 1167935, 1, 0, 0
4894214, 950272, 1, 0, 0
4894464, 1228800, 1, 0, 0
4894714, 1130496, 1, 0, 0
4894964, 901120, 1, 0, 0
4895214, 1245184, 1, 0, 0
4895464, 1294336, 1, 0, 0
4895714, 933888, 1, 0, 0
4895964, 871839, 1, 0, 0
4896214, 1064960, 1, 0, 0
4896464, 1146880, 1, 0, 0
4896714, 1032192, 1, 0, 0
4896964, 1556480, 1, 0, 0
4897214, 770048, 1, 0, 0
4897464, 720896, 1, 0, 0
4897714, 1114112, 1, 0, 0
4897964, 475136, 1, 0, 0
4898214, 723791, 1, 0, 0
4898464, 606208, 1, 0, 0
4898714, 622592, 1, 0, 0
4898964, 1032192, 1, 0, 0
4899214, 868352, 1, 0, 0
4899464, 851968, 1, 0, 0
4899714, 802816, 1, 0, 0
4899964, 884736, 1, 0, 0
4900214, 917504, 1, 0, 0
4900464, 1130496, 1, 0, 0
4900714, 1299534, 1, 0, 0
4900964, 786432, 1, 0, 0
4901214, 851968, 1, 0, 0
4901464, 1163264, 1, 0, 0
4901714, 851968, 1, 0, 0
4901964, 786432, 1, 0, 0
4902214, 638976, 1, 0, 0
4902464, 442368, 1, 0, 0
4902714, 475136, 1, 0, 0
4902964, 524288, 1, 0, 0
4903214, 477044, 1, 0, 0
4903464, 475136, 1, 0, 0
4903714, 622592, 1, 0, 0
4903964, 180224, 1, 0, 0
4904214, 262144, 1, 0, 0
4904464, 458752, 1, 0, 0
4904714, 475136, 1, 0, 0
4904964, 622592, 1, 0, 0
4905214, 540672, 1, 0, 0
4905464, 575742, 1, 0, 0
4905714, 688128, 1, 0, 0
4905964, 1163264, 1, 0, 0
4906214, 1294336, 1, 0, 0
4906464, 851968, 1, 0, 0
4906714, 884736, 1, 0, 0
4906964, 1163264, 1, 0, 0
4907214, 966656, 1, 0, 0
4907464, 1179648, 1, 0, 0
4907715, 1081344, 1, 0, 0
4907964, 625092, 1, 0, 0
4908214, 770048, 1, 0, 0
4908464, 753664, 1, 0, 0
4908714, 901120, 1, 0, 0
4908964, 737280, 1, 0, 0
4909214, 212992, 1, 0, 0
4909464, 606208, 1, 0, 0
4909714, 966656, 1, 0, 0
4909964, 1212416, 1, 0, 0
4910214, 1184385, 1, 0, 0
4910464, 851968, 1, 0, 0
4910714, 655360, 1, 0, 0
4910964, 851968, 1, 0, 0
4911214, 1130496, 1, 0, 0
4911464, 1490944, 1, 0, 0
4911714, 1327104, 1, 0, 0
4911964, 655360, 1, 0, 0
4912214, 950272, 1, 0, 0
4912465, 1114112, 1, 0, 0
4912714, 822489, 1, 0, 0
4912964, 671744, 1, 0, 0
4913214, 851968, 1, 0, 0
4913464, 1261568, 1, 0, 0
4913714, 1228800, 1, 0, 0
4913964, 1245184, 1, 0, 0
4914214, 1310720, 1, 0, 0
4914464, 1228800, 1, 0, 0
4914714, 1245184, 1, 0, 0
4914964, 1036337, 1, 0, 0
4915214, 1605632, 1, 0, 0
4915464, 1130496, 1, 0, 0
4915714, 835584, 1, 0, 0
4915964, 638976, 1, 0, 0
4916214, 1376256, 1, 0, 0
4916464, 1277952, 1, 0, 0
4916714, 704512, 1, 0, 0
4916964, 999424, 1, 0, 0
4917215, 704512, 1, 0, 0
4917464, 871839, 1, 0, 0
4917714, 507904, 1, 0, 0
4917964, 344064, 1, 0, 0
4918214, 786432, 1, 0, 0
4918464, 409600, 1, 0, 0
4918714, 622592, 1, 0, 0
4918964, 737280, 1, 0, 0
4919214, 802816, 1, 0, 0
4919465, 507904, 1, 0, 0
4919714, 641542, 1, 0, 0
4919964, 1425408, 1, 0, 0
4920214, 868352, 1, 0, 0
4920464, 884736, 1, 0, 0
4920714, 524288, 1, 0, 0
4920964, 950272, 1, 0, 0
4921214, 1507328, 1, 0, 0
4921464, 1343488, 1, 0, 0
4921714, 1605632, 1, 0, 0
4921964, 1151485, 1, 0, 0
4922214, 884736, 1, 0, 0
4922464, 1310720, 1, 0, 0
4922714, 835584, 1, 0, 0
4922964, 884736, 1, 0, 0
4923214, 966656, 1, 0, 0
4923464, 294912, 1, 0, 0
4923714, 655360, 1, 0, 0
4923964, 999424, 1, 0, 0
4924214, 606208, 1, 0, 0
4924464, 674441, 1, 0, 0
4924714, 884736, 1, 0, 0
4924964, 753664, 1, 0, 0
4925214, 1196032, 1, 0, 0
4925464, 1097728, 1, 0, 0
4925714, 933888, 1, 0, 0
4925964, 720896, 1, 0, 0
4926214, 1032192, 1, 0, 0
4926464, 1179648, 1, 0, 0
4926714, 1003437, 1, 0, 0
4926964, 1359872, 1, 0, 0
4927214, 1179648, 1, 0, 0
4927464, 1032192, 1, 0, 0
4927714, 1114112, 1, 0, 0
4927964, 1343488, 1, 0, 0
4928214, 1277952, 1, 0, 0
4928464, 901120, 1, 0, 0
4928714, 933888, 1, 0, 0
4928964, 838939, 1, 0, 0
4929214, 884736, 1, 0, 0
4929464, 1015808, 1, 0, 0
4929714, 1048576, 1, 0, 0
4929964, 999424, 1, 0, 0
4930214, 1114112, 1, 0, 0
4930464, 1392640, 1, 0, 0
4930714, 1130496, 1, 0, 0
4930964, 983040, 1, 0, 0
4931214, 559293, 1, 0, 0
4931464, 606208, 1, 0, 0
4931714, 671744, 1, 0, 0
4931964, 1081344, 1, 0, 0
4932214, 507904, 1, 0, 0
4932464, 442368, 1, 0, 0
4932714, 770048, 1, 0, 0
4932964, 638976, 1, 0, 0
4933214, 622592, 1, 0, 0
4933464, 871839, 1, 0, 0
4933714, 917504, 1, 0, 0
4933964, 770048, 1, 0, 0
4934214, 589824, 1, 0, 0
4934464, 638976, 1, 0, 0
4934714, 835584, 1, 0, 0
4934964, 884736, 1, 0, 0
4935214, 671744, 1, 0, 0
4935464, 557056, 1, 0, 0
4935714, 524288, 1, 0, 0
4935964, 740240, 1, 0, 0
4936214, 1294336, 1, 0, 0
4936464, 1179648, 1, 0, 0
4936714, 1064960, 1, 0, 0
4936964, 1130496, 1, 0, 0
4937214, 1015808, 1, 0, 0
4937464, 835584, 1, 0, 0
4937714, 1310720, 1, 0, 0
4937964, 1048576, 1, 0, 0
4938214, 806040, 1, 0, 0
4938464, 1474560, 1, 0, 0
4938714, 1884160, 1, 0, 0
4938964, 950272, 1, 0, 0
4939214, 1130496, 1, 0, 0
4939464, 1294336, 1, 0, 0
4939714, 1163264, 1, 0, 0
4939964, 1409024, 1, 0, 0
4940214, 1572864, 1, 0, 0
4940464, 1572864, 1, 0, 0
4940714, 1398232, 1, 0, 0
4940964, 1245184, 1, 0, 0
4941214, 950272, 1, 0, 0
4941464, 1245184, 1, 0, 0
4941714, 950272, 1, 0, 0
4941964, 1032192, 1, 0, 0
4942214, 901120, 1, 0, 0
4942464, 1212416, 1, 0, 0
4942714, 1015808, 1, 0, 0
4942964, 1212416, 1, 0, 0
4943214, 1332433, 1, 0, 0
4943464, 901120, 1, 0, 0
4943714, 884736, 1, 0, 0
4943964, 999424, 1, 0, 0
4944214, 1343488, 1, 0, 0
4944464, 1163264, 1, 0, 0
4944714, 1163264, 1, 0, 0
4944964, 1523712, 1, 0, 0
4945214, 1720320, 1, 0, 0
4945464, 1431132, 1, 0, 0
4945714, 1785856, 1, 0, 0
4945964, 1245184, 1, 0, 0
4946214, 966656, 1, 0, 0
4946464, 950272, 1, 0, 0
4946714, 999424, 1, 0, 0
4946964, 999424, 1, 0, 0
4947214, 1081344, 1, 0, 0
4947464, 1163264, 1, 0, 0
4947714, 983040, 1, 0, 0
4947964, 1019887, 1, 0, 0
4948214, 1032192, 1, 0, 0
4948464, 1097728, 1, 0, 0
4948714, 1343488, 1, 0, 0
4948964, 1081344, 1, 0, 0
4949214, 1032192, 1, 0, 0
4949464, 1392640, 1, 0, 0
4949714, 1261568, 1, 0, 0
4949964, 901120, 1, 0, 0
4950215, 1376256, 1, 0, 0
4950464, 1019887, 1, 0, 0
4950714, 1015808, 1, 0, 0
4950964, 737280, 1, 0, 0
4951214, 573440, 1, 0, 0
4951464, 688128, 1, 0, 0
4951714, 835584, 1, 0, 0
4951964, 966656, 1, 0, 0
4952214, 1114112, 1, 0, 0
4952465, 999424, 1, 0, 0
4952714, 1250184, 1, 0, 0
4952964, 1081344, 1, 0, 0
4953214, 1130496, 1, 0, 0
4953464, 1261568, 1, 0, 0
4953714, 1359872, 1, 0, 0
4953964, 1081344, 1, 0, 0
4954214, 819200, 1, 0, 0
4954464, 1769472, 1, 0, 0
4954714, 999424, 1, 0, 0
4954964, 1036337, 1, 0, 0
4955214, 1130496, 1, 0, 0
4955464, 1474560, 1, 0, 0
4955714, 1212416, 1, 0, 0
4955964, 1130496, 1, 0, 0
4956214, 1212416, 1, 0, 0
4956464, 1409024, 1, 0, 0
4956714, 1720320, 1, 0, 0
4956964, 1376256, 1, 0, 0
4957215, 966656, 1, 0, 0
4957464, 904738, 1, 0, 0
4957714, 1146880, 1, 0, 0
4957964, 1310720, 1, 0, 0
4958214, 720896, 1, 0, 0
4958464, 950272, 1, 0, 0
4958714, 606208, 1, 0, 0
4958964, 802816, 1, 0, 0
4959214, 868352, 1, 0, 0
4959464, 1196032, 1, 0, 0
4959714, 1036337, 1, 0, 0
4959964, 1441792, 1, 0, 0
4960214, 1458176, 1, 0, 0
4960464, 1671168, 1, 0, 0
4960714, 1785856, 1, 0, 0
4960964, 1359872, 1, 0, 0
4961214, 1261568, 1, 0, 0
4961464, 1179648, 1, 0, 0
4961714, 1048576, 1, 0, 0
4961964, 1343488, 1, 0, 0
4962214, 855389, 1, 0, 0
4962464, 1048576, 1, 0, 0
4962714, 917504, 1, 0, 0
4962964, 950272, 1, 0, 0
4963214, 1032192, 1, 0, 0
4963464, 1064960, 1, 0, 0
4963714, 1310720, 1, 0, 0
4963964, 851968, 1, 0, 0
4964214, 1409024, 1, 0, 0
4964464, 1163264, 1, 0, 0
4964714, 1069236, 1, 0, 0
4964964, 1228800, 1, 0, 0
4965214, 950272, 1, 0, 0
4965464, 1556480, 1, 0, 0
4965714, 1114112, 1, 0, 0
4965964, 1982464, 1, 0, 0
4966214, 1802240, 1, 0, 0
4966464, 1310720, 1, 0, 0
4966714, 1327104, 1, 0, 0
4966964, 1036337, 1, 0, 0
4967214, 1114112, 1, 0, 0
4967464, 1212416, 1, 0, 0
4967714, 1212416, 1, 0, 0
4967964, 1540096, 1, 0, 0
4968214, 1409024, 1, 0, 0
4968464, 868352, 1, 0, 0
4968714, 1212416, 1, 0, 0
4968964, 1638400, 1, 0, 0
4969214, 1032192, 1, 0, 0
4969465, 1687552, 1, 0, 0
4969714, 1628530, 1, 0, 0
4969964, 1294336, 1, 0, 0
4970214, 573440, 1, 0, 0
4970464, 1032192, 1, 0, 0
4970714, 1196032, 1, 0, 0
4970964, 1245184, 1, 0, 0
4971214, 1277952, 1, 0, 0
4971464, 1540096, 1, 0, 0
4971714, 868352, 1, 0, 0
4971964, 1507328, 1, 0, 0
4972214, 1102136, 1, 0, 0
4972464, 1228800, 1, 0, 0
4972714, 1523712, 1, 0, 0
4972964, 1179648, 1, 0, 0
4973214, 1146880, 1, 0, 0
4973464, 1359872, 1, 0, 0
4973714, 1277952, 1, 0, 0
4973964, 1245184, 1, 0, 0
4974214, 1179648, 1, 0, 0
4974464, 1003437, 1, 0, 0
4974714, 1081344, 1, 0, 0
4974964, 950272, 1, 0, 0
4975214, 819200, 1, 0, 0
4975464, 1048576, 1, 0, 0
4975714, 1392640, 1, 0, 0
4975964, 819200, 1, 0, 0
4976214, 933888, 1, 0, 0
4976464, 950272, 1, 0, 0
4976715, 786432, 1, 0, 0
4976964, 707341, 1, 0, 0
4977214, 442368, 1, 0, 0
4977464, 638976, 1, 0, 0
4977714, 835584, 1, 0, 0
4977964, 1015808, 1, 0, 0
4978214, 1245184, 1, 0, 0
4978464, 1523712, 1, 0, 0
4978714, 1015808, 1, 0, 0
4978964, 819200, 1, 0, 0
4979214, 986987, 1, 0, 0
4979464, 1490944, 1, 0, 0
4979714, 1146880, 1, 0, 0
4979964, 786432, 1, 0, 0
4980214, 983040, 1, 0, 0
4980464, 753664, 1, 0, 0
4980714, 1032192, 1, 0, 0
4980964, 1769472, 1, 0, 0
4981214, 1556480, 1, 0, 0
4981464, 1097728, 1, 0, 0
4981714, 1398232, 1, 0, 0
4981964, 1556480, 1, 0, 0
4982214, 1015808, 1, 0, 0
4982464, 1409024, 1, 0, 0
4982714, 1572864, 1, 0, 0
4982964, 1310720, 1, 0, 0
4983214, 1163264, 1, 0, 0
4983464, 1179648, 1, 0, 0
4983714, 1277952, 1, 0, 0
4983964, 690891, 1, 0, 0
4984214, 950272, 1, 0, 0
4984464, 1064960, 1, 0, 0
4984714, 1277952, 1, 0, 0
4984964, 1179648, 1, 0, 0
4985214, 1376256, 1, 0, 0
4985464, 1245184, 1, 0, 0
4985714, 1228800, 1, 0, 0
4985964, 917504, 1, 0, 0
4986214, 671744, 1, 0, 0
4986464, 1250184, 1, 0, 0
4986714, 999424, 1, 0, 0
4986964, 1097728, 1, 0, 0
4987214, 999424, 1, 0, 0
4987464, 1359872, 1, 0, 0
4987714, 1212416, 1, 0, 0
4987964, 1392640, 1, 0, 0
4988214, 1409024, 1, 0, 0
4988464, 1447582, 1, 0, 0
4988714, 1523712, 1, 0, 0
4988964, 1572864, 1, 0, 0
4989214, 1196032, 1, 0, 0
4989464, 1409024, 1, 0, 0
4989714, 1261568, 1, 0, 0
4989964, 1114112, 1, 0, 0
4990214, 458752, 1, 0, 0
4990464, 884736, 1, 0, 0
4990714, 1114112, 1, 0, 0
4990964, 904738, 1, 0, 0
4991214, 671744, 1, 0, 0
4991464, 425984, 1, 0, 0
4991714, 360448, 1, 0, 0
4991964, 802816, 1, 0, 0
4992214, 294912, 1, 0, 0
4992464, 491520, 1, 0, 0
4992714, 737280, 1, 0, 0
4992964, 1081344, 1, 0, 0
4993214, 723791, 1, 0, 0
4993464, 475136, 1, 0, 0
4993714, 999424, 1, 0, 0
4993964, 884736, 1, 0, 0
4994214, 1359872, 1, 0, 0
4994464, 999424, 1, 0, 0
4994714, 1015808, 1, 0, 0
4994964, 753664, 1, 0, 0
4995214, 851968, 1, 0, 0
4995464, 1135036, 1, 0, 0
4995714, 1048576, 1, 0, 0
4995964, 884736, 1, 0, 0
4996214, 737280, 1, 0, 0
4996464, 737280, 1, 0, 0
4996714, 589824, 1, 0, 0
4996964, 524288, 1, 0, 0
4997214, 901120, 1, 0, 0
4997464, 720896, 1, 0, 0
4997714, 937638, 1, 0, 0
4997964, 622592, 1, 0, 0
4998214, 770048, 1, 0, 0
4998464, 1261568, 1, 0, 0
4998714, 1212416, 1, 0, 0
4998964, 1327104, 1, 0, 0
4999214, 1556480, 1, 0, 0
4999464, 999424, 1, 0, 0
4999714, 1605632, 1, 0, 0
4999964, 1474560, 1, 0, 0
5000214, 888289, 1, 0, 0
5000464, 1327104, 1, 0, 0
5000714, 1032192, 1, 0, 0
5000964, 1048576, 1, 0, 0
5001214, 1392640, 1, 0, 0
5001464, 1540096, 1, 0, 0
5001714, 1343488, 1, 0, 0
5001964, 1212416, 1, 0, 0
5002214, 917504, 1, 0, 0
5002464, 1179648, 1, 0, 0
5002714, 740240, 1, 0, 0
5002964, 1392640, 1, 0, 0
5003214, 1048576, 1, 0, 0
5003464, 1327104, 1, 0, 0
5003714, 983040, 1, 0, 0
5003964, 1196032, 1, 0, 0
5004214, 1146880, 1, 0, 0
5004464, 884736, 1, 0, 0
5004714, 835584, 1, 0, 0
5004965, 1212416, 1, 0, 0
5005214, 674441, 1, 0, 0
5005464, 753664, 1, 0, 0
5005714, 1048576, 1, 0, 0
5005964, 999424, 1, 0, 0
5006214, 868352, 1, 0, 0
5006464, 819200, 1, 0, 0
5006714, 753664, 1, 0, 0
5006964, 557056, 1, 0, 0
5007215, 720896, 1, 0, 0
5007464, 1118586, 1, 0, 0
5007714, 671744, 1, 0, 0
5007964, 475136, 1, 0, 0
5008214, 507904, 1, 0, 0
5008464, 786432, 1, 0, 0
5008714, 1081344, 1, 0, 0
5008964, 950272, 1, 0, 0
5009214, 1261568, 1, 0, 0
5009464, 1163264, 1, 0, 0
5009714, 789590, 1, 0, 0
5009964, 884736, 1, 0, 0
5010214, 802816, 1, 0, 0
5010464, 1343488, 1, 0, 0
5010714, 688128, 1, 0, 0
5010964, 851968, 1, 0, 0
5011214, 688128, 1, 0, 0
5011464, 1245184, 1, 0, 0
5011714, 835584, 1, 0, 0
5011964, 1562730, 1, 0, 0
5012214, 1654784, 1, 0, 0
5012464, 1015808, 1, 0, 0
5012714, 1228800, 1, 0, 0
5012964, 851968, 1, 0, 0
5013214, 1310720, 1, 0, 0
5013464, 1490944, 1, 0, 0
5013714, 851968, 1, 0, 0
5013964, 606208, 1, 0, 0
5014214, 444144, 1, 0, 0
5014464, 737280, 1, 0, 0
5014714, 491520, 1, 0, 0
5014964, 1146880, 1, 0, 0
5015214, 622592, 1, 0, 0
5015464, 1179648, 1, 0, 0
5015714, 950272, 1, 0, 0
5015964, 557056, 1, 0, 0
5016214, 933888, 1, 0, 0
5016464, 1015808, 1, 0, 0
5016714, 1019887, 1, 0, 0
5016964, 770048, 1, 0, 0
5017214, 835584, 1, 0, 0
5017464, 786432, 1, 0, 0
5017714, 753664, 1, 0, 0
5017964, 770048, 1, 0, 0
5018214, 507904, 1, 0, 0
5018464, 819200, 1, 0, 0
5018714, 786432, 1, 0, 0
5018964, 950272, 1, 0, 0
5019214, 806040, 1, 0, 0
5019464, 786432, 1, 0, 0
5019714, 819200, 1, 0, 0
5019964, 1703936, 1, 0, 0
5020214, 1474560, 1, 0, 0
5020464, 1130496, 1, 0, 0
5020714, 737280, 1, 0, 0
5020964, 1392640, 1, 0, 0
5021214, 901120, 1, 0, 0
5021464, 1381783, 1, 0, 0
5021714, 622592, 1, 0, 0
5021964, 753664, 1, 0, 0
5022214, 999424, 1, 0, 0
5022464, 1163264, 1, 0, 0
5022714, 917504, 1, 0, 0
5022964, 1032192, 1, 0, 0
5023214, 999424, 1, 0, 0
5023464, 655360, 1, 0, 0
5023714, 1245184, 1, 0, 0
5023964, 888289, 1, 0, 0
5024214, 983040, 1, 0, 0
5024464, 966656, 1, 0, 0
5024714, 1032192, 1, 0, 0
5024964, 1228800, 1, 0, 0
5025214, 950272, 1, 0, 0
5025464, 393216, 1, 0, 0
5025714, 131072, 1, 0, 0
5025964, 425984, 1, 0, 0
5026214, 1266634, 1, 0, 0
5026464, 1130496, 1, 0, 0
5026714, 1146880, 1, 0, 0
5026964, 901120, 1, 0, 0
5027214, 950272, 1, 0, 0
5027464, 868352, 1, 0, 0
5027714, 1130496, 1, 0, 0
5027964, 393216, 1, 0, 0
5028215, 573440, 1, 0, 0
5028464, 806040, 1, 0, 0
5028714, 1310720, 1, 0, 0
5028964, 1048576, 1, 0, 0
5029214, 704512, 1, 0, 0
5029464, 1032192, 1, 0, 0
5029714, 933888, 1, 0, 0
5029964, 950272, 1, 0, 0
5030214, 507904, 1, 0, 0
5030464, 737280, 1, 0, 0
5030714, 1114112, 1, 0, 0
5030964, 1250184, 1, 0, 0
5031214, 1245184, 1, 0, 0
5031464, 688128, 1, 0, 0
5031714, 1490944, 1, 0, 0
5031964, 1114112, 1, 0, 0
5032214, 1261568, 1, 0, 0
5032464, 1474560, 1, 0, 0
5032714, 1409024, 1, 0, 0
5032964, 1097728, 1, 0, 0
5033214, 1135036, 1, 0, 0
5033464, 999424, 1, 0, 0
5033714, 1212416, 1, 0, 0
5033964, 1933312, 1, 0, 0
5034214, 1163264, 1, 0, 0
5034464, 1343488, 1, 0, 0
5034714, 1490944, 1, 0, 0
5034964, 655360, 1, 0, 0
5035214, 622592, 1, 0, 0
5035464, 1163264, 1, 0, 0
5035714, 690891, 1, 0, 0
5035964, 1130496, 1, 0, 0
5036214, 999424, 1, 0, 0
5036464, 540672, 1, 0, 0
5036714, 524288, 1, 0, 0
5036964, 425984, 1, 0, 0
5037214, 638976, 1, 0, 0
5037464, 720896, 1, 0, 0
5037714, 524288, 1, 0, 0
5037964, 638976, 1, 0, 0
5038214, 855389, 1, 0, 0
5038464, 606208, 1, 0, 0
5038714, 638976, 1, 0, 0
5038964, 950272, 1, 0, 0
5039214, 1425408, 1, 0, 0
5039464, 671744, 1, 0, 0
5039714, 851968, 1, 0, 0
5039965, 655360, 1, 0, 0
5040214, 970538, 1, 0, 0
5040464, 851968, 1, 0, 0
5040714, 589824, 1, 0, 0
5040964, 851968, 1, 0, 0
5041214, 360448, 1, 0, 0
5041464, 393216, 1, 0, 0
5041714, 737280, 1, 0, 0
5041964, 1097728, 1, 0, 0
5042214, 1064960, 1, 0, 0
5042464, 625092, 1, 0, 0
5042714, 917504, 1, 0, 0
5042964, 1163264, 1, 0, 0
5043214, 966656, 1, 0, 0
5043464, 1114112, 1, 0, 0
5043714, 901120, 1, 0, 0
5043964, 933888, 1, 0, 0
5044214, 933888, 1, 0, 0
5044464, 1523712, 1, 0, 0
5044715, 655360, 1, 0, 0
5044964, 509943, 1, 0, 0
5045214, 917504, 1, 0, 0
5045464, 1146880, 1, 0, 0
5045714, 868352, 1, 0, 0
5045964, 1179648, 1, 0, 0
5046214, 1048576, 1, 0, 0
5046464, 1163264, 1, 0, 0
5046714, 688128, 1, 0, 0
5046964, 1146880, 1, 0, 0
5047214, 1464032, 1, 0, 0
5047464, 1130496, 1, 0, 0
5047714, 606208, 1, 0, 0
5047964, 819200, 1, 0, 0
5048214, 704512, 1, 0, 0
5048464, 606208, 1, 0, 0
5048714, 1196032, 1, 0, 0
5048964, 802816, 1, 0, 0
5049215, 737280, 1, 0, 0
5049464, 1052787, 1, 0, 0
5049714, 1294336, 1, 0, 0
5049964, 1032192, 1, 0, 0
5050214, 1605632, 1, 0, 0
5050464, 1097728, 1, 0, 0
5050714, 1179648, 1, 0, 0
5050964, 1556480, 1, 0, 0
5051214, 1064960, 1, 0, 0
5051464, 901120, 1, 0, 0
5051714, 509943, 1, 0, 0
5051964, 1605632, 1, 0, 0
5052214, 1540096, 1, 0, 0
5052464, 1179648, 1, 0, 0
5052714, 1376256, 1, 0, 0
5052964, 1327104, 1, 0, 0
5053214, 1490944, 1, 0, 0
5053464, 1441792, 1, 0, 0
5053714, 1064960, 1, 0, 0
5053964, 917504, 1, 0, 0
5054214, 1776578, 1, 0, 0
5054464, 1064960, 1, 0, 0
5054714, 1310720, 1, 0, 0
5054964, 1458176, 1, 0, 0
5055214, 1114112, 1, 0, 0
5055464, 1163264, 1, 0, 0
5055714, 1146880, 1, 0, 0
5055964, 1294336, 1, 0, 0
5056214, 1064960, 1, 0, 0
5056464, 901120, 1, 0, 0
5056714, 1151485, 1, 0, 0
5056964, 1048576, 1, 0, 0
5057214, 835584, 1, 0, 0
5057464, 622592, 1, 0, 0
5057714, 1032192, 1, 0, 0
5057964, 1228800, 1, 0, 0
5058214, 901120, 1, 0, 0
5058464, 868352, 1, 0, 0
5058714, 1048576, 1, 0, 0
5058964, 806040, 1, 0, 0
5059214, 1392640, 1, 0, 0
5059464, 688128, 1, 0, 0
5059714, 688128, 1, 0, 0
5059964, 1474560, 1, 0, 0
5060214, 1884160, 1, 0, 0
5060464, 802816, 1, 0, 0
5060714, 1179648, 1, 0, 0
5060964, 1327104, 1, 0, 0
5061215, 1409024, 1, 0, 0
5061464, 1233734, 1, 0, 0
5061714, 1163264, 1, 0, 0
5061964, 1540096, 1, 0, 0
5062214, 1540096, 1, 0, 0
5062464, 737280, 1, 0, 0
5062714, 1343488, 1, 0, 0
5062964, 1179648, 1, 0, 0
5063214, 1294336, 1, 0, 0
5063464, 1540096, 1, 0, 0
5063714, 1409024, 1, 0, 0
5063964, 1233734, 1, 0, 0
5064214, 1064960, 1, 0, 0
5064464, 1507328, 1, 0, 0
5064714, 1196032, 1, 0, 0
5064964, 1064960, 1, 0, 0
5065214, 884736, 1, 0, 0
5065464, 999424, 1, 0, 0
5065714, 1409024, 1, 0, 0
5065964, 1261568, 1, 0, 0
5066215, 884736, 1, 0, 0
5066464, 822489, 1, 0, 0
5066714, 802816, 1, 0, 0
5066964, 983040, 1, 0, 0
5067214, 1507328, 1, 0, 0
5067464, 835584, 1, 0, 0
5067714, 884736, 1, 0, 0
5067964, 966656, 1, 0, 0
5068214, 1196032, 1, 0, 0
5068464, 753664, 1, 0, 0
5068714, 1200835, 1, 0, 0
5068964, 655360, 1, 0, 0
5069214, 851968, 1, 0, 0
5069464, 1097728, 1, 0, 0
5069714, 1146880, 1, 0, 0
5069964, 1196032, 1, 0, 0
5070214, 1114112, 1, 0, 0
5070464, 1245184, 1, 0, 0
5070715, 720896, 1, 0, 0
5070964, 888289, 1, 0, 0
5071214, 753664, 1, 0, 0
5071464, 917504, 1, 0, 0
5071714, 999424, 1, 0, 0
5071964, 442368, 1, 0, 0
5072214, 868352, 1, 0, 0
5072464, 884736, 1, 0, 0
5072714, 1114112, 1, 0, 0
5072964, 671744, 1, 0, 0
5073214, 493493, 1, 0, 0
5073464, 753664, 1, 0, 0
5073714, 851968, 1, 0, 0
5073964, 458752, 1, 0, 0
5074214, 262144, 1, 0, 0
5074464, 425984, 1, 0, 0
5074714, 1392640, 1, 0, 0
5074964, 1212416, 1, 0, 0
5075214, 1261568, 1, 0, 0
5075464, 1036337, 1, 0, 0
5075714, 1605632, 1, 0, 0
5075964, 507904, 1, 0, 0
5076214, 1245184, 1, 0, 0
5076464, 1015808, 1, 0, 0
5076714, 737280, 1, 0, 0
5076964, 655360, 1, 0, 0
5077214, 1343488, 1, 0, 0
5077464, 884736, 1, 0, 0
5077715, 835584, 1, 0, 0
5077964, 1019887, 1, 0, 0
5078214, 720896, 1, 0, 0
5078464, 1146880, 1, 0, 0
5078714, 966656, 1, 0, 0
5078964, 1589248, 1, 0, 0
5079214, 1392640, 1, 0, 0
5079464, 655360, 1, 0, 0
5079714, 1135036, 1, 0, 0
5079964, 753664, 1, 0, 0
5080214, 819200, 1, 0, 0
5080464, 1261568, 1, 0, 0
5080714, 933888, 1, 0, 0
5080964, 458752, 1, 0, 0
5081214, 1081344, 1, 0, 0
5081464, 737280, 1, 0, 0
5081714, 888289, 1, 0, 0
5081964, 1179648, 1, 0, 0
5082214, 2129920, 1, 0, 0
5082464, 1359872, 1, 0, 0
5082714, 589824, 1, 0, 0
5082964, 737280, 1, 0, 0
5083214, 704512, 1, 0, 0
5083464, 1048576, 1, 0, 0
5083714, 819200, 1, 0, 0
5083964, 641542, 1, 0, 0
5084214, 458752, 1, 0, 0
5084464, 901120, 1, 0, 0
5084714, 1327104, 1, 0, 0
5084964, 966656, 1, 0, 0
5085214, 1097728, 1, 0, 0
5085464, 720896, 1, 0, 0
5085714, 737280, 1, 0, 0
5085964, 606208, 1, 0, 0
5086214, 1064960, 1, 0, 0
5086464, 1529831, 1, 0, 0
5086714, 983040, 1, 0, 0
5086964, 950272, 1, 0, 0
5087214, 983040, 1, 0, 0
5087464, 1163264, 1, 0, 0
5087714, 983040, 1, 0, 0
5087964, 720896, 1, 0, 0
5088214, 688128, 1, 0, 0
5088464, 983040, 1, 0, 0
5088714, 954088, 1, 0, 0
5088964, 1261568, 1, 0, 0
5089214, 884736, 1, 0, 0
5089464, 1081344, 1, 0, 0
5089714, 884736, 1, 0, 0
5089964, 1114112, 1, 0, 0
5090214, 1310720, 1, 0, 0
5090464, 802816, 1, 0, 0
5090714, 983040, 1, 0, 0
5090964, 1081344, 1, 0, 0
5091214, 740240, 1, 0, 0
5091464, 622592, 1, 0, 0
5091714, 966656, 1, 0, 0
5091964, 983040, 1, 0, 0
5092214, 819200, 1, 0, 0
5092464, 1097728, 1, 0, 0
5092714, 1392640, 1, 0, 0
5092964, 1146880, 1, 0, 0
5093214, 1130496, 1, 0, 0
5093464, 756690, 1, 0, 0
5093714, 1179648, 1, 0, 0
5093964, 1343488, 1, 0, 0
5094214, 1064960, 1, 0, 0
5094464, 1146880, 1, 0, 0
5094714, 1097728, 1, 0, 0
5094964, 1294336, 1, 0, 0
5095214, 851968, 1, 0, 0
5095464, 786432, 1, 0, 0
5095714, 1015808, 1, 0, 0
5095964, 1299534, 1, 0, 0
5096214, 1261568, 1, 0, 0
5096464, 1261568, 1, 0, 0
5096714, 983040, 1, 0, 0
5096964, 1228800, 1, 0, 0
5097214, 1032192, 1, 0, 0
5097464, 1261568, 1, 0, 0
5097714, 933888, 1, 0, 0
5097964, 901120, 1, 0, 0
5098214, 1097728, 1, 0, 0
5098464, 1710779, 1, 0, 0
5098714, 917504, 1, 0, 0
5098964, 1736704, 1, 0, 0
5099214, 917504, 1, 0, 0
5099464, 770048, 1, 0, 0
5099714, 704512, 1, 0, 0
5099964, 1507328, 1, 0, 0
5100214, 950272, 1, 0, 0
5100464, 720896, 1, 0, 0
5100714, 1015808, 1, 0, 0
5100964, 789590, 1, 0, 0
5101214, 1523712, 1, 0, 0
5101464, 835584, 1, 0, 0
5101714, 720896, 1, 0, 0
5101964, 1294336, 1, 0, 0
5102214, 933888, 1, 0, 0
5102464, 573440, 1, 0, 0
5102714, 835584, 1, 0, 0
5102964, 1130496, 1, 0, 0
5103215, 851968, 1, 0, 0
5103464, 657991, 1, 0, 0
5103714, 835584, 1, 0, 0
5103964, 1097728, 1, 0, 0
5104214, 1228800, 1, 0, 0
5104464, 1376256, 1, 0, 0
5104714, 1245184, 1, 0, 0
5104964, 1114112, 1, 0, 0
5105214, 1146880, 1, 0, 0
5105464, 789590, 1, 0, 0
5105714, 851968, 1, 0, 0
5105964, 1638400, 1, 0, 0
5106214, 1261568, 1, 0, 0
5106464, 671744, 1, 0, 0
5106714, 933888, 1, 0, 0
5106964, 1081344, 1, 0, 0
5107214, 606208, 1, 0, 0
5107464, 835584, 1, 0, 0
5107714, 1081344, 1, 0, 0
5107964, 1069236, 1, 0, 0
5108214, 999424, 1, 0, 0
5108464, 606208, 1, 0, 0
5108714, 1196032, 1, 0, 0
5108964, 770048, 1, 0, 0
5109214, 1146880, 1, 0, 0
5109464, 737280, 1, 0, 0
5109714, 1130496, 1, 0, 0
5109964, 819200, 1, 0, 0
5110214, 493493, 1, 0, 0
5110464, 671744, 1, 0, 0
5110714, 245760, 1, 0, 0
5110964, 786432, 1, 0, 0
5111214, 573440, 1, 0, 0
5111464, 704512, 1, 0, 0
5111714, 491520, 1, 0, 0
5111964, 344064, 1, 0, 0
5112214, 311296, 1, 0, 0
5112464, 197397, 1, 0, 0
5112714, 344064, 1, 0, 0
5112964, 507904, 1, 0, 0
5113214, 622592, 1, 0, 0
5113464, 589824, 1, 0, 0
5113714, 671744, 1, 0, 0
5113964, 704512, 1, 0, 0
5114214, 376832, 1, 0, 0
5114464, 409600, 1, 0, 0
5114713, 493493, 1, 0, 0
5114964, 425984, 1, 0, 0
5115214, 868352, 1, 0, 0
5115464, 1015808, 1, 0, 0
5115714, 311296, 1, 0, 0
5115964, 688128, 1, 0, 0
5116214, 606208, 1, 0, 0
5116464, 901120, 1, 0, 0
5116714, 1130496, 1, 0, 0
5116964, 589824, 1, 0, 0
5117214, 509943, 1, 0, 0
5117464, 540672, 1, 0, 0
5117714, 1212416, 1, 0, 0
5117964, 770048, 1, 0, 0
5118214, 294912, 1, 0, 0
5118464, 671744, 1, 0, 0
5118714, 491520, 1, 0, 0
5118964, 507904, 1, 0, 0
5119215, 1294336, 1, 0, 0
5119464, 1003437, 1, 0, 0
5119714, 966656, 1, 0, 0
5119964, 786432, 1, 0, 0
5120214, 507904, 1, 0, 0
5120464, 557056, 1, 0, 0
5120714, 1081344, 1, 0, 0
5120964, 606208, 1, 0, 0
5121214, 786432, 1, 0, 0
5121465, 1327104, 1, 0, 0
5121714, 1200835, 1, 0, 0
5121964, 589824, 1, 0, 0
5122214, 671744, 1, 0, 0
5122464, 1048576, 1, 0, 0
5122714, 933888, 1, 0, 0
5122964, 1064960, 1, 0, 0
5123214, 1228800, 1, 0, 0
5123464, 720896, 1, 0, 0
5123714, 507904, 1, 0, 0
5123964, 838939, 1, 0, 0
5124214, 753664, 1, 0, 0
5124464, 1097728, 1, 0, 0
5124714, 524288, 1, 0, 0
5124964, 671744, 1, 0, 0
5125214, 966656, 1, 0, 0
5125464, 966656, 1, 0, 0
5125714, 933888, 1, 0, 0
5125964, 704512, 1, 0, 0
5126215, 802816, 1, 0, 0
5126464, 509943, 1, 0, 0
5126714, 1196032, 1, 0, 0
5126964, 491520, 1, 0, 0
5127214, 720896, 1, 0, 0
5127464, 933888, 1, 0, 0
5127714, 606208, 1, 0, 0
5127964, 294912, 1, 0, 0
5128215, 737280, 1, 0, 0
5128464, 509943, 1, 0, 0
5128714, 311296, 1, 0, 0
5128964, 344064, 1, 0, 0
5129214, 983040, 1, 0, 0
5129464, 589824, 1, 0, 0
5129714, 802816, 1, 0, 0
5129964, 507904, 1, 0, 0
5130214, 753664, 1, 0, 0
5130464, 1048576, 1, 0, 0
5130714, 904738, 1, 0, 0
5130964, 557056, 1, 0, 0
5131214, 409600, 1, 0, 0
5131464, 540672, 1, 0, 0
5131714, 950272, 1, 0, 0
5131964, 851968, 1, 0, 0
5132214, 1146880, 1, 0, 0
5132464, 1032192, 1, 0, 0
5132714, 557056, 1, 0, 0
5132964, 970538, 1, 0, 0
5133214, 1015808, 1, 0, 0
5133464, 868352, 1, 0, 0
5133714, 868352, 1, 0, 0
5133964, 589824, 1, 0, 0
5134214, 933888, 1, 0, 0
5134464, 688128, 1, 0, 0
5134714, 655360, 1, 0, 0
5134964, 1327104, 1, 0, 0
5135214, 638976, 1, 0, 0
5135464, 427694, 1, 0, 0
5135714, 540672, 1, 0, 0
5135964, 1130496, 1, 0, 0
5136214, 1097728, 1, 0, 0
5136464, 688128, 1, 0, 0
5136714, 917504, 1, 0, 0
5136964, 425984, 1, 0, 0
5137214, 835584, 1, 0, 0
5137464, 1228800, 1, 0, 0
5137714, 1019887, 1, 0, 0
5137964, 212992, 1, 0, 0
5138214, 524288, 1, 0, 0
5138464, 425984, 1, 0, 0
5138714, 491520, 1, 0, 0
5138964, 425984, 1, 0, 0
5139214, 196608, 1, 0, 0
5139464, 671744, 1, 0, 0
5139714, 360448, 1, 0, 0
5139964, 477044, 1, 0, 0
5140214, 802816, 1, 0, 0
5140464, 1048576, 1, 0, 0
5140714, 901120, 1, 0, 0
5140964, 1015808, 1, 0, 0
5141214, 1327104, 1, 0, 0
5141464, 1228800, 1, 0, 0
5141714, 1081344, 1, 0, 0
5141964, 1179648, 1, 0, 0
5142214, 1776578, 1, 0, 0
5142464, 1310720, 1, 0, 0
5142714, 1277952, 1, 0, 0
5142964, 1343488, 1, 0, 0
5143214, 1032192, 1, 0, 0
5143464, 1736704, 1, 0, 0
5143714, 1277952, 1, 0, 0
5143964, 770048, 1, 0, 0
5144214, 1654784, 1, 0, 0
5144465, 950272, 1, 0, 0
5144714, 954088, 1, 0, 0
5144964, 1163264, 1, 0, 0
5145214, 1114112, 1, 0, 0
5145464, 1327104, 1, 0, 0
5145714, 770048, 1, 0, 0
5145964, 1097728, 1, 0, 0
5146214, 1474560, 1, 0, 0
5146464, 1097728, 1, 0, 0
5146714, 1048576, 1, 0, 0
5146964, 1114112, 1, 0, 0
5147214, 904738, 1, 0, 0
5147464, 786432, 1, 0, 0
5147714, 1097728, 1, 0, 0
5147964, 1376256, 1, 0, 0
5148214, 737280, 1, 0, 0
5148464, 966656, 1, 0, 0
5148714, 1097728, 1, 0, 0
5148964, 688128, 1, 0, 0
5149214, 1327104, 1, 0, 0
5149465, 1212416, 1, 0, 0
5149714, 1135036, 1, 0, 0
5149964, 851968, 1, 0, 0
5150214, 1277952, 1, 0, 0
5150464, 1048576, 1, 0, 0
5150714, 1179648, 1, 0, 0
5150964, 1179648, 1, 0, 0
5151214, 1343488, 1, 0, 0
5151464, 835584, 1, 0, 0
5151714, 1212416, 1, 0, 0
5151964, 950272, 1, 0, 0
5152214, 1266634, 1, 0, 0
5152464, 1146880, 1, 0, 0
5152714, 1212416, 1, 0, 0
5152964, 1130496, 1, 0, 0
5153214, 1245184, 1, 0, 0
5153464, 851968, 1, 0, 0
5153714, 802816, 1, 0, 0
5153964, 1114112, 1, 0, 0
5154214, 802816, 1, 0, 0
5154464, 1414682, 1, 0, 0
5154714, 1261568, 1, 0, 0
5154964, 540672, 1, 0, 0
5155214, 720896, 1, 0, 0
5155464, 458752, 1, 0, 0
5155714, 458752, 1, 0, 0
5155964, 1245184, 1, 0, 0
5156214, 786432, 1, 0, 0
5156464, 720896, 1, 0, 0
5156714, 674441, 1, 0, 0
5156964, 802816, 1, 0, 0
5157214, 1540096, 1, 0, 0
5157464, 720896, 1, 0, 0
5157714, 983040, 1, 0, 0
5157964, 1048576, 1, 0, 0
5158214, 753664, 1, 0, 0
5158464, 966656, 1, 0, 0
5158714, 1064960, 1, 0, 0
5158964, 802816, 1, 0, 0
5159214, 871839, 1, 0, 0
5159464, 393216, 1, 0, 0
5159714, 1212416, 1, 0, 0
5159964, 1474560, 1, 0, 0
5160214, 983040, 1, 0, 0
5160464, 1228800, 1, 0, 0
5160714, 1736704, 1, 0, 0
5160964, 1507328, 1, 0, 0
5161214, 1114112, 1, 0, 0
5161464, 723791, 1, 0, 0
5161714, 1196032, 1, 0, 0
5161964, 851968, 1, 0, 0
5162214, 802816, 1, 0, 0
5162464, 1032192, 1, 0, 0
5162714, 1359872, 1, 0, 0
5162964, 1212416, 1, 0, 0
5163214, 1507328, 1, 0, 0
5163464, 1310720, 1, 0, 0
5163714, 491520, 1, 0, 0
5163964, 1019887, 1, 0, 0
5164214, 1163264, 1, 0, 0
5164464, 1048576, 1, 0, 0
5164714, 786432, 1, 0, 0
5164964, 1441792, 1, 0, 0
5165214, 1032192, 1, 0, 0
5165464, 1048576, 1, 0, 0
5165714, 966656, 1, 0, 0
5165964, 704512, 1, 0, 0
5166215, 720896, 1, 0, 0
5166464, 378345, 1, 0, 0
5166714, 425984, 1, 0, 0
5166964, 475136, 1, 0, 0
5167214, 1228800, 1, 0, 0
5167464, 966656, 1, 0, 0
5167714, 983040, 1, 0, 0
5167964, 606208, 1, 0, 0
5168214, 1179648, 1, 0, 0
5168464, 851968, 1, 0, 0
5168714, 1135036, 1, 0, 0
5168964, 1081344, 1, 0, 0
5169214, 1179648, 1, 0, 0
5169464, 1425408, 1, 0, 0
5169714, 1392640, 1, 0, 0
5169964, 999424, 1, 0, 0
5170214, 720896, 1, 0, 0
5170464, 1179648, 1, 0, 0
5170714, 999424, 1, 0, 0
5170964, 638976, 1, 0, 0
5171214, 1036337, 1, 0, 0
5171464, 1212416, 1, 0, 0
5171714, 1392640, 1, 0, 0
5171964, 819200, 1, 0, 0
5172214, 835584, 1, 0, 0
5172464, 933888, 1, 0, 0
5172714, 1064960, 1, 0, 0
5172964, 704512, 1, 0, 0
5173215, 835584, 1, 0, 0
5173464, 1315983, 1, 0, 0
5173714, 1376256, 1, 0, 0
5173964, 802816, 1, 0, 0
5174214, 524288, 1, 0, 0
5174464, 606208, 1, 0, 0
5174714, 1507328, 1, 0, 0
5174964, 1425408, 1, 0, 0
5175214, 1507328, 1, 0, 0
5175464, 1228800, 1, 0, 0
5175715, 1228800, 1, 0, 0
5175964, 1102136, 1, 0, 0
5176214, 1228800, 1, 0, 0
5176464, 1114112, 1, 0, 0
5176714, 1523712, 1, 0, 0
5176964, 1392640, 1, 0, 0
5177214, 425984, 1, 0, 0
5177464, 786432, 1, 0, 0
5177714, 737280, 1, 0, 0
5177964, 1277952, 1, 0, 0
5178214, 559293, 1, 0, 0
5178464, 786432, 1, 0, 0
5178714, 1245184, 1, 0, 0
5178964, 1310720, 1, 0, 0
5179214, 1081344, 1, 0, 0
5179464, 1064960, 1, 0, 0
5179714, 1032192, 1, 0, 0
5179964, 1687552, 1, 0, 0
5180214, 884736, 1, 0, 0
5180464, 625092, 1, 0, 0
5180714, 868352, 1, 0, 0
5180964, 1146880, 1, 0, 0
5181214, 1556480, 1, 0, 0
5181464, 737280, 1, 0, 0
5181714, 999424, 1, 0, 0
5181964, 901120, 1, 0, 0
5182214, 1163264, 1, 0, 0
5182464, 1048576, 1, 0, 0
5182714, 1200835, 1, 0, 0
5182964, 1064960, 1, 0, 0
5183214, 1097728, 1, 0, 0
5183464, 835584, 1, 0, 0
5183714, 1359872, 1, 0, 0
5183964, 835584, 1, 0, 0
5184214, 851968, 1, 0, 0
5184464, 1277952, 1, 0, 0
5184714, 1032192, 1, 0, 0
5184964, 933888, 1, 0, 0
5185214, 1875277, 1, 0, 0
5185464, 1032192, 1, 0, 0
5185714, 753664, 1, 0, 0
5185964, 770048, 1, 0, 0
5186214, 868352, 1, 0, 0
5186464, 475136, 1, 0, 0
5186714, 819200, 1, 0, 0
5186964, 819200, 1, 0, 0
5187214, 720896, 1, 0, 0
5187465, 393216, 1, 0, 0
5187714, 921188, 1, 0, 0
5187964, 770048, 1, 0, 0
5188214, 884736, 1, 0, 0
5188464, 1015808, 1, 0, 0
5188714, 819200, 1, 0, 0
5188964, 491520, 1, 0, 0
5189214, 409600, 1, 0, 0
5189464, 475136, 1, 0, 0
5189714, 704512, 1, 0, 0
5189964, 937638, 1, 0, 0
5190214, 622592, 1, 0, 0
5190464, 983040, 1, 0, 0
5190714, 1048576, 1, 0, 0
5190964, 638976, 1, 0, 0
5191214, 393216, 1, 0, 0
5191464, 540672, 1, 0, 0
5191714, 1327104, 1, 0, 0
5191964, 1359872, 1, 0, 0
5192214, 509943, 1, 0, 0
5192464, 425984, 1, 0, 0
5192714, 819200, 1, 0, 0
5192964, 868352, 1, 0, 0
5193214, 1196032, 1, 0, 0
5193464, 1359872, 1, 0, 0
5193714, 868352, 1, 0, 0
5193964, 917504, 1, 0, 0
5194214, 737280, 1, 0, 0
5194465, 1392640, 1, 0, 0
5194714, 1431132, 1, 0, 0
5194964, 1572864, 1, 0, 0
5195214, 1671168, 1, 0, 0
5195464, 1196032, 1, 0, 0
5195714, 1114112, 1, 0, 0
5195964, 1179648, 1, 0, 0
5196214, 1409024, 1, 0, 0
5196465, 1130496, 1, 0, 0
5196714, 937638, 1, 0, 0
5196964, 1245184, 1, 0, 0
5197214, 1130496, 1, 0, 0
5197464, 1261568, 1, 0, 0
5197714, 983040, 1, 0, 0
5197964, 1097728, 1, 0, 0
5198214, 1064960, 1, 0, 0
5198464, 573440, 1, 0, 0
5198714, 966656, 1, 0, 0
5198964, 1019887, 1, 0, 0
5199214, 901120, 1, 0, 0
5199464, 1130496, 1, 0, 0
5199714, 1310720, 1, 0, 0
5199964, 851968, 1, 0, 0
5200214, 1179648, 1, 0, 0
5200464, 1146880, 1, 0, 0
5200714, 704512, 1, 0, 0
5200964, 966656, 1, 0, 0
5201214, 835584, 1, 0, 0
5201464, 838939, 1, 0, 0
5201714, 901120, 1, 0, 0
5201964, 933888, 1, 0, 0
5202214, 720896, 1, 0, 0
5202464, 819200, 1, 0, 0
5202714, 868352, 1, 0, 0
5202964, 1048576, 1, 0, 0
5203214, 606208, 1, 0, 0
5203464, 1196032, 1, 0, 0
5203714, 884736, 1, 0, 0
5203964, 1052787, 1, 0, 0
5204214, 573440, 1, 0, 0
5204464, 819200, 1, 0, 0
5204714, 835584, 1, 0, 0
5204964, 622592, 1, 0, 0
5205214, 491520, 1, 0, 0
5205464, 950272, 1, 0, 0
5205714, 1015808, 1, 0, 0
5205964, 1245184, 1, 0, 0
5206214, 1315983, 1, 0, 0
5206464, 458752, 1, 0, 0
5206714, 638976, 1, 0, 0
5206964, 1064960, 1, 0, 0
5207214, 770048, 1, 0, 0
5207464, 688128, 1, 0, 0
5207714, 835584, 1, 0, 0
5207964, 1032192, 1, 0, 0
5208215, 589824, 1, 0, 0
5208464, 888289, 1, 0, 0
5208714, 671744, 1, 0, 0
5208964, 491520, 1, 0, 0
5209214, 638976, 1, 0, 0
5209464, 475136, 1, 0, 0
5209714, 425984, 1, 0, 0
5209964, 1064960, 1, 0, 0
5210214, 802816, 1, 0, 0
5210464, 921188, 1, 0, 0
5210714, 802816, 1, 0, 0
5210964, 802816, 1, 0, 0
5211214, 1179648, 1, 0, 0
5211464, 1212416, 1, 0, 0
5211714, 1146880, 1, 0, 0
5211964, 1032192, 1, 0, 0
5212214, 999424, 1, 0, 0
5212464, 937638, 1, 0, 0
5212714, 1376256, 1, 0, 0
5212964, 1622016, 1, 0, 0
5213214, 950272, 1, 0, 0
5213464, 1736704, 1, 0, 0
5213714, 1146880, 1, 0, 0
5213964, 1441792, 1, 0, 0
5214214, 1409024, 1, 0, 0
5214464, 819200, 1, 0, 0
5214714, 884736, 1, 0, 0
5214964, 1644979, 1, 0, 0
5215214, 1277952, 1, 0, 0
5215464, 1409024, 1, 0, 0
5215714, 1130496, 1, 0, 0
5215964, 1015808, 1, 0, 0
5216214, 1425408, 1, 0, 0
5216464, 1556480, 1, 0, 0
5216714, 1212416, 1, 0, 0
5216964, 1146880, 1, 0, 0
5217215, 1015808, 1, 0, 0
5217464, 1299534, 1, 0, 0
5217714, 1196032, 1, 0, 0
5217964, 1081344, 1, 0, 0
5218214, 950272, 1, 0, 0
5218464, 802816, 1, 0, 0
5218714, 671744, 1, 0, 0
5218964, 360448, 1, 0, 0
5219215, 720896, 1, 0, 0
5219465, 819200, 1, 0, 0
5219714, 904738, 1, 0, 0
5219964, 524288, 1, 0, 0
5220215, 278528, 1, 0, 0
5220464, 608642, 1, 0, 0
5220714, 786432, 1, 0, 0
5220964, 425984, 1, 0, 0
5221215, 802816, 1, 0, 0
5221465, 507904, 1, 0, 0
5221714, 822489, 1, 0, 0
5221964, 524288, 1, 0, 0
5222215, 901120, 1, 0, 0
5222464, 986987, 1, 0, 0
5222714, 540672, 1, 0, 0
5222964, 540672, 1, 0, 0
5223214, 65536, 1, 0, 0
5223465, 163840, 1, 0, 0
5223714, 822489, 1, 0, 0
5223964, 770048, 1, 0, 0
5224215, 540672, 1, 0, 0
5224465, 311296, 1, 0, 0
5224714, 477044, 1, 0, 0
5224964, 622592, 1, 0, 0
5225214, 327680, 1, 0, 0
5225465, 1015808, 1, 0, 0
5225714, 592192, 1, 0, 0
5225964, 573440, 1, 0, 0
5226214, 819200, 1, 0, 0
5226465, 753664, 1, 0, 0
5226714, 559293, 1, 0, 0
5226964, 638976, 1, 0, 0
5227214, 475136, 1, 0, 0
5227464, 638976, 1, 0, 0
5227715, 868352, 1, 0, 0
5227964, 674441, 1, 0, 0
5228214, 999424, 1, 0, 0
5228464, 655360, 1, 0, 0
5228714, 442368, 1, 0, 0
5228965, 409600, 1, 0, 0
5229214, 559293, 1, 0, 0
5229464, 376832, 1, 0, 0
5229715, 475136, 1, 0, 0
5229964, 526393, 1, 0, 0
5230214, 458752, 1, 0, 0
5230464, 753664, 1, 0, 0
5230715, 688128, 1, 0, 0
5230964, 542843, 1, 0, 0
5231214, 1032192, 1, 0, 0
5231464, 540672, 1, 0, 0
5231715, 819200, 1, 0, 0
5231965, 704512, 1, 0, 0
5232214, 608642, 1, 0, 0
5232464, 655360, 1, 0, 0
5232714, 835584, 1, 0, 0
5232965, 868352, 1, 0, 0
5233214, 345445, 1, 0, 0
5233464, 688128, 1, 0, 0
5233715, 802816, 1, 0, 0
5233965, 753664, 1, 0, 0
5234214, 921188, 1, 0, 0
5234464, 835584, 1, 0, 0
5234714, 638976, 1, 0, 0
5234965, 835584, 1, 0, 0
5235214, 773140, 1, 0, 0
5235464, 950272, 1, 0, 0
5235714, 1277952, 1, 0, 0
5235965, 1081344, 1, 0, 0
5236215, 720896, 1, 0, 0
5236464, 1200835, 1, 0, 0
5236714, 983040, 1, 0, 0
5236964, 1048576, 1, 0, 0
5237215, 851968, 1, 0, 0
5237464, 1200835, 1, 0, 0
5237714, 770048, 1, 0, 0
5237964, 1048576, 1, 0, 0
5238215, 720896, 1, 0, 0
5238464, 921188, 1, 0, 0
5238714, 1163264, 1, 0, 0
5238964, 1376256, 1, 0, 0
5239215, 1409024, 1, 0, 0
5239464, 1019887, 1, 0, 0
5239714, 1146880, 1, 0, 0
5239964, 1163264, 1, 0, 0
5240215, 1163264, 1, 0, 0
5240464, 1233734, 1, 0, 0
5240714, 1245184, 1, 0, 0
5240964, 1245184, 1, 0, 0
5241214, 1245184, 1, 0, 0
5241465, 1327104, 1, 0, 0
5241714, 986987, 1, 0, 0
5241964, 1392640, 1, 0, 0
5242214, 1671168, 1, 0, 0
5242464, 1245184, 1, 0, 0
5242715, 1146880, 1, 0, 0
5242964, 1217285, 1, 0, 0
5243214, 1163264, 1, 0, 0
5243464, 786432, 1, 0, 0
5243715, 966656, 1, 0, 0
5243964, 1315983, 1, 0, 0
5244214, 1458176, 1, 0, 0
5244464, 1277952, 1, 0, 0
5244714, 1245184, 1, 0, 0
5244965, 1130496, 1, 0, 0
5245214, 1184385, 1, 0, 0
5245464, 1327104, 1, 0, 0
5245714, 1507328, 1, 0, 0
5245965, 1376256, 1, 0, 0
5246214, 1135036, 1, 0, 0
5246464, 1179648, 1, 0, 0
5246714, 868352, 1, 0, 0
5246965, 1196032, 1, 0, 0
5247214, 1102136, 1, 0, 0
5247464, 1474560, 1, 0, 0
5247714, 1196032, 1, 0, 0
5247965, 1458176, 1, 0, 0
5248214, 1529831, 1, 0, 0
5248464, 1359872, 1, 0, 0
5248714, 1376256, 1, 0, 0
5248965, 1245184, 1, 0, 0
5249214, 1579180, 1, 0, 0
5249464, 1622016, 1, 0, 0
5249714, 1507328, 1, 0, 0
5249964, 1245184, 1, 0, 0
5250215, 1245184, 1, 0, 0
5250464, 1579180, 1, 0, 0
5250714, 1196032, 1, 0, 0
5250964, 1818624, 1, 0, 0
5251214, 1654784, 1, 0, 0
5251465, 1867776, 1, 0, 0
5251714, 1908176, 1, 0, 0
5251964, 1671168, 1, 0, 0
5252215, 1556480, 1, 0, 0
5252464, 1299534, 1, 0, 0
5252714, 1212416, 1, 0, 0
5252964, 1015808, 1, 0, 0
5253214, 1425408, 1, 0, 0
5253465, 1015808, 1, 0, 0
5253714, 773140, 1, 0, 0
5253964, 475136, 1, 0, 0
5254214, 475136, 1, 0, 0
5254464, 606208, 1, 0, 0
5254715, 1081344, 1, 0, 0
5254964, 1036337, 1, 0, 0
5255214, 917504, 1, 0, 0
5255464, 589824, 1, 0, 0
5255715, 540672, 1, 0, 0
5255964, 888289, 1, 0, 0
5256214, 851968, 1, 0, 0
5256464, 737280, 1, 0, 0
5256715, 753664, 1, 0, 0
5256964, 674441, 1, 0, 0
5257214, 868352, 1, 0, 0
5257464, 753664, 1, 0, 0
5257715, 1392640, 1, 0, 0
5257964, 1283084, 1, 0, 0
5258214, 966656, 1, 0, 0
5258464, 1196032, 1, 0, 0
5258715, 835584, 1, 0, 0
5258964, 1118586, 1, 0, 0
5259214, 868352, 1, 0, 0
5259464, 1114112, 1, 0, 0
5259715, 950272, 1, 0, 0
5259964, 1710779, 1, 0, 0
5260214, 868352, 1, 0, 0
5260465, 966656, 1, 0, 0
5260714, 1579180, 1, 0, 0
5260964, 983040, 1, 0, 0
5261214, 1179648, 1, 0, 0
5261465, 671744, 1, 0, 0
5261714, 1217285, 1, 0, 0
5261964, 819200, 1, 0, 0
5262214, 81920, 1, 0, 0
5262464, 786432, 1, 0, 0
5262715, 999424, 1, 0, 0
5262964, 756690, 1, 0, 0
5263214, 655360, 1, 0, 0
5263465, 851968, 1, 0, 0
5263714, 1348883, 1, 0, 0
5263964, 1392640, 1, 0, 0
5264214, 1228800, 1, 0, 0
5264464, 655360, 1, 0, 0
5264715, 835584, 1, 0, 0
5264964, 888289, 1, 0, 0
5265214, 786432, 1, 0, 0
5265464, 524288, 1, 0, 0
5265715, 1261568, 1, 0, 0
5265964, 888289, 1, 0, 0
5266214, 688128, 1, 0, 0
5266464, 901120, 1, 0, 0
5266715, 1048576, 1, 0, 0
5266964, 1036337, 1, 0, 0
5267214, 540672, 1, 0, 0
5267464, 1081344, 1, 0, 0
5267714, 917504, 1, 0, 0
5267965, 1392640, 1, 0, 0
5268214, 1036337, 1, 0, 0
5268464, 1622016, 1, 0, 0
5268714, 1425408, 1, 0, 0
5268964, 1458176, 1, 0, 0
5269215, 344064, 1, 0, 0
5269464, 509943, 1, 0, 0
5269714, 1081344, 1, 0, 0
5269964, 1097728, 1, 0, 0
5270215, 966656, 1, 0, 0
5270464, 1167935, 1, 0, 0
5270714, 966656, 1, 0, 0
5270964, 1015808, 1, 0, 0
5271214, 999424, 1, 0, 0
5271465, 1081344, 1, 0, 0
5271714, 822489, 1, 0, 0
5271964, 917504, 1, 0, 0
5272214, 1228800, 1, 0, 0
5272465, 1146880, 1, 0, 0
5272714, 740240, 1, 0, 0
5272964, 901120, 1, 0, 0
5273215, 1441792, 1, 0, 0
5273464, 954088, 1, 0, 0
5273714, 638976, 1, 0, 0
5273964, 507904, 1, 0, 0
5274214, 425984, 1, 0, 0
5274465, 688128, 1, 0, 0
5274714, 526393, 1, 0, 0
5274964, 720896, 1, 0, 0
5275214, 507904, 1, 0, 0
5275465, 507904, 1, 0, 0
5275714, 411244, 1, 0, 0
5275964, 606208, 1, 0, 0
5276214, 327680, 1, 0, 0
5276465, 540672, 1, 0, 0
5276714, 411244, 1, 0, 0
5276964, 458752, 1, 0, 0
5277214, 409600, 1, 0, 0
5277464, 802816, 1, 0, 0
5277715, 622592, 1, 0, 0
5277964, 526393, 1, 0, 0
5278214, 688128, 1, 0, 0
5278464, 557056, 1, 0, 0
5278715, 507904, 1, 0, 0
5278965, 704512, 1, 0, 0
5279214, 1085686, 1, 0, 0
5279465, 770048, 1, 0, 0
5279715, 819200, 1, 0, 0
5279964, 559293, 1, 0, 0
5280214, 671744, 1, 0, 0
5280465, 688128, 1, 0, 0
5280714, 707341, 1, 0, 0
5280964, 688128, 1, 0, 0
5281214, 442368, 1, 0, 0
5281465, 606208, 1, 0, 0
5281714, 773140, 1, 0, 0
5281964, 507904, 1, 0, 0
5282214, 835584, 1, 0, 0
5282465, 802816, 1, 0, 0
5282715, 1032192, 1, 0, 0
5282964, 970538, 1, 0, 0
5283214, 573440, 1, 0, 0
5283464, 868352, 1, 0, 0
5283715, 688128, 1, 0, 0
5283965, 819200, 1, 0, 0
5284214, 1102136, 1, 0, 0
5284464, 1064960, 1, 0, 0
5284715, 917504, 1, 0, 0
5284965, 933888, 1, 0, 0
5285214, 1118586, 1, 0, 0
5285464, 1343488, 1, 0, 0
5285715, 1081344, 1, 0, 0
5285965, 950272, 1, 0, 0
5286214, 904738, 1, 0, 0
5286464, 720896, 1, 0, 0
5286715, 1245184, 1, 0, 0
5286964, 1069236, 1, 0, 0
5287214, 737280, 1, 0, 0
5287464, 671744, 1, 0, 0
5287714, 573440, 1, 0, 0
5287965, 884736, 1, 0, 0
5288214, 1184385, 1, 0, 0
5288464, 1310720, 1, 0, 0
5288714, 1048576, 1, 0, 0
5288965, 1327104, 1, 0, 0
5289214, 1135036, 1, 0, 0
5289464, 983040, 1, 0, 0
5289714, 868352, 1, 0, 0
5289964, 704512, 1, 0, 0
5290215, 819200, 1, 0, 0
5290464, 1447582, 1, 0, 0
5290714, 1572864, 1, 0, 0
5290964, 966656, 1, 0, 0
5291214, 1261568, 1, 0, 0
5291464, 1327104, 1, 0, 0
5291715, 1556480, 1, 0, 0
5291964, 855389, 1, 0, 0
5292214, 1310720, 1, 0, 0
5292464, 1261568, 1, 0, 0
5292714, 950272, 1, 0, 0
5292965, 1507328, 1, 0, 0
5293214, 1612080, 1, 0, 0
5293464, 1327104, 1, 0, 0
5293714, 1212416, 1, 0, 0
5293964, 1343488, 1, 0, 0
5294215, 1179648, 1, 0, 0
5294464, 1727228, 1, 0, 0
5294714, 1245184, 1, 0, 0
5294964, 1048576, 1, 0, 0
5295214, 999424, 1, 0, 0
5295465, 1179648, 1, 0, 0
5295714, 1135036, 1, 0, 0
5295964, 1097728, 1, 0, 0
5296214, 835584, 1, 0, 0
5296465, 425984, 1, 0, 0
5296714, 986987, 1, 0, 0
5296964, 999424, 1, 0, 0
5297214, 1556480, 1, 0, 0
5297465, 622592, 1, 0, 0
5297715, 802816, 1, 0, 0
5297964, 1085686, 1, 0, 0
5298214, 1032192, 1, 0, 0
5298464, 1409024, 1, 0, 0
5298715, 1114112, 1, 0, 0
5298964, 592192, 1, 0, 0
5299214, 196608, 1, 0, 0
5299464, 573440, 1, 0, 0
5299715, 1392640, 1, 0, 0
5299964, 1365333, 1, 0, 0
5300214, 1048576, 1, 0, 0
5300465, 1097728, 1, 0, 0
5300714, 888289, 1, 0, 0
5300964, 1343488, 1, 0, 0
5301214, 1441792, 1, 0, 0
5301464, 1982464, 1, 0, 0
5301714, 1015808, 1, 0, 0
5301964, 950272, 1, 0, 0
5302214, 1458176, 1, 0, 0
5302464, 871839, 1, 0, 0
5302714, 999424, 1, 0, 0
5302964, 1458176, 1, 0, 0
5303214, 655360, 1, 0, 0
5303464, 720896, 1, 0, 0
5303714, 1277952, 1, 0, 0
5303964, 425984, 1, 0, 0
5304214, 1294336, 1, 0, 0
5304464, 966656, 1, 0, 0
5304714, 937638, 1, 0, 0
5304964, 950272, 1, 0, 0
5305214, 999424, 1, 0, 0
5305464, 1130496, 1, 0, 0
5305714, 1163264, 1, 0, 0
5305964, 1228800, 1, 0, 0
5306214, 1605632, 1, 0, 0
5306464, 1097728, 1, 0, 0
5306714, 1277952, 1, 0, 0
5306964, 1490944, 1, 0, 0
5307215, 983040, 1, 0, 0
5307464, 904738, 1, 0, 0
5307714, 737280, 1, 0, 0
5307964, 1425408, 1, 0, 0
5308214, 1589248, 1, 0, 0
5308464, 1179648, 1, 0, 0
5308714, 1196032, 1, 0, 0
5308964, 1605632, 1, 0, 0
5309214, 1376256, 1, 0, 0
5309464, 540672, 1, 0, 0
5309714, 657991, 1, 0, 0
5309964, 655360, 1, 0, 0
5310214, 1392640, 1, 0, 0
5310464, 1556480, 1, 0, 0
5310714, 1212416, 1, 0, 0
5310964, 1556480, 1, 0, 0
5311214, 1048576, 1, 0, 0
5311464, 983040, 1, 0, 0
5311714, 786432, 1, 0, 0
5311964, 1447582, 1, 0, 0
5312214, 1458176, 1, 0, 0
5312464, 491520, 1, 0, 0
5312714, 606208, 1, 0, 0
5312964, 802816, 1, 0, 0
5313214, 1114112, 1, 0, 0
5313464, 1064960, 1, 0, 0
5313714, 868352, 1, 0, 0
5313964, 376832, 1, 0, 0
5314214, 559293, 1, 0, 0
5314464, 1097728, 1, 0, 0
5314714, 1081344, 1, 0, 0
5314964, 1081344, 1, 0, 0
5315214, 1507328, 1, 0, 0
5315464, 1130496, 1, 0, 0
5315714, 1441792, 1, 0, 0
5315964, 901120, 1, 0, 0
5316214, 917504, 1, 0, 0
5316464, 1097728, 1, 0, 0
5316714, 966656, 1, 0, 0
5316964, 1019887, 1, 0, 0
5317214, 671744, 1, 0, 0
5317464, 983040, 1, 0, 0
5317714, 1294336, 1, 0, 0
5317964, 1048576, 1, 0, 0
5318214, 884736, 1, 0, 0
5318464, 737280, 1, 0, 0
5318714, 688128, 1, 0, 0
5318964, 688128, 1, 0, 0
5319214, 542843, 1, 0, 0
5319464, 491520, 1, 0, 0
5319714, 606208, 1, 0, 0
5319964, 278528, 1, 0, 0
5320214, 409600, 1, 0, 0
5320464, 688128, 1, 0, 0
5320714, 933888, 1, 0, 0
5320964, 1261568, 1, 0, 0
5321214, 1490944, 1, 0, 0
5321465, 1327104, 1, 0, 0
5321714, 855389, 1, 0, 0
5321964, 851968, 1, 0, 0
5322214, 688128, 1, 0, 0
5322464, 999424, 1, 0, 0
5322714, 753664, 1, 0, 0
5322964, 1310720, 1, 0, 0
5323214, 1245184, 1, 0, 0
5323464, 1015808, 1, 0, 0
5323714, 1687552, 1, 0, 0
5323964, 1299534, 1, 0, 0
5324214, 1097728, 1, 0, 0
5324464, 1261568, 1, 0, 0
5324714, 1114112, 1, 0, 0
5324964, 1146880, 1, 0, 0
5325214, 1015808, 1, 0, 0
5325464, 802816, 1, 0, 0
5325714, 884736, 1, 0, 0
5325964, 835584, 1, 0, 0
5326214, 1327104, 1, 0, 0
5326464, 954088, 1, 0, 0
5326714, 1114112, 1, 0, 0
5326964, 1130496, 1, 0, 0
5327214, 720896, 1, 0, 0
5327464, 376832, 1, 0, 0
5327714, 589824, 1, 0, 0
5327964, 458752, 1, 0, 0
5328214, 1179648, 1, 0, 0
5328464, 835584, 1, 0, 0
5328714, 540672, 1, 0, 0
5328964, 641542, 1, 0, 0
5329214, 753664, 1, 0, 0
5329464, 622592, 1, 0, 0
5329714, 1179648, 1, 0, 0
5329964, 507904, 1, 0, 0
5330214, 294912, 1, 0, 0
5330464, 802816, 1, 0, 0
5330714, 507904, 1, 0, 0
5330964, 557056, 1, 0, 0
5331214, 559293, 1, 0, 0
5331464, 884736, 1, 0, 0
5331714, 589824, 1, 0, 0
5331964, 1048576, 1, 0, 0
5332214, 573440, 1, 0, 0
5332464, 327680, 1, 0, 0
5332714, 851968, 1, 0, 0
5332964, 950272, 1, 0, 0
5333214, 622592, 1, 0, 0
5333464, 707341, 1, 0, 0
5333714, 278528, 1, 0, 0
5333964, 507904, 1, 0, 0
5334214, 589824, 1, 0, 0
5334464, 638976, 1, 0, 0
5334714, 524288, 1, 0, 0
5334964, 1228800, 1, 0, 0
5335214, 884736, 1, 0, 0
5335465, 573440, 1, 0, 0
5335714, 526393, 1, 0, 0
5335964, 1015808, 1, 0, 0
5336214, 917504, 1, 0, 0
5336464, 786432, 1, 0, 0
5336714, 737280, 1, 0, 0
5336964, 1064960, 1, 0, 0
5337214, 1556480, 1, 0, 0
5337464, 983040, 1, 0, 0
5337714, 1867776, 1, 0, 0
5337965, 1130496, 1, 0, 0
5338214, 1348883, 1, 0, 0
5338464, 950272, 1, 0, 0
5338714, 1376256, 1, 0, 0
5338964, 1015808, 1, 0, 0
5339214, 1064960, 1, 0, 0
5339464, 1212416, 1, 0, 0
5339714, 819200, 1, 0, 0
5339964, 1179648, 1, 0, 0
5340214, 802816, 1, 0, 0
5340464, 1381783, 1, 0, 0
5340714, 999424, 1, 0, 0
5340964, 1114112, 1, 0, 0
5341214, 1425408, 1, 0, 0
5341464, 933888, 1, 0, 0
5341714, 1212416, 1, 0, 0
5341964, 1294336, 1, 0, 0
5342214, 1507328, 1, 0, 0
5342464, 999424, 1, 0, 0
5342714, 1266634, 1, 0, 0
5342964, 1310720, 1, 0, 0
5343214, 819200, 1, 0, 0
5343464, 802816, 1, 0, 0
5343714, 1064960, 1, 0, 0
5343964, 950272, 1, 0, 0
5344214, 1605632, 1, 0, 0
5344464, 1327104, 1, 0, 0
5344714, 720896, 1, 0, 0
5344965, 1261568, 1, 0, 0
5345214, 921188, 1, 0, 0
5345464, 589824, 1, 0, 0
5345714, 1474560, 1, 0, 0
5345964, 1327104, 1, 0, 0
5346214, 1490944, 1, 0, 0
5346464, 966656, 1, 0, 0
5346714, 786432, 1, 0, 0
5346964, 1146880, 1, 0, 0
5347214, 1556480, 1, 0, 0
5347465, 1146880, 1, 0, 0
5347714, 904738, 1, 0, 0
5347964, 622592, 1, 0, 0
5348214, 1261568, 1, 0, 0
5348464, 1196032, 1, 0, 0
5348714, 1032192, 1, 0, 0
5348964, 1032192, 1, 0, 0
5349214, 622592, 1, 0, 0
5349464, 688128, 1, 0, 0
5349714, 950272, 1, 0, 0
5349964, 756690, 1, 0, 0
5350214, 770048, 1, 0, 0
5350464, 901120, 1, 0, 0
5350714, 589824, 1, 0, 0
5350964, 851968, 1, 0, 0
5351214, 933888, 1, 0, 0
5351464, 1310720, 1, 0, 0
5351714, 1294336, 1, 0, 0
5351964, 1802240, 1, 0, 0
5352214, 1720320, 1, 0, 0
5352464, 1414682, 1, 0, 0
5352714, 2064384, 1, 0, 0
5352964, 1785856, 1, 0, 0
5353214, 1228800, 1, 0, 0
5353464, 1212416, 1, 0, 0
5353714, 1130496, 1, 0, 0
5353964, 1327104, 1, 0, 0
5354214, 1359872, 1, 0, 0
5354464, 1343488, 1, 0, 0
5354714, 888289, 1, 0, 0
5354964, 1540096, 1, 0, 0
5355214, 1196032, 1, 0, 0
5355464, 1703936, 1, 0, 0
5355714, 1785856, 1, 0, 0
5355964, 1359872, 1, 0, 0
5356214, 1294336, 1, 0, 0
5356464, 1228800, 1, 0, 0
5356714, 1359872, 1, 0, 0
5356964, 1425408, 1, 0, 0
5357214, 2056224, 1, 0, 0
5357464, 1556480, 1, 0, 0
5357714, 1490944, 1, 0, 0
5357964, 1966080, 1, 0, 0
5358214, 1540096, 1, 0, 0
5358464, 1785856, 1, 0, 0
5358714, 1687552, 1, 0, 0
5358964, 999424, 1, 0, 0
5359214, 1464032, 1, 0, 0
5359464, 2048000, 1, 0, 0
5359714, 2048000, 1, 0, 0
5359964, 1818624, 1, 0, 0
5360214, 1294336, 1, 0, 0
5360464, 425984, 1, 0, 0
5360714, 704512, 1, 0, 0
5360964, 851968, 1, 0, 0
5361214, 786432, 1, 0, 0
5361464, 917504, 1, 0, 0
5361714, 1052787, 1, 0, 0
5361964, 1179648, 1, 0, 0
5362214, 1392640, 1, 0, 0
5362464, 491520, 1, 0, 0
5362714, 1015808, 1, 0, 0
5362964, 1277952, 1, 0, 0
5363214, 1671168, 1, 0, 0
5363464, 1409024, 1, 0, 0
5363714, 1163264, 1, 0, 0
5363964, 1622016, 1, 0, 0
5364214, 806040, 1, 0, 0
5364464, 1081344, 1, 0, 0
5364714, 1343488, 1, 0, 0
5364964, 851968, 1, 0, 0
5365214, 983040, 1, 0, 0
5365464, 1490944, 1, 0, 0
5365714, 1179648, 1, 0, 0
5365964, 1507328, 1, 0, 0
5366214, 1048576, 1, 0, 0
5366464, 1069236, 1, 0, 0
5366714, 1654784, 1, 0, 0
5366964, 1343488, 1, 0, 0
5367214, 1507328, 1, 0, 0
5367464, 1556480, 1, 0, 0
5367714, 1146880, 1, 0, 0
5367964, 1687552, 1, 0, 0
5368214, 966656, 1, 0, 0
5368464, 1315983, 1, 0, 0
5368714, 1769472, 1, 0, 0
5368964, 1146880, 1, 0, 0
5369214, 1671168, 1, 0, 0
5369464, 1114112, 1, 0, 0
5369714, 1540096, 1, 0, 0
5369964, 1277952, 1, 0, 0
5370214, 868352, 1, 0, 0
5370464, 884736, 1, 0, 0
5370714, 1310720, 1, 0, 0
5370964, 1474560, 1, 0, 0
5371214, 2237172, 1, 0, 0
5371464, 1785856, 1, 0, 0
5371714, 540672, 1, 0, 0
5371964, 688128, 1, 0, 0
5372214, 1015808, 1, 0, 0
5372464, 950272, 1, 0, 0
5372714, 557056, 1, 0, 0
5372964, 655360, 1, 0, 0
5373214, 770048, 1, 0, 0
5373464, 361895, 1, 0, 0
5373714, 425984, 1, 0, 0
5373964, 409600, 1, 0, 0
5374214, 720896, 1, 0, 0
5374464, 1114112, 1, 0, 0
5374714, 868352, 1, 0, 0
5374964, 1130496, 1, 0, 0
5375214, 1277952, 1, 0, 0
5375464, 1179648, 1, 0, 0
5375715, 475136, 1, 0, 0
5375964, 789590, 1, 0, 0
5376214, 1081344, 1, 0, 0
5376464, 704512, 1, 0, 0
5376714, 1196032, 1, 0, 0
5376964, 966656, 1, 0, 0
5377214, 802816, 1, 0, 0
5377464, 819200, 1, 0, 0
5377714, 655360, 1, 0, 0
5377964, 1032192, 1, 0, 0
5378214, 983040, 1, 0, 0
5378464, 1760128, 1, 0, 0
5378714, 819200, 1, 0, 0
5378964, 442368, 1, 0, 0
5379214, 884736, 1, 0, 0
5379464, 950272, 1, 0, 0
5379714, 1425408, 1, 0, 0
5379964, 966656, 1, 0, 0
5380214, 901120, 1, 0, 0
5380464, 966656, 1, 0, 0
5380714, 458752, 1, 0, 0
5380964, 690891, 1, 0, 0
5381214, 1310720, 1, 0, 0
5381464, 1048576, 1, 0, 0
5381714, 1556480, 1, 0, 0
5381964, 1409024, 1, 0, 0
5382214, 1196032, 1, 0, 0
5382464, 1015808, 1, 0, 0
5382714, 1359872, 1, 0, 0
5382964, 1015808, 1, 0, 0
5383215, 622592, 1, 0, 0
5383464, 1315983, 1, 0, 0
5383714, 933888, 1, 0, 0
5383964, 720896, 1, 0, 0
5384214, 688128, 1, 0, 0
5384464, 999424, 1, 0, 0
5384714, 606208, 1, 0, 0
5384964, 950272, 1, 0, 0
5385214, 753664, 1, 0, 0
5385464, 1283084, 1, 0, 0
5385714, 819200, 1, 0, 0
5385964, 999424, 1, 0, 0
5386214, 753664, 1, 0, 0
5386464, 1032192, 1, 0, 0
5386714, 704512, 1, 0, 0
5386964, 1064960, 1, 0, 0
5387214, 851968, 1, 0, 0
5387464, 1228800, 1, 0, 0
5387714, 950272, 1, 0, 0
5387964, 1003437, 1, 0, 0
5388214, 573440, 1, 0, 0
5388464, 786432, 1, 0, 0
5388714, 1376256, 1, 0, 0
5388964, 1097728, 1, 0, 0
5389214, 1048576, 1, 0, 0
5389464, 393216, 1, 0, 0
5389714, 524288, 1, 0, 0
5389964, 638976, 1, 0, 0
5390214, 625092, 1, 0, 0
5390464, 655360, 1, 0, 0
5390714, 786432, 1, 0, 0
5390964, 835584, 1, 0, 0
5391214, 589824, 1, 0, 0
5391464, 557056, 1, 0, 0
5391714, 688128, 1, 0, 0
5391964, 425984, 1, 0, 0
5392214, 1228800, 1, 0, 0
5392463, 1069236, 1, 0, 0
5392714, 851968, 1, 0, 0
5392964, 655360, 1, 0, 0
5393214, 376832, 1, 0, 0
5393464, 622592, 1, 0, 0
5393714, 786432, 1, 0, 0
5393964, 540672, 1, 0, 0
5394214, 917504, 1, 0, 0
5394464, 671744, 1, 0, 0
5394714, 294912, 1, 0, 0
5394964, 622592, 1, 0, 0
5395214, 361895, 1, 0, 0
5395464, 720896, 1, 0, 0
5395714, 770048, 1, 0, 0
5395964, 524288, 1, 0, 0
5396214, 393216, 1, 0, 0
5396464, 884736, 1, 0, 0
5396714, 933888, 1, 0, 0
5396964, 868352, 1, 0, 0
5397214, 851968, 1, 0, 0
5397464, 542843, 1, 0, 0
5397714, 458752, 1, 0, 0
5397964, 540672, 1, 0, 0
5398214, 835584, 1, 0, 0
5398464, 868352, 1, 0, 0
5398714, 425984, 1, 0, 0
5398964, 262144, 1, 0, 0
5399214, 753664, 1, 0, 0
5399464, 409600, 1, 0, 0
5399714, 427694, 1, 0, 0
5399964, 458752, 1, 0, 0
5400214, 851968, 1, 0, 0
5400464, 475136, 1, 0, 0
5400714, 294912, 1, 0, 0
5400964, 753664, 1, 0, 0
5401214, 704512, 1, 0, 0
5401464, 114688, 1, 0, 0
5401714, 376832, 1, 0, 0
5401965, 376832, 1, 0, 0
5402214, 296096, 1, 0, 0
5402464, 196608, 1, 0, 0
5402714, 212992, 1, 0, 0
5402964, 393216, 1, 0, 0
5403214, 278528, 1, 0, 0
5403464, 311296, 1, 0, 0
5403714, 606208, 1, 0, 0
5403964, 524288, 1, 0, 0
5404214, 409600, 1, 0, 0
5404464, 296096, 1, 0, 0
5404714, 1359872, 1, 0, 0
5404964, 1458176, 1, 0, 0
5405214, 1245184, 1, 0, 0
5405464, 884736, 1, 0, 0
5405714, 540672, 1, 0, 0
5405964, 802816, 1, 0, 0
5406214, 1130496, 1, 0, 0
5406465, 1081344, 1, 0, 0
5406714, 592192, 1, 0, 0
5406964, 655360, 1, 0, 0
5407214, 851968, 1, 0, 0
5407464, 1490944, 1, 0, 0
5407714, 950272, 1, 0, 0
5407964, 1015808, 1, 0, 0
5408214, 1556480, 1, 0, 0
5408464, 1097728, 1, 0, 0
5408714, 851968, 1, 0, 0
5408965, 311296, 1, 0, 0
5409214, 986987, 1, 0, 0
5409464, 1294336, 1, 0, 0
5409714, 753664, 1, 0, 0
5409964, 737280, 1, 0, 0
5410214, 868352, 1, 0, 0
5410464, 475136, 1, 0, 0
5410714, 983040, 1, 0, 0
5410964, 868352, 1, 0, 0
5411214, 917504, 1, 0, 0
5411464, 707341, 1, 0, 0
5411714, 753664, 1, 0, 0
5411964, 901120, 1, 0, 0
5412214, 540672, 1, 0, 0
5412464, 851968, 1, 0, 0
5412714, 835584, 1, 0, 0
5412964, 983040, 1, 0, 0
5413214, 589824, 1, 0, 0
5413464, 212992, 1, 0, 0
5413714, 411244, 1, 0, 0
5413964, 1032192, 1, 0, 0
5414214, 999424, 1, 0, 0
5414464, 1179648, 1, 0, 0
5414714, 1540096, 1, 0, 0
5414964, 1376256, 1, 0, 0
5415214, 704512, 1, 0, 0
5415464, 819200, 1, 0, 0
5415714, 884736, 1, 0, 0
5415964, 983040, 1, 0, 0
5416214, 444144, 1, 0, 0
5416464, 671744, 1, 0, 0
5416714, 868352, 1, 0, 0
5416964, 573440, 1, 0, 0
5417214, 851968, 1, 0, 0
5417464, 540672, 1, 0, 0
5417714, 671744, 1, 0, 0
5417964, 344064, 1, 0, 0
5418214, 507904, 1, 0, 0
5418464, 360448, 1, 0, 0
5418714, 970538, 1, 0, 0
5418964, 966656, 1, 0, 0
5419214, 999424, 1, 0, 0
5419464, 360448, 1, 0, 0
5419714, 999424, 1, 0, 0
5419964, 868352, 1, 0, 0
5420214, 851968, 1, 0, 0
5420464, 802816, 1, 0, 0
5420714, 589824, 1, 0, 0
5420964, 263196, 1, 0, 0
5421214, 294912, 1, 0, 0
5421464, 524288, 1, 0, 0
5421714, 688128, 1, 0, 0
5421964, 573440, 1, 0, 0
5422214, 671744, 1, 0, 0
5422464, 835584, 1, 0, 0
5422714, 786432, 1, 0, 0
5422964, 229376, 1, 0, 0
5423214, 524288, 1, 0, 0
5423464, 707341, 1, 0, 0
5423714, 507904, 1, 0, 0
5423964, 524288, 1, 0, 0
5424214, 622592, 1, 0, 0
5424464, 344064, 1, 0, 0
5424714, 540672, 1, 0, 0
5424964, 557056, 1, 0, 0
5425214, 671744, 1, 0, 0
5425464, 575742, 1, 0, 0
5425714, 442368, 1, 0, 0
5425964, 720896, 1, 0, 0
5426214, 507904, 1, 0, 0
5426464, 737280, 1, 0, 0
5426714, 475136, 1, 0, 0
5426964, 1081344, 1, 0, 0
5427214, 1064960, 1, 0, 0
5427464, 868352, 1, 0, 0
5427714, 868352, 1, 0, 0
5427964, 1085686, 1, 0, 0
5428214, 1130496, 1, 0, 0
5428464, 999424, 1, 0, 0
5428714, 1179648, 1, 0, 0
5428964, 802816, 1, 0, 0
5429214, 1163264, 1, 0, 0
5429464, 1032192, 1, 0, 0
5429714, 589824, 1, 0, 0
5429964, 884736, 1, 0, 0
5430214, 822489, 1, 0, 0
5430464, 851968, 1, 0, 0
5430714, 737280, 1, 0, 0
5430964, 933888, 1, 0, 0
5431214, 770048, 1, 0, 0
5431464, 786432, 1, 0, 0
5431714, 983040, 1, 0, 0
5431964, 933888, 1, 0, 0
5432214, 786432, 1, 0, 0
5432464, 970538, 1, 0, 0
5432714, 704512, 1, 0, 0
5432964, 786432, 1, 0, 0
5433214, 425984, 1, 0, 0
5433464, 819200, 1, 0, 0
5433714, 606208, 1, 0, 0
5433964, 983040, 1, 0, 0
5434214, 638976, 1, 0, 0
5434464, 917504, 1, 0, 0
5434714, 1146880, 1, 0, 0
5434964, 789590, 1, 0, 0
5435214, 999424, 1, 0, 0
5435464, 868352, 1, 0, 0
5435714, 868352, 1, 0, 0
5435964, 1343488, 1, 0, 0
5436214, 1032192, 1, 0, 0
5436464, 1376256, 1, 0, 0
5436714, 1294336, 1, 0, 0
5436964, 1081344, 1, 0, 0
5437214, 723791, 1, 0, 0
5437464, 983040, 1, 0, 0
5437714, 1015808, 1, 0, 0
5437964, 868352, 1, 0, 0
5438214, 770048, 1, 0, 0
5438464, 688128, 1, 0, 0
5438714, 704512, 1, 0, 0
5438964, 606208, 1, 0, 0
5439214, 1196032, 1, 0, 0
5439464, 1212416, 1, 0, 0
5439714, 1135036, 1, 0, 0
5439964, 606208, 1, 0, 0
5440214, 868352, 1, 0, 0
5440464, 966656, 1, 0, 0
5440714, 868352, 1, 0, 0
5440964, 540672, 1, 0, 0
5441214, 1048576, 1, 0, 0
5441464, 704512, 1, 0, 0
5441714, 786432, 1, 0, 0
5441964, 1299534, 1, 0, 0
5442214, 1441792, 1, 0, 0
5442464, 933888, 1, 0, 0
5442714, 1474560, 1, 0, 0
5442964, 1196032, 1, 0, 0
5443214, 1310720, 1, 0, 0
5443464, 1327104, 1, 0, 0
5443714, 1523712, 1, 0, 0
5443964, 1900544, 1, 0, 0
5444214, 1392640, 1, 0, 0
5444464, 1118586, 1, 0, 0
5444714, 1130496, 1, 0, 0
5444964, 1277952, 1, 0, 0
5445214, 688128, 1, 0, 0
5445464, 786432, 1, 0, 0
5445714, 540672, 1, 0, 0
5445964, 802816, 1, 0, 0
5446214, 655360, 1, 0, 0
5446464, 557056, 1, 0, 0
5446714, 1283084, 1, 0, 0
5446964, 589824, 1, 0, 0
5447214, 557056, 1, 0, 0
5447464, 753664, 1, 0, 0
5447714, 835584, 1, 0, 0
5447964, 753664, 1, 0, 0
5448214, 589824, 1, 0, 0
5448464, 720896, 1, 0, 0
5448714, 868352, 1, 0, 0
5448964, 1048576, 1, 0, 0
5449214, 1085686, 1, 0, 0
5449464, 622592, 1, 0, 0
5449714, 933888, 1, 0, 0
5449964, 1015808, 1, 0, 0
5450214, 1179648, 1, 0, 0
5450464, 868352, 1, 0, 0
5450714, 1097728, 1, 0, 0
5450964, 1703936, 1, 0, 0
5451214, 868352, 1, 0, 0
5451464, 855389, 1, 0, 0
5451714, 1736704, 1, 0, 0
5451964, 901120, 1, 0, 0
5452214, 262144, 1, 0, 0
5452464, 491520, 1, 0, 0
5452714, 1327104, 1, 0, 0
5452964, 835584, 1, 0, 0
5453214, 1081344, 1, 0, 0
5453464, 1081344, 1, 0, 0
5453714, 933888, 1, 0, 0
5453964, 690891, 1, 0, 0
5454214, 901120, 1, 0, 0
5454464, 2097152, 1, 0, 0
5454714, 1343488, 1, 0, 0
5454964, 1212416, 1, 0, 0
5455214, 1359872, 1, 0, 0
5455464, 1261568, 1, 0, 0
5455714, 917504, 1, 0, 0
5455964, 557056, 1, 0, 0
5456214, 1228800, 1, 0, 0
5456464, 855389, 1, 0, 0
5456714, 1064960, 1, 0, 0
5456964, 1032192, 1, 0, 0
5457214, 1081344, 1, 0, 0
5457464, 753664, 1, 0, 0
5457714, 802816, 1, 0, 0
5457964, 524288, 1, 0, 0
5458214, 638976, 1, 0, 0
5458464, 1146880, 1, 0, 0
5458714, 1135036, 1, 0, 0
5458964, 753664, 1, 0, 0
5459214, 819200, 1, 0, 0
5459464, 983040, 1, 0, 0
5459714, 1179648, 1, 0, 0
5459964, 802816, 1, 0, 0
5460214, 1310720, 1, 0, 0
5460464, 933888, 1, 0, 0
5460714, 770048, 1, 0, 0
5460964, 884736, 1, 0, 0
5461214, 427694, 1, 0, 0
5461464, 409600, 1, 0, 0
5461714, 425984, 1, 0, 0
5461964, 638976, 1, 0, 0
5462214, 704512, 1, 0, 0
5462464, 311296, 1, 0, 0
5462714, 1163264, 1, 0, 0
5462964, 442368, 1, 0, 0
5463214, 1294336, 1, 0, 0
5463464, 1392640, 1, 0, 0
5463714, 1085686, 1, 0, 0
5463964, 376832, 1, 0, 0
5464214, 507904, 1, 0, 0
5464464, 393216, 1, 0, 0
5464714, 507904, 1, 0, 0
5464964, 344064, 1, 0, 0
5465214, 589824, 1, 0, 0
5465464, 540672, 1, 0, 0
5465714, 409600, 1, 0, 0
5465964, 460594, 1, 0, 0
5466214, 524288, 1, 0, 0
5466464, 1097728, 1, 0, 0
5466714, 344064, 1, 0, 0
5466964, 147456, 1, 0, 0
5467214, 573440, 1, 0, 0
5467464, 802816, 1, 0, 0
5467714, 851968, 1, 0, 0
5467964, 868352, 1, 0, 0
5468214, 855389, 1, 0, 0
5468464, 802816, 1, 0, 0
5468714, 1048576, 1, 0, 0
5468964, 606208, 1, 0, 0
5469214, 606208, 1, 0, 0
5469464, 1163264, 1, 0, 0
5469714, 720896, 1, 0, 0
5469964, 999424, 1, 0, 0
5470214, 573440, 1, 0, 0
5470464, 740240, 1, 0, 0
5470714, 950272, 1, 0, 0
5470964, 884736, 1, 0, 0
5471214, 688128, 1, 0, 0
5471464, 442368, 1, 0, 0
5471714, 327680, 1, 0, 0
5471964, 409600, 1, 0, 0
5472214, 409600, 1, 0, 0
5472464, 737280, 1, 0, 0
5472714, 917504, 1, 0, 0
5472964, 723791, 1, 0, 0
5473214, 442368, 1, 0, 0
5473464, 573440, 1, 0, 0
5473714, 311296, 1, 0, 0
5473964, 1064960, 1, 0, 0
5474214, 1425408, 1, 0, 0
5474464, 1261568, 1, 0, 0
5474714, 1474560, 1, 0, 0
5474964, 1130496, 1, 0, 0
5475214, 1365333, 1, 0, 0
5475464, 1130496, 1, 0, 0
5475714, 737280, 1, 0, 0
5475964, 1474560, 1, 0, 0
5476214, 819200, 1, 0, 0
5476464, 1163264, 1, 0, 0
5476714, 1589248, 1, 0, 0
5476964, 1163264, 1, 0, 0
5477214, 1163264, 1, 0, 0
5477464, 1184385, 1, 0, 0
5477714, 1474560, 1, 0, 0
5477964, 1081344, 1, 0, 0
5478214, 1146880, 1, 0, 0
5478464, 737280, 1, 0, 0
5478714, 983040, 1, 0, 0
5478964, 1654784, 1, 0, 0
5479214, 1310720, 1, 0, 0
5479463, 1151485, 1, 0, 0
5479714, 917504, 1, 0, 0
5479964, 1163264, 1, 0, 0
5480214, 950272, 1, 0, 0
5480464, 638976, 1, 0, 0
5480714, 950272, 1, 0, 0
5480964, 606208, 1, 0, 0
5481214, 1081344, 1, 0, 0
5481464, 507904, 1, 0, 0
5481714, 475136, 1, 0, 0
5481964, 904738, 1, 0, 0
5482214, 802816, 1, 0, 0
5482464, 442368, 1, 0, 0
5482714, 393216, 1, 0, 0
5482964, 622592, 1, 0, 0
5483214, 425984, 1, 0, 0
5483464, 540672, 1, 0, 0
5483714, 622592, 1, 0, 0
5483964, 491520, 1, 0, 0
5484215, 409600, 1, 0, 0
5484464, 559293, 1, 0, 0
5484714, 131072, 1, 0, 0
5484964, 147456, 1, 0, 0
5485214, 212992, 1, 0, 0
5485464, 327680, 1, 0, 0
5485714, 229376, 1, 0, 0
5485964, 311296, 1, 0, 0
5486214, 196608, 1, 0, 0
5486464, 345445, 1, 0, 0
5486714, 557056, 1, 0, 0
5486964, 294912, 1, 0, 0
5487214, 294912, 1, 0, 0
5487464, 196608, 1, 0, 0
5487714, 475136, 1, 0, 0
5487964, 163840, 1, 0, 0
5488215, 409600, 1, 0, 0
5488464, 411244, 1, 0, 0
5488714, 360448, 1, 0, 0
5488964, 163840, 1, 0, 0
5489214, 147456, 1, 0, 0
5489464, 327680, 1, 0, 0
5489714, 294912, 1, 0, 0
5489964, 147456, 1, 0, 0
5490214, 360448, 1, 0, 0
5490464, 526393, 1, 0, 0
5490714, 0, 1, 0, 0
5490964, 475136, 1, 0, 0
5491214, 327680, 1, 0, 0
5491464, 409600, 1, 0, 0
5491714, 425984, 1, 0, 0
5491964, 589824, 1, 0, 0
5492214, 393216, 1, 0, 0
5492464, 196608, 1, 0, 0
5492714, 720896, 1, 0, 0
5492964, 164497, 1, 0, 0
5493214, 606208, 1, 0, 0
5493464, 524288, 1, 0, 0
5493714, 294912, 1, 0, 0
5493964, 65536, 1, 0, 0
5494214, 491520, 1, 0, 0
5494464, 212992, 1, 0, 0
5494714, 81920, 1, 0, 0
5494964, 148048, 1, 0, 0
5495214, 262144, 1, 0, 0
5495464, 344064, 1, 0, 0
5495714, 114688, 1, 0, 0
5495964, 311296, 1, 0, 0
5496214, 114688, 1, 0, 0
5496464, 81920, 1, 0, 0
5496714, 196608, 1, 0, 0
5496964, 311296, 1, 0, 0
5497215, 0, 1, 0, 0
5497464, 98698, 1, 0, 0
5497714, 98304, 1, 0, 0
5497964, 196608, 1, 0, 0
5498214, 393216, 1, 0, 0
5498464, 16384, 1, 0, 0
5498714, 294912, 1, 0, 0
5498964, 540672, 1, 0, 0
5499214, 393216, 1, 0, 0
5499464, 475136, 1, 0, 0
5499714, 509943, 1, 0, 0
5499964, 737280, 1, 0, 0
5500214, 360448, 1, 0, 0
5500464, 491520, 1, 0, 0
5500714, 458752, 1, 0, 0
5500964, 262144, 1, 0, 0
5501214, 409600, 1, 0, 0
5501464, 212992, 1, 0, 0
5501714, 475136, 1, 0, 0
5501964, 148048, 1, 0, 0
5502214, 425984, 1, 0, 0
5502464, 458752, 1, 0, 0
5502714, 475136, 1, 0, 0
5502964, 294912, 1, 0, 0
5503214, 311296, 1, 0, 0
5503464, 425984, 1, 0, 0
5503714, 114688, 1, 0, 0
5503964, 312546, 1, 0, 0
5504214, 311296, 1, 0, 0
5504464, 278528, 1, 0, 0
5504714, 294912, 1, 0, 0
5504964, 114688, 1, 0, 0
5505214, 294912, 1, 0, 0
5505464, 442368, 1, 0, 0
5505714, 524288, 1, 0, 0
5505964, 950272, 1, 0, 0
5506214, 1151485, 1, 0, 0
5506464, 819200, 1, 0, 0
5506714, 704512, 1, 0, 0
5506964, 950272, 1, 0, 0
5507214, 638976, 1, 0, 0
5507464, 786432, 1, 0, 0
5507714, 1196032, 1, 0, 0
5507964, 851968, 1, 0, 0
5508214, 901120, 1, 0, 0
5508464, 638976, 1, 0, 0
5508715, 425984, 1, 0, 0
5508964, 1118586, 1, 0, 0
5509214, 1032192, 1, 0, 0
5509464, 425984, 1, 0, 0
5509714, 507904, 1, 0, 0
5509964, 704512, 1, 0, 0
5510214, 589824, 1, 0, 0
5510464, 786432, 1, 0, 0
5510714, 1114112, 1, 0, 0
5510964, 868352, 1, 0, 0
5511215, 1097728, 1, 0, 0
5511464, 707341, 1, 0, 0
5511714, 983040, 1, 0, 0
5511964, 442368, 1, 0, 0
5512214, 753664, 1, 0, 0
5512464, 868352, 1, 0, 0
5512714, 638976, 1, 0, 0
5512964, 868352, 1, 0, 0
5513214, 1015808, 1, 0, 0
5513464, 822489, 1, 0, 0
5513714, 999424, 1, 0, 0
5513964, 688128, 1, 0, 0
5514214, 1081344, 1, 0, 0
5514464, 1146880, 1, 0, 0
5514714, 491520, 1, 0, 0
5514964, 409600, 1, 0, 0
5515214, 589824, 1, 0, 0
5515464, 606208, 1, 0, 0
5515715, 294912, 1, 0, 0
5515964, 625092, 1, 0, 0
5516214, 851968, 1, 0, 0
5516464, 278528, 1, 0, 0
5516714, 344064, 1, 0, 0
5516964, 409600, 1, 0, 0
5517214, 294912, 1, 0, 0
5517464, 442368, 1, 0, 0
5517714, 491520, 1, 0, 0
5517964, 638976, 1, 0, 0
5518214, 592192, 1, 0, 0
5518464, 1032192, 1, 0, 0
5518714, 589824, 1, 0, 0
5518964, 311296, 1, 0, 0
5519214, 950272, 1, 0, 0
5519464, 393216, 1, 0, 0
5519714, 589824, 1, 0, 0
5519964, 1032192, 1, 0, 0
5520214, 638976, 1, 0, 0
5520464, 575742, 1, 0, 0
5520714, 507904, 1, 0, 0
5520964, 163840, 1, 0, 0
5521214, 606208, 1, 0, 0
5521464, 458752, 1, 0, 0
5521714, 180224, 1, 0, 0
5521964, 114688, 1, 0, 0
5522214, 491520, 1, 0, 0
5522464, 393216, 1, 0, 0
5522715, 229376, 1, 0, 0
5522964, 773140, 1, 0, 0
5523214, 475136, 1, 0, 0
5523464, 196608, 1, 0, 0
5523714, 458752, 1, 0, 0
5523964, 491520, 1, 0, 0
5524214, 229376, 1, 0, 0
5524464, 393216, 1, 0, 0
5524714, 0, 1, 0, 0
5524964, 279646, 1, 0, 0
5525214, 212992, 1, 0, 0
5525464, 753664, 1, 0, 0
5525714, 294912, 1, 0, 0
5525964, 507904, 1, 0, 0
5526214, 196608, 1, 0, 0
5526464, 196608, 1, 0, 0
5526714, 507904, 1, 0, 0
5526964, 278528, 1, 0, 0
5527214, 115148, 1, 0, 0
5527464, 294912, 1, 0, 0
5527714, 32768, 1, 0, 0
5527964, 360448, 1, 0, 0
5528214, 737280, 1, 0, 0
5528464, 540672, 1, 0, 0
5528714, 425984, 1, 0, 0
5528964, 671744, 1, 0, 0
5529214, 557056, 1, 0, 0
5529464, 345445, 1, 0, 0
5529714, 638976, 1, 0, 0
5529964, 409600, 1, 0, 0
5530214, 507904, 1, 0, 0
5530464, 98304, 1, 0, 0
5530714, 409600, 1, 0, 0
5530964, 393216, 1, 0, 0
5531214, 409600, 1, 0, 0
5531464, 622592, 1, 0, 0
5531714, 411244, 1, 0, 0
5531964, 278528, 1, 0, 0
5532214, 376832, 1, 0, 0
5532464, 229376, 1, 0, 0
5532714, 278528, 1, 0, 0
5532964, 196608, 1, 0, 0
5533214, 278528, 1, 0, 0
5533464, 0, 1, 0, 0
5533714, 0, 1, 0, 0
5533964, 0, 1, 0, 0
5534214, 65536, 1, 0, 0
5534464, 262144, 1, 0, 0
5534714, 131072, 1, 0, 0
5534964, 131072, 1, 0, 0
5535214, 65536, 1, 0, 0
5535464, 0, 1, 0, 0
5535714, 32768, 1, 0, 0
5535964, 163840, 1, 0, 0
5536214, 148048, 1, 0, 0
5536464, 507904, 1, 0, 0
5536714, 212992, 1, 0, 0
5536964, 81920, 1, 0, 0
5537214, 294912, 1, 0, 0
5537464, 212992, 1, 0, 0
5537714, 0, 1, 0, 0
5537964, 311296, 1, 0, 0
5538214, 409600, 1, 0, 0
5538464, 542843, 1, 0, 0
5538714, 393216, 1, 0, 0
5538964, 393216, 1, 0, 0
5539214, 393216, 1, 0, 0
5539464, 589824, 1, 0, 0
5539714, 589824, 1, 0, 0
5539964, 1097728, 1, 0, 0
5540214, 1294336, 1, 0, 0
5540464, 1097728, 1, 0, 0
5540714, 933888, 1, 0, 0
5540964, 921188, 1, 0, 0
5541214, 1507328, 1, 0, 0
5541464, 1245184, 1, 0, 0
5541714, 1327104, 1, 0, 0
5541964, 950272, 1, 0, 0
5542214, 688128, 1, 0, 0
5542464, 770048, 1, 0, 0
5542714, 1146880, 1, 0, 0
5542964, 1294336, 1, 0, 0
5543214, 822489, 1, 0, 0
5543464, 1703936, 1, 0, 0
5543714, 1032192, 1, 0, 0
5543964, 1556480, 1, 0, 0
5544214, 1196032, 1, 0, 0
5544464, 1523712, 1, 0, 0
5544714, 1638400, 1, 0, 0
5544964, 1130496, 1, 0, 0
5545214, 1376256, 1, 0, 0
5545464, 802816, 1, 0, 0
5545714, 1299534, 1, 0, 0
5545964, 950272, 1, 0, 0
5546214, 1212416, 1, 0, 0
5546464, 1146880, 1, 0, 0
5546714, 1638400, 1, 0, 0
5546964, 1392640, 1, 0, 0
5547214, 1343488, 1, 0, 0
5547464, 557056, 1, 0, 0
5547714, 851968, 1, 0, 0
5547964, 1163264, 1, 0, 0
5548214, 1151485, 1, 0, 0
5548464, 1376256, 1, 0, 0
5548714, 737280, 1, 0, 0
5548964, 1114112, 1, 0, 0
5549214, 688128, 1, 0, 0
5549464, 1032192, 1, 0, 0
5549714, 1245184, 1, 0, 0
5549964, 1015808, 1, 0, 0
5550214, 229376, 1, 0, 0
5550464, 394795, 1, 0, 0
5550714, 1130496, 1, 0, 0
5550964, 557056, 1, 0, 0
5551214, 622592, 1, 0, 0
5551464, 819200, 1, 0, 0
5551714, 524288, 1, 0, 0
5551964, 212992, 1, 0, 0
5552214, 589824, 1, 0, 0
5552464, 606208, 1, 0, 0
5552714, 493493, 1, 0, 0
5552964, 409600, 1, 0, 0
5553214, 573440, 1, 0, 0
5553464, 425984, 1, 0, 0
5553714, 393216, 1, 0, 0
5553964, 606208, 1, 0, 0
5554214, 540672, 1, 0, 0
5554464, 904738, 1, 0, 0
5554714, 1359872, 1, 0, 0
5554964, 950272, 1, 0, 0
5555214, 638976, 1, 0, 0
5555464, 557056, 1, 0, 0
5555714, 458752, 1, 0, 0
5555964, 524288, 1, 0, 0
5556214, 671744, 1, 0, 0
5556464, 557056, 1, 0, 0
5556714, 1102136, 1, 0, 0
5556964, 720896, 1, 0, 0
5557214, 409600, 1, 0, 0
5557464, 737280, 1, 0, 0
5557714, 851968, 1, 0, 0
5557964, 835584, 1, 0, 0
5558214, 1064960, 1, 0, 0
5558464, 737280, 1, 0, 0
5558714, 950272, 1, 0, 0
5558964, 1359872, 1, 0, 0
5559214, 773140, 1, 0, 0
5559464, 868352, 1, 0, 0
5559714, 1015808, 1, 0, 0
5559964, 1081344, 1, 0, 0
5560214, 966656, 1, 0, 0
5560464, 770048, 1, 0, 0
5560714, 1130496, 1, 0, 0
5560964, 1015808, 1, 0, 0
5561214, 1032192, 1, 0, 0
5561464, 720896, 1, 0, 0
5561714, 690891, 1, 0, 0
5561964, 1196032, 1, 0, 0
5562214, 786432, 1, 0, 0
5562464, 327680, 1, 0, 0
5562714, 917504, 1, 0, 0
5562964, 1212416, 1, 0, 0
5563214, 770048, 1, 0, 0
5563464, 933888, 1, 0, 0
5563714, 753664, 1, 0, 0
5563964, 740240, 1, 0, 0
5564214, 573440, 1, 0, 0
5564464, 409600, 1, 0, 0
5564714, 917504, 1, 0, 0
5564964, 704512, 1, 0, 0
5565214, 835584, 1, 0, 0
5565464, 835584, 1, 0, 0
5565714, 540672, 1, 0, 0
5565964, 573440, 1, 0, 0
5566214, 1069236, 1, 0, 0
5566464, 573440, 1, 0, 0
5566714, 344064, 1, 0, 0
5566964, 360448, 1, 0, 0
5567214, 294912, 1, 0, 0
5567464, 524288, 1, 0, 0
5567714, 327680, 1, 0, 0
5567964, 409600, 1, 0, 0
5568214, 197397, 1, 0, 0
5568464, 458752, 1, 0, 0
5568714, 655360, 1, 0, 0
5568964, 655360, 1, 0, 0
5569214, 901120, 1, 0, 0
5569464, 737280, 1, 0, 0
5569714, 786432, 1, 0, 0
5569964, 1179648, 1, 0, 0
5570214, 1015808, 1, 0, 0
5570465, 1277952, 1, 0, 0
5570714, 1266634, 1, 0, 0
5570964, 1114112, 1, 0, 0
5571214, 1146880, 1, 0, 0
5571464, 1064960, 1, 0, 0
5571714, 835584, 1, 0, 0
5571964, 770048, 1, 0, 0
5572214, 1081344, 1, 0, 0
5572464, 1179648, 1, 0, 0
5572715, 1114112, 1, 0, 0
5572964, 1003437, 1, 0, 0
5573214, 1228800, 1, 0, 0
5573464, 1409024, 1, 0, 0
5573714, 1458176, 1, 0, 0
5573964, 966656, 1, 0, 0
5574214, 1376256, 1, 0, 0
5574464, 770048, 1, 0, 0
5574714, 671744, 1, 0, 0
5574964, 1277952, 1, 0, 0
5575214, 1217285, 1, 0, 0
5575464, 1261568, 1, 0, 0
5575714, 966656, 1, 0, 0
5575964, 1114112, 1, 0, 0
5576214, 966656, 1, 0, 0
5576464, 688128, 1, 0, 0
5576714, 1015808, 1, 0, 0
5576964, 1261568, 1, 0, 0
5577214, 1032192, 1, 0, 0
5577464, 855389, 1, 0, 0
5577714, 835584, 1, 0, 0
5577964, 983040, 1, 0, 0
5578214, 802816, 1, 0, 0
5578464, 573440, 1, 0, 0
5578714, 786432, 1, 0, 0
5578964, 442368, 1, 0, 0
5579214, 901120, 1, 0, 0
5579464, 688128, 1, 0, 0
5579714, 851968, 1, 0, 0
5579964, 542843, 1, 0, 0
5580214, 720896, 1, 0, 0
5580464, 1163264, 1, 0, 0
5580714, 1064960, 1, 0, 0
5580964, 376832, 1, 0, 0
5581214, 1081344, 1, 0, 0
5581464, 1097728, 1, 0, 0
5581714, 835584, 1, 0, 0
5581964, 753664, 1, 0, 0
5582215, 835584, 1, 0, 0
5582464, 1184385, 1, 0, 0
5582714, 1048576, 1, 0, 0
5582964, 1359872, 1, 0, 0
5583214, 1228800, 1, 0, 0
5583464, 720896, 1, 0, 0
5583714, 1212416, 1, 0, 0
5583964, 1703936, 1, 0, 0
5584214, 1671168, 1, 0, 0
5584464, 1261568, 1, 0, 0
5584714, 1677879, 1, 0, 0
5584964, 1327104, 1, 0, 0
5585214, 1376256, 1, 0, 0
5585464, 950272, 1, 0, 0
5585714, 1310720, 1, 0, 0
5585964, 1409024, 1, 0, 0
5586214, 1277952, 1, 0, 0
5586464, 1589248, 1, 0, 0
5586714, 1605632, 1, 0, 0
5586964, 1654784, 1, 0, 0
5587214, 1052787, 1, 0, 0
5587464, 1163264, 1, 0, 0
5587714, 1425408, 1, 0, 0
5587964, 819200, 1, 0, 0
5588214, 1228800, 1, 0, 0
5588464, 1179648, 1, 0, 0
5588714, 1359872, 1, 0, 0
5588964, 999424, 1, 0, 0
5589214, 1441792, 1, 0, 0
5589465, 983040, 1, 0, 0
5589714, 773140, 1, 0, 0
5589964, 606208, 1, 0, 0
5590214, 442368, 1, 0, 0
5590464, 442368, 1, 0, 0
5590714, 1261568, 1, 0, 0
5590964, 1064960, 1, 0, 0
5591214, 983040, 1, 0, 0
5591464, 557056, 1, 0, 0
5591714, 376832, 1, 0, 0
5591964, 657991, 1, 0, 0
5592214, 573440, 1, 0, 0
5592464, 507904, 1, 0, 0
5592714, 524288, 1, 0, 0
5592964, 606208, 1, 0, 0
5593214, 655360, 1, 0, 0
5593464, 851968, 1, 0, 0
5593714, 491520, 1, 0, 0
5593964, 360448, 1, 0, 0
5594214, 707341, 1, 0, 0
5594464, 475136, 1, 0, 0
5594714, 557056, 1, 0, 0
5594964, 524288, 1, 0, 0
5595214, 425984, 1, 0, 0
5595464, 507904, 1, 0, 0
5595714, 688128, 1, 0, 0
5595964, 526393, 1, 0, 0
5596214, 491520, 1, 0, 0
5596464, 753664, 1, 0, 0
5596714, 557056, 1, 0, 0
5596964, 311296, 1, 0, 0
5597214, 409600, 1, 0, 0
5597464, 327680, 1, 0, 0
5597714, 475136, 1, 0, 0
5597964, 720896, 1, 0, 0
5598215, 819200, 1, 0, 0
5598464, 789590, 1, 0, 0
5598714, 966656, 1, 0, 0
5598964, 1277952, 1, 0, 0
5599214, 884736, 1, 0, 0
5599464, 1163264, 1, 0, 0
5599714, 1441792, 1, 0, 0
5599964, 1228800, 1, 0, 0
5600214, 1294336, 1, 0, 0
5600464, 1097728, 1, 0, 0
5600714, 1348883, 1, 0, 0
5600964, 1441792, 1, 0, 0
5601214, 1179648, 1, 0, 0
5601464, 1179648, 1, 0, 0
5601714, 1163264, 1, 0, 0
5601964, 901120, 1, 0, 0
5602214, 851968, 1, 0, 0
5602464, 983040, 1, 0, 0
5602714, 1114112, 1, 0, 0
5602965, 1032192, 1, 0, 0
5603214, 1167935, 1, 0, 0
5603464, 1261568, 1, 0, 0
5603714, 622592, 1, 0, 0
5603964, 1228800, 1, 0, 0
5604214, 1245184, 1, 0, 0
5604464, 770048, 1, 0, 0
5604714, 1097728, 1, 0, 0
5604964, 1556480, 1, 0, 0
5605215, 1146880, 1, 0, 0
5605464, 394795, 1, 0, 0
5605714, 966656, 1, 0, 0
5605964, 1015808, 1, 0, 0
5606214, 835584, 1, 0, 0
5606464, 868352, 1, 0, 0
5606714, 1589248, 1, 0, 0
5606964, 1638400, 1, 0, 0
5607214, 770048, 1, 0, 0
5607464, 723791, 1, 0, 0
5607714, 868352, 1, 0, 0
5607964, 901120, 1, 0, 0
5608214, 1048576, 1, 0, 0
5608464, 1130496, 1, 0, 0
5608714, 1130496, 1, 0, 0
5608964, 1261568, 1, 0, 0
5609214, 1015808, 1, 0, 0
5609464, 524288, 1, 0, 0
5609714, 970538, 1, 0, 0
5609964, 622592, 1, 0, 0
5610214, 671744, 1, 0, 0
5610464, 835584, 1, 0, 0
5610714, 753664, 1, 0, 0
5610964, 802816, 1, 0, 0
5611214, 409600, 1, 0, 0
5611464, 1097728, 1, 0, 0
5611714, 1671168, 1, 0, 0
5611964, 921188, 1, 0, 0
5612214, 688128, 1, 0, 0
5612464, 802816, 1, 0, 0
5612714, 1474560, 1, 0, 0
5612964, 1032192, 1, 0, 0
5613214, 983040, 1, 0, 0
5613464, 1540096, 1, 0, 0
5613714, 1048576, 1, 0, 0
5613964, 983040, 1, 0, 0
5614214, 1151485, 1, 0, 0
5614464, 1294336, 1, 0, 0
5614714, 1212416, 1, 0, 0
5614964, 819200, 1, 0, 0
5615214, 1179648, 1, 0, 0
5615464, 1376256, 1, 0, 0
5615714, 1163264, 1, 0, 0
5615964, 1114112, 1, 0, 0
5616214, 1474560, 1, 0, 0
5616464, 1081344, 1, 0, 0
5616714, 1579180, 1, 0, 0
5616964, 1081344, 1, 0, 0
5617214, 835584, 1, 0, 0
5617464, 1245184, 1, 0, 0
5617714, 1622016, 1, 0, 0
5617964, 1097728, 1, 0, 0
5618214, 1507328, 1, 0, 0
5618464, 1163264, 1, 0, 0
5618714, 1114112, 1, 0, 0
5618964, 608642, 1, 0, 0
5619214, 1130496, 1, 0, 0
5619464, 1261568, 1, 0, 0
5619714, 1048576, 1, 0, 0
5619964, 1032192, 1, 0, 0
5620214, 786432, 1, 0, 0
5620464, 868352, 1, 0, 0
5620714, 458752, 1, 0, 0
5620964, 655360, 1, 0, 0
5621214, 723791, 1, 0, 0
5621464, 425984, 1, 0, 0
5621714, 557056, 1, 0, 0
5621964, 98304, 1, 0, 0
5622214, 262144, 1, 0, 0
5622464, 212992, 1, 0, 0
5622714, 704512, 1, 0, 0
5622964, 622592, 1, 0, 0
5623214, 196608, 1, 0, 0
5623464, 296096, 1, 0, 0
5623714, 409600, 1, 0, 0
5623964, 196608, 1, 0, 0
5624214, 262144, 1, 0, 0
5624464, 180224, 1, 0, 0
5624714, 49152, 1, 0, 0
5624964, 294912, 1, 0, 0
5625214, 229376, 1, 0, 0
5625464, 229376, 1, 0, 0
5625714, 690891, 1, 0, 0
5625964, 655360, 1, 0, 0
5626214, 344064, 1, 0, 0
5626464, 786432, 1, 0, 0
5626714, 770048, 1, 0, 0
5626964, 704512, 1, 0, 0
5627214, 409600, 1, 0, 0
5627464, 491520, 1, 0, 0
5627714, 786432, 1, 0, 0
5627964, 477044, 1, 0, 0
5628214, 376832, 1, 0, 0
5628464, 606208, 1, 0, 0
5628714, 425984, 1, 0, 0
5628964, 622592, 1, 0, 0
5629214, 196608, 1, 0, 0
5629464, 409600, 1, 0, 0
5629714, 491520, 1, 0, 0
5629964, 770048, 1, 0, 0
5630214, 641542, 1, 0, 0
5630464, 540672, 1, 0, 0
5630714, 425984, 1, 0, 0
5630964, 1032192, 1, 0, 0
5631214, 688128, 1, 0, 0
5631464, 622592, 1, 0, 0
5631714, 229376, 1, 0, 0
5631964, 884736, 1, 0, 0
5632214, 507904, 1, 0, 0
5632464, 575742, 1, 0, 0
5632714, 851968, 1, 0, 0
5632964, 1245184, 1, 0, 0
5633214, 753664, 1, 0, 0
5633464, 1245184, 1, 0, 0
5633714, 1163264, 1, 0, 0
5633964, 1277952, 1, 0, 0
5634214, 1064960, 1, 0, 0
5634464, 1409024, 1, 0, 0
5634714, 1130496, 1, 0, 0
5634964, 1332433, 1, 0, 0
5635214, 966656, 1, 0, 0
5635464, 1327104, 1, 0, 0
5635714, 1212416, 1, 0, 0
5635964, 1343488, 1, 0, 0
5636214, 851968, 1, 0, 0
5636464, 1048576, 1, 0, 0
5636714, 1163264, 1, 0, 0
5636964, 1081344, 1, 0, 0
5637214, 1315983, 1, 0, 0
5637464, 1212416, 1, 0, 0
5637714, 868352, 1, 0, 0
5637964, 1064960, 1, 0, 0
5638214, 1114112, 1, 0, 0
5638464, 671744, 1, 0, 0
5638714, 1081344, 1, 0, 0
5638964, 589824, 1, 0, 0
5639215, 753664, 1, 0, 0
5639464, 789590, 1, 0, 0
5639714, 966656, 1, 0, 0
5639964, 1097728, 1, 0, 0
5640214, 425984, 1, 0, 0
5640464, 901120, 1, 0, 0
5640714, 802816, 1, 0, 0
5640964, 835584, 1, 0, 0
5641214, 1245184, 1, 0, 0
5641464, 933888, 1, 0, 0
5641714, 1299534, 1, 0, 0
5641964, 622592, 1, 0, 0
5642214, 720896, 1, 0, 0
5642464, 409600, 1, 0, 0
5642714, 901120, 1, 0, 0
5642964, 1327104, 1, 0, 0
5643214, 1261568, 1, 0, 0
5643464, 671744, 1, 0, 0
5643714, 1081344, 1, 0, 0
5643964, 1250184, 1, 0, 0
5644214, 1392640, 1, 0, 0
5644464, 1441792, 1, 0, 0
5644714, 1212416, 1, 0, 0
5644964, 1097728, 1, 0, 0
5645214, 1032192, 1, 0, 0
5645464, 1196032, 1, 0, 0
5645714, 1064960, 1, 0, 0
5645964, 1376256, 1, 0, 0
5646214, 1441792, 1, 0, 0
5646464, 954088, 1, 0, 0
5646714, 999424, 1, 0, 0
5646964, 1540096, 1, 0, 0
5647214, 1277952, 1, 0, 0
5647464, 1392640, 1, 0, 0
5647714, 1228800, 1, 0, 0
5647964, 1392640, 1, 0, 0
5648214, 1703936, 1, 0, 0
5648464, 1654784, 1, 0, 0
5648714, 933888, 1, 0, 0
5648964, 986987, 1, 0, 0
5649214, 622592, 1, 0, 0
5649464, 884736, 1, 0, 0
5649714, 638976, 1, 0, 0
5649964, 655360, 1, 0, 0
5650214, 1163264, 1, 0, 0
5650464, 1032192, 1, 0, 0
5650714, 753664, 1, 0, 0
5650964, 720896, 1, 0, 0
5651214, 1036337, 1, 0, 0
5651464, 1114112, 1, 0, 0
5651714, 753664, 1, 0, 0
5651964, 950272, 1, 0, 0
5652214, 507904, 1, 0, 0
5652464, 409600, 1, 0, 0
5652714, 819200, 1, 0, 0
5652964, 1294336, 1, 0, 0
5653214, 1409024, 1, 0, 0
5653464, 509943, 1, 0, 0
5653714, 311296, 1, 0, 0
5653964, 557056, 1, 0, 0
5654214, 933888, 1, 0, 0
5654464, 409600, 1, 0, 0
5654714, 409600, 1, 0, 0
5654964, 376832, 1, 0, 0
5655214, 491520, 1, 0, 0
5655464, 427694, 1, 0, 0
5655714, 671744, 1, 0, 0
5655964, 442368, 1, 0, 0
5656214, 1179648, 1, 0, 0
5656464, 180224, 1, 0, 0
5656714, 638976, 1, 0, 0
5656964, 425984, 1, 0, 0
5657214, 409600, 1, 0, 0
5657464, 638976, 1, 0, 0
5657714, 789590, 1, 0, 0
5657964, 311296, 1, 0, 0
5658214, 196608, 1, 0, 0
5658464, 475136, 1, 0, 0
5658714, 458752, 1, 0, 0
5658964, 524288, 1, 0, 0
5659214, 606208, 1, 0, 0
5659464, 425984, 1, 0, 0
5659714, 606208, 1, 0, 0
5659964, 888289, 1, 0, 0
5660214, 606208, 1, 0, 0
5660464, 458752, 1, 0, 0
5660714, 1048576, 1, 0, 0
5660964, 851968, 1, 0, 0
5661214, 1130496, 1, 0, 0
5661464, 737280, 1, 0, 0
5661714, 327680, 1, 0, 0
5661965, 802816, 1, 0, 0
5662214, 542843, 1, 0, 0
5662464, 294912, 1, 0, 0
5662714, 573440, 1, 0, 0
5662964, 507904, 1, 0, 0
5663214, 229376, 1, 0, 0
5663464, 393216, 1, 0, 0
5663714, 425984, 1, 0, 0
5663964, 589824, 1, 0, 0
5664215, 950272, 1, 0, 0
5664464, 822489, 1, 0, 0
5664714, 638976, 1, 0, 0
5664964, 311296, 1, 0, 0
5665214, 393216, 1, 0, 0
5665464, 720896, 1, 0, 0
5665714, 622592, 1, 0, 0
5665964, 983040, 1, 0, 0
5666214, 638976, 1, 0, 0
5666464, 1359872, 1, 0, 0
5666714, 1069236, 1, 0, 0
5666964, 1097728, 1, 0, 0
5667214, 1032192, 1, 0, 0
5667464, 688128, 1, 0, 0
5667714, 917504, 1, 0, 0
5667964, 458752, 1, 0, 0
5668214, 524288, 1, 0, 0
5668464, 360448, 1, 0, 0
5668714, 311296, 1, 0, 0
5668964, 802816, 1, 0, 0
5669214, 855389, 1, 0, 0
5669464, 770048, 1, 0, 0
5669714, 557056, 1, 0, 0
5669964, 737280, 1, 0, 0
5670214, 1097728, 1, 0, 0
5670464, 1196032, 1, 0, 0
5670714, 1114112, 1, 0, 0
5670964, 1228800, 1, 0, 0
5671214, 933888, 1, 0, 0
5671465, 819200, 1, 0, 0
5671714, 1135036, 1, 0, 0
5671964, 1818624, 1, 0, 0
5672214, 1163264, 1, 0, 0
5672464, 884736, 1, 0, 0
5672714, 966656, 1, 0, 0
5672964, 720896, 1, 0, 0
5673214, 1376256, 1, 0, 0
5673464, 1490944, 1, 0, 0
5673714, 1212416, 1, 0, 0
5673964, 1562730, 1, 0, 0
5674214, 1572864, 1, 0, 0
5674464, 1064960, 1, 0, 0
5674714, 1310720, 1, 0, 0
5674964, 1884160, 1, 0, 0
5675214, 1277952, 1, 0, 0
5675464, 802816, 1, 0, 0
5675714, 917504, 1, 0, 0
5675964, 1409024, 1, 0, 0
5676214, 1605632, 1, 0, 0
5676464, 1513381, 1, 0, 0
5676714, 1212416, 1, 0, 0
5676964, 1966080, 1, 0, 0
5677214, 819200, 1, 0, 0
5677464, 819200, 1, 0, 0
5677714, 868352, 1, 0, 0
5677964, 1327104, 1, 0, 0
5678214, 1376256, 1, 0, 0
5678464, 1032192, 1, 0, 0
5678714, 509943, 1, 0, 0
5678964, 1179648, 1, 0, 0
5679214, 1622016, 1, 0, 0
5679464, 1343488, 1, 0, 0
5679714, 1048576, 1, 0, 0
5679964, 1048576, 1, 0, 0
5680214, 557056, 1, 0, 0
5680464, 1064960, 1, 0, 0
5680714, 933888, 1, 0, 0
5680964, 723791, 1, 0, 0
5681214, 1081344, 1, 0, 0
5681464, 1048576, 1, 0, 0
5681714, 901120, 1, 0, 0
5681964, 966656, 1, 0, 0
5682214, 1081344, 1, 0, 0
5682464, 671744, 1, 0, 0
5682714, 1081344, 1, 0, 0
5682964, 802816, 1, 0, 0
5683214, 786432, 1, 0, 0
5683464, 559293, 1, 0, 0
5683714, 1196032, 1, 0, 0
5683964, 1409024, 1, 0, 0
5684214, 1376256, 1, 0, 0
5684464, 753664, 1, 0, 0
5684714, 933888, 1, 0, 0
5684964, 1212416, 1, 0, 0
5685214, 1032192, 1, 0, 0
5685464, 802816, 1, 0, 0
5685714, 1392640, 1, 0, 0
5685964, 1135036, 1, 0, 0
5686214, 737280, 1, 0, 0
5686464, 1130496, 1, 0, 0
5686714, 819200, 1, 0, 0
5686964, 966656, 1, 0, 0
5687214, 1785856, 1, 0, 0
5687464, 1343488, 1, 0, 0
5687714, 1245184, 1, 0, 0
5687964, 1736704, 1, 0, 0
5688214, 1299534, 1, 0, 0
5688464, 1409024, 1, 0, 0
5688714, 770048, 1, 0, 0
5688964, 1261568, 1, 0, 0
5689214, 1130496, 1, 0, 0
5689464, 1392640, 1, 0, 0
5689714, 983040, 1, 0, 0
5689964, 1146880, 1, 0, 0
5690214, 557056, 1, 0, 0
5690464, 1151485, 1, 0, 0
5690714, 966656, 1, 0, 0
5690964, 1376256, 1, 0, 0
5691214, 1490944, 1, 0, 0
5691464, 1048576, 1, 0, 0
5691714, 1523712, 1, 0, 0
5691964, 950272, 1, 0, 0
5692214, 933888, 1, 0, 0
5692464, 1114112, 1, 0, 0
5692714, 1359872, 1, 0, 0
5692964, 1496931, 1, 0, 0
5693214, 1097728, 1, 0, 0
5693464, 1032192, 1, 0, 0
5693714, 1130496, 1, 0, 0
5693964, 835584, 1, 0, 0
5694214, 884736, 1, 0, 0
5694464, 1376256, 1, 0, 0
5694714, 1179648, 1, 0, 0
5694964, 773140, 1, 0, 0
5695214, 540672, 1, 0, 0
5695464, 1261568, 1, 0, 0
5695714, 1179648, 1, 0, 0
5695964, 1376256, 1, 0, 0
5696214, 1048576, 1, 0, 0
5696464, 983040, 1, 0, 0
5696714, 1277952, 1, 0, 0
5696964, 1130496, 1, 0, 0
5697215, 704512, 1, 0, 0
5697464, 806040, 1, 0, 0
5697714, 1228800, 1, 0, 0
5697964, 1245184, 1, 0, 0
5698214, 802816, 1, 0, 0
5698464, 1163264, 1, 0, 0
5698714, 1245184, 1, 0, 0
5698964, 1310720, 1, 0, 0
5699214, 1294336, 1, 0, 0
5699465, 1392640, 1, 0, 0
5699714, 822489, 1, 0, 0
5699964, 1556480, 1, 0, 0
5700214, 1163264, 1, 0, 0
5700464, 1146880, 1, 0, 0
5700714, 1277952, 1, 0, 0
5700964, 884736, 1, 0, 0
5701214, 1343488, 1, 0, 0
5701464, 999424, 1, 0, 0
5701714, 1605632, 1, 0, 0
5701964, 1015808, 1, 0, 0
5702214, 1184385, 1, 0, 0
5702464, 1064960, 1, 0, 0
5702714, 1523712, 1, 0, 0
5702964, 983040, 1, 0, 0
5703214, 933888, 1, 0, 0
5703464, 1425408, 1, 0, 0
5703714, 1310720, 1, 0, 0
5703964, 1507328, 1, 0, 0
5704214, 1425408, 1, 0, 0
5704464, 1694329, 1, 0, 0
5704714, 868352, 1, 0, 0
5704964, 1720320, 1, 0, 0
5705214, 1359872, 1, 0, 0
5705464, 1245184, 1, 0, 0
5705714, 1851392, 1, 0, 0
5705964, 1163264, 1, 0, 0
5706214, 1032192, 1, 0, 0
5706464, 786432, 1, 0, 0
5706714, 1245184, 1, 0, 0
5706964, 526393, 1, 0, 0
5707214, 573440, 1, 0, 0
5707464, 1556480, 1, 0, 0
5707714, 1327104, 1, 0, 0
5707964, 1785856, 1, 0, 0
5708214, 1032192, 1, 0, 0
5708464, 1343488, 1, 0, 0
5708714, 999424, 1, 0, 0
5708964, 229376, 1, 0, 0
5709214, 690891, 1, 0, 0
5709464, 1343488, 1, 0, 0
5709714, 557056, 1, 0, 0
5709964, 294912, 1, 0, 0
5710214, 507904, 1, 0, 0
5710464, 737280, 1, 0, 0
5710714, 491520, 1, 0, 0
5710964, 114688, 1, 0, 0
5711214, 0, 1, 0, 0
5711464, 245760, 1, 0, 0
5711714, 312546, 1, 0, 0
5711964, 507904, 1, 0, 0
5712214, 589824, 1, 0, 0
5712464, 491520, 1, 0, 0
5712714, 491520, 1, 0, 0
5712964, 507904, 1, 0, 0
5713214, 819200, 1, 0, 0
5713464, 933888, 1, 0, 0
5713714, 688128, 1, 0, 0
5713964, 838939, 1, 0, 0
5714214, 901120, 1, 0, 0
5714464, 851968, 1, 0, 0
5714714, 311296, 1, 0, 0
5714964, 294912, 1, 0, 0
5715214, 98304, 1, 0, 0
5715464, 770048, 1, 0, 0
5715714, 311296, 1, 0, 0
5715964, 704512, 1, 0, 0
5716215, 557056, 1, 0, 0
5716464, 1019887, 1, 0, 0
5716714, 425984, 1, 0, 0
5716964, 704512, 1, 0, 0
5717214, 606208, 1, 0, 0
5717464, 327680, 1, 0, 0
5717714, 442368, 1, 0, 0
5717964, 294912, 1, 0, 0
5718214, 409600, 1, 0, 0
5718464, 822489, 1, 0, 0
5718714, 409600, 1, 0, 0
5718964, 475136, 1, 0, 0
5719214, 524288, 1, 0, 0
5719464, 737280, 1, 0, 0
5719714, 704512, 1, 0, 0
5719964, 344064, 1, 0, 0
5720214, 311296, 1, 0, 0
5720464, 540672, 1, 0, 0
5720714, 230297, 1, 0, 0
5720964, 311296, 1, 0, 0
5721214, 376832, 1, 0, 0
5721464, 737280, 1, 0, 0
5721714, 966656, 1, 0, 0
5721964, 491520, 1, 0, 0
5722214, 1179648, 1, 0, 0
5722464, 1032192, 1, 0, 0
5722714, 835584, 1, 0, 0
5722964, 884736, 1, 0, 0
5723214, 444144, 1, 0, 0
5723464, 360448, 1, 0, 0
5723714, 458752, 1, 0, 0
5723964, 524288, 1, 0, 0
5724214, 294912, 1, 0, 0
5724464, 180224, 1, 0, 0
5724714, 327680, 1, 0, 0
5724964, 196608, 1, 0, 0
5725214, 81920, 1, 0, 0
5725464, 131598, 1, 0, 0
5725714, 294912, 1, 0, 0
5725964, 360448, 1, 0, 0
5726214, 606208, 1, 0, 0
5726464, 753664, 1, 0, 0
5726714, 606208, 1, 0, 0
5726964, 851968, 1, 0, 0
5727214, 589824, 1, 0, 0
5727464, 263196, 1, 0, 0
5727714, 507904, 1, 0, 0
5727964, 589824, 1, 0, 0
5728214, 114688, 1, 0, 0
5728464, 278528, 1, 0, 0
5728714, 212992, 1, 0, 0
5728964, 409600, 1, 0, 0
5729214, 458752, 1, 0, 0
5729464, 49152, 1, 0, 0
5729714, 296096, 1, 0, 0
5729964, 491520, 1, 0, 0
5730214, 212992, 1, 0, 0
5730464, 458752, 1, 0, 0
5730714, 720896, 1, 0, 0
5730964, 671744, 1, 0, 0
5731214, 786432, 1, 0, 0
5731464, 737280, 1, 0, 0
5731714, 851968, 1, 0, 0
5731964, 1212416, 1, 0, 0
5732214, 1250184, 1, 0, 0
5732464, 917504, 1, 0, 0
5732714, 1146880, 1, 0, 0
5732964, 1245184, 1, 0, 0
5733214, 999424, 1, 0, 0
5733464, 1048576, 1, 0, 0
5733714, 933888, 1, 0, 0
5733964, 868352, 1, 0, 0
5734214, 1464032, 1, 0, 0
5734464, 1277952, 1, 0, 0
5734714, 1179648, 1, 0, 0
5734964, 704512, 1, 0, 0
5735214, 966656, 1, 0, 0
5735464, 1392640, 1, 0, 0
5735714, 557056, 1, 0, 0
5735964, 1228800, 1, 0, 0
5736214, 1392640, 1, 0, 0
5736465, 1556480, 1, 0, 0
5736714, 1118586, 1, 0, 0
5736964, 704512, 1, 0, 0
5737214, 606208, 1, 0, 0
5737464, 1884160, 1, 0, 0
5737714, 851968, 1, 0, 0
5737964, 917504, 1, 0, 0
5738214, 1572864, 1, 0, 0
5738464, 770048, 1, 0, 0
5738714, 328995, 1, 0, 0
5738964, 507904, 1, 0, 0
5739214, 311296, 1, 0, 0
5739464, 442368, 1, 0, 0
5739714, 770048, 1, 0, 0
5739964, 819200, 1, 0, 0
5740214, 950272, 1, 0, 0
5740464, 1556480, 1, 0, 0
5740714, 1392640, 1, 0, 0
5740964, 1036337, 1, 0, 0
5741214, 983040, 1, 0, 0
5741464, 1589248, 1, 0, 0
5741714, 1146880, 1, 0, 0
5741964, 1359872, 1, 0, 0
5742214, 1490944, 1, 0, 0
5742464, 1179648, 1, 0, 0
5742714, 786432, 1, 0, 0
5742964, 868352, 1, 0, 0
5743214, 592192, 1, 0, 0
5743464, 1474560, 1, 0, 0
5743714, 1425408, 1, 0, 0
5743964, 1376256, 1, 0, 0
5744214, 1245184, 1, 0, 0
5744464, 458752, 1, 0, 0
5744714, 868352, 1, 0, 0
5744964, 1392640, 1, 0, 0
5745214, 966656, 1, 0, 0
5745463, 986987, 1, 0, 0
5745714, 1277952, 1, 0, 0
5745964, 1523712, 1, 0, 0
5746214, 868352, 1, 0, 0
5746464, 1212416, 1, 0, 0
5746714, 1409024, 1, 0, 0
5746964, 1277952, 1, 0, 0
5747214, 1245184, 1, 0, 0
5747464, 1003437, 1, 0, 0
5747714, 1032192, 1, 0, 0
5747964, 1146880, 1, 0, 0
5748214, 1228800, 1, 0, 0
5748464, 1933312, 1, 0, 0
5748714, 1392640, 1, 0, 0
5748964, 1507328, 1, 0, 0
5749214, 1310720, 1, 0, 0
5749464, 1228800, 1, 0, 0
5749714, 1458176, 1, 0, 0
5749964, 1102136, 1, 0, 0
5750214, 1212416, 1, 0, 0
5750464, 983040, 1, 0, 0
5750714, 1114112, 1, 0, 0
5750964, 1949696, 1, 0, 0
5751214, 1392640, 1, 0, 0
5751464, 1769472, 1, 0, 0
5751714, 1998848, 1, 0, 0
5751964, 1490944, 1, 0, 0
5752215, 1032192, 1, 0, 0
5752464, 1184385, 1, 0, 0
5752714, 1245184, 1, 0, 0
5752964, 1507328, 1, 0, 0
5753214, 1359872, 1, 0, 0
5753464, 1359872, 1, 0, 0
5753714, 1359872, 1, 0, 0
5753964, 1572864, 1, 0, 0
5754214, 1064960, 1, 0, 0
5754464, 1277952, 1, 0, 0
5754714, 1327104, 1, 0, 0
5754964, 1661429, 1, 0, 0
5755214, 1310720, 1, 0, 0
5755464, 1245184, 1, 0, 0
5755714, 1490944, 1, 0, 0
5755964, 1654784, 1, 0, 0
5756214, 1523712, 1, 0, 0
5756464, 1703936, 1, 0, 0
5756714, 1327104, 1, 0, 0
5756964, 933888, 1, 0, 0
5757214, 657991, 1, 0, 0
5757464, 720896, 1, 0, 0
5757714, 1179648, 1, 0, 0
5757964, 737280, 1, 0, 0
5758214, 1097728, 1, 0, 0
5758464, 868352, 1, 0, 0
5758714, 851968, 1, 0, 0
5758964, 1277952, 1, 0, 0
5759214, 1081344, 1, 0, 0
5759464, 789590, 1, 0, 0
5759714, 770048, 1, 0, 0
5759964, 1277952, 1, 0, 0
5760214, 720896, 1, 0, 0
5760464, 770048, 1, 0, 0
5760714, 655360, 1, 0, 0
5760964, 606208, 1, 0, 0
5761214, 1081344, 1, 0, 0
5761464, 740240, 1, 0, 0
5761714, 638976, 1, 0, 0
5761964, 704512, 1, 0, 0
5762214, 1359872, 1, 0, 0
5762464, 1163264, 1, 0, 0
5762714, 1146880, 1, 0, 0
5762964, 1064960, 1, 0, 0
5763214, 1032192, 1, 0, 0
5763464, 524288, 1, 0, 0
5763715, 458752, 1, 0, 0
5763964, 756690, 1, 0, 0
5764214, 655360, 1, 0, 0
5764464, 671744, 1, 0, 0
5764714, 901120, 1, 0, 0
5764964, 376832, 1, 0, 0
5765214, 638976, 1, 0, 0
5765464, 638976, 1, 0, 0
5765714, 180224, 1, 0, 0
5765964, 212992, 1, 0, 0
5766214, 559293, 1, 0, 0
5766464, 655360, 1, 0, 0
5766714, 393216, 1, 0, 0
5766964, 835584, 1, 0, 0
5767214, 655360, 1, 0, 0
5767464, 557056, 1, 0, 0
5767714, 393216, 1, 0, 0
5767964, 557056, 1, 0, 0
5768214, 575742, 1, 0, 0
5768464, 245760, 1, 0, 0
5768714, 376832, 1, 0, 0
5768964, 196608, 1, 0, 0
5769214, 262144, 1, 0, 0
5769464, 360448, 1, 0, 0
5769714, 327680, 1, 0, 0
5769965, 196608, 1, 0, 0
5770214, 180947, 1, 0, 0
5770464, 311296, 1, 0, 0
5770714, 409600, 1, 0, 0
5770964, 278528, 1, 0, 0
5771214, 360448, 1, 0, 0
5771464, 229376, 1, 0, 0
5771714, 360448, 1, 0, 0
5771964, 557056, 1, 0, 0
5772214, 196608, 1, 0, 0
5772464, 263196, 1, 0, 0
5772714, 524288, 1, 0, 0
5772964, 98304, 1, 0, 0
5773214, 98304, 1, 0, 0
5773464, 0, 1, 0, 0
5773714, 114688, 1, 0, 0
5773964, 180224, 1, 0, 0
5774214, 0, 1, 0, 0
5774464, 0, 1, 0, 0
5774714, 0, 1, 0, 0
5774964, 0, 1, 0, 0
5775214, 0, 1, 0, 0
5775464, 0, 1, 0, 0
5775714, 114688, 1, 0, 0
5775964, 393216, 1, 0, 0
5776214, 901120, 1, 0, 0
5776464, 835584, 1, 0, 0
5776714, 773140, 1, 0, 0
5776964, 786432, 1, 0, 0
5777214, 720896, 1, 0, 0
5777464, 540672, 1, 0, 0
5777714, 786432, 1, 0, 0
5777964, 966656, 1, 0, 0
5778214, 622592, 1, 0, 0
5778464, 262144, 1, 0, 0
5778714, 622592, 1, 0, 0
5778964, 1376256, 1, 0, 0
5779214, 1217285, 1, 0, 0
5779464, 638976, 1, 0, 0
5779714, 1212416, 1, 0, 0
5779964, 1327104, 1, 0, 0
5780214, 1507328, 1, 0, 0
5780464, 999424, 1, 0, 0
5780714, 475136, 1, 0, 0
5780964, 425984, 1, 0, 0
5781214, 540672, 1, 0, 0
5781464, 1052787, 1, 0, 0
5781714, 1376256, 1, 0, 0
5781964, 1064960, 1, 0, 0
5782214, 327680, 1, 0, 0
5782464, 851968, 1, 0, 0
5782714, 491520, 1, 0, 0
5782964, 425984, 1, 0, 0
5783214, 1130496, 1, 0, 0
5783464, 622592, 1, 0, 0
5783714, 855389, 1, 0, 0
5783964, 966656, 1, 0, 0
5784214, 1097728, 1, 0, 0
5784464, 868352, 1, 0, 0
5784714, 425984, 1, 0, 0
5784964, 229376, 1, 0, 0
5785214, 638976, 1, 0, 0
5785464, 475136, 1, 0, 0
5785714, 704512, 1, 0, 0
5785964, 638976, 1, 0, 0
5786214, 1315983, 1, 0, 0
5786464, 1048576, 1, 0, 0
5786714, 458752, 1, 0, 0
5786964, 1163264, 1, 0, 0
5787214, 491520, 1, 0, 0
5787464, 442368, 1, 0, 0
5787714, 491520, 1, 0, 0
5787964, 966656, 1, 0, 0
5788214, 458752, 1, 0, 0
5788464, 394795, 1, 0, 0
5788714, 16384, 1, 0, 0
5788964, 606208, 1, 0, 0
5789214, 409600, 1, 0, 0
5789464, 212992, 1, 0, 0
5789714, 344064, 1, 0, 0
5789964, 327680, 1, 0, 0
5790214, 212992, 1, 0, 0
5790464, 196608, 1, 0, 0
5790714, 425984, 1, 0, 0
5790964, 180947, 1, 0, 0
5791214, 131072, 1, 0, 0
5791464, 278528, 1, 0, 0
5791714, 229376, 1, 0, 0
5791964, 442368, 1, 0, 0
5792214, 278528, 1, 0, 0
5792464, 98304, 1, 0, 0
5792714, 245760, 1, 0, 0
5792964, 163840, 1, 0, 0
5793215, 98304, 1, 0, 0
5793464, 213847, 1, 0, 0
5793714, 0, 1, 0, 0
5793964, 98304, 1, 0, 0
5794214, 98304, 1, 0, 0
5794464, 196608, 1, 0, 0
5794714, 98304, 1, 0, 0
5794964, 196608, 1, 0, 0
5795214, 196608, 1, 0, 0
5795465, 0, 1, 0, 0
5795714, 197397, 1, 0, 0
5795964, 196608, 1, 0, 0
5796214, 0, 1, 0, 0
5796464, 0, 1, 0, 0
5796714, 131072, 1, 0, 0
5796964, 262144, 1, 0, 0
5797214, 212992, 1, 0, 0
5797464, 0, 1, 0, 0
5797714, 81920, 1, 0, 0
5797964, 16449, 1, 0, 0
5798214, 131072, 1, 0, 0
5798464, 262144, 1, 0, 0
5798714, 0, 1, 0, 0
5798964, 0, 1, 0, 0
5799214, 98304, 1, 0, 0
5799464, 98304, 1, 0, 0
5799714, 196608, 1, 0, 0
5799964, 98304, 1, 0, 0
5800215, 98304, 1, 0, 0
5800464, 0, 1, 0, 0
5800714, 196608, 1, 0, 0
5800964, 0, 1, 0, 0
5801214, 98304, 1, 0, 0
5801464, 0, 1, 0, 0
5801714, 98304, 1, 0, 0
5801964, 0, 1, 0, 0
5802214, 196608, 1, 0, 0
5802464, 98698, 1, 0, 0
5802714, 0, 1, 0, 0
5802964, 0, 1, 0, 0
5803214, 0, 1, 0, 0
5803464, 98304, 1, 0, 0
5803714, 98304, 1, 0, 0
5803964, 98304, 1, 0, 0
5804214, 196608, 1, 0, 0
5804464, 98304, 1, 0, 0
5804714, 509943, 1, 0, 0
5804964, 507904, 1, 0, 0
5805214, 622592, 1, 0, 0
5805464, 966656, 1, 0, 0
5805714, 1081344, 1, 0, 0
5805964, 507904, 1, 0, 0
5806214, 475136, 1, 0, 0
5806464, 1015808, 1, 0, 0
5806714, 753664, 1, 0, 0
5806964, 608642, 1, 0, 0
5807214, 458752, 1, 0, 0
5807464, 196608, 1, 0, 0
5807714, 98304, 1, 0, 0
5807964, 327680, 1, 0, 0
5808214, 278528, 1, 0, 0
5808464, 507904, 1, 0, 0
5808714, 229376, 1, 0, 0
5808964, 212992, 1, 0, 0
5809214, 427694, 1, 0, 0
5809464, 540672, 1, 0, 0
5809714, 507904, 1, 0, 0
5809964, 229376, 1, 0, 0
5810214, 409600, 1, 0, 0
5810464, 196608, 1, 0, 0
5810714, 196608, 1, 0, 0
5810964, 196608, 1, 0, 0
5811214, 197397, 1, 0, 0
5811464, 327680, 1, 0, 0
5811714, 196608, 1, 0, 0
5811964, 98304, 1, 0, 0
5812214, 196608, 1, 0, 0
5812464, 638976, 1, 0, 0
5812714, 737280, 1, 0, 0
5812964, 163840, 1, 0, 0
5813214, 458752, 1, 0, 0
5813464, 378345, 1, 0, 0
5813714, 196608, 1, 0, 0
5813964, 311296, 1, 0, 0
5814214, 327680, 1, 0, 0
5814464, 180224, 1, 0, 0
5814714, 114688, 1, 0, 0
5814964, 475136, 1, 0, 0
5815214, 442368, 1, 0, 0
5815465, 458752, 1, 0, 0
5815714, 230297, 1, 0, 0
5815964, 212992, 1, 0, 0
5816214, 507904, 1, 0, 0
5816464, 507904, 1, 0, 0
5816714, 278528, 1, 0, 0
5816964, 557056, 1, 0, 0
5817214, 393216, 1, 0, 0
5817464, 311296, 1, 0, 0
5817714, 296096, 1, 0, 0
5817964, 229376, 1, 0, 0
5818214, 409600, 1, 0, 0
5818464, 196608, 1, 0, 0
5818714, 491520, 1, 0, 0
5818964, 409600, 1, 0, 0
5819214, 524288, 1, 0, 0
5819464, 458752, 1, 0, 0
5819714, 606208, 1, 0, 0
5819964, 740240, 1, 0, 0
5820214, 622592, 1, 0, 0
5820464, 196608, 1, 0, 0
5820714, 720896, 1, 0, 0
5820964, 311296, 1, 0, 0
5821214, 393216, 1, 0, 0
5821464, 360448, 1, 0, 0
5821714, 278528, 1, 0, 0
5821964, 245760, 1, 0, 0
5822214, 49152, 1, 0, 0
5822464, 164497, 1, 0, 0
5822714, 212992, 1, 0, 0
5822964, 294912, 1, 0, 0
5823214, 212992, 1, 0, 0
5823464, 229376, 1, 0, 0
5823714, 409600, 1, 0, 0
5823964, 622592, 1, 0, 0
5824214, 542843, 1, 0, 0
5824464, 475136, 1, 0, 0
5824714, 507904, 1, 0, 0
5824964, 1310720, 1, 0, 0
5825214, 1392640, 1, 0, 0
5825464, 1081344, 1, 0, 0
5825714, 1245184, 1, 0, 0
5825964, 393216, 1, 0, 0
5826214, 868352, 1, 0, 0
5826464, 773140, 1, 0, 0
5826714, 524288, 1, 0, 0
5826964, 131072, 1, 0, 0
5827214, 770048, 1, 0, 0
5827464, 212992, 1, 0, 0
5827714, 376832, 1, 0, 0
5827964, 458752, 1, 0, 0
5828214, 278528, 1, 0, 0
5828464, 196608, 1, 0, 0
5828714, 98698, 1, 0, 0
5828964, 196608, 1, 0, 0
5829214, 507904, 1, 0, 0
5829464, 475136, 1, 0, 0
5829714, 393216, 1, 0, 0
5829964, 540672, 1, 0, 0
5830214, 442368, 1, 0, 0
5830464, 98304, 1, 0, 0
5830715, 0, 1, 0, 0
5830964, 559293, 1, 0, 0
5831214, 770048, 1, 0, 0
5831464, 1196032, 1, 0, 0
5831714, 933888, 1, 0, 0
5831964, 409600, 1, 0, 0
5832214, 212992, 1, 0, 0
5832464, 655360, 1, 0, 0
5832714, 851968, 1, 0, 0
5832964, 622592, 1, 0, 0
5833214, 542843, 1, 0, 0
5833464, 409600, 1, 0, 0
5833714, 671744, 1, 0, 0
5833964, 524288, 1, 0, 0
5834214, 835584, 1, 0, 0
5834464, 622592, 1, 0, 0
5834714, 278528, 1, 0, 0
5834964, 720896, 1, 0, 0
5835214, 507904, 1, 0, 0
5835464, 770048, 1, 0, 0
5835714, 904738, 1, 0, 0
5835964, 819200, 1, 0, 0
5836214, 81920, 1, 0, 0
5836464, 458752, 1, 0, 0
5836714, 589824, 1, 0, 0
5836964, 524288, 1, 0, 0
5837214, 212992, 1, 0, 0
5837464, 720896, 1, 0, 0
5837713, 312546, 1, 0, 0
5837964, 425984, 1, 0, 0
5838214, 573440, 1, 0, 0
5838464, 344064, 1, 0, 0
5838714, 622592, 1, 0, 0
5838964, 573440, 1, 0, 0
5839214, 344064, 1, 0, 0
5839464, 360448, 1, 0, 0
5839714, 425984, 1, 0, 0
5839965, 114688, 1, 0, 0
5840214, 98698, 1, 0, 0
5840464, 0, 1, 0, 0
5840714, 0, 1, 0, 0
5840964, 0, 1, 0, 0
5841214, 0, 1, 0, 0
5841464, 0, 1, 0, 0
5841714, 0, 1, 0, 0
5841964, 0, 1, 0, 0
5842215, 0, 1, 0, 0
5842464, 82248, 1, 0, 0
5842714, 114688, 1, 0, 0
5842964, 98304, 1, 0, 0
5843214, 98304, 1, 0, 0
5843464, 0, 1, 0, 0
5843714, 81920, 1, 0, 0
5843964, 16384, 1, 0, 0
5844214, 180224, 1, 0, 0
5844464, 213847, 1, 0, 0
5844714, 147456, 1, 0, 0
5844964, 0, 1, 0, 0
5845214, 32768, 1, 0, 0
5845464, 196608, 1, 0, 0
5845714, 196608, 1, 0, 0
5845964, 262144, 1, 0, 0
5846214, 196608, 1, 0, 0
5846465, 163840, 1, 0, 0
5846714, 394795, 1, 0, 0
5846964, 589824, 1, 0, 0
5847214, 81920, 1, 0, 0
5847464, 147456, 1, 0, 0
5847714, 360448, 1, 0, 0
5847964, 98304, 1, 0, 0
5848214, 311296, 1, 0, 0
5848464, 557056, 1, 0, 0
5848715, 311296, 1, 0, 0
5848964, 608642, 1, 0, 0
5849214, 507904, 1, 0, 0
5849464, 311296, 1, 0, 0
5849714, 344064, 1, 0, 0
5849964, 360448, 1, 0, 0
5850214, 540672, 1, 0, 0
5850464, 311296, 1, 0, 0
5850714, 704512, 1, 0, 0
5850964, 213847, 1, 0, 0
5851214, 376832, 1, 0, 0
5851464, 311296, 1, 0, 0
5851714, 294912, 1, 0, 0
5851964, 196608, 1, 0, 0
5852214, 262144, 1, 0, 0
5852464, 212992, 1, 0, 0
5852714, 196608, 1, 0, 0
5852964, 131072, 1, 0, 0
5853214, 164497, 1, 0, 0
5853464, 98304, 1, 0, 0
5853714, 311296, 1, 0, 0
5853964, 180224, 1, 0, 0
5854214, 16384, 1, 0, 0
5854464, 491520, 1, 0, 0
5854714, 278528, 1, 0, 0
5854964, 114688, 1, 0, 0
5855215, 409600, 1, 0, 0
5855464, 197397, 1, 0, 0
5855714, 638976, 1, 0, 0
5855964, 344064, 1, 0, 0
5856214, 294912, 1, 0, 0
5856464, 393216, 1, 0, 0
5856714, 835584, 1, 0, 0
5856964, 442368, 1, 0, 0
5857214, 966656, 1, 0, 0
5857464, 835584, 1, 0, 0
5857714, 986987, 1, 0, 0
5857964, 917504, 1, 0, 0
5858214, 966656, 1, 0, 0
5858464, 1064960, 1, 0, 0
5858714, 819200, 1, 0, 0
5858964, 950272, 1, 0, 0
5859214, 1261568, 1, 0, 0
5859464, 1032192, 1, 0, 0
5859714, 753664, 1, 0, 0
5859964, 1184385, 1, 0, 0
5860214, 1212416, 1, 0, 0
5860464, 1261568, 1, 0, 0
5860714, 1228800, 1, 0, 0
5860964, 999424, 1, 0, 0
5861214, 1032192, 1, 0, 0
5861464, 1507328, 1, 0, 0
5861714, 1146880, 1, 0, 0
5861964, 999424, 1, 0, 0
5862214, 1064960, 1, 0, 0
5862464, 1003437, 1, 0, 0
5862714, 1327104, 1, 0, 0
5862964, 1245184, 1, 0, 0
5863214, 1048576, 1, 0, 0
5863464, 1097728, 1, 0, 0
5863714, 638976, 1, 0, 0
5863964, 638976, 1, 0, 0
5864214, 1196032, 1, 0, 0
5864464, 1114112, 1, 0, 0
5864715, 638976, 1, 0, 0
5864964, 921188, 1, 0, 0
5865214, 1015808, 1, 0, 0
5865464, 1458176, 1, 0, 0
5865714, 802816, 1, 0, 0
5865964, 1179648, 1, 0, 0
5866214, 851968, 1, 0, 0
5866464, 1015808, 1, 0, 0
5866714, 917504, 1, 0, 0
5866964, 983040, 1, 0, 0
5867214, 838939, 1, 0, 0
5867464, 606208, 1, 0, 0
5867714, 442368, 1, 0, 0
5867964, 983040, 1, 0, 0
5868214, 1048576, 1, 0, 0
5868464, 753664, 1, 0, 0
5868714, 425984, 1, 0, 0
5868964, 212992, 1, 0, 0
5869214, 884736, 1, 0, 0
5869464, 740240, 1, 0, 0
5869714, 901120, 1, 0, 0
5869964, 999424, 1, 0, 0
5870214, 933888, 1, 0, 0
5870464, 688128, 1, 0, 0
5870714, 720896, 1, 0, 0
5870964, 704512, 1, 0, 0
5871214, 1081344, 1, 0, 0
5871465, 1425408, 1, 0, 0
5871714, 1184385, 1, 0, 0
5871964, 1064960, 1, 0, 0
5872214, 638976, 1, 0, 0
5872464, 802816, 1, 0, 0
5872714, 720896, 1, 0, 0
5872964, 294912, 1, 0, 0
5873214, 196608, 1, 0, 0
5873464, 311296, 1, 0, 0
5873714, 378345, 1, 0, 0
5873964, 507904, 1, 0, 0
5874214, 884736, 1, 0, 0
5874464, 688128, 1, 0, 0
5874714, 802816, 1, 0, 0
5874964, 737280, 1, 0, 0
5875214, 786432, 1, 0, 0
5875464, 442368, 1, 0, 0
5875714, 1359872, 1, 0, 0
5875964, 983040, 1, 0, 0
5876214, 1135036, 1, 0, 0
5876464, 851968, 1, 0, 0
5876714, 475136, 1, 0, 0
5876964, 999424, 1, 0, 0
5877214, 966656, 1, 0, 0
5877464, 753664, 1, 0, 0
5877714, 999424, 1, 0, 0
5877964, 475136, 1, 0, 0
5878214, 674441, 1, 0, 0
5878464, 524288, 1, 0, 0
5878714, 589824, 1, 0, 0
5878964, 376832, 1, 0, 0
5879214, 98304, 1, 0, 0
5879464, 475136, 1, 0, 0
5879714, 868352, 1, 0, 0
5879964, 278528, 1, 0, 0
5880214, 98304, 1, 0, 0
5880464, 444144, 1, 0, 0
5880714, 311296, 1, 0, 0
5880964, 344064, 1, 0, 0
5881214, 180224, 1, 0, 0
5881464, 180224, 1, 0, 0
5881714, 278528, 1, 0, 0
5881964, 327680, 1, 0, 0
5882214, 393216, 1, 0, 0
5882464, 344064, 1, 0, 0
5882714, 263196, 1, 0, 0
5882964, 294912, 1, 0, 0
5883214, 163840, 1, 0, 0
5883464, 180224, 1, 0, 0
5883714, 393216, 1, 0, 0
5883964, 409600, 1, 0, 0
5884214, 0, 1, 0, 0
5884464, 98304, 1, 0, 0
5884714, 294912, 1, 0, 0
5884964, 197397, 1, 0, 0
5885214, 294912, 1, 0, 0
5885464, 442368, 1, 0, 0
5885714, 294912, 1, 0, 0
5885964, 655360, 1, 0, 0
5886214, 704512, 1, 0, 0
5886464, 507904, 1, 0, 0
5886714, 655360, 1, 0, 0
5886964, 524288, 1, 0, 0
5887214, 838939, 1, 0, 0
5887464, 933888, 1, 0, 0
5887714, 540672, 1, 0, 0
5887964, 294912, 1, 0, 0
5888214, 458752, 1, 0, 0
5888464, 901120, 1, 0, 0
5888714, 851968, 1, 0, 0
5888964, 589824, 1, 0, 0
5889215, 327680, 1, 0, 0
5889464, 674441, 1, 0, 0
5889714, 409600, 1, 0, 0
5889964, 475136, 1, 0, 0
5890214, 196608, 1, 0, 0
5890464, 442368, 1, 0, 0
5890714, 475136, 1, 0, 0
5890964, 0, 1, 0, 0
5891214, 229376, 1, 0, 0
5891464, 311296, 1, 0, 0
5891714, 312546, 1, 0, 0
5891964, 311296, 1, 0, 0
5892214, 294912, 1, 0, 0
5892464, 622592, 1, 0, 0
5892714, 622592, 1, 0, 0
5892964, 180224, 1, 0, 0
5893214, 606208, 1, 0, 0
5893464, 376832, 1, 0, 0
5893714, 425984, 1, 0, 0
5893964, 625092, 1, 0, 0
5894214, 212992, 1, 0, 0
5894464, 425984, 1, 0, 0
5894714, 655360, 1, 0, 0
5894964, 409600, 1, 0, 0
5895214, 294912, 1, 0, 0
5895464, 425984, 1, 0, 0
5895714, 327680, 1, 0, 0
5895964, 294912, 1, 0, 0
5896214, 378345, 1, 0, 0
5896464, 114688, 1, 0, 0
5896714, 393216, 1, 0, 0
5896964, 196608, 1, 0, 0
5897214, 294912, 1, 0, 0
5897464, 147456, 1, 0, 0
5897714, 720896, 1, 0, 0
5897965, 458752, 1, 0, 0
5898214, 394795, 1, 0, 0
5898464, 360448, 1, 0, 0
5898714, 311296, 1, 0, 0
5898964, 327680, 1, 0, 0
5899214, 360448, 1, 0, 0
5899464, 114688, 1, 0, 0
5899714, 229376, 1, 0, 0
5899964, 753664, 1, 0, 0
5900214, 507904, 1, 0, 0
5900464, 279646, 1, 0, 0
5900714, 163840, 1, 0, 0
5900964, 589824, 1, 0, 0
5901214, 393216, 1, 0, 0
5901464, 507904, 1, 0, 0
5901714, 524288, 1, 0, 0
5901964, 98304, 1, 0, 0
5902214, 294912, 1, 0, 0
5902464, 411244, 1, 0, 0
5902714, 294912, 1, 0, 0
5902964, 294912, 1, 0, 0
5903214, 507904, 1, 0, 0
5903464, 442368, 1, 0, 0
5903714, 589824, 1, 0, 0
5903964, 147456, 1, 0, 0
5904214, 245760, 1, 0, 0
5904464, 671744, 1, 0, 0
5904714, 509943, 1, 0, 0
5904964, 835584, 1, 0, 0
5905214, 524288, 1, 0, 0
5905464, 589824, 1, 0, 0
5905714, 802816, 1, 0, 0
5905964, 442368, 1, 0, 0
5906214, 327680, 1, 0, 0
5906464, 507904, 1, 0, 0
5906714, 786432, 1, 0, 0
5906964, 608642, 1, 0, 0
5907214, 196608, 1, 0, 0
5907464, 393216, 1, 0, 0
5907714, 622592, 1, 0, 0
5907964, 196608, 1, 0, 0
5908214, 311296, 1, 0, 0
5908464, 671744, 1, 0, 0
5908714, 229376, 1, 0, 0
5908964, 262144, 1, 0, 0
5909215, 409600, 1, 0, 0
5909464, 394795, 1, 0, 0
5909714, 557056, 1, 0, 0
5909964, 16384, 1, 0, 0
5910214, 311296, 1, 0, 0
5910464, 409600, 1, 0, 0
5910714, 540672, 1, 0, 0
5910964, 360448, 1, 0, 0
5911215, 393216, 1, 0, 0
5911464, 526393, 1, 0, 0
5911714, 278528, 1, 0, 0
5911964, 114688, 1, 0, 0
5912214, 294912, 1, 0, 0
5912464, 524288, 1, 0, 0
5912714, 327680, 1, 0, 0
5912964, 540672, 1, 0, 0
5913214, 737280, 1, 0, 0
5913465, 458752, 1, 0, 0
5913714, 411244, 1, 0, 0
5913964, 507904, 1, 0, 0
5914214, 507904, 1, 0, 0
5914464, 360448, 1, 0, 0
5914714, 622592, 1, 0, 0
5914964, 671744, 1, 0, 0
5915214, 573440, 1, 0, 0
5915464, 753664, 1, 0, 0
5915714, 460594, 1, 0, 0
5915964, 622592, 1, 0, 0
5916214, 540672, 1, 0, 0
5916464, 704512, 1, 0, 0
5916714, 638976, 1, 0, 0
5916964, 540672, 1, 0, 0
5917214, 671744, 1, 0, 0
5917464, 524288, 1, 0, 0
5917714, 737280, 1, 0, 0
5917964, 625092, 1, 0, 0
5918214, 770048, 1, 0, 0
5918464, 884736, 1, 0, 0
5918714, 720896, 1, 0, 0
5918964, 655360, 1, 0, 0
5919214, 835584, 1, 0, 0
5919464, 1130496, 1, 0, 0
5919714, 999424, 1, 0, 0
5919964, 770048, 1, 0, 0
5920215, 409600, 1, 0, 0
5920464, 756690, 1, 0, 0
5920714, 425984, 1, 0, 0
5920964, 933888, 1, 0, 0
5921214, 983040, 1, 0, 0
5921464, 1032192, 1, 0, 0
5921714, 704512, 1, 0, 0
5921964, 753664, 1, 0, 0
5922214, 1294336, 1, 0, 0
5922465, 1081344, 1, 0, 0
5922714, 394795, 1, 0, 0
5922964, 1245184, 1, 0, 0
5923214, 966656, 1, 0, 0
5923464, 1556480, 1, 0, 0
5923714, 1081344, 1, 0, 0
5923964, 1392640, 1, 0, 0
5924214, 1327104, 1, 0, 0
5924465, 1376256, 1, 0, 0
5924715, 966656, 1, 0, 0
5924964, 542843, 1, 0, 0
5925214, 1015808, 1, 0, 0
5925464, 1196032, 1, 0, 0
5925714, 851968, 1, 0, 0
5925964, 606208, 1, 0, 0
5926214, 688128, 1, 0, 0
5926464, 737280, 1, 0, 0
5926714, 786432, 1, 0, 0
5926964, 394795, 1, 0, 0
5927214, 638976, 1, 0, 0
5927464, 1081344, 1, 0, 0
5927714, 884736, 1, 0, 0
5927964, 770048, 1, 0, 0
5928214, 950272, 1, 0, 0
5928464, 507904, 1, 0, 0
5928714, 802816, 1, 0, 0
5928964, 1310720, 1, 0, 0
5929214, 592192, 1, 0, 0
5929464, 1196032, 1, 0, 0
5929714, 901120, 1, 0, 0
5929964, 933888, 1, 0, 0
5930214, 409600, 1, 0, 0
5930464, 507904, 1, 0, 0
5930714, 540672, 1, 0, 0
5930964, 671744, 1, 0, 0
5931214, 425984, 1, 0, 0
5931464, 394795, 1, 0, 0
5931714, 344064, 1, 0, 0
5931964, 507904, 1, 0, 0
5932214, 737280, 1, 0, 0
5932464, 409600, 1, 0, 0
5932714, 393216, 1, 0, 0
5932964, 409600, 1, 0, 0
5933214, 589824, 1, 0, 0
5933464, 507904, 1, 0, 0
5933714, 148048, 1, 0, 0
5933964, 229376, 1, 0, 0
5934214, 114688, 1, 0, 0
5934464, 458752, 1, 0, 0
5934714, 507904, 1, 0, 0
5934964, 311296, 1, 0, 0
5935214, 704512, 1, 0, 0
5935464, 770048, 1, 0, 0
5935714, 819200, 1, 0, 0
5935964, 707341, 1, 0, 0
5936214, 442368, 1, 0, 0
5936464, 688128, 1, 0, 0
5936714, 393216, 1, 0, 0
5936964, 540672, 1, 0, 0
5937214, 344064, 1, 0, 0
5937464, 212992, 1, 0, 0
5937714, 475136, 1, 0, 0
5937964, 344064, 1, 0, 0
5938214, 180947, 1, 0, 0
5938464, 131072, 1, 0, 0
5938714, 196608, 1, 0, 0
5938964, 491520, 1, 0, 0
5939214, 409600, 1, 0, 0
5939464, 311296, 1, 0, 0
5939714, 737280, 1, 0, 0
5939964, 229376, 1, 0, 0
5940214, 475136, 1, 0, 0
5940464, 592192, 1, 0, 0
5940714, 606208, 1, 0, 0
5940964, 884736, 1, 0, 0
5941214, 622592, 1, 0, 0
5941464, 802816, 1, 0, 0
5941714, 688128, 1, 0, 0
5941964, 524288, 1, 0, 0
5942214, 393216, 1, 0, 0
5942464, 425984, 1, 0, 0
5942714, 937638, 1, 0, 0
5942964, 851968, 1, 0, 0
5943214, 933888, 1, 0, 0
5943464, 835584, 1, 0, 0
5943714, 901120, 1, 0, 0
5943964, 786432, 1, 0, 0
5944214, 770048, 1, 0, 0
5944464, 1196032, 1, 0, 0
5944714, 1064960, 1, 0, 0
5944964, 888289, 1, 0, 0
5945214, 901120, 1, 0, 0
5945464, 589824, 1, 0, 0
5945714, 458752, 1, 0, 0
5945964, 1097728, 1, 0, 0
5946214, 999424, 1, 0, 0
5946464, 1015808, 1, 0, 0
5946714, 884736, 1, 0, 0
5946964, 1032192, 1, 0, 0
5947214, 921188, 1, 0, 0
5947464, 720896, 1, 0, 0
5947714, 475136, 1, 0, 0
5947964, 409600, 1, 0, 0
5948214, 655360, 1, 0, 0
5948464, 851968, 1, 0, 0
5948714, 983040, 1, 0, 0
5948964, 933888, 1, 0, 0
5949214, 345445, 1, 0, 0
5949464, 851968, 1, 0, 0
5949714, 557056, 1, 0, 0
5949964, 491520, 1, 0, 0
5950214, 753664, 1, 0, 0
5950464, 524288, 1, 0, 0
5950714, 671744, 1, 0, 0
5950964, 622592, 1, 0, 0
5951214, 884736, 1, 0, 0
5951464, 871839, 1, 0, 0
5951714, 1605632, 1, 0, 0
5951964, 835584, 1, 0, 0
5952214, 851968, 1, 0, 0
5952464, 770048, 1, 0, 0
5952714, 950272, 1, 0, 0
5952964, 1212416, 1, 0, 0
5953214, 786432, 1, 0, 0
5953464, 901120, 1, 0, 0
5953714, 1032192, 1, 0, 0
5953964, 970538, 1, 0, 0
5954214, 589824, 1, 0, 0
5954464, 753664, 1, 0, 0
5954714, 655360, 1, 0, 0
5954964, 638976, 1, 0, 0
5955214, 688128, 1, 0, 0
5955464, 819200, 1, 0, 0
5955714, 573440, 1, 0, 0
5955964, 802816, 1, 0, 0
5956215, 737280, 1, 0, 0
5956464, 937638, 1, 0, 0
5956714, 901120, 1, 0, 0
5956964, 835584, 1, 0, 0
5957214, 589824, 1, 0, 0
5957464, 442368, 1, 0, 0
5957714, 786432, 1, 0, 0
5957964, 442368, 1, 0, 0
5958214, 851968, 1, 0, 0
5958464, 1118586, 1, 0, 0
5958714, 1294336, 1, 0, 0
5958964, 983040, 1, 0, 0
5959214, 1015808, 1, 0, 0
5959464, 720896, 1, 0, 0
5959714, 966656, 1, 0, 0
5959964, 720896, 1, 0, 0
5960214, 589824, 1, 0, 0
5960464, 606208, 1, 0, 0
5960714, 1097728, 1, 0, 0
5960964, 575742, 1, 0, 0
5961214, 622592, 1, 0, 0
5961464, 950272, 1, 0, 0
5961714, 393216, 1, 0, 0
5961964, 557056, 1, 0, 0
5962214, 311296, 1, 0, 0
5962464, 409600, 1, 0, 0
5962714, 819200, 1, 0, 0
5962964, 557056, 1, 0, 0
5963214, 690891, 1, 0, 0
5963464, 344064, 1, 0, 0
5963714, 425984, 1, 0, 0
5963964, 98304, 1, 0, 0
5964214, 753664, 1, 0, 0
5964464, 655360, 1, 0, 0
5964714, 196608, 1, 0, 0
5964964, 311296, 1, 0, 0
5965214, 458752, 1, 0, 0
5965465, 557056, 1, 0, 0
5965714, 246746, 1, 0, 0
5965964, 491520, 1, 0, 0
5966214, 589824, 1, 0, 0
5966464, 704512, 1, 0, 0
5966714, 770048, 1, 0, 0
5966964, 671744, 1, 0, 0
5967214, 425984, 1, 0, 0
5967464, 573440, 1, 0, 0
5967714, 1151485, 1, 0, 0
5967964, 884736, 1, 0, 0
5968214, 950272, 1, 0, 0
5968464, 983040, 1, 0, 0
5968714, 1179648, 1, 0, 0
5968964, 1277952, 1, 0, 0
5969214, 720896, 1, 0, 0
5969464, 1327104, 1, 0, 0
5969714, 1163264, 1, 0, 0
5969964, 1196032, 1, 0, 0
5970214, 1217285, 1, 0, 0
5970464, 1785856, 1, 0, 0
5970714, 1507328, 1, 0, 0
5970964, 1376256, 1, 0, 0
5971214, 1179648, 1, 0, 0
5971464, 1310720, 1, 0, 0
5971714, 1507328, 1, 0, 0
5971964, 1048576, 1, 0, 0
5972214, 966656, 1, 0, 0
5972464, 1179648, 1, 0, 0
5972714, 1184385, 1, 0, 0
5972964, 688128, 1, 0, 0
5973214, 770048, 1, 0, 0
5973464, 622592, 1, 0, 0
5973714, 638976, 1, 0, 0
5973964, 573440, 1, 0, 0
5974214, 1032192, 1, 0, 0
5974464, 557056, 1, 0, 0
5974714, 851968, 1, 0, 0
5974964, 1200835, 1, 0, 0
5975214, 1261568, 1, 0, 0
5975464, 786432, 1, 0, 0
5975714, 1376256, 1, 0, 0
5975964, 1556480, 1, 0, 0
5976214, 1064960, 1, 0, 0
5976464, 1130496, 1, 0, 0
5976714, 1130496, 1, 0, 0
5976964, 835584, 1, 0, 0
5977214, 411244, 1, 0, 0
5977464, 1245184, 1, 0, 0
5977714, 688128, 1, 0, 0
5977964, 491520, 1, 0, 0
5978214, 802816, 1, 0, 0
5978464, 1163264, 1, 0, 0
5978714, 393216, 1, 0, 0
5978964, 884736, 1, 0, 0
5979214, 704512, 1, 0, 0
5979464, 394795, 1, 0, 0
5979714, 688128, 1, 0, 0
5979964, 1376256, 1, 0, 0
5980214, 1015808, 1, 0, 0
5980464, 835584, 1, 0, 0
5980714, 524288, 1, 0, 0
5980964, 1048576, 1, 0, 0
5981214, 589824, 1, 0, 0
5981464, 1266634, 1, 0, 0
5981714, 1081344, 1, 0, 0
5981964, 425984, 1, 0, 0
5982214, 802816, 1, 0, 0
5982464, 1359872, 1, 0, 0
5982714, 1179648, 1, 0, 0
5982964, 671744, 1, 0, 0
5983214, 655360, 1, 0, 0
5983464, 688128, 1, 0, 0
5983714, 360448, 1, 0, 0
5983964, 657991, 1, 0, 0
5984214, 573440, 1, 0, 0
5984464, 737280, 1, 0, 0
5984714, 212992, 1, 0, 0
5984964, 638976, 1, 0, 0
5985214, 540672, 1, 0, 0
5985464, 409600, 1, 0, 0
5985714, 884736, 1, 0, 0
5985965, 1163264, 1, 0, 0
5986214, 1529831, 1, 0, 0
5986464, 901120, 1, 0, 0
5986714, 1392640, 1, 0, 0
5986964, 851968, 1, 0, 0
5987214, 1163264, 1, 0, 0
5987464, 1277952, 1, 0, 0
5987714, 1605632, 1, 0, 0
5987964, 1146880, 1, 0, 0
5988214, 1294336, 1, 0, 0
5988464, 1069236, 1, 0, 0
5988714, 1474560, 1, 0, 0
5988964, 1703936, 1, 0, 0
5989214, 720896, 1, 0, 0
5989464, 1064960, 1, 0, 0
5989714, 933888, 1, 0, 0
5989964, 835584, 1, 0, 0
5990214, 704512, 1, 0, 0
5990464, 835584, 1, 0, 0
5990714, 638976, 1, 0, 0
5990964, 542843, 1, 0, 0
5991214, 245760, 1, 0, 0
5991464, 425984, 1, 0, 0
5991714, 409600, 1, 0, 0
5991964, 131072, 1, 0, 0
5992214, 1327104, 1, 0, 0
5992464, 966656, 1, 0, 0
5992714, 491520, 1, 0, 0
5992964, 1036337, 1, 0, 0
5993214, 557056, 1, 0, 0
5993464, 540672, 1, 0, 0
5993714, 229376, 1, 0, 0
5993964, 245760, 1, 0, 0
5994214, 131072, 1, 0, 0
5994464, 491520, 1, 0, 0
5994714, 0, 1, 0, 0
5994964, 393216, 1, 0, 0
5995215, 114688, 1, 0, 0
5995464, 378345, 1, 0, 0
5995714, 311296, 1, 0, 0
5995964, 475136, 1, 0, 0
5996214, 475136, 1, 0, 0
5996464, 1114112, 1, 0, 0
5996714, 491520, 1, 0, 0
5996964, 409600, 1, 0, 0
5997214, 409600, 1, 0, 0
5997464, 509943, 1, 0, 0
5997714, 606208, 1, 0, 0
5997964, 147456, 1, 0, 0
5998214, 294912, 1, 0, 0
5998464, 16384, 1, 0, 0
5998714, 81920, 1, 0, 0
5998964, 114688, 1, 0, 0
5999214, 245760, 1, 0, 0
5999464, 442368, 1, 0, 0
5999714, 608642, 1, 0, 0
5999964, 229376, 1, 0, 0
6000214, 638976, 1, 0, 0
6000464, 376832, 1, 0, 0
6000714, 98304, 1, 0, 0
6000964, 180224, 1, 0, 0
6001214, 311296, 1, 0, 0
6001464, 507904, 1, 0, 0
6001714, 0, 1, 0, 0
6001964, 279646, 1, 0, 0
6002214, 114688, 1, 0, 0
6002464, 196608, 1, 0, 0
6002714, 425984, 1, 0, 0
6002964, 589824, 1, 0, 0
6003214, 409600, 1, 0, 0
6003464, 81920, 1, 0, 0
6003714, 327680, 1, 0, 0
6003964, 425984, 1, 0, 0
6004215, 491520, 1, 0, 0
6004464, 526393, 1, 0, 0
6004714, 212992, 1, 0, 0
6004964, 327680, 1, 0, 0
6005214, 196608, 1, 0, 0
6005464, 491520, 1, 0, 0
6005714, 311296, 1, 0, 0
6005964, 278528, 1, 0, 0
6006215, 868352, 1, 0, 0
6006464, 954088, 1, 0, 0
6006714, 344064, 1, 0, 0
6006964, 606208, 1, 0, 0
6007214, 524288, 1, 0, 0
6007464, 491520, 1, 0, 0
6007714, 1196032, 1, 0, 0
6007964, 557056, 1, 0, 0
6008214, 409600, 1, 0, 0
6008464, 98698, 1, 0, 0
6008714, 196608, 1, 0, 0
6008964, 557056, 1, 0, 0
6009214, 229376, 1, 0, 0
6009464, 393216, 1, 0, 0
6009714, 311296, 1, 0, 0
6009964, 851968, 1, 0, 0
6010214, 573440, 1, 0, 0
6010465, 114688, 1, 0, 0
6010714, 296096, 1, 0, 0
6010964, 425984, 1, 0, 0
6011214, 245760, 1, 0, 0
6011464, 327680, 1, 0, 0
6011714, 409600, 1, 0, 0
6011964, 229376, 1, 0, 0
6012214, 262144, 1, 0, 0
6012464, 311296, 1, 0, 0
6012714, 263196, 1, 0, 0
6012964, 376832, 1, 0, 0
6013214, 1015808, 1, 0, 0
6013464, 262144, 1, 0, 0
6013714, 344064, 1, 0, 0
6013964, 196608, 1, 0, 0
6014214, 425984, 1, 0, 0
6014464, 638976, 1, 0, 0
6014714, 884736, 1, 0, 0
6014964, 756690, 1, 0, 0
6015214, 1048576, 1, 0, 0
6015464, 704512, 1, 0, 0
6015714, 49152, 1, 0, 0
6015964, 491520, 1, 0, 0
6016214, 344064, 1, 0, 0
6016464, 442368, 1, 0, 0
6016714, 851968, 1, 0, 0
6016964, 688128, 1, 0, 0
6017214, 888289, 1, 0, 0
6017464, 1179648, 1, 0, 0
6017714, 999424, 1, 0, 0
6017964, 131072, 1, 0, 0
6018214, 655360, 1, 0, 0
6018464, 311296, 1, 0, 0
6018714, 638976, 1, 0, 0
6018964, 868352, 1, 0, 0
6019215, 409600, 1, 0, 0
6019464, 559293, 1, 0, 0
6019714, 802816, 1, 0, 0
6019964, 442368, 1, 0, 0
6020214, 278528, 1, 0, 0
6020464, 753664, 1, 0, 0
6020714, 278528, 1, 0, 0
6020964, 573440, 1, 0, 0
6021214, 131072, 1, 0, 0
6021465, 294912, 1, 0, 0
6021714, 559293, 1, 0, 0
6021964, 753664, 1, 0, 0
6022214, 180224, 1, 0, 0
6022464, 868352, 1, 0, 0
6022714, 409600, 1, 0, 0
6022964, 425984, 1, 0, 0
6023214, 376832, 1, 0, 0
6023464, 180224, 1, 0, 0
6023714, 394795, 1, 0, 0
6023964, 491520, 1, 0, 0
6024214, 311296, 1, 0, 0
6024464, 393216, 1, 0, 0
6024714, 81920, 1, 0, 0
6024964, 212992, 1, 0, 0
6025214, 212992, 1, 0, 0
6025464, 425984, 1, 0, 0
6025714, 425984, 1, 0, 0
6025964, 296096, 1, 0, 0
6026214, 606208, 1, 0, 0
6026464, 720896, 1, 0, 0
6026714, 638976, 1, 0, 0
6026964, 98304, 1, 0, 0
6027214, 409600, 1, 0, 0
6027464, 753664, 1, 0, 0
6027714, 1409024, 1, 0, 0
6027964, 606208, 1, 0, 0
6028214, 657991, 1, 0, 0
6028464, 425984, 1, 0, 0
6028714, 638976, 1, 0, 0
6028964, 557056, 1, 0, 0
6029214, 475136, 1, 0, 0
6029464, 835584, 1, 0, 0
6029714, 753664, 1, 0, 0
6029964, 835584, 1, 0, 0
6030215, 294912, 1, 0, 0
6030464, 723791, 1, 0, 0
6030714, 966656, 1, 0, 0
6030964, 704512, 1, 0, 0
6031214, 376832, 1, 0, 0
6031464, 720896, 1, 0, 0
6031714, 409600, 1, 0, 0
6031964, 114688, 1, 0, 0
6032214, 180224, 1, 0, 0
6032465, 557056, 1, 0, 0
6032714, 279646, 1, 0, 0
6032964, 393216, 1, 0, 0
6033214, 507904, 1, 0, 0
6033464, 655360, 1, 0, 0
6033714, 1130496, 1, 0, 0
6033964, 655360, 1, 0, 0
6034214, 851968, 1, 0, 0
6034464, 1250184, 1, 0, 0
6034714, 638976, 1, 0, 0
6034964, 311296, 1, 0, 0
6035214, 425984, 1, 0, 0
6035464, 966656, 1, 0, 0
6035714, 819200, 1, 0, 0
6035964, 393216, 1, 0, 0
6036214, 802816, 1, 0, 0
6036464, 622592, 1, 0, 0
6036714, 674441, 1, 0, 0
6036964, 966656, 1, 0, 0
6037214, 393216, 1, 0, 0
6037464, 196608, 1, 0, 0
6037714, 524288, 1, 0, 0
6037964, 475136, 1, 0, 0
6038214, 737280, 1, 0, 0
6038464, 606208, 1, 0, 0
6038714, 409600, 1, 0, 0
6038964, 197397, 1, 0, 0
6039214, 98304, 1, 0, 0
6039464, 114688, 1, 0, 0
6039714, 0, 1, 0, 0
6039964, 196608, 1, 0, 0
6040214, 327680, 1, 0, 0
6040464, 458752, 1, 0, 0
6040714, 245760, 1, 0, 0
6040964, 98304, 1, 0, 0
6041214, 477044, 1, 0, 0
6041464, 196608, 1, 0, 0
6041714, 475136, 1, 0, 0
6041964, 507904, 1, 0, 0
6042214, 557056, 1, 0, 0
6042464, 360448, 1, 0, 0
6042714, 212992, 1, 0, 0
6042964, 540672, 1, 0, 0
6043214, 707341, 1, 0, 0
6043464, 458752, 1, 0, 0
6043714, 507904, 1, 0, 0
6043964, 917504, 1, 0, 0
6044214, 229376, 1, 0, 0
6044464, 360448, 1, 0, 0
6044714, 98304, 1, 0, 0
6044964, 475136, 1, 0, 0
6045214, 753664, 1, 0, 0
6045464, 409600, 1, 0, 0
6045714, 1184385, 1, 0, 0
6045964, 475136, 1, 0, 0
6046214, 409600, 1, 0, 0
6046464, 0, 1, 0, 0
6046714, 212992, 1, 0, 0
6046964, 589824, 1, 0, 0
6047214, 376832, 1, 0, 0
6047464, 360448, 1, 0, 0
6047714, 327680, 1, 0, 0
6047964, 16449, 1, 0, 0
6048214, 425984, 1, 0, 0
6048464, 147456, 1, 0, 0
6048714, 737280, 1, 0, 0
6048964, 229376, 1, 0, 0
6049214, 753664, 1, 0, 0
6049464, 573440, 1, 0, 0
6049714, 327680, 1, 0, 0
6049964, 442368, 1, 0, 0
6050215, 262144, 1, 0, 0
6050464, 444144, 1, 0, 0
6050714, 311296, 1, 0, 0
6050964, 507904, 1, 0, 0
6051214, 425984, 1, 0, 0
6051464, 737280, 1, 0, 0
6051714, 507904, 1, 0, 0
6051964, 294912, 1, 0, 0
6052214, 524288, 1, 0, 0
6052464, 345445, 1, 0, 0
6052714, 786432, 1, 0, 0
6052964, 311296, 1, 0, 0
6053214, 835584, 1, 0, 0
6053464, 606208, 1, 0, 0
6053714, 622592, 1, 0, 0
6053964, 327680, 1, 0, 0
6054214, 311296, 1, 0, 0
6054465, 409600, 1, 0, 0
6054714, 394795, 1, 0, 0
6054964, 425984, 1, 0, 0
6055214, 442368, 1, 0, 0
6055464, 524288, 1, 0, 0
6055714, 442368, 1, 0, 0
6055964, 606208, 1, 0, 0
6056215, 753664, 1, 0, 0
6056464, 411244, 1, 0, 0
6056714, 294912, 1, 0, 0
6056964, 409600, 1, 0, 0
6057214, 212992, 1, 0, 0
6057464, 196608, 1, 0, 0
6057714, 294912, 1, 0, 0
6057964, 196608, 1, 0, 0
6058214, 704512, 1, 0, 0
6058464, 477044, 1, 0, 0
6058714, 606208, 1, 0, 0
6058964, 704512, 1, 0, 0
6059214, 1064960, 1, 0, 0
6059464, 1196032, 1, 0, 0
6059714, 819200, 1, 0, 0
6059964, 1294336, 1, 0, 0
6060214, 884736, 1, 0, 0
6060464, 1261568, 1, 0, 0
6060714, 819200, 1, 0, 0
6060964, 806040, 1, 0, 0
6061214, 1015808, 1, 0, 0
6061464, 851968, 1, 0, 0
6061714, 901120, 1, 0, 0
6061964, 1081344, 1, 0, 0
6062214, 491520, 1, 0, 0
6062464, 884736, 1, 0, 0
6062714, 671744, 1, 0, 0
6062964, 983040, 1, 0, 0
6063214, 1277952, 1, 0, 0
6063464, 1036337, 1, 0, 0
6063714, 1032192, 1, 0, 0
6063964, 999424, 1, 0, 0
6064214, 901120, 1, 0, 0
6064464, 655360, 1, 0, 0
6064714, 1032192, 1, 0, 0
6064964, 704512, 1, 0, 0
6065214, 1064960, 1, 0, 0
6065464, 1277952, 1, 0, 0
6065714, 933888, 1, 0, 0
6065963, 740240, 1, 0, 0
6066214, 425984, 1, 0, 0
6066464, 753664, 1, 0, 0
6066714, 1261568, 1, 0, 0
6066964, 1032192, 1, 0, 0
6067214, 917504, 1, 0, 0
6067464, 1277952, 1, 0, 0
6067714, 851968, 1, 0, 0
6067964, 1032192, 1, 0, 0
6068214, 954088, 1, 0, 0
6068464, 835584, 1, 0, 0
6068714, 851968, 1, 0, 0
6068964, 1163264, 1, 0, 0
6069214, 884736, 1, 0, 0
6069464, 606208, 1, 0, 0
6069714, 1130496, 1, 0, 0
6069964, 1425408, 1, 0, 0
6070214, 671744, 1, 0, 0
6070464, 773140, 1, 0, 0
6070714, 835584, 1, 0, 0
6070964, 819200, 1, 0, 0
6071214, 851968, 1, 0, 0
6071464, 507904, 1, 0, 0
6071714, 524288, 1, 0, 0
6071964, 180224, 1, 0, 0
6072214, 753664, 1, 0, 0
6072464, 622592, 1, 0, 0
6072714, 871839, 1, 0, 0
6072964, 1114112, 1, 0, 0
6073214, 1114112, 1, 0, 0
6073464, 1064960, 1, 0, 0
6073714, 950272, 1, 0, 0
6073964, 606208, 1, 0, 0
6074214, 638976, 1, 0, 0
6074464, 999424, 1, 0, 0
6074714, 393216, 1, 0, 0
6074964, 540672, 1, 0, 0
6075214, 411244, 1, 0, 0
6075464, 409600, 1, 0, 0
6075714, 393216, 1, 0, 0
6075964, 901120, 1, 0, 0
6076214, 950272, 1, 0, 0
6076464, 360448, 1, 0, 0
6076714, 425984, 1, 0, 0
6076964, 557056, 1, 0, 0
6077215, 786432, 1, 0, 0
6077464, 707341, 1, 0, 0
6077714, 311296, 1, 0, 0
6077964, 98304, 1, 0, 0
6078214, 786432, 1, 0, 0
6078464, 1310720, 1, 0, 0
6078714, 851968, 1, 0, 0
6078964, 704512, 1, 0, 0
6079214, 1245184, 1, 0, 0
6079464, 622592, 1, 0, 0
6079714, 197397, 1, 0, 0
6079964, 344064, 1, 0, 0
6080214, 425984, 1, 0, 0
6080464, 491520, 1, 0, 0
6080714, 720896, 1, 0, 0
6080964, 720896, 1, 0, 0
6081214, 557056, 1, 0, 0
6081464, 1228800, 1, 0, 0
6081714, 966656, 1, 0, 0
6081964, 855389, 1, 0, 0
6082214, 1359872, 1, 0, 0
6082464, 851968, 1, 0, 0
6082714, 606208, 1, 0, 0
6082964, 638976, 1, 0, 0
6083214, 557056, 1, 0, 0
6083464, 622592, 1, 0, 0
6083714, 458752, 1, 0, 0
6083964, 294912, 1, 0, 0
6084214, 115148, 1, 0, 0
6084464, 475136, 1, 0, 0
6084714, 442368, 1, 0, 0
6084964, 753664, 1, 0, 0
6085214, 589824, 1, 0, 0
6085464, 622592, 1, 0, 0
6085714, 475136, 1, 0, 0
6085964, 671744, 1, 0, 0
6086214, 409600, 1, 0, 0
6086464, 625092, 1, 0, 0
6086714, 294912, 1, 0, 0
6086964, 425984, 1, 0, 0
6087214, 589824, 1, 0, 0
6087464, 294912, 1, 0, 0
6087714, 573440, 1, 0, 0
6087964, 491520, 1, 0, 0
6088214, 638976, 1, 0, 0
6088464, 524288, 1, 0, 0
6088714, 197397, 1, 0, 0
6088964, 557056, 1, 0, 0
6089214, 212992, 1, 0, 0
6089464, 720896, 1, 0, 0
6089714, 507904, 1, 0, 0
6089964, 376832, 1, 0, 0
6090214, 376832, 1, 0, 0
6090464, 344064, 1, 0, 0
6090714, 378345, 1, 0, 0
6090964, 409600, 1, 0, 0
6091214, 737280, 1, 0, 0
6091464, 475136, 1, 0, 0
6091714, 589824, 1, 0, 0
6091964, 475136, 1, 0, 0
6092214, 720896, 1, 0, 0
6092464, 1392640, 1, 0, 0
6092714, 835584, 1, 0, 0
6092964, 950272, 1, 0, 0
6093214, 954088, 1, 0, 0
6093464, 835584, 1, 0, 0
6093714, 1146880, 1, 0, 0
6093964, 1097728, 1, 0, 0
6094214, 802816, 1, 0, 0
6094464, 393216, 1, 0, 0
6094714, 540672, 1, 0, 0
6094964, 1310720, 1, 0, 0
6095214, 688128, 1, 0, 0
6095464, 641542, 1, 0, 0
6095714, 524288, 1, 0, 0
6095964, 573440, 1, 0, 0
6096214, 442368, 1, 0, 0
6096464, 229376, 1, 0, 0
6096714, 606208, 1, 0, 0
6096964, 589824, 1, 0, 0
6097214, 163840, 1, 0, 0
6097464, 163840, 1, 0, 0
6097714, 394795, 1, 0, 0
6097964, 425984, 1, 0, 0
6098214, 442368, 1, 0, 0
6098464, 507904, 1, 0, 0
6098714, 425984, 1, 0, 0
6098964, 802816, 1, 0, 0
6099214, 704512, 1, 0, 0
6099464, 835584, 1, 0, 0
6099715, 409600, 1, 0, 0
6099964, 542843, 1, 0, 0
6100214, 1064960, 1, 0, 0
6100464, 606208, 1, 0, 0
6100714, 507904, 1, 0, 0
6100964, 901120, 1, 0, 0
6101214, 966656, 1, 0, 0
6101464, 1310720, 1, 0, 0
6101714, 1458176, 1, 0, 0
6101964, 704512, 1, 0, 0
6102214, 575742, 1, 0, 0
6102464, 753664, 1, 0, 0
6102714, 1425408, 1, 0, 0
6102964, 786432, 1, 0, 0
6103214, 1064960, 1, 0, 0
6103464, 1343488, 1, 0, 0
6103714, 524288, 1, 0, 0
6103964, 835584, 1, 0, 0
6104214, 884736, 1, 0, 0
6104464, 888289, 1, 0, 0
6104714, 638976, 1, 0, 0
6104964, 1261568, 1, 0, 0
6105214, 1032192, 1, 0, 0
6105464, 720896, 1, 0, 0
6105714, 933888, 1, 0, 0
6105964, 622592, 1, 0, 0
6106214, 1114112, 1, 0, 0
6106464, 294912, 1, 0, 0
6106715, 360448, 1, 0, 0
6106964, 82248, 1, 0, 0
6107214, 327680, 1, 0, 0
6107464, 294912, 1, 0, 0
6107714, 294912, 1, 0, 0
6107964, 311296, 1, 0, 0
6108214, 196608, 1, 0, 0
6108464, 557056, 1, 0, 0
6108714, 622592, 1, 0, 0
6108964, 904738, 1, 0, 0
6109214, 573440, 1, 0, 0
6109464, 557056, 1, 0, 0
6109714, 409600, 1, 0, 0
6109964, 720896, 1, 0, 0
6110214, 786432, 1, 0, 0
6110464, 589824, 1, 0, 0
6110714, 425984, 1, 0, 0
6110964, 393216, 1, 0, 0
6111214, 361895, 1, 0, 0
6111464, 376832, 1, 0, 0
6111714, 344064, 1, 0, 0
6111964, 1196032, 1, 0, 0
6112214, 1114112, 1, 0, 0
6112464, 1179648, 1, 0, 0
6112714, 425984, 1, 0, 0
6112964, 671744, 1, 0, 0
6113214, 507904, 1, 0, 0
6113464, 164497, 1, 0, 0
6113714, 802816, 1, 0, 0
6113964, 638976, 1, 0, 0
6114214, 196608, 1, 0, 0
6114464, 638976, 1, 0, 0
6114714, 393216, 1, 0, 0
6114964, 540672, 1, 0, 0
6115214, 196608, 1, 0, 0
6115464, 524288, 1, 0, 0
6115714, 427694, 1, 0, 0
6115964, 851968, 1, 0, 0
6116214, 802816, 1, 0, 0
6116464, 655360, 1, 0, 0
6116714, 409600, 1, 0, 0
6116964, 196608, 1, 0, 0
6117214, 606208, 1, 0, 0
6117464, 196608, 1, 0, 0
6117714, 311296, 1, 0, 0
6117964, 592192, 1, 0, 0
6118214, 442368, 1, 0, 0
6118464, 524288, 1, 0, 0
6118714, 491520, 1, 0, 0
6118964, 507904, 1, 0, 0
6119214, 688128, 1, 0, 0
6119464, 442368, 1, 0, 0
6119714, 557056, 1, 0, 0
6119964, 786432, 1, 0, 0
6120214, 328995, 1, 0, 0
6120464, 1048576, 1, 0, 0
6120714, 770048, 1, 0, 0
6120964, 1064960, 1, 0, 0
6121214, 786432, 1, 0, 0
6121464, 606208, 1, 0, 0
6121714, 720896, 1, 0, 0
6121964, 589824, 1, 0, 0
6122214, 622592, 1, 0, 0
6122464, 690891, 1, 0, 0
6122714, 573440, 1, 0, 0
6122964, 131072, 1, 0, 0
6123214, 933888, 1, 0, 0
6123464, 786432, 1, 0, 0
6123714, 950272, 1, 0, 0
6123964, 622592, 1, 0, 0
6124214, 393216, 1, 0, 0
6124465, 704512, 1, 0, 0
6124714, 345445, 1, 0, 0
6124964, 327680, 1, 0, 0
6125214, 475136, 1, 0, 0
6125464, 671744, 1, 0, 0
6125714, 802816, 1, 0, 0
6125964, 671744, 1, 0, 0
6126214, 720896, 1, 0, 0
6126465, 491520, 1, 0, 0
6126714, 789590, 1, 0, 0
6126964, 196608, 1, 0, 0
6127214, 245760, 1, 0, 0
6127464, 770048, 1, 0, 0
6127714, 475136, 1, 0, 0
6127964, 360448, 1, 0, 0
6128214, 753664, 1, 0, 0
6128464, 409600, 1, 0, 0
6128714, 559293, 1, 0, 0
6128964, 524288, 1, 0, 0
6129214, 409600, 1, 0, 0
6129464, 409600, 1, 0, 0
6129714, 327680, 1, 0, 0
6129964, 180224, 1, 0, 0
6130214, 294912, 1, 0, 0
6130464, 638976, 1, 0, 0
6130714, 688128, 1, 0, 0
6130965, 786432, 1, 0, 0
6131214, 1283084, 1, 0, 0
6131464, 589824, 1, 0, 0
6131714, 655360, 1, 0, 0
6131964, 311296, 1, 0, 0
6132214, 196608, 1, 0, 0
6132464, 393216, 1, 0, 0
6132714, 229376, 1, 0, 0
6132964, 212992, 1, 0, 0
6133215, 294912, 1, 0, 0
6133464, 197397, 1, 0, 0
6133714, 622592, 1, 0, 0
6133964, 622592, 1, 0, 0
6134214, 835584, 1, 0, 0
6134464, 180224, 1, 0, 0
6134714, 573440, 1, 0, 0
6134964, 606208, 1, 0, 0
6135214, 802816, 1, 0, 0
6135464, 740240, 1, 0, 0
6135714, 999424, 1, 0, 0
6135964, 1048576, 1, 0, 0
6136214, 1572864, 1, 0, 0
6136464, 901120, 1, 0, 0
6136714, 770048, 1, 0, 0
6136964, 1245184, 1, 0, 0
6137214, 740240, 1, 0, 0
6137464, 786432, 1, 0, 0
6137714, 999424, 1, 0, 0
6137964, 999424, 1, 0, 0
6138214, 1277952, 1, 0, 0
6138464, 1130496, 1, 0, 0
6138714, 1114112, 1, 0, 0
6138964, 425984, 1, 0, 0
6139214, 1261568, 1, 0, 0
6139465, 1228800, 1, 0, 0
6139714, 1496931, 1, 0, 0
6139964, 1523712, 1, 0, 0
6140214, 1441792, 1, 0, 0
6140464, 1245184, 1, 0, 0
6140714, 999424, 1, 0, 0
6140964, 606208, 1, 0, 0
6141214, 966656, 1, 0, 0
6141464, 835584, 1, 0, 0
6141714, 1212416, 1, 0, 0
6141964, 657991, 1, 0, 0
6142214, 671744, 1, 0, 0
6142464, 622592, 1, 0, 0
6142714, 491520, 1, 0, 0
6142964, 311296, 1, 0, 0
6143214, 524288, 1, 0, 0
6143464, 573440, 1, 0, 0
6143714, 983040, 1, 0, 0
6143964, 802816, 1, 0, 0
6144215, 98304, 1, 0, 0
6144464, 197397, 1, 0, 0
6144714, 458752, 1, 0, 0
6144964, 262144, 1, 0, 0
6145214, 491520, 1, 0, 0
6145464, 507904, 1, 0, 0
6145714, 294912, 1, 0, 0
6145964, 409600, 1, 0, 0
6146214, 442368, 1, 0, 0
6146464, 196608, 1, 0, 0
6146714, 296096, 1, 0, 0
6146964, 229376, 1, 0, 0
6147214, 442368, 1, 0, 0
6147464, 229376, 1, 0, 0
6147714, 196608, 1, 0, 0
6147964, 458752, 1, 0, 0
6148214, 786432, 1, 0, 0
6148464, 524288, 1, 0, 0
6148714, 655360, 1, 0, 0
6148964, 625092, 1, 0, 0
6149214, 901120, 1, 0, 0
6149464, 622592, 1, 0, 0
6149714, 196608, 1, 0, 0
6149964, 491520, 1, 0, 0
6150214, 425984, 1, 0, 0
6150464, 294912, 1, 0, 0
6150714, 212992, 1, 0, 0
6150964, 344064, 1, 0, 0
6151214, 444144, 1, 0, 0
6151464, 442368, 1, 0, 0
6151714, 458752, 1, 0, 0
6151964, 409600, 1, 0, 0
6152214, 753664, 1, 0, 0
6152464, 442368, 1, 0, 0
6152714, 393216, 1, 0, 0
6152964, 622592, 1, 0, 0
6153215, 262144, 1, 0, 0
6153464, 493493, 1, 0, 0
6153714, 786432, 1, 0, 0
6153964, 1032192, 1, 0, 0
6154214, 606208, 1, 0, 0
6154464, 786432, 1, 0, 0
6154714, 1081344, 1, 0, 0
6154964, 1097728, 1, 0, 0
6155214, 1327104, 1, 0, 0
6155464, 1228800, 1, 0, 0
6155714, 1266634, 1, 0, 0
6155964, 1081344, 1, 0, 0
6156214, 819200, 1, 0, 0
6156464, 1458176, 1, 0, 0
6156714, 1261568, 1, 0, 0
6156964, 507904, 1, 0, 0
6157214, 573440, 1, 0, 0
6157464, 1343488, 1, 0, 0
6157714, 475136, 1, 0, 0
6157964, 638976, 1, 0, 0
6158214, 806040, 1, 0, 0
6158464, 212992, 1, 0, 0
6158714, 458752, 1, 0, 0
6158964, 409600, 1, 0, 0
6159214, 655360, 1, 0, 0
6159464, 589824, 1, 0, 0
6159714, 212992, 1, 0, 0
6159964, 704512, 1, 0, 0
6160214, 344064, 1, 0, 0
6160464, 526393, 1, 0, 0
6160714, 376832, 1, 0, 0
6160964, 442368, 1, 0, 0
6161214, 475136, 1, 0, 0
6161464, 622592, 1, 0, 0
6161714, 327680, 1, 0, 0
6161964, 163840, 1, 0, 0
6162214, 16384, 1, 0, 0
6162464, 526393, 1, 0, 0
6162714, 360448, 1, 0, 0
6162964, 294912, 1, 0, 0
6163214, 196608, 1, 0, 0
6163464, 491520, 1, 0, 0
6163714, 344064, 1, 0, 0
6163964, 507904, 1, 0, 0
6164214, 573440, 1, 0, 0
6164464, 98304, 1, 0, 0
6164714, 427694, 1, 0, 0
6164964, 196608, 1, 0, 0
6165214, 180224, 1, 0, 0
6165464, 819200, 1, 0, 0
6165714, 589824, 1, 0, 0
6165964, 557056, 1, 0, 0
6166214, 688128, 1, 0, 0
6166464, 589824, 1, 0, 0
6166714, 540672, 1, 0, 0
6166964, 888289, 1, 0, 0
6167214, 163840, 1, 0, 0
6167464, 294912, 1, 0, 0
6167714, 573440, 1, 0, 0
6167964, 606208, 1, 0, 0
6168214, 688128, 1, 0, 0
6168464, 819200, 1, 0, 0
6168714, 524288, 1, 0, 0
6168964, 917504, 1, 0, 0
6169215, 671744, 1, 0, 0
6169464, 509943, 1, 0, 0
6169714, 1196032, 1, 0, 0
6169964, 524288, 1, 0, 0
6170214, 671744, 1, 0, 0
6170464, 196608, 1, 0, 0
6170714, 458752, 1, 0, 0
6170964, 1179648, 1, 0, 0
6171214, 753664, 1, 0, 0
6171464, 606208, 1, 0, 0
6171714, 526393, 1, 0, 0
6171964, 491520, 1, 0, 0
6172214, 229376, 1, 0, 0
6172464, 376832, 1, 0, 0
6172714, 425984, 1, 0, 0
6172964, 409600, 1, 0, 0
6173214, 245760, 1, 0, 0
6173464, 98304, 1, 0, 0
6173714, 311296, 1, 0, 0
6173964, 625092, 1, 0, 0
6174214, 311296, 1, 0, 0
6174464, 196608, 1, 0, 0
6174714, 409600, 1, 0, 0
6174964, 524288, 1, 0, 0
6175214, 507904, 1, 0, 0
6175465, 458752, 1, 0, 0
6175714, 509943, 1, 0, 0
6175964, 409600, 1, 0, 0
6176214, 524288, 1, 0, 0
6176464, 851968, 1, 0, 0
6176714, 720896, 1, 0, 0
6176964, 425984, 1, 0, 0
6177214, 409600, 1, 0, 0
6177464, 212992, 1, 0, 0
6177714, 376832, 1, 0, 0
6177964, 328995, 1, 0, 0
6178214, 294912, 1, 0, 0
6178464, 311296, 1, 0, 0
6178714, 196608, 1, 0, 0
6178964, 311296, 1, 0, 0
6179214, 393216, 1, 0, 0
6179464, 311296, 1, 0, 0
6179714, 294912, 1, 0, 0
6179964, 98698, 1, 0, 0
6180214, 671744, 1, 0, 0
6180464, 475136, 1, 0, 0
6180714, 311296, 1, 0, 0
6180964, 720896, 1, 0, 0
6181214, 868352, 1, 0, 0
6181464, 245760, 1, 0, 0
6181714, 262144, 1, 0, 0
6181965, 376832, 1, 0, 0
6182214, 279646, 1, 0, 0
6182464, 524288, 1, 0, 0
6182714, 114688, 1, 0, 0
6182964, 409600, 1, 0, 0
6183214, 294912, 1, 0, 0
6183464, 507904, 1, 0, 0
6183714, 262144, 1, 0, 0
6183964, 294912, 1, 0, 0
6184214, 641542, 1, 0, 0
6184464, 868352, 1, 0, 0
6184714, 868352, 1, 0, 0
6184964, 933888, 1, 0, 0
6185214, 442368, 1, 0, 0
6185464, 278528, 1, 0, 0
6185714, 311296, 1, 0, 0
6185964, 294912, 1, 0, 0
6186214, 131072, 1, 0, 0
6186465, 475136, 1, 0, 0
6186714, 509943, 1, 0, 0
6186964, 196608, 1, 0, 0
6187214, 458752, 1, 0, 0
6187464, 458752, 1, 0, 0
6187714, 196608, 1, 0, 0
6187964, 344064, 1, 0, 0
6188214, 245760, 1, 0, 0
6188464, 524288, 1, 0, 0
6188714, 327680, 1, 0, 0
6188964, 477044, 1, 0, 0
6189214, 212992, 1, 0, 0
6189464, 344064, 1, 0, 0
6189714, 425984, 1, 0, 0
6189964, 98304, 1, 0, 0
6190214, 393216, 1, 0, 0
6190464, 196608, 1, 0, 0
6190714, 393216, 1, 0, 0
6190964, 294912, 1, 0, 0
6191214, 657991, 1, 0, 0
6191464, 475136, 1, 0, 0
6191714, 376832, 1, 0, 0
6191964, 737280, 1, 0, 0
6192214, 819200, 1, 0, 0
6192464, 917504, 1, 0, 0
6192714, 688128, 1, 0, 0
6192964, 425984, 1, 0, 0
6193214, 851968, 1, 0, 0
6193464, 296096, 1, 0, 0
6193714, 557056, 1, 0, 0
6193964, 524288, 1, 0, 0
6194214, 753664, 1, 0, 0
6194464, 753664, 1, 0, 0
6194714, 999424, 1, 0, 0
6194964, 688128, 1, 0, 0
6195214, 655360, 1, 0, 0
6195464, 835584, 1, 0, 0
6195714, 822489, 1, 0, 0
6195964, 868352, 1, 0, 0
6196214, 1048576, 1, 0, 0
6196464, 720896, 1, 0, 0
6196714, 589824, 1, 0, 0
6196964, 606208, 1, 0, 0
6197214, 1196032, 1, 0, 0
6197464, 1163264, 1, 0, 0
6197714, 1114112, 1, 0, 0
6197964, 1343488, 1, 0, 0
6198214, 855389, 1, 0, 0
6198464, 851968, 1, 0, 0
6198714, 901120, 1, 0, 0
6198964, 933888, 1, 0, 0
6199214, 1114112, 1, 0, 0
6199464, 557056, 1, 0, 0
6199714, 851968, 1, 0, 0
6199964, 819200, 1, 0, 0
6200214, 557056, 1, 0, 0
6200464, 540672, 1, 0, 0
6200714, 904738, 1, 0, 0
6200964, 933888, 1, 0, 0
6201214, 1392640, 1, 0, 0
6201464, 1048576, 1, 0, 0
6201714, 671744, 1, 0, 0
6201964, 1343488, 1, 0, 0
6202214, 688128, 1, 0, 0
6202464, 1490944, 1, 0, 0
6202714, 917504, 1, 0, 0
6202964, 802816, 1, 0, 0
6203214, 542843, 1, 0, 0
6203464, 737280, 1, 0, 0
6203714, 917504, 1, 0, 0
6203964, 1114112, 1, 0, 0
6204214, 835584, 1, 0, 0
6204464, 344064, 1, 0, 0
6204714, 835584, 1, 0, 0
6204964, 196608, 1, 0, 0
6205215, 475136, 1, 0, 0
6205464, 526393, 1, 0, 0
6205714, 671744, 1, 0, 0
6205964, 704512, 1, 0, 0
6206214, 294912, 1, 0, 0
6206464, 294912, 1, 0, 0
6206714, 868352, 1, 0, 0
6206964, 589824, 1, 0, 0
6207214, 622592, 1, 0, 0
6207465, 638976, 1, 0, 0
6207714, 509943, 1, 0, 0
6207964, 688128, 1, 0, 0
6208214, 524288, 1, 0, 0
6208464, 655360, 1, 0, 0
6208714, 442368, 1, 0, 0
6208964, 196608, 1, 0, 0
6209214, 409600, 1, 0, 0
6209464, 507904, 1, 0, 0
6209715, 442368, 1, 0, 0
6209964, 312546, 1, 0, 0
6210214, 196608, 1, 0, 0
6210464, 311296, 1, 0, 0
6210714, 671744, 1, 0, 0
6210964, 737280, 1, 0, 0
6211214, 753664, 1, 0, 0
6211464, 425984, 1, 0, 0
6211714, 606208, 1, 0, 0
6211964, 344064, 1, 0, 0
6212214, 427694, 1, 0, 0
6212464, 393216, 1, 0, 0
6212714, 344064, 1, 0, 0
6212964, 901120, 1, 0, 0
6213214, 819200, 1, 0, 0
6213464, 720896, 1, 0, 0
6213714, 507904, 1, 0, 0
6213964, 491520, 1, 0, 0
6214214, 196608, 1, 0, 0
6214464, 921188, 1, 0, 0
6214714, 688128, 1, 0, 0
6214964, 999424, 1, 0, 0
6215214, 442368, 1, 0, 0
6215464, 131072, 1, 0, 0
6215714, 737280, 1, 0, 0
6215964, 671744, 1, 0, 0
6216214, 278528, 1, 0, 0
6216464, 262144, 1, 0, 0
6216714, 82248, 1, 0, 0
6216964, 786432, 1, 0, 0
6217214, 81920, 1, 0, 0
6217464, 573440, 1, 0, 0
6217714, 475136, 1, 0, 0
6217964, 393216, 1, 0, 0
6218214, 589824, 1, 0, 0
6218464, 507904, 1, 0, 0
6218714, 409600, 1, 0, 0
6218964, 212992, 1, 0, 0
6219214, 378345, 1, 0, 0
6219464, 606208, 1, 0, 0
6219714, 311296, 1, 0, 0
6219964, 737280, 1, 0, 0
6220214, 655360, 1, 0, 0
6220464, 524288, 1, 0, 0
6220714, 393216, 1, 0, 0
6220964, 262144, 1, 0, 0
6221214, 229376, 1, 0, 0
6221464, 311296, 1, 0, 0
6221714, 213847, 1, 0, 0
6221964, 425984, 1, 0, 0
6222214, 1392640, 1, 0, 0
6222464, 589824, 1, 0, 0
6222714, 737280, 1, 0, 0
6222964, 819200, 1, 0, 0
6223214, 868352, 1, 0, 0
6223464, 835584, 1, 0, 0
6223714, 262144, 1, 0, 0
6223964, 197397, 1, 0, 0
6224214, 688128, 1, 0, 0
6224464, 802816, 1, 0, 0
6224714, 163840, 1, 0, 0
6224964, 229376, 1, 0, 0
6225214, 622592, 1, 0, 0
6225464, 491520, 1, 0, 0
6225714, 458752, 1, 0, 0
6225964, 278528, 1, 0, 0
6226214, 328995, 1, 0, 0
6226464, 131072, 1, 0, 0
6226714, 442368, 1, 0, 0
6226964, 409600, 1, 0, 0
6227214, 704512, 1, 0, 0
6227464, 868352, 1, 0, 0
6227714, 606208, 1, 0, 0
6227964, 999424, 1, 0, 0
6228215, 1425408, 1, 0, 0
6228464, 690891, 1, 0, 0
6228714, 573440, 1, 0, 0
6228964, 1081344, 1, 0, 0
6229214, 655360, 1, 0, 0
6229464, 425984, 1, 0, 0
6229714, 180224, 1, 0, 0
6229964, 573440, 1, 0, 0
6230214, 540672, 1, 0, 0
6230464, 674441, 1, 0, 0
6230714, 278528, 1, 0, 0
6230964, 1032192, 1, 0, 0
6231214, 704512, 1, 0, 0
6231464, 442368, 1, 0, 0
6231714, 753664, 1, 0, 0
6231964, 393216, 1, 0, 0
6232214, 393216, 1, 0, 0
6232464, 786432, 1, 0, 0
6232714, 213847, 1, 0, 0
6232964, 196608, 1, 0, 0
6233214, 98304, 1, 0, 0
6233464, 98304, 1, 0, 0
6233714, 294912, 1, 0, 0
6233964, 622592, 1, 0, 0
6234214, 327680, 1, 0, 0
6234464, 475136, 1, 0, 0
6234714, 573440, 1, 0, 0
6234964, 608642, 1, 0, 0
6235214, 589824, 1, 0, 0
6235464, 393216, 1, 0, 0
6235714, 229376, 1, 0, 0
6235964, 376832, 1, 0, 0
6236214, 212992, 1, 0, 0
6236464, 491520, 1, 0, 0
6236714, 344064, 1, 0, 0
6236964, 344064, 1, 0, 0
6237214, 786432, 1, 0, 0
6237464, 411244, 1, 0, 0
6237714, 770048, 1, 0, 0
6237964, 622592, 1, 0, 0
6238214, 557056, 1, 0, 0
6238464, 491520, 1, 0, 0
6238714, 311296, 1, 0, 0
6238964, 409600, 1, 0, 0
6239214, 327680, 1, 0, 0
6239464, 608642, 1, 0, 0
6239714, 753664, 1, 0, 0
6239964, 229376, 1, 0, 0
6240214, 278528, 1, 0, 0
6240464, 557056, 1, 0, 0
6240714, 442368, 1, 0, 0
6240964, 98304, 1, 0, 0
6241214, 196608, 1, 0, 0
6241464, 196608, 1, 0, 0
6241714, 213847, 1, 0, 0
6241964, 98304, 1, 0, 0
6242214, 98304, 1, 0, 0
6242464, 311296, 1, 0, 0
6242714, 589824, 1, 0, 0
6242964, 458752, 1, 0, 0
6243214, 212992, 1, 0, 0
6243464, 491520, 1, 0, 0
6243714, 475136, 1, 0, 0
6243964, 753664, 1, 0, 0
6244214, 641542, 1, 0, 0
6244464, 491520, 1, 0, 0
6244714, 819200, 1, 0, 0
6244964, 868352, 1, 0, 0
6245214, 1064960, 1, 0, 0
6245464, 901120, 1, 0, 0
6245714, 1294336, 1, 0, 0
6245964, 1507328, 1, 0, 0
6246214, 983040, 1, 0, 0
6246464, 822489, 1, 0, 0
6246714, 1507328, 1, 0, 0
6246964, 917504, 1, 0, 0
6247214, 933888, 1, 0, 0
6247464, 917504, 1, 0, 0
6247714, 868352, 1, 0, 0
6247964, 606208, 1, 0, 0
6248214, 1556480, 1, 0, 0
6248464, 1529831, 1, 0, 0
6248714, 1196032, 1, 0, 0
6248964, 884736, 1, 0, 0
6249214, 1130496, 1, 0, 0
6249464, 802816, 1, 0, 0
6249714, 1425408, 1, 0, 0
6249964, 1163264, 1, 0, 0
6250214, 1376256, 1, 0, 0
6250464, 1523712, 1, 0, 0
6250714, 884736, 1, 0, 0
6250964, 884736, 1, 0, 0
6251214, 296096, 1, 0, 0
6251464, 999424, 1, 0, 0
6251714, 1966080, 1, 0, 0
6251964, 1490944, 1, 0, 0
6252214, 1048576, 1, 0, 0
6252464, 540672, 1, 0, 0
6252714, 573440, 1, 0, 0
6252964, 966656, 1, 0, 0
6253214, 671744, 1, 0, 0
6253464, 1151485, 1, 0, 0
6253714, 770048, 1, 0, 0
6253964, 950272, 1, 0, 0
6254214, 983040, 1, 0, 0
6254464, 1392640, 1, 0, 0
6254714, 1048576, 1, 0, 0
6254964, 1245184, 1, 0, 0
6255214, 753664, 1, 0, 0
6255464, 819200, 1, 0, 0
6255714, 311296, 1, 0, 0
6255964, 888289, 1, 0, 0
6256214, 655360, 1, 0, 0
6256464, 622592, 1, 0, 0
6256714, 491520, 1, 0, 0
6256964, 606208, 1, 0, 0
6257214, 311296, 1, 0, 0
6257464, 557056, 1, 0, 0
6257714, 606208, 1, 0, 0
6257964, 509943, 1, 0, 0
6258214, 720896, 1, 0, 0
6258464, 196608, 1, 0, 0
6258714, 868352, 1, 0, 0
6258964, 524288, 1, 0, 0
6259214, 606208, 1, 0, 0
6259464, 196608, 1, 0, 0
6259714, 98304, 1, 0, 0
6259964, 425984, 1, 0, 0
6260214, 444144, 1, 0, 0
6260464, 507904, 1, 0, 0
6260714, 212992, 1, 0, 0
6260964, 622592, 1, 0, 0
6261214, 507904, 1, 0, 0
6261464, 851968, 1, 0, 0
6261714, 65536, 1, 0, 0
6261964, 393216, 1, 0, 0
6262215, 655360, 1, 0, 0
6262464, 378345, 1, 0, 0
6262714, 540672, 1, 0, 0
6262964, 737280, 1, 0, 0
6263214, 1097728, 1, 0, 0
6263464, 868352, 1, 0, 0
6263714, 573440, 1, 0, 0
6263964, 999424, 1, 0, 0
6264214, 851968, 1, 0, 0
6264464, 756690, 1, 0, 0
6264714, 622592, 1, 0, 0
6264964, 802816, 1, 0, 0
6265214, 360448, 1, 0, 0
6265464, 1179648, 1, 0, 0
6265714, 835584, 1, 0, 0
6265964, 655360, 1, 0, 0
6266214, 737280, 1, 0, 0
6266464, 786432, 1, 0, 0
6266714, 802816, 1, 0, 0
6266964, 1376256, 1, 0, 0
6267214, 460594, 1, 0, 0
6267464, 917504, 1, 0, 0
6267714, 737280, 1, 0, 0
6267964, 966656, 1, 0, 0
6268214, 1015808, 1, 0, 0
6268464, 737280, 1, 0, 0
6268714, 966656, 1, 0, 0
6268964, 1212416, 1, 0, 0
6269214, 1212416, 1, 0, 0
6269464, 806040, 1, 0, 0
6269714, 983040, 1, 0, 0
6269964, 884736, 1, 0, 0
6270214, 901120, 1, 0, 0
6270464, 688128, 1, 0, 0
6270714, 1146880, 1, 0, 0
6270964, 1212416, 1, 0, 0
6271214, 835584, 1, 0, 0
6271464, 1015808, 1, 0, 0
6271714, 851968, 1, 0, 0
6271964, 509943, 1, 0, 0
6272214, 475136, 1, 0, 0
6272464, 802816, 1, 0, 0
6272714, 737280, 1, 0, 0
6272964, 688128, 1, 0, 0
6273214, 688128, 1, 0, 0
6273464, 950272, 1, 0, 0
6273714, 1409024, 1, 0, 0
6273964, 1376256, 1, 0, 0
6274215, 1556480, 1, 0, 0
6274464, 1003437, 1, 0, 0
6274714, 786432, 1, 0, 0
6274964, 1212416, 1, 0, 0
6275214, 1196032, 1, 0, 0
6275464, 655360, 1, 0, 0
6275714, 557056, 1, 0, 0
6275964, 1179648, 1, 0, 0
6276214, 737280, 1, 0, 0
6276464, 671744, 1, 0, 0
6276714, 509943, 1, 0, 0
6276964, 1064960, 1, 0, 0
6277214, 720896, 1, 0, 0
6277464, 589824, 1, 0, 0
6277714, 507904, 1, 0, 0
6277964, 819200, 1, 0, 0
6278214, 606208, 1, 0, 0
6278464, 884736, 1, 0, 0
6278714, 557056, 1, 0, 0
6278964, 917504, 1, 0, 0
6279214, 625092, 1, 0, 0
6279464, 409600, 1, 0, 0
6279714, 393216, 1, 0, 0
6279964, 540672, 1, 0, 0
6280214, 393216, 1, 0, 0
6280464, 409600, 1, 0, 0
6280714, 966656, 1, 0, 0
6280964, 606208, 1, 0, 0
6281214, 802816, 1, 0, 0
6281464, 723791, 1, 0, 0
6281714, 360448, 1, 0, 0
6281964, 294912, 1, 0, 0
6282214, 688128, 1, 0, 0
6282464, 344064, 1, 0, 0
6282714, 98304, 1, 0, 0
6282964, 540672, 1, 0, 0
6283214, 622592, 1, 0, 0
6283464, 851968, 1, 0, 0
6283714, 671744, 1, 0, 0
6283964, 361895, 1, 0, 0
6284214, 409600, 1, 0, 0
6284464, 671744, 1, 0, 0
6284714, 327680, 1, 0, 0
6284964, 360448, 1, 0, 0
6285214, 475136, 1, 0, 0
6285464, 393216, 1, 0, 0
6285714, 311296, 1, 0, 0
6285964, 622592, 1, 0, 0
6286215, 229376, 1, 0, 0
6286464, 164497, 1, 0, 0
6286714, 98304, 1, 0, 0
6286964, 327680, 1, 0, 0
6287214, 393216, 1, 0, 0
6287464, 409600, 1, 0, 0
6287714, 294912, 1, 0, 0
6287964, 345445, 1, 0, 0
6288214, 0, 1, 0, 0
6288464, 196608, 1, 0, 0
6288714, 196608, 1, 0, 0
6288964, 262144, 1, 0, 0
6289214, 802816, 1, 0, 0
6289464, 507904, 1, 0, 0
6289714, 540672, 1, 0, 0
6289964, 458752, 1, 0, 0
6290214, 740240, 1, 0, 0
6290464, 360448, 1, 0, 0
6290714, 327680, 1, 0, 0
6290964, 393216, 1, 0, 0
6291214, 966656, 1, 0, 0
6291464, 720896, 1, 0, 0
6291714, 311296, 1, 0, 0
6291964, 311296, 1, 0, 0
6292214, 425984, 1, 0, 0
6292464, 855389, 1, 0, 0
6292714, 376832, 1, 0, 0
6292964, 311296, 1, 0, 0
6293214, 868352, 1, 0, 0
6293464, 720896, 1, 0, 0
6293714, 589824, 1, 0, 0
6293964, 917504, 1, 0, 0
6294214, 425984, 1, 0, 0
6294464, 655360, 1, 0, 0
6294714, 740240, 1, 0, 0
6294964, 442368, 1, 0, 0
6295214, 589824, 1, 0, 0
6295464, 671744, 1, 0, 0
6295714, 1048576, 1, 0, 0
6295964, 671744, 1, 0, 0
6296214, 983040, 1, 0, 0
6296464, 344064, 1, 0, 0
6296714, 311296, 1, 0, 0
6296965, 786432, 1, 0, 0
6297214, 723791, 1, 0, 0
6297464, 901120, 1, 0, 0
6297714, 606208, 1, 0, 0
6297964, 229376, 1, 0, 0
6298214, 655360, 1, 0, 0
6298464, 966656, 1, 0, 0
6298714, 180224, 1, 0, 0
6298964, 327680, 1, 0, 0
6299214, 606208, 1, 0, 0
6299464, 838939, 1, 0, 0
6299714, 524288, 1, 0, 0
6299964, 98304, 1, 0, 0
6300214, 638976, 1, 0, 0
6300464, 606208, 1, 0, 0
6300714, 524288, 1, 0, 0
6300964, 540672, 1, 0, 0
6301214, 393216, 1, 0, 0
6301464, 868352, 1, 0, 0
6301714, 1135036, 1, 0, 0
6301964, 720896, 1, 0, 0
6302214, 901120, 1, 0, 0
6302464, 507904, 1, 0, 0
6302714, 950272, 1, 0, 0
6302964, 1228800, 1, 0, 0
6303214, 704512, 1, 0, 0
6303464, 393216, 1, 0, 0
6303714, 655360, 1, 0, 0
6303964, 625092, 1, 0, 0
6304214, 475136, 1, 0, 0
6304464, 458752, 1, 0, 0
6304714, 770048, 1, 0, 0
6304964, 737280, 1, 0, 0
6305214, 622592, 1, 0, 0
6305464, 540672, 1, 0, 0
6305714, 557056, 1, 0, 0
6305964, 294912, 1, 0, 0
6306214, 871839, 1, 0, 0
6306464, 688128, 1, 0, 0
6306714, 720896, 1, 0, 0
6306964, 540672, 1, 0, 0
6307214, 737280, 1, 0, 0
6307464, 196608, 1, 0, 0
6307714, 196608, 1, 0, 0
6307964, 409600, 1, 0, 0
6308214, 294912, 1, 0, 0
6308465, 393216, 1, 0, 0
6308714, 328995, 1, 0, 0
6308964, 425984, 1, 0, 0
6309214, 311296, 1, 0, 0
6309464, 720896, 1, 0, 0
6309714, 442368, 1, 0, 0
6309964, 720896, 1, 0, 0
6310214, 622592, 1, 0, 0
6310464, 606208, 1, 0, 0
6310714, 704512, 1, 0, 0
6310964, 542843, 1, 0, 0
6311214, 393216, 1, 0, 0
6311464, 901120, 1, 0, 0
6311714, 1163264, 1, 0, 0
6311964, 950272, 1, 0, 0
6312214, 1048576, 1, 0, 0
6312464, 753664, 1, 0, 0
6312714, 1228800, 1, 0, 0
6312964, 589824, 1, 0, 0
6313214, 657991, 1, 0, 0
6313464, 671744, 1, 0, 0
6313714, 589824, 1, 0, 0
6313964, 475136, 1, 0, 0
6314214, 557056, 1, 0, 0
6314464, 557056, 1, 0, 0
6314714, 475136, 1, 0, 0
6314964, 475136, 1, 0, 0
6315214, 1277952, 1, 0, 0
6315465, 606208, 1, 0, 0
6315714, 411244, 1, 0, 0
6315964, 114688, 1, 0, 0
6316214, 524288, 1, 0, 0
6316464, 245760, 1, 0, 0
6316714, 393216, 1, 0, 0
6316964, 557056, 1, 0, 0
6317214, 1015808, 1, 0, 0
6317464, 1212416, 1, 0, 0
6317714, 688128, 1, 0, 0
6317964, 1019887, 1, 0, 0
6318214, 917504, 1, 0, 0
6318464, 704512, 1, 0, 0
6318714, 1163264, 1, 0, 0
6318964, 491520, 1, 0, 0
6319214, 1015808, 1, 0, 0
6319464, 835584, 1, 0, 0
6319714, 606208, 1, 0, 0
6319964, 704512, 1, 0, 0
6320214, 756690, 1, 0, 0
6320464, 1425408, 1, 0, 0
6320714, 1409024, 1, 0, 0
6320964, 1196032, 1, 0, 0
6321214, 1130496, 1, 0, 0
6321464, 1015808, 1, 0, 0
6321714, 819200, 1, 0, 0
6321964, 671744, 1, 0, 0
6322214, 737280, 1, 0, 0
6322464, 1392640, 1, 0, 0
6322714, 756690, 1, 0, 0
6322964, 1179648, 1, 0, 0
6323214, 720896, 1, 0, 0
6323464, 671744, 1, 0, 0
6323714, 540672, 1, 0, 0
6323964, 376832, 1, 0, 0
6324214, 917504, 1, 0, 0
6324464, 966656, 1, 0, 0
6324714, 819200, 1, 0, 0
6324964, 1167935, 1, 0, 0
6325214, 1081344, 1, 0, 0
6325464, 1261568, 1, 0, 0
6325714, 1179648, 1, 0, 0
6325964, 1392640, 1, 0, 0
6326214, 1081344, 1, 0, 0
6326464, 851968, 1, 0, 0
6326714, 1048576, 1, 0, 0
6326964, 1310720, 1, 0, 0
6327214, 999424, 1, 0, 0
6327464, 657991, 1, 0, 0
6327714, 1179648, 1, 0, 0
6327964, 950272, 1, 0, 0
6328214, 1310720, 1, 0, 0
6328464, 966656, 1, 0, 0
6328714, 1064960, 1, 0, 0
6328964, 770048, 1, 0, 0
6329214, 1015808, 1, 0, 0
6329464, 851968, 1, 0, 0
6329714, 901120, 1, 0, 0
6329964, 871839, 1, 0, 0
6330214, 835584, 1, 0, 0
6330464, 507904, 1, 0, 0
6330714, 753664, 1, 0, 0
6330964, 933888, 1, 0, 0
6331214, 770048, 1, 0, 0
6331464, 573440, 1, 0, 0
6331714, 786432, 1, 0, 0
6331964, 507904, 1, 0, 0
6332214, 1003437, 1, 0, 0
6332464, 786432, 1, 0, 0
6332714, 933888, 1, 0, 0
6332964, 1081344, 1, 0, 0
6333214, 933888, 1, 0, 0
6333464, 999424, 1, 0, 0
6333714, 819200, 1, 0, 0
6333964, 1196032, 1, 0, 0
6334215, 327680, 1, 0, 0
6334464, 838939, 1, 0, 0
6334714, 1032192, 1, 0, 0
6334964, 802816, 1, 0, 0
6335214, 1015808, 1, 0, 0
6335464, 655360, 1, 0, 0
6335714, 1146880, 1, 0, 0
6335964, 901120, 1, 0, 0
6336214, 835584, 1, 0, 0
6336464, 851968, 1, 0, 0
6336714, 868352, 1, 0, 0
6336964, 904738, 1, 0, 0
6337214, 720896, 1, 0, 0
6337464, 786432, 1, 0, 0
6337714, 868352, 1, 0, 0
6337964, 638976, 1, 0, 0
6338214, 425984, 1, 0, 0
6338464, 638976, 1, 0, 0
6338714, 704512, 1, 0, 0
6338964, 835584, 1, 0, 0
6339215, 573440, 1, 0, 0
6339464, 641542, 1, 0, 0
6339714, 753664, 1, 0, 0
6339964, 671744, 1, 0, 0
6340214, 753664, 1, 0, 0
6340464, 393216, 1, 0, 0
6340715, 819200, 1, 0, 0
6340964, 674441, 1, 0, 0
6341214, 262144, 1, 0, 0
6341464, 393216, 1, 0, 0
6341714, 491520, 1, 0, 0
6341965, 606208, 1, 0, 0
6342214, 806040, 1, 0, 0
6342464, 1114112, 1, 0, 0
6342714, 1277952, 1, 0, 0
6342964, 835584, 1, 0, 0
6343215, 753664, 1, 0, 0
6343464, 888289, 1, 0, 0
6343714, 1146880, 1, 0, 0
6343964, 999424, 1, 0, 0
6344215, 1540096, 1, 0, 0
6344464, 970538, 1, 0, 0
6344714, 606208, 1, 0, 0
6344964, 688128, 1, 0, 0
6345215, 1097728, 1, 0, 0
6345464, 954088, 1, 0, 0
6345714, 737280, 1, 0, 0
6345964, 720896, 1, 0, 0
6346215, 720896, 1, 0, 0
6346464, 707341, 1, 0, 0
6346714, 278528, 1, 0, 0
6346965, 901120, 1, 0, 0
6347215, 131072, 1, 0, 0
6347464, 954088, 1, 0, 0
6347714, 1277952, 1, 0, 0
6347964, 884736, 1, 0, 0
6348215, 688128, 1, 0, 0
6348464, 674441, 1, 0, 0
6348714, 966656, 1, 0, 0
6348964, 1196032, 1, 0, 0
6349215, 1343488, 1, 0, 0
6349464, 1233734, 1, 0, 0
6349714, 770048, 1, 0, 0
6349964, 638976, 1, 0, 0
6350215, 1048576, 1, 0, 0
6350464, 1217285, 1, 0, 0
6350714, 1212416, 1, 0, 0
6350964, 999424, 1, 0, 0
6351214, 851968, 1, 0, 0
6351465, 1212416, 1, 0, 0
6351714, 1447582, 1, 0, 0
6351964, 491520, 1, 0, 0
6352214, 688128, 1, 0, 0
6352465, 851968, 1, 0, 0
6352714, 1464032, 1, 0, 0
6352964, 1343488, 1, 0, 0
6353214, 1130496, 1, 0, 0
6353465, 851968, 1, 0, 0
6353714, 1085686, 1, 0, 0
6353964, 884736, 1, 0, 0
6354214, 1097728, 1, 0, 0
6354464, 442368, 1, 0, 0
6354715, 671744, 1, 0, 0
6354964, 509943, 1, 0, 0
6355214, 344064, 1, 0, 0
6355464, 573440, 1, 0, 0
6355715, 606208, 1, 0, 0
6355965, 409600, 1, 0, 0
6356214, 904738, 1, 0, 0
6356464, 540672, 1, 0, 0
6356715, 573440, 1, 0, 0
6356964, 378345, 1, 0, 0
6357214, 294912, 1, 0, 0
6357464, 442368, 1, 0, 0
6357714, 344064, 1, 0, 0
6357965, 737280, 1, 0, 0
6358214, 131598, 1, 0, 0
6358464, 344064, 1, 0, 0
6358714, 278528, 1, 0, 0
6358964, 196608, 1, 0, 0
6359215, 688128, 1, 0, 0
6359464, 312546, 1, 0, 0
6359714, 98304, 1, 0, 0
6359964, 98304, 1, 0, 0
6360214, 393216, 1, 0, 0
6360464, 212992, 1, 0, 0
6360715, 540672, 1, 0, 0
6360964, 246746, 1, 0, 0
6361214, 229376, 1, 0, 0
6361464, 491520, 1, 0, 0
6361715, 655360, 1, 0, 0
6361964, 657991, 1, 0, 0
6362214, 311296, 1, 0, 0
6362464, 540672, 1, 0, 0
6362714, 196608, 1, 0, 0
6362965, 311296, 1, 0, 0
6363214, 312546, 1, 0, 0
6363464, 196608, 1, 0, 0
6363714, 114688, 1, 0, 0
6363964, 507904, 1, 0, 0
6364214, 376832, 1, 0, 0
6364465, 1114112, 1, 0, 0
6364714, 674441, 1, 0, 0
6364964, 901120, 1, 0, 0
6365215, 704512, 1, 0, 0
6365464, 460594, 1, 0, 0
6365714, 835584, 1, 0, 0
6365964, 671744, 1, 0, 0
6366215, 212992, 1, 0, 0
6366464, 542843, 1, 0, 0
6366714, 475136, 1, 0, 0
6366964, 786432, 1, 0, 0
6367214, 180224, 1, 0, 0
6367465, 655360, 1, 0, 0
6367714, 493493, 1, 0, 0
6367964, 114688, 1, 0, 0
6368214, 196608, 1, 0, 0
6368464, 98304, 1, 0, 0
6368714, 98304, 1, 0, 0
6368964, 197397, 1, 0, 0
6369214, 294912, 1, 0, 0
6369464, 196608, 1, 0, 0
6369714, 327680, 1, 0, 0
6369964, 294912, 1, 0, 0
6370214, 98304, 1, 0, 0
6370464, 278528, 1, 0, 0
6370714, 131598, 1, 0, 0
6370964, 278528, 1, 0, 0
6371214, 540672, 1, 0, 0
6371464, 196608, 1, 0, 0
6371714, 393216, 1, 0, 0
6371965, 376832, 1, 0, 0
6372214, 822489, 1, 0, 0
6372464, 638976, 1, 0, 0
6372714, 638976, 1, 0, 0
6372964, 180224, 1, 0, 0
6373215, 458752, 1, 0, 0
6373464, 477044, 1, 0, 0
6373714, 0, 1, 0, 0
6373964, 851968, 1, 0, 0
6374215, 409600, 1, 0, 0
6374464, 263196, 1, 0, 0
6374714, 442368, 1, 0, 0
6374964, 917504, 1, 0, 0
6375214, 606208, 1, 0, 0
6375464, 294912, 1, 0, 0
6375714, 98304, 1, 0, 0
6375964, 213847, 1, 0, 0
6376214, 491520, 1, 0, 0
6376464, 163840, 1, 0, 0
6376714, 229376, 1, 0, 0
6376964, 81920, 1, 0, 0
6377215, 393216, 1, 0, 0
6377464, 98698, 1, 0, 0
6377714, 606208, 1, 0, 0
6377964, 376832, 1, 0, 0
6378214, 409600, 1, 0, 0
6378465, 557056, 1, 0, 0
6378714, 838939, 1, 0, 0
6378964, 1064960, 1, 0, 0
6379215, 671744, 1, 0, 0
6379464, 197397, 1, 0, 0
6379714, 327680, 1, 0, 0
6379964, 294912, 1, 0, 0
6380214, 507904, 1, 0, 0
6380465, 1228800, 1, 0, 0
6380714, 328995, 1, 0, 0
6380964, 835584, 1, 0, 0
6381214, 671744, 1, 0, 0
6381465, 1081344, 1, 0, 0
6381714, 855389, 1, 0, 0
6381964, 212992, 1, 0, 0
6382214, 507904, 1, 0, 0
6382464, 802816, 1, 0, 0
6382715, 491520, 1, 0, 0
6382964, 328995, 1, 0, 0
6383214, 917504, 1, 0, 0
6383464, 688128, 1, 0, 0
6383715, 442368, 1, 0, 0
6383964, 904738, 1, 0, 0
6384214, 344064, 1, 0, 0
6384464, 835584, 1, 0, 0
6384715, 376832, 1, 0, 0
6384964, 707341, 1, 0, 0
6385214, 212992, 1, 0, 0
6385464, 81920, 1, 0, 0
6385714, 442368, 1, 0, 0
6385965, 622592, 1, 0, 0
6386214, 625092, 1, 0, 0
6386464, 491520, 1, 0, 0
6386714, 376832, 1, 0, 0
6386965, 835584, 1, 0, 0
6387214, 411244, 1, 0, 0
6387464, 212992, 1, 0, 0
6387714, 770048, 1, 0, 0
6387964, 98304, 1, 0, 0
6388214, 625092, 1, 0, 0
6388464, 589824, 1, 0, 0
6388714, 638976, 1, 0, 0
6388964, 688128, 1, 0, 0
6389215, 311296, 1, 0, 0
6389464, 460594, 1, 0, 0
6389714, 671744, 1, 0, 0
6389964, 573440, 1, 0, 0
6390215, 393216, 1, 0, 0
6390464, 378345, 1, 0, 0
6390714, 114688, 1, 0, 0
6390964, 491520, 1, 0, 0
6391215, 606208, 1, 0, 0
6391465, 311296, 1, 0, 0
6391714, 246746, 1, 0, 0
6391964, 229376, 1, 0, 0
6392214, 212992, 1, 0, 0
6392464, 212992, 1, 0, 0
6392715, 589824, 1, 0, 0
6392964, 411244, 1, 0, 0
6393214, 507904, 1, 0, 0
6393464, 524288, 1, 0, 0
6393715, 851968, 1, 0, 0
6393964, 411244, 1, 0, 0
6394214, 278528, 1, 0, 0
6394464, 409600, 1, 0, 0
6394715, 507904, 1, 0, 0
6394964, 526393, 1, 0, 0
6395214, 589824, 1, 0, 0
6395464, 278528, 1, 0, 0
6395714, 442368, 1, 0, 0
6395965, 737280, 1, 0, 0
6396214, 509943, 1, 0, 0
6396464, 311296, 1, 0, 0
6396714, 327680, 1, 0, 0
6396964, 458752, 1, 0, 0
6397215, 425984, 1, 0, 0
6397464, 493493, 1, 0, 0
6397714, 245760, 1, 0, 0
6397964, 311296, 1, 0, 0
6398214, 606208, 1, 0, 0
6398464, 753664, 1, 0, 0
6398715, 983040, 1, 0, 0
6398964, 970538, 1, 0, 0
6399214, 245760, 1, 0, 0
6399464, 1130496, 1, 0, 0
6399715, 278528, 1, 0, 0
6399964, 625092, 1, 0, 0
6400214, 573440, 1, 0, 0
6400464, 753664, 1, 0, 0
6400715, 409600, 1, 0, 0
6400964, 773140, 1, 0, 0
6401214, 655360, 1, 0, 0
6401464, 524288, 1, 0, 0
6401714, 573440, 1, 0, 0
6401965, 311296, 1, 0, 0
6402214, 411244, 1, 0, 0
6402464, 491520, 1, 0, 0
6402714, 589824, 1, 0, 0
6402964, 622592, 1, 0, 0
6403215, 376832, 1, 0, 0
6403464, 493493, 1, 0, 0
6403714, 770048, 1, 0, 0
6403964, 376832, 1, 0, 0
6404215, 360448, 1, 0, 0
6404464, 411244, 1, 0, 0
6404714, 425984, 1, 0, 0
6404964, 573440, 1, 0, 0
6405214, 507904, 1, 0, 0
6405465, 704512, 1, 0, 0
6405714, 921188, 1, 0, 0
6405964, 442368, 1, 0, 0
6406214, 819200, 1, 0, 0
6406465, 638976, 1, 0, 0
6406714, 740240, 1, 0, 0
6406964, 540672, 1, 0, 0
6407215, 851968, 1, 0, 0
6407464, 427694, 1, 0, 0
6407714, 851968, 1, 0, 0
6407964, 589824, 1, 0, 0
6408215, 376832, 1, 0, 0
6408464, 674441, 1, 0, 0
6408714, 491520, 1, 0, 0
6408964, 688128, 1, 0, 0
6409215, 655360, 1, 0, 0
6409465, 655360, 1, 0, 0
6409714, 592192, 1, 0, 0
6409964, 802816, 1, 0, 0
6410214, 442368, 1, 0, 0
6410465, 212992, 1, 0, 0
6410714, 164497, 1, 0, 0
6410964, 524288, 1, 0, 0
6411214, 507904, 1, 0, 0
6411464, 622592, 1, 0, 0
6411715, 507904, 1, 0, 0
6411964, 296096, 1, 0, 0
6412214, 409600, 1, 0, 0
6412464, 0, 1, 0, 0
6412714, 196608, 1, 0, 0
6412965, 376832, 1, 0, 0
6413214, 180947, 1, 0, 0
6413464, 196608, 1, 0, 0
6413714, 409600, 1, 0, 0
6413964, 770048, 1, 0, 0
6414215, 819200, 1, 0, 0
6414464, 657991, 1, 0, 0
6414714, 720896, 1, 0, 0
6414964, 933888, 1, 0, 0
6415215, 868352, 1, 0, 0
6415464, 625092, 1, 0, 0
6415714, 655360, 1, 0, 0
6415964, 1032192, 1, 0, 0
6416215, 638976, 1, 0, 0
6416464, 970538, 1, 0, 0
6416714, 573440, 1, 0, 0
6416964, 524288, 1, 0, 0
6417215, 999424, 1, 0, 0
6417464, 888289, 1, 0, 0
6417714, 851968, 1, 0, 0
6417964, 491520, 1, 0, 0
6418215, 1146880, 1, 0, 0
6418464, 1644979, 1, 0, 0
6418714, 1261568, 1, 0, 0
6418965, 966656, 1, 0, 0
6419215, 638976, 1, 0, 0
6419464, 657991, 1, 0, 0
6419714, 1146880, 1, 0, 0
6419964, 835584, 1, 0, 0
6420215, 770048, 1, 0, 0
6420464, 773140, 1, 0, 0
6420714, 1179648, 1, 0, 0
6420964, 770048, 1, 0, 0
6421215, 901120, 1, 0, 0
6421464, 1052787, 1, 0, 0
6421714, 720896, 1, 0, 0
6421964, 1081344, 1, 0, 0
6422214, 1376256, 1, 0, 0
6422465, 819200, 1, 0, 0
6422714, 756690, 1, 0, 0
6422964, 1327104, 1, 0, 0
6423214, 1146880, 1, 0, 0
6423464, 802816, 1, 0, 0
6423715, 851968, 1, 0, 0
6423964, 378345, 1, 0, 0
6424214, 540672, 1, 0, 0
6424464, 753664, 1, 0, 0
6424715, 507904, 1, 0, 0
6424964, 740240, 1, 0, 0
6425214, 540672, 1, 0, 0
6425464, 1179648, 1, 0, 0
6425714, 1392640, 1, 0, 0
6425965, 1228800, 1, 0, 0
6426214, 1447582, 1, 0, 0
6426464, 819200, 1, 0, 0
6426715, 1081344, 1, 0, 0
6426964, 904738, 1, 0, 0
6427214, 1179648, 1, 0, 0
6427464, 1261568, 1, 0, 0
6427714, 1179648, 1, 0, 0
6427965, 1114112, 1, 0, 0
6428214, 954088, 1, 0, 0
6428464, 1327104, 1, 0, 0
6428714, 1212416, 1, 0, 0
6428965, 1294336, 1, 0, 0
6429214, 1069236, 1, 0, 0
6429464, 1114112, 1, 0, 0
6429714, 1261568, 1, 0, 0
6429964, 1015808, 1, 0, 0
6430215, 1081344, 1, 0, 0
6430464, 937638, 1, 0, 0
6430714, 1245184, 1, 0, 0
6430964, 1458176, 1, 0, 0
6431215, 1622016, 1, 0, 0
6431464, 1365333, 1, 0, 0
6431714, 1359872, 1, 0, 0
6431965, 1097728, 1, 0, 0
6432214, 855389, 1, 0, 0
6432464, 671744, 1, 0, 0
6432714, 917504, 1, 0, 0
6432965, 1409024, 1, 0, 0
6433214, 789590, 1, 0, 0
6433464, 1130496, 1, 0, 0
6433714, 950272, 1, 0, 0
6433964, 868352, 1, 0, 0
6434215, 884736, 1, 0, 0
6434464, 1135036, 1, 0, 0
6434714, 1245184, 1, 0, 0
6434964, 1097728, 1, 0, 0
6435214, 1196032, 1, 0, 0
6435465, 753664, 1, 0, 0
6435714, 1019887, 1, 0, 0
6435964, 1245184, 1, 0, 0
6436214, 901120, 1, 0, 0
6436465, 524288, 1, 0, 0
6436714, 1036337, 1, 0, 0
6436964, 1163264, 1, 0, 0
6437214, 606208, 1, 0, 0
6437465, 835584, 1, 0, 0
6437714, 608642, 1, 0, 0
6437964, 638976, 1, 0, 0
6438214, 1327104, 1, 0, 0
6438465, 851968, 1, 0, 0
6438714, 986987, 1, 0, 0
6438964, 819200, 1, 0, 0
6439214, 1048576, 1, 0, 0
6439465, 901120, 1, 0, 0
6439715, 950272, 1, 0, 0
6439964, 575742, 1, 0, 0
6440214, 557056, 1, 0, 0
6440465, 1310720, 1, 0, 0
6440714, 1217285, 1, 0, 0
6440964, 1605632, 1, 0, 0
6441215, 1245184, 1, 0, 0
6441464, 1315983, 1, 0, 0
6441714, 1343488, 1, 0, 0
6441964, 1376256, 1, 0, 0
6442214, 1130496, 1, 0, 0
6442465, 1490944, 1, 0, 0
6442714, 1003437, 1, 0, 0
6442964, 966656, 1, 0, 0
6443214, 1638400, 1, 0, 0
6443465, 1622016, 1, 0, 0
6443714, 1102136, 1, 0, 0
6443964, 802816, 1, 0, 0
6444214, 1032192, 1, 0, 0
6444464, 1064960, 1, 0, 0
6444715, 1507328, 1, 0, 0
6444964, 1151485, 1, 0, 0
6445214, 1130496, 1, 0, 0
6445464, 1048576, 1, 0, 0
6445715, 1163264, 1, 0, 0
6445964, 1069236, 1, 0, 0
6446214, 1327104, 1, 0, 0
6446464, 1081344, 1, 0, 0
6446714, 933888, 1, 0, 0
6446965, 786432, 1, 0, 0
6447214, 1398232, 1, 0, 0
6447464, 1048576, 1, 0, 0
6447714, 1163264, 1, 0, 0
6447965, 557056, 1, 0, 0
6448214, 937638, 1, 0, 0
6448464, 1114112, 1, 0, 0
6448714, 786432, 1, 0, 0
6448965, 770048, 1, 0, 0
6449214, 608642, 1, 0, 0
6449464, 671744, 1, 0, 0
6449714, 802816, 1, 0, 0
6449964, 868352, 1, 0, 0
6450215, 884736, 1, 0, 0
6450464, 674441, 1, 0, 0
6450714, 1359872, 1, 0, 0
6450964, 835584, 1, 0, 0
6451215, 1146880, 1, 0, 0
6451464, 1200835, 1, 0, 0
6451714, 1015808, 1, 0, 0
6451964, 1064960, 1, 0, 0
6452215, 573440, 1, 0, 0
6452464, 1200835, 1, 0, 0
6452714, 1114112, 1, 0, 0
6452964, 1081344, 1, 0, 0
6453215, 966656, 1, 0, 0
6453464, 657991, 1, 0, 0
6453714, 802816, 1, 0, 0
6453964, 737280, 1, 0, 0
6454215, 507904, 1, 0, 0
6454464, 1019887, 1, 0, 0
6454714, 917504, 1, 0, 0
6454964, 688128, 1, 0, 0
6455214, 1064960, 1, 0, 0
6455465, 770048, 1, 0, 0
6455714, 1069236, 1, 0, 0
6455964, 802816, 1, 0, 0
6456214, 1146880, 1, 0, 0
6456465, 1081344, 1, 0, 0
6456714, 970538, 1, 0, 0
6456964, 835584, 1, 0, 0
6457215, 1032192, 1, 0, 0
6457465, 557056, 1, 0, 0
6457714, 1036337, 1, 0, 0
6457964, 835584, 1, 0, 0
6458214, 1114112, 1, 0, 0
6458465, 1212416, 1, 0, 0
6458714, 1052787, 1, 0, 0
6458964, 1048576, 1, 0, 0
6459214, 671744, 1, 0, 0
6459465, 851968, 1, 0, 0
6459714, 723791, 1, 0, 0
6459964, 868352, 1, 0, 0
6460215, 1179648, 1, 0, 0
6460464, 1233734, 1, 0, 0
6460714, 1572864, 1, 0, 0
6460965, 1490944, 1, 0, 0
6461214, 1085686, 1, 0, 0
6461464, 1032192, 1, 0, 0
6461714, 1245184, 1, 0, 0
6461964, 1818624, 1, 0, 0
6462214, 1776578, 1, 0, 0
6462464, 1261568, 1, 0, 0
6462714, 1048576, 1, 0, 0
6462964, 606208, 1, 0, 0
6463214, 1261568, 1, 0, 0
6463465, 933888, 1, 0, 0
6463714, 1381783, 1, 0, 0
6463964, 1015808, 1, 0, 0
6464214, 901120, 1, 0, 0
6464465, 1179648, 1, 0, 0
6464714, 1414682, 1, 0, 0
6464964, 1163264, 1, 0, 0
6465214, 720896, 1, 0, 0
6465465, 884736, 1, 0, 0
6465714, 1069236, 1, 0, 0
6465964, 622592, 1, 0, 0
6466214, 622592, 1, 0, 0
6466465, 1032192, 1, 0, 0
6466714, 1283084, 1, 0, 0
6466964, 704512, 1, 0, 0
6467214, 835584, 1, 0, 0
6467465, 835584, 1, 0, 0
6467714, 1085686, 1, 0, 0
6467964, 966656, 1, 0, 0
6468214, 442368, 1, 0, 0
6468465, 1015808, 1, 0, 0
6468714, 756690, 1, 0, 0
6468964, 688128, 1, 0, 0
6469214, 1261568, 1, 0, 0
6469465, 1294336, 1, 0, 0
6469714, 674441, 1, 0, 0
6469964, 737280, 1, 0, 0
6470214, 1212416, 1, 0, 0
6470464, 1114112, 1, 0, 0
6470715, 1245184, 1, 0, 0
6470964, 1266634, 1, 0, 0
6471214, 884736, 1, 0, 0
6471464, 1556480, 1, 0, 0
6471714, 1589248, 1, 0, 0
6471965, 1425408, 1, 0, 0
6472214, 1464032, 1, 0, 0
6472464, 966656, 1, 0, 0
6472714, 1474560, 1, 0, 0
6472964, 786432, 1, 0, 0
6473214, 851968, 1, 0, 0
6473465, 1589248, 1, 0, 0
6473714, 1513381, 1, 0, 0
6473964, 1507328, 1, 0, 0
6474214, 1654784, 1, 0, 0
6474465, 1228800, 1, 0, 0
6474714, 1200835, 1, 0, 0
6474964, 1572864, 1, 0, 0
6475214, 1425408, 1, 0, 0
6475464, 1081344, 1, 0, 0
6475715, 868352, 1, 0, 0
6475964, 937638, 1, 0, 0
6476214, 1048576, 1, 0, 0
6476464, 1146880, 1, 0, 0
6476714, 917504, 1, 0, 0
6476965, 1048576, 1, 0, 0
6477214, 970538, 1, 0, 0
6477464, 1196032, 1, 0, 0
6477714, 1081344, 1, 0, 0
6477965, 1310720, 1, 0, 0
6478214, 1151485, 1, 0, 0
6478464, 1179648, 1, 0, 0
6478714, 1048576, 1, 0, 0
6478965, 1114112, 1, 0, 0
6479214, 1069236, 1, 0, 0
6479464, 1572864, 1, 0, 0
6479714, 1261568, 1, 0, 0
6479964, 1032192, 1, 0, 0
6480215, 1671168, 1, 0, 0
6480464, 1842377, 1, 0, 0
6480714, 1097728, 1, 0, 0
6480964, 1277952, 1, 0, 0
6481215, 1753088, 1, 0, 0
6481464, 1628530, 1, 0, 0
6481714, 884736, 1, 0, 0
6481964, 933888, 1, 0, 0
6482215, 1409024, 1, 0, 0
6482464, 1151485, 1, 0, 0
6482714, 737280, 1, 0, 0
6482964, 999424, 1, 0, 0
6483215, 966656, 1, 0, 0
6483465, 884736, 1, 0, 0
6483714, 1003437, 1, 0, 0
6483964, 1425408, 1, 0, 0
6484214, 1245184, 1, 0, 0
6484465, 1097728, 1, 0, 0
6484714, 1217285, 1, 0, 0
6484964, 1556480, 1, 0, 0
6485215, 1474560, 1, 0, 0
6485465, 1343488, 1, 0, 0
6485714, 1036337, 1, 0, 0
6485964, 950272, 1, 0, 0
6486214, 819200, 1, 0, 0
6486465, 573440, 1, 0, 0
6486714, 444144, 1, 0, 0
6486964, 458752, 1, 0, 0
6487215, 507904, 1, 0, 0
6487465, 360448, 1, 0, 0
6487714, 230297, 1, 0, 0
6487964, 196608, 1, 0, 0
6488214, 98304, 1, 0, 0
6488464, 573440, 1, 0, 0
6488715, 606208, 1, 0, 0
6488964, 230297, 1, 0, 0
6489214, 589824, 1, 0, 0
6489464, 278528, 1, 0, 0
6489715, 409600, 1, 0, 0
6489965, 671744, 1, 0, 0
6490214, 1052787, 1, 0, 0
6490465, 425984, 1, 0, 0
6490715, 98304, 1, 0, 0
6490964, 559293, 1, 0, 0
6491214, 1015808, 1, 0, 0
6491464, 376832, 1, 0, 0
6491714, 212992, 1, 0, 0
6491965, 917504, 1, 0, 0
6492214, 444144, 1, 0, 0
6492464, 491520, 1, 0, 0
6492714, 573440, 1, 0, 0
6492965, 475136, 1, 0, 0
6493214, 213847, 1, 0, 0
6493464, 196608, 1, 0, 0
6493714, 688128, 1, 0, 0
6493965, 671744, 1, 0, 0
6494214, 740240, 1, 0, 0
6494464, 557056, 1, 0, 0
6494714, 360448, 1, 0, 0
6494965, 606208, 1, 0, 0
6495214, 296096, 1, 0, 0
6495464, 720896, 1, 0, 0
6495714, 1261568, 1, 0, 0
6495964, 294912, 1, 0, 0
6496214, 707341, 1, 0, 0
6496464, 491520, 1, 0, 0
6496714, 1015808, 1, 0, 0
6496965, 638976, 1, 0, 0
6497215, 688128, 1, 0, 0
6497464, 427694, 1, 0, 0
6497714, 409600, 1, 0, 0
6497964, 442368, 1, 0, 0
6498215, 278528, 1, 0, 0
6498464, 296096, 1, 0, 0
6498714, 196608, 1, 0, 0
6498964, 98304, 1, 0, 0
6499214, 196608, 1, 0, 0
6499464, 98304, 1, 0, 0
6499715, 180224, 1, 0, 0
6499964, 164497, 1, 0, 0
6500214, 131072, 1, 0, 0
6500464, 163840, 1, 0, 0
6500714, 163840, 1, 0, 0
6500965, 475136, 1, 0, 0
6501215, 212992, 1, 0, 0
6501464, 246746, 1, 0, 0
6501714, 557056, 1, 0, 0
6501964, 688128, 1, 0, 0
6502215, 409600, 1, 0, 0
6502464, 740240, 1, 0, 0
6502714, 704512, 1, 0, 0
6502964, 983040, 1, 0, 0
6503215, 786432, 1, 0, 0
6503464, 789590, 1, 0, 0
6503714, 393216, 1, 0, 0
6503964, 442368, 1, 0, 0
6504215, 868352, 1, 0, 0
6504464, 756690, 1, 0, 0
6504714, 622592, 1, 0, 0
6504964, 491520, 1, 0, 0
6505215, 589824, 1, 0, 0
6505465, 753664, 1, 0, 0
6505714, 526393, 1, 0, 0
6505964, 655360, 1, 0, 0
6506214, 573440, 1, 0, 0
6506465, 753664, 1, 0, 0
6506714, 460594, 1, 0, 0
6506964, 0, 1, 0, 0
6507214, 737280, 1, 0, 0
6507464, 606208, 1, 0, 0
6507715, 819200, 1, 0, 0
6507964, 542843, 1, 0, 0
6508214, 229376, 1, 0, 0
6508464, 425984, 1, 0, 0
6508715, 409600, 1, 0, 0
6508964, 82248, 1, 0, 0
6509214, 507904, 1, 0, 0
6509464, 524288, 1, 0, 0
6509715, 720896, 1, 0, 0
6509964, 822489, 1, 0, 0
6510214, 933888, 1, 0, 0
6510464, 704512, 1, 0, 0
6510715, 786432, 1, 0, 0
6510965, 507904, 1, 0, 0
6511214, 493493, 1, 0, 0
6511464, 655360, 1, 0, 0
6511715, 638976, 1, 0, 0
6511964, 361895, 1, 0, 0
6512214, 1179648, 1, 0, 0
6512465, 720896, 1, 0, 0
6512714, 657991, 1, 0, 0
6512964, 294912, 1, 0, 0
6513214, 278528, 1, 0, 0
6513465, 393216, 1, 0, 0
6513714, 986987, 1, 0, 0
6513964, 393216, 1, 0, 0
6514214, 409600, 1, 0, 0
6514465, 655360, 1, 0, 0
6514714, 312546, 1, 0, 0
6514964, 425984, 1, 0, 0
6515214, 901120, 1, 0, 0
6515464, 606208, 1, 0, 0
6515715, 98304, 1, 0, 0
6515964, 411244, 1, 0, 0
6516214, 851968, 1, 0, 0
6516464, 376832, 1, 0, 0
6516715, 360448, 1, 0, 0
6516964, 707341, 1, 0, 0
6517214, 802816, 1, 0, 0
6517464, 589824, 1, 0, 0
6517715, 950272, 1, 0, 0
6517964, 855389, 1, 0, 0
6518214, 901120, 1, 0, 0
6518464, 1081344, 1, 0, 0
6518715, 835584, 1, 0, 0
6518965, 573440, 1, 0, 0
6519214, 1217285, 1, 0, 0
6519464, 917504, 1, 0, 0
6519714, 507904, 1, 0, 0
6519965, 1015808, 1, 0, 0
6520214, 477044, 1, 0, 0
6520464, 573440, 1, 0, 0
6520714, 720896, 1, 0, 0
6520965, 999424, 1, 0, 0
6521214, 1003437, 1, 0, 0
6521464, 638976, 1, 0, 0
6521714, 917504, 1, 0, 0
6521965, 688128, 1, 0, 0
6522214, 213847, 1, 0, 0
6522464, 933888, 1, 0, 0
6522714, 1081344, 1, 0, 0
6522965, 540672, 1, 0, 0
6523214, 707341, 1, 0, 0
6523464, 720896, 1, 0, 0
6523714, 311296, 1, 0, 0
6523964, 344064, 1, 0, 0
6524215, 1163264, 1, 0, 0
6524464, 361895, 1, 0, 0
6524714, 753664, 1, 0, 0
6524965, 393216, 1, 0, 0
6525214, 526393, 1, 0, 0
6525464, 311296, 1, 0, 0
6525714, 294912, 1, 0, 0
6525965, 819200, 1, 0, 0
6526215, 589824, 1, 0, 0
6526464, 460594, 1, 0, 0
6526714, 1310720, 1, 0, 0
6526964, 606208, 1, 0, 0
6527215, 1392640, 1, 0, 0
6527464, 838939, 1, 0, 0
6527714, 950272, 1, 0, 0
6527964, 851968, 1, 0, 0
6528215, 786432, 1, 0, 0
6528464, 904738, 1, 0, 0
6528714, 950272, 1, 0, 0
6528964, 786432, 1, 0, 0
6529215, 966656, 1, 0, 0
6529464, 509943, 1, 0, 0
6529714, 1097728, 1, 0, 0
6529964, 933888, 1, 0, 0
6530215, 966656, 1, 0, 0
6530464, 707341, 1, 0, 0
6530714, 819200, 1, 0, 0
6530965, 1015808, 1, 0, 0
6531214, 1414682, 1, 0, 0
6531464, 425984, 1, 0, 0
6531714, 638976, 1, 0, 0
6531965, 507904, 1, 0, 0
6532214, 1135036, 1, 0, 0
6532464, 1671168, 1, 0, 0
6532715, 638976, 1, 0, 0
6532964, 740240, 1, 0, 0
6533215, 1736704, 1, 0, 0
6533465, 950272, 1, 0, 0
6533714, 723791, 1, 0, 0
6533965, 933888, 1, 0, 0
6534215, 720896, 1, 0, 0
6534464, 838939, 1, 0, 0
6534714, 507904, 1, 0, 0
6534965, 622592, 1, 0, 0
6535214, 361895, 1, 0, 0
6535464, 540672, 1, 0, 0
6535714, 966656, 1, 0, 0
6535965, 786432, 1, 0, 0
6536214, 657991, 1, 0, 0
6536464, 622592, 1, 0, 0
6536715, 557056, 1, 0, 0
6536964, 296096, 1, 0, 0
6537214, 655360, 1, 0, 0
6537464, 180224, 1, 0, 0
6537715, 655360, 1, 0, 0
6537964, 1019887, 1, 0, 0
6538214, 1032192, 1, 0, 0
6538465, 589824, 1, 0, 0
6538715, 851968, 1, 0, 0
6538964, 773140, 1, 0, 0
6539215, 917504, 1, 0, 0
6539465, 933888, 1, 0, 0
6539714, 871839, 1, 0, 0
6539964, 835584, 1, 0, 0
6540215, 540672, 1, 0, 0
6540464, 838939, 1, 0, 0
6540715, 1064960, 1, 0, 0
6540964, 608642, 1, 0, 0
6541214, 475136, 1, 0, 0
6541464, 573440, 1, 0, 0
6541715, 983040, 1, 0, 0
6541964, 1118586, 1, 0, 0
6542214, 1064960, 1, 0, 0
6542465, 1228800, 1, 0, 0
6542714, 592192, 1, 0, 0
6542964, 737280, 1, 0, 0
6543215, 819200, 1, 0, 0
6543465, 573440, 1, 0, 0
6543714, 328995, 1, 0, 0
6543964, 983040, 1, 0, 0
6544215, 786432, 1, 0, 0
6544464, 1447582, 1, 0, 0
6544714, 671744, 1, 0, 0
6544965, 851968, 1, 0, 0
6545215, 770048, 1, 0, 0
6545464, 855389, 1, 0, 0
6545714, 524288, 1, 0, 0
6545965, 557056, 1, 0, 0
6546214, 1167935, 1, 0, 0
6546464, 524288, 1, 0, 0
6546715, 933888, 1, 0, 0
6546965, 671744, 1, 0, 0
6547214, 723791, 1, 0, 0
6547465, 786432, 1, 0, 0
6547715, 770048, 1, 0, 0
6547964, 888289, 1, 0, 0
6548215, 1032192, 1, 0, 0
6548464, 954088, 1, 0, 0
6548714, 851968, 1, 0, 0
6548964, 966656, 1, 0, 0
6549215, 737280, 1, 0, 0
6549464, 345445, 1, 0, 0
6549714, 671744, 1, 0, 0
6549964, 868352, 1, 0, 0
6550215, 573440, 1, 0, 0
6550465, 622592, 1, 0, 0
6550714, 509943, 1, 0, 0
6550964, 720896, 1, 0, 0
6551215, 819200, 1, 0, 0
6551464, 608642, 1, 0, 0
6551714, 1015808, 1, 0, 0
6551965, 557056, 1, 0, 0
6552215, 966656, 1, 0, 0
6552464, 559293, 1, 0, 0
6552714, 770048, 1, 0, 0
6552965, 1228800, 1, 0, 0
6553214, 937638, 1, 0, 0
6553464, 704512, 1, 0, 0
6553715, 655360, 1, 0, 0
6553964, 657991, 1, 0, 0
6554214, 1064960, 1, 0, 0
6554464, 1228800, 1, 0, 0
6554715, 770048, 1, 0, 0
6554964, 427694, 1, 0, 0
6555214, 524288, 1, 0, 0
6555464, 131072, 1, 0, 0
6555715, 557056, 1, 0, 0
6555964, 394795, 1, 0, 0
6556215, 671744, 1, 0, 0
6556465, 507904, 1, 0, 0
6556714, 312546, 1, 0, 0
6556965, 622592, 1, 0, 0
6557214, 921188, 1, 0, 0
6557464, 1277952, 1, 0, 0
6557715, 1097728, 1, 0, 0
6557964, 427694, 1, 0, 0
6558214, 65536, 1, 0, 0
6558464, 458752, 1, 0, 0
6558715, 196608, 1, 0, 0
6558964, 98698, 1, 0, 0
6559214, 458752, 1, 0, 0
6559464, 540672, 1, 0, 0
6559715, 606208, 1, 0, 0
6559964, 888289, 1, 0, 0
6560214, 409600, 1, 0, 0
6560465, 294912, 1, 0, 0
6560714, 296096, 1, 0, 0
6560964, 327680, 1, 0, 0
6561214, 507904, 1, 0, 0
6561465, 294912, 1, 0, 0
6561714, 0, 1, 0, 0
6561964, 540672, 1, 0, 0
6562215, 557056, 1, 0, 0
6562464, 526393, 1, 0, 0
6562714, 442368, 1, 0, 0
6562964, 475136, 1, 0, 0
6563215, 196608, 1, 0, 0
6563464, 444144, 1, 0, 0
6563714, 196608, 1, 0, 0
6563964, 425984, 1, 0, 0
6564215, 196608, 1, 0, 0
6564464, 493493, 1, 0, 0
6564714, 196608, 1, 0, 0
6564964, 311296, 1, 0, 0
6565215, 753664, 1, 0, 0
6565464, 1283084, 1, 0, 0
6565714, 1294336, 1, 0, 0
6565965, 901120, 1, 0, 0
6566215, 1064960, 1, 0, 0
6566464, 1365333, 1, 0, 0
6566715, 1064960, 1, 0, 0
6566965, 688128, 1, 0, 0
6567214, 970538, 1, 0, 0
6567464, 1392640, 1, 0, 0
6567715, 786432, 1, 0, 0
6567964, 394795, 1, 0, 0
6568214, 1736704, 1, 0, 0
6568464, 1687552, 1, 0, 0
6568715, 917504, 1, 0, 0
6568964, 1283084, 1, 0, 0
6569214, 1064960, 1, 0, 0
6569464, 1179648, 1, 0, 0
6569715, 688128, 1, 0, 0
6569964, 1677879, 1, 0, 0
6570214, 1605632, 1, 0, 0
6570465, 606208, 1, 0, 0
6570715, 1228800, 1, 0, 0
6570964, 855389, 1, 0, 0
6571215, 884736, 1, 0, 0
6571464, 838939, 1, 0, 0
6571714, 1261568, 1, 0, 0
6571964, 1163264, 1, 0, 0
6572215, 1081344, 1, 0, 0
6572464, 855389, 1, 0, 0
6572714, 868352, 1, 0, 0
6572965, 720896, 1, 0, 0
6573215, 688128, 1, 0, 0
6573464, 921188, 1, 0, 0
6573714, 671744, 1, 0, 0
6573965, 704512, 1, 0, 0
6574214, 970538, 1, 0, 0
6574464, 933888, 1, 0, 0
6574715, 196608, 1, 0, 0
6574964, 641542, 1, 0, 0
6575214, 1081344, 1, 0, 0
6575464, 671744, 1, 0, 0
6575715, 802816, 1, 0, 0
6575964, 1069236, 1, 0, 0
6576214, 933888, 1, 0, 0
6576465, 1081344, 1, 0, 0
6576714, 1069236, 1, 0, 0
6576964, 1015808, 1, 0, 0
6577215, 1015808, 1, 0, 0
6577465, 901120, 1, 0, 0
6577714, 411244, 1, 0, 0
6577964, 638976, 1, 0, 0
6578215, 983040, 1, 0, 0
6578464, 1348883, 1, 0, 0
6578714, 475136, 1, 0, 0
6578965, 786432, 1, 0, 0
6579215, 1081344, 1, 0, 0
6579464, 822489, 1, 0, 0
6579714, 835584, 1, 0, 0
6579965, 950272, 1, 0, 0
6580214, 1710779, 1, 0, 0
6580464, 1245184, 1, 0, 0
6580714, 966656, 1, 0, 0
6580965, 1409024, 1, 0, 0
6581214, 1167935, 1, 0, 0
6581464, 704512, 1, 0, 0
6581715, 868352, 1, 0, 0
6581964, 1118586, 1, 0, 0
6582214, 851968, 1, 0, 0
6582465, 868352, 1, 0, 0
6582714, 871839, 1, 0, 0
6582964, 1048576, 1, 0, 0
6583214, 1294336, 1, 0, 0
6583465, 901120, 1, 0, 0
6583714, 1398232, 1, 0, 0
6583964, 1753088, 1, 0, 0
6584214, 1277952, 1, 0, 0
6584465, 524288, 1, 0, 0
6584714, 1217285, 1, 0, 0
6584964, 884736, 1, 0, 0
6585215, 753664, 1, 0, 0
6585464, 986987, 1, 0, 0
6585714, 901120, 1, 0, 0
6585965, 589824, 1, 0, 0
6586214, 1135036, 1, 0, 0
6586464, 802816, 1, 0, 0
6586715, 1261568, 1, 0, 0
6586965, 589824, 1, 0, 0
6587214, 756690, 1, 0, 0
6587464, 688128, 1, 0, 0
6587715, 622592, 1, 0, 0
6587964, 674441, 1, 0, 0
6588214, 737280, 1, 0, 0
6588464, 786432, 1, 0, 0
6588715, 884736, 1, 0, 0
6588964, 1019887, 1, 0, 0
6589214, 966656, 1, 0, 0
6589464, 933888, 1, 0, 0
6589715, 835584, 1, 0, 0
6589964, 904738, 1, 0, 0
6590214, 753664, 1, 0, 0
6590465, 753664, 1, 0, 0
6590714, 806040, 1, 0, 0
6590964, 1490944, 1, 0, 0
6591215, 1146880, 1, 0, 0
6591465, 835584, 1, 0, 0
6591714, 1200835, 1, 0, 0
6591965, 622592, 1, 0, 0
6592214, 690891, 1, 0, 0
6592464, 524288, 1, 0, 0
6592715, 393216, 1, 0, 0
6592964, 197397, 1, 0, 0
6593214, 409600, 1, 0, 0
6593465, 671744, 1, 0, 0
6593715, 425984, 1, 0, 0
6593964, 197397, 1, 0, 0
6594215, 294912, 1, 0, 0
6594465, 868352, 1, 0, 0
6594714, 690891, 1, 0, 0
6594965, 638976, 1, 0, 0
6595214, 542843, 1, 0, 0
6595464, 589824, 1, 0, 0
6595715, 720896, 1, 0, 0
6595965, 1376256, 1, 0, 0
6596214, 477044, 1, 0, 0
6596464, 1310720, 1, 0, 0
6596715, 851968, 1, 0, 0
6596964, 756690, 1, 0, 0
6597214, 1392640, 1, 0, 0
6597465, 1310720, 1, 0, 0
6597715, 540672, 1, 0, 0
6597964, 970538, 1, 0, 0
6598214, 753664, 1, 0, 0
6598465, 1015808, 1, 0, 0
6598714, 625092, 1, 0, 0
6598964, 1458176, 1, 0, 0
6599215, 1081344, 1, 0, 0
6599464, 970538, 1, 0, 0
6599714, 1327104, 1, 0, 0
6599964, 1212416, 1, 0, 0
6600215, 851968, 1, 0, 0
6600464, 1217285, 1, 0, 0
6600714, 1064960, 1, 0, 0
6600965, 1343488, 1, 0, 0
6601214, 1381783, 1, 0, 0
6601464, 1835008, 1, 0, 0
6601715, 966656, 1, 0, 0
6601964, 1069236, 1, 0, 0
6602215, 1064960, 1, 0, 0
6602465, 311296, 1, 0, 0
6602714, 986987, 1, 0, 0
6602964, 868352, 1, 0, 0
6603215, 1032192, 1, 0, 0
6603464, 986987, 1, 0, 0
6603714, 1196032, 1, 0, 0
6603964, 851968, 1, 0, 0
6604215, 1048576, 1, 0, 0
6604464, 625092, 1, 0, 0
6604714, 655360, 1, 0, 0
6604965, 770048, 1, 0, 0
6605214, 1052787, 1, 0, 0
6605464, 1949696, 1, 0, 0
6605714, 1097728, 1, 0, 0
6605965, 704512, 1, 0, 0
6606214, 674441, 1, 0, 0
6606464, 1736704, 1, 0, 0
6606715, 770048, 1, 0, 0
6606965, 1523712, 1, 0, 0
6607214, 773140, 1, 0, 0
6607464, 1212416, 1, 0, 0
6607715, 950272, 1, 0, 0
6607964, 756690, 1, 0, 0
6608214, 1261568, 1, 0, 0
6608465, 917504, 1, 0, 0
6608714, 707341, 1, 0, 0
6608964, 1327104, 1, 0, 0
6609214, 835584, 1, 0, 0
6609465, 524288, 1, 0, 0
6609714, 904738, 1, 0, 0
6609964, 147456, 1, 0, 0
6610214, 98304, 1, 0, 0
6610464, 491520, 1, 0, 0
6610715, 753664, 1, 0, 0
6610964, 674441, 1, 0, 0
6611214, 704512, 1, 0, 0
6611465, 196608, 1, 0, 0
6611714, 312546, 1, 0, 0
6611964, 425984, 1, 0, 0
6612214, 114688, 1, 0, 0
6612464, 196608, 1, 0, 0
6612715, 1179648, 1, 0, 0
6612964, 296096, 1, 0, 0
6613214, 655360, 1, 0, 0
6613464, 622592, 1, 0, 0
6613715, 475136, 1, 0, 0
6613964, 773140, 1, 0, 0
6614214, 196608, 1, 0, 0
6614464, 98304, 1, 0, 0
6614715, 294912, 1, 0, 0
6614965, 425984, 1, 0, 0
6615214, 773140, 1, 0, 0
6615464, 507904, 1, 0, 0
6615714, 196608, 1, 0, 0
6615965, 524288, 1, 0, 0
6616214, 493493, 1, 0, 0
6616464, 376832, 1, 0, 0
6616714, 524288, 1, 0, 0
6616964, 933888, 1, 0, 0
6617215, 638976, 1, 0, 0
6617465, 606208, 1, 0, 0
6617714, 608642, 1, 0, 0
6617964, 835584, 1, 0, 0
6618214, 131072, 1, 0, 0
6618464, 278528, 1, 0, 0
6618715, 327680, 1, 0, 0
6618964, 328995, 1, 0, 0
6619214, 720896, 1, 0, 0
6619464, 393216, 1, 0, 0
6619715, 507904, 1, 0, 0
6619965, 311296, 1, 0, 0
6620214, 806040, 1, 0, 0
6620464, 835584, 1, 0, 0
6620714, 770048, 1, 0, 0
6620965, 475136, 1, 0, 0
6621214, 460594, 1, 0, 0
6621464, 294912, 1, 0, 0
6621714, 196608, 1, 0, 0
6621965, 196608, 1, 0, 0
6622214, 312546, 1, 0, 0
6622464, 409600, 1, 0, 0
6622714, 638976, 1, 0, 0
6622964, 540672, 1, 0, 0
6623215, 557056, 1, 0, 0
6623464, 641542, 1, 0, 0
6623714, 475136, 1, 0, 0
6623964, 262144, 1, 0, 0
6624215, 344064, 1, 0, 0
6624465, 393216, 1, 0, 0
6624714, 230297, 1, 0, 0
6624964, 278528, 1, 0, 0
6625215, 737280, 1, 0, 0
6625465, 917504, 1, 0, 0
6625714, 427694, 1, 0, 0
6625964, 131072, 1, 0, 0
6626214, 655360, 1, 0, 0
6626465, 655360, 1, 0, 0
6626715, 376832, 1, 0, 0
6626964, 625092, 1, 0, 0
6627214, 573440, 1, 0, 0
6627464, 245760, 1, 0, 0
6627715, 360448, 1, 0, 0
6627964, 411244, 1, 0, 0
6628214, 196608, 1, 0, 0
6628464, 212992, 1, 0, 0
6628714, 278528, 1, 0, 0
6628964, 114688, 1, 0, 0
6629215, 327680, 1, 0, 0
6629464, 509943, 1, 0, 0
6629714, 376832, 1, 0, 0
6629964, 65536, 1, 0, 0
6630214, 245760, 1, 0, 0
6630465, 245760, 1, 0, 0
6630715, 409600, 1, 0, 0
6630964, 460594, 1, 0, 0
6631214, 475136, 1, 0, 0
6631465, 344064, 1, 0, 0
6631714, 592192, 1, 0, 0
6631964, 196608, 1, 0, 0
6632214, 393216, 1, 0, 0
6632464, 409600, 1, 0, 0
6632715, 606208, 1, 0, 0
6632964, 707341, 1, 0, 0
6633214, 671744, 1, 0, 0
6633464, 524288, 1, 0, 0
6633715, 524288, 1, 0, 0
6633964, 542843, 1, 0, 0
6634214, 507904, 1, 0, 0
6634464, 294912, 1, 0, 0
6634714, 360448, 1, 0, 0
6634964, 606208, 1, 0, 0
6635215, 294912, 1, 0, 0
6635464, 411244, 1, 0, 0
6635714, 540672, 1, 0, 0
6635964, 475136, 1, 0, 0
6636214, 327680, 1, 0, 0
6636464, 622592, 1, 0, 0
6636714, 740240, 1, 0, 0
6636964, 753664, 1, 0, 0
6637214, 425984, 1, 0, 0
6637464, 557056, 1, 0, 0
6637714, 409600, 1, 0, 0
6637964, 688128, 1, 0, 0
6638214, 442368, 1, 0, 0
6638464, 311296, 1, 0, 0
6638714, 294912, 1, 0, 0
6638965, 475136, 1, 0, 0
6639214, 986987, 1, 0, 0
6639464, 425984, 1, 0, 0
6639714, 819200, 1, 0, 0
6639964, 573440, 1, 0, 0
6640214, 196608, 1, 0, 0
6640464, 294912, 1, 0, 0
6640714, 409600, 1, 0, 0
6640964, 671744, 1, 0, 0
6641214, 115148, 1, 0, 0
6641464, 114688, 1, 0, 0
6641714, 393216, 1, 0, 0
6641964, 229376, 1, 0, 0
6642214, 409600, 1, 0, 0
6642464, 458752, 1, 0, 0
6642714, 557056, 1, 0, 0
6642964, 524288, 1, 0, 0
6643214, 425984, 1, 0, 0
6643464, 707341, 1, 0, 0
6643714, 655360, 1, 0, 0
6643964, 540672, 1, 0, 0
6644214, 1015808, 1, 0, 0
6644464, 294912, 1, 0, 0
6644714, 573440, 1, 0, 0
6644964, 360448, 1, 0, 0
6645214, 294912, 1, 0, 0
6645464, 819200, 1, 0, 0
6645714, 526393, 1, 0, 0
6645964, 851968, 1, 0, 0
6646214, 311296, 1, 0, 0
6646464, 409600, 1, 0, 0
6646714, 442368, 1, 0, 0
6646964, 458752, 1, 0, 0
6647214, 98304, 1, 0, 0
6647464, 557056, 1, 0, 0
6647714, 622592, 1, 0, 0
6647964, 589824, 1, 0, 0
6648214, 542843, 1, 0, 0
6648464, 327680, 1, 0, 0
6648714, 245760, 1, 0, 0
6648964, 475136, 1, 0, 0
6649214, 376832, 1, 0, 0
6649464, 344064, 1, 0, 0
6649714, 98304, 1, 0, 0
6649964, 229376, 1, 0, 0
6650214, 294912, 1, 0, 0
6650464, 477044, 1, 0, 0
6650714, 425984, 1, 0, 0
6650964, 180224, 1, 0, 0
6651214, 98304, 1, 0, 0
6651464, 524288, 1, 0, 0
6651714, 524288, 1, 0, 0
6651964, 507904, 1, 0, 0
6652214, 655360, 1, 0, 0
6652464, 378345, 1, 0, 0
6652714, 688128, 1, 0, 0
6652964, 589824, 1, 0, 0
6653214, 868352, 1, 0, 0
6653464, 491520, 1, 0, 0
6653714, 1015808, 1, 0, 0
6653964, 655360, 1, 0, 0
6654214, 524288, 1, 0, 0
6654464, 704512, 1, 0, 0
6654714, 753664, 1, 0, 0
6654964, 411244, 1, 0, 0
6655214, 819200, 1, 0, 0
6655464, 901120, 1, 0, 0
6655714, 655360, 1, 0, 0
6655964, 262144, 1, 0, 0
6656214, 491520, 1, 0, 0
6656464, 327680, 1, 0, 0
6656714, 917504, 1, 0, 0
6656964, 770048, 1, 0, 0
6657214, 394795, 1, 0, 0
6657464, 327680, 1, 0, 0
6657714, 589824, 1, 0, 0
6657964, 196608, 1, 0, 0
6658214, 425984, 1, 0, 0
6658464, 606208, 1, 0, 0
6658714, 311296, 1, 0, 0
6658964, 114688, 1, 0, 0
6659214, 196608, 1, 0, 0
6659464, 312546, 1, 0, 0
6659714, 524288, 1, 0, 0
6659964, 458752, 1, 0, 0
6660214, 327680, 1, 0, 0
6660464, 425984, 1, 0, 0
6660714, 196608, 1, 0, 0
6660964, 229376, 1, 0, 0
6661214, 589824, 1, 0, 0
6661464, 524288, 1, 0, 0
6661714, 427694, 1, 0, 0
6661964, 393216, 1, 0, 0
6662214, 294912, 1, 0, 0
6662464, 507904, 1, 0, 0
6662714, 294912, 1, 0, 0
6662964, 196608, 1, 0, 0
6663214, 196608, 1, 0, 0
6663464, 393216, 1, 0, 0
6663714, 32768, 1, 0, 0
6663964, 394795, 1, 0, 0
6664214, 229376, 1, 0, 0
6664464, 425984, 1, 0, 0
6664714, 262144, 1, 0, 0
6664964, 688128, 1, 0, 0
6665214, 802816, 1, 0, 0
6665464, 507904, 1, 0, 0
6665714, 409600, 1, 0, 0
6665964, 344064, 1, 0, 0
6666215, 491520, 1, 0, 0
6666464, 411244, 1, 0, 0
6666714, 180224, 1, 0, 0
6666964, 442368, 1, 0, 0
6667214, 655360, 1, 0, 0
6667464, 507904, 1, 0, 0
6667714, 491520, 1, 0, 0
6667964, 688128, 1, 0, 0
6668214, 327680, 1, 0, 0
6668465, 540672, 1, 0, 0
6668714, 986987, 1, 0, 0
6668964, 1212416, 1, 0, 0
6669214, 901120, 1, 0, 0
6669464, 360448, 1, 0, 0
6669714, 589824, 1, 0, 0
6669964, 1064960, 1, 0, 0
6670214, 475136, 1, 0, 0
6670464, 163840, 1, 0, 0
6670714, 557056, 1, 0, 0
6670964, 657991, 1, 0, 0
6671214, 245760, 1, 0, 0
6671464, 688128, 1, 0, 0
6671714, 524288, 1, 0, 0
6671964, 212992, 1, 0, 0
6672214, 196608, 1, 0, 0
6672464, 638976, 1, 0, 0
6672714, 442368, 1, 0, 0
6672964, 524288, 1, 0, 0
6673214, 230297, 1, 0, 0
6673464, 131072, 1, 0, 0
6673714, 376832, 1, 0, 0
6673964, 917504, 1, 0, 0
6674214, 655360, 1, 0, 0
6674464, 802816, 1, 0, 0
6674714, 475136, 1, 0, 0
6674964, 786432, 1, 0, 0
6675214, 835584, 1, 0, 0
6675464, 740240, 1, 0, 0
6675714, 557056, 1, 0, 0
6675964, 491520, 1, 0, 0
6676214, 491520, 1, 0, 0
6676464, 704512, 1, 0, 0
6676714, 622592, 1, 0, 0
6676964, 917504, 1, 0, 0
6677214, 589824, 1, 0, 0
6677464, 770048, 1, 0, 0
6677714, 690891, 1, 0, 0
6677964, 622592, 1, 0, 0
6678214, 589824, 1, 0, 0
6678464, 753664, 1, 0, 0
6678714, 458752, 1, 0, 0
6678964, 442368, 1, 0, 0
6679214, 1327104, 1, 0, 0
6679464, 540672, 1, 0, 0
6679714, 573440, 1, 0, 0
6679964, 425984, 1, 0, 0
6680214, 427694, 1, 0, 0
6680464, 704512, 1, 0, 0
6680714, 573440, 1, 0, 0
6680964, 884736, 1, 0, 0
6681214, 638976, 1, 0, 0
6681464, 884736, 1, 0, 0
6681714, 507904, 1, 0, 0
6681964, 507904, 1, 0, 0
6682214, 491520, 1, 0, 0
6682464, 444144, 1, 0, 0
6682714, 1163264, 1, 0, 0
6682964, 884736, 1, 0, 0
6683214, 835584, 1, 0, 0
6683464, 1261568, 1, 0, 0
6683714, 1081344, 1, 0, 0
6683964, 966656, 1, 0, 0
6684214, 917504, 1, 0, 0
6684464, 835584, 1, 0, 0
6684714, 427694, 1, 0, 0
6684964, 802816, 1, 0, 0
6685214, 278528, 1, 0, 0
6685464, 606208, 1, 0, 0
6685714, 1064960, 1, 0, 0
6685964, 1212416, 1, 0, 0
6686214, 524288, 1, 0, 0
6686464, 720896, 1, 0, 0
6686714, 688128, 1, 0, 0
6686964, 345445, 1, 0, 0
6687214, 786432, 1, 0, 0
6687464, 294912, 1, 0, 0
6687714, 622592, 1, 0, 0
6687964, 1556480, 1, 0, 0
6688214, 999424, 1, 0, 0
6688464, 999424, 1, 0, 0
6688714, 868352, 1, 0, 0
6688964, 835584, 1, 0, 0
6689214, 999424, 1, 0, 0
6689464, 1069236, 1, 0, 0
6689714, 1163264, 1, 0, 0
6689964, 999424, 1, 0, 0
6690214, 98304, 1, 0, 0
6690464, 835584, 1, 0, 0
6690714, 294912, 1, 0, 0
6690964, 737280, 1, 0, 0
6691214, 376832, 1, 0, 0
6691464, 180224, 1, 0, 0
6691714, 573440, 1, 0, 0
6691964, 904738, 1, 0, 0
6692214, 999424, 1, 0, 0
6692464, 770048, 1, 0, 0
6692714, 638976, 1, 0, 0
6692964, 540672, 1, 0, 0
6693214, 458752, 1, 0, 0
6693464, 688128, 1, 0, 0
6693714, 950272, 1, 0, 0
6693964, 393216, 1, 0, 0
6694214, 625092, 1, 0, 0
6694464, 606208, 1, 0, 0
6694714, 425984, 1, 0, 0
6694964, 409600, 1, 0, 0
6695214, 327680, 1, 0, 0
6695464, 638976, 1, 0, 0
6695714, 425984, 1, 0, 0
6695964, 622592, 1, 0, 0
6696215, 163840, 1, 0, 0
6696464, 526393, 1, 0, 0
6696714, 589824, 1, 0, 0
6696964, 458752, 1, 0, 0
6697214, 442368, 1, 0, 0
6697464, 524288, 1, 0, 0
6697714, 294912, 1, 0, 0
6697964, 294912, 1, 0, 0
6698214, 98304, 1, 0, 0
6698464, 524288, 1, 0, 0
6698714, 213847, 1, 0, 0
6698964, 507904, 1, 0, 0
6699214, 589824, 1, 0, 0
6699464, 294912, 1, 0, 0
6699714, 196608, 1, 0, 0
6699964, 311296, 1, 0, 0
6700215, 393216, 1, 0, 0
6700465, 229376, 1, 0, 0
6700714, 921188, 1, 0, 0
6700964, 671744, 1, 0, 0
6701214, 704512, 1, 0, 0
6701464, 655360, 1, 0, 0
6701714, 851968, 1, 0, 0
6701964, 589824, 1, 0, 0
6702214, 524288, 1, 0, 0
6702464, 409600, 1, 0, 0
6702714, 180947, 1, 0, 0
6702964, 131072, 1, 0, 0
6703214, 98304, 1, 0, 0
6703464, 196608, 1, 0, 0
6703714, 180224, 1, 0, 0
6703964, 311296, 1, 0, 0
6704214, 360448, 1, 0, 0
6704464, 409600, 1, 0, 0
6704714, 884736, 1, 0, 0
6704964, 871839, 1, 0, 0
6705214, 1163264, 1, 0, 0
6705464, 917504, 1, 0, 0
6705714, 884736, 1, 0, 0
6705964, 409600, 1, 0, 0
6706214, 819200, 1, 0, 0
6706464, 540672, 1, 0, 0
6706714, 589824, 1, 0, 0
6706964, 409600, 1, 0, 0
6707214, 147456, 1, 0, 0
6707464, 493493, 1, 0, 0
6707714, 376832, 1, 0, 0
6707964, 311296, 1, 0, 0
6708214, 704512, 1, 0, 0
6708464, 360448, 1, 0, 0
6708714, 655360, 1, 0, 0
6708964, 262144, 1, 0, 0
6709214, 491520, 1, 0, 0
6709464, 444144, 1, 0, 0
6709714, 98304, 1, 0, 0
6709964, 507904, 1, 0, 0
6710214, 753664, 1, 0, 0
6710464, 540672, 1, 0, 0
6710714, 278528, 1, 0, 0
6710964, 196608, 1, 0, 0
6711214, 81920, 1, 0, 0
6711464, 458752, 1, 0, 0
6711714, 657991, 1, 0, 0
6711964, 344064, 1, 0, 0
6712214, 491520, 1, 0, 0
6712464, 327680, 1, 0, 0
6712714, 393216, 1, 0, 0
6712964, 196608, 1, 0, 0
6713214, 0, 1, 0, 0
6713464, 262144, 1, 0, 0
6713714, 589824, 1, 0, 0
6713964, 393216, 1, 0, 0
6714214, 328995, 1, 0, 0
6714464, 409600, 1, 0, 0
6714714, 737280, 1, 0, 0
6714964, 901120, 1, 0, 0
6715214, 327680, 1, 0, 0
6715464, 294912, 1, 0, 0
6715714, 770048, 1, 0, 0
6715964, 327680, 1, 0, 0
6716214, 98304, 1, 0, 0
6716465, 376832, 1, 0, 0
6716714, 509943, 1, 0, 0
6716964, 327680, 1, 0, 0
6717214, 393216, 1, 0, 0
6717464, 770048, 1, 0, 0
6717714, 524288, 1, 0, 0
6717964, 442368, 1, 0, 0
6718214, 376832, 1, 0, 0
6718464, 360448, 1, 0, 0
6718714, 477044, 1, 0, 0
6718964, 802816, 1, 0, 0
6719214, 1474560, 1, 0, 0
6719464, 589824, 1, 0, 0
6719714, 573440, 1, 0, 0
6719964, 737280, 1, 0, 0
6720214, 786432, 1, 0, 0
6720464, 622592, 1, 0, 0
6720714, 507904, 1, 0, 0
6720964, 491520, 1, 0, 0
6721214, 477044, 1, 0, 0
6721464, 196608, 1, 0, 0
6721714, 278528, 1, 0, 0
6721964, 16384, 1, 0, 0
6722214, 475136, 1, 0, 0
6722464, 425984, 1, 0, 0
6722714, 376832, 1, 0, 0
6722964, 770048, 1, 0, 0
6723214, 296096, 1, 0, 0
6723464, 327680, 1, 0, 0
6723714, 360448, 1, 0, 0
6723964, 327680, 1, 0, 0
6724214, 491520, 1, 0, 0
6724464, 557056, 1, 0, 0
6724714, 458752, 1, 0, 0
6724964, 393216, 1, 0, 0
6725214, 344064, 1, 0, 0
6725464, 707341, 1, 0, 0
6725714, 491520, 1, 0, 0
6725964, 638976, 1, 0, 0
6726214, 671744, 1, 0, 0
6726464, 1146880, 1, 0, 0
6726714, 655360, 1, 0, 0
6726964, 884736, 1, 0, 0
6727214, 491520, 1, 0, 0
6727464, 262144, 1, 0, 0
6727714, 263196, 1, 0, 0
6727964, 622592, 1, 0, 0
6728214, 393216, 1, 0, 0
6728464, 327680, 1, 0, 0
6728714, 360448, 1, 0, 0
6728964, 327680, 1, 0, 0
6729214, 704512, 1, 0, 0
6729464, 376832, 1, 0, 0
6729714, 540672, 1, 0, 0
6729964, 753664, 1, 0, 0
6730214, 838939, 1, 0, 0
6730464, 737280, 1, 0, 0
6730714, 802816, 1, 0, 0
6730964, 704512, 1, 0, 0
6731214, 1048576, 1, 0, 0
6731464, 393216, 1, 0, 0
6731714, 655360, 1, 0, 0
6731964, 557056, 1, 0, 0
6732214, 737280, 1, 0, 0
6732463, 1217285, 1, 0, 0
6732714, 868352, 1, 0, 0
6732964, 737280, 1, 0, 0
6733214, 966656, 1, 0, 0
6733464, 524288, 1, 0, 0
6733714, 638976, 1, 0, 0
6733964, 901120, 1, 0, 0
6734214, 1261568, 1, 0, 0
6734464, 999424, 1, 0, 0
6734714, 1327104, 1, 0, 0
6734964, 1184385, 1, 0, 0
6735214, 1163264, 1, 0, 0
6735464, 1114112, 1, 0, 0
6735714, 1146880, 1, 0, 0
6735964, 1228800, 1, 0, 0
6736214, 1523712, 1, 0, 0
6736464, 1064960, 1, 0, 0
6736714, 1425408, 1, 0, 0
6736964, 1622016, 1, 0, 0
6737214, 1261568, 1, 0, 0
6737464, 1529831, 1, 0, 0
6737714, 1081344, 1, 0, 0
6737964, 933888, 1, 0, 0
6738214, 802816, 1, 0, 0
6738464, 1196032, 1, 0, 0
6738714, 1130496, 1, 0, 0
6738964, 1474560, 1, 0, 0
6739214, 999424, 1, 0, 0
6739464, 671744, 1, 0, 0
6739714, 1431132, 1, 0, 0
6739964, 1196032, 1, 0, 0
6740214, 819200, 1, 0, 0
6740464, 737280, 1, 0, 0
6740714, 819200, 1, 0, 0
6740964, 884736, 1, 0, 0
6741214, 1032192, 1, 0, 0
6741464, 1343488, 1, 0, 0
6741714, 1130496, 1, 0, 0
6741965, 1179648, 1, 0, 0
6742214, 592192, 1, 0, 0
6742464, 917504, 1, 0, 0
6742714, 671744, 1, 0, 0
6742964, 1064960, 1, 0, 0
6743214, 1081344, 1, 0, 0
6743464, 1196032, 1, 0, 0
6743714, 851968, 1, 0, 0
6743964, 950272, 1, 0, 0
6744215, 1163264, 1, 0, 0
6744464, 1019887, 1, 0, 0
6744714, 1146880, 1, 0, 0
6744964, 1622016, 1, 0, 0
6745214, 1327104, 1, 0, 0
6745464, 753664, 1, 0, 0
6745714, 901120, 1, 0, 0
6745964, 376832, 1, 0, 0
6746214, 1327104, 1, 0, 0
6746465, 344064, 1, 0, 0
6746714, 131598, 1, 0, 0
6746964, 1015808, 1, 0, 0
6747214, 704512, 1, 0, 0
6747464, 851968, 1, 0, 0
6747714, 540672, 1, 0, 0
6747964, 557056, 1, 0, 0
6748214, 753664, 1, 0, 0
6748464, 638976, 1, 0, 0
6748714, 917504, 1, 0, 0
6748964, 542843, 1, 0, 0
6749214, 393216, 1, 0, 0
6749464, 344064, 1, 0, 0
6749714, 327680, 1, 0, 0
6749964, 753664, 1, 0, 0
6750214, 393216, 1, 0, 0
6750464, 245760, 1, 0, 0
6750714, 901120, 1, 0, 0
6750964, 212992, 1, 0, 0
6751214, 509943, 1, 0, 0
6751464, 655360, 1, 0, 0
6751714, 753664, 1, 0, 0
6751964, 638976, 1, 0, 0
6752214, 491520, 1, 0, 0
6752464, 622592, 1, 0, 0
6752714, 524288, 1, 0, 0
6752964, 278528, 1, 0, 0
6753214, 311296, 1, 0, 0
6753464, 394795, 1, 0, 0
6753714, 327680, 1, 0, 0
6753964, 507904, 1, 0, 0
6754214, 245760, 1, 0, 0
6754464, 196608, 1, 0, 0
6754714, 524288, 1, 0, 0
6754964, 212992, 1, 0, 0
6755214, 442368, 1, 0, 0
6755464, 442368, 1, 0, 0
6755714, 213847, 1, 0, 0
6755964, 49152, 1, 0, 0
6756214, 344064, 1, 0, 0
6756464, 311296, 1, 0, 0
6756714, 311296, 1, 0, 0
6756964, 442368, 1, 0, 0
6757214, 442368, 1, 0, 0
6757464, 327680, 1, 0, 0
6757714, 114688, 1, 0, 0
6757964, 98698, 1, 0, 0
6758214, 212992, 1, 0, 0
6758464, 81920, 1, 0, 0
6758714, 196608, 1, 0, 0
6758964, 114688, 1, 0, 0
6759214, 196608, 1, 0, 0
6759464, 98304, 1, 0, 0
6759714, 294912, 1, 0, 0
6759964, 294912, 1, 0, 0
6760214, 345445, 1, 0, 0
6760464, 229376, 1, 0, 0
6760714, 589824, 1, 0, 0
6760964, 458752, 1, 0, 0
6761214, 180224, 1, 0, 0
6761464, 458752, 1, 0, 0
6761714, 704512, 1, 0, 0
6761964, 163840, 1, 0, 0
6762214, 393216, 1, 0, 0
6762464, 427694, 1, 0, 0
6762714, 737280, 1, 0, 0
6762964, 409600, 1, 0, 0
6763214, 98304, 1, 0, 0
6763464, 540672, 1, 0, 0
6763714, 1015808, 1, 0, 0
6763964, 212992, 1, 0, 0
6764214, 688128, 1, 0, 0
6764464, 786432, 1, 0, 0
6764714, 411244, 1, 0, 0
6764964, 229376, 1, 0, 0
6765214, 458752, 1, 0, 0
6765464, 638976, 1, 0, 0
6765714, 344064, 1, 0, 0
6765964, 802816, 1, 0, 0
6766214, 491520, 1, 0, 0
6766464, 868352, 1, 0, 0
6766714, 475136, 1, 0, 0
6766964, 344064, 1, 0, 0
6767214, 411244, 1, 0, 0
6767464, 98304, 1, 0, 0
6767714, 491520, 1, 0, 0
6767964, 524288, 1, 0, 0
6768214, 851968, 1, 0, 0
6768464, 557056, 1, 0, 0
6768714, 344064, 1, 0, 0
6768964, 704512, 1, 0, 0
6769215, 294912, 1, 0, 0
6769464, 361895, 1, 0, 0
6769714, 540672, 1, 0, 0
6769964, 81920, 1, 0, 0
6770214, 114688, 1, 0, 0
6770464, 540672, 1, 0, 0
6770714, 180224, 1, 0, 0
6770964, 262144, 1, 0, 0
6771214, 327680, 1, 0, 0
6771464, 294912, 1, 0, 0
6771714, 16449, 1, 0, 0
6771964, 409600, 1, 0, 0
6772214, 950272, 1, 0, 0
6772464, 278528, 1, 0, 0
6772714, 327680, 1, 0, 0
6772964, 655360, 1, 0, 0
6773214, 475136, 1, 0, 0
6773464, 344064, 1, 0, 0
6773714, 786432, 1, 0, 0
6773965, 393216, 1, 0, 0
6774214, 559293, 1, 0, 0
6774464, 1081344, 1, 0, 0
6774714, 491520, 1, 0, 0
6774964, 393216, 1, 0, 0
6775214, 360448, 1, 0, 0
6775464, 262144, 1, 0, 0
6775714, 524288, 1, 0, 0
6775964, 409600, 1, 0, 0
6776215, 393216, 1, 0, 0
6776464, 427694, 1, 0, 0
6776714, 360448, 1, 0, 0
6776964, 163840, 1, 0, 0
6777214, 294912, 1, 0, 0
6777464, 180224, 1, 0, 0
6777714, 311296, 1, 0, 0
6777964, 524288, 1, 0, 0
6778214, 294912, 1, 0, 0
6778464, 98698, 1, 0, 0
6778714, 212992, 1, 0, 0
6778964, 98304, 1, 0, 0
6779214, 98304, 1, 0, 0
6779464, 491520, 1, 0, 0
6779714, 393216, 1, 0, 0
6779964, 294912, 1, 0, 0
6780214, 196608, 1, 0, 0
6780464, 98304, 1, 0, 0
6780714, 622592, 1, 0, 0
6780964, 444144, 1, 0, 0
6781214, 65536, 1, 0, 0
6781464, 294912, 1, 0, 0
6781714, 131072, 1, 0, 0
6781964, 278528, 1, 0, 0
6782214, 262144, 1, 0, 0
6782464, 327680, 1, 0, 0
6782714, 98304, 1, 0, 0
6782965, 114688, 1, 0, 0
6783214, 0, 1, 0, 0
6783464, 327680, 1, 0, 0
6783714, 393216, 1, 0, 0
6783964, 327680, 1, 0, 0
6784214, 163840, 1, 0, 0
6784464, 0, 1, 0, 0
6784714, 180224, 1, 0, 0
6784964, 0, 1, 0, 0
6785215, 294912, 1, 0, 0
6785464, 0, 1, 0, 0
6785714, 16384, 1, 0, 0
6785964, 278528, 1, 0, 0
6786214, 311296, 1, 0, 0
6786464, 180224, 1, 0, 0
6786714, 0, 1, 0, 0
6786964, 0, 1, 0, 0
6787214, 49152, 1, 0, 0
6787464, 197397, 1, 0, 0
6787714, 163840, 1, 0, 0
6787964, 180224, 1, 0, 0
6788214, 344064, 1, 0, 0
6788464, 294912, 1, 0, 0
6788714, 245760, 1, 0, 0
6788964, 524288, 1, 0, 0
6789214, 212992, 1, 0, 0
6789465, 344064, 1, 0, 0
6789714, 345445, 1, 0, 0
6789964, 327680, 1, 0, 0
6790214, 98304, 1, 0, 0
6790464, 147456, 1, 0, 0
6790714, 278528, 1, 0, 0
6790964, 1146880, 1, 0, 0
6791214, 1179648, 1, 0, 0
6791464, 851968, 1, 0, 0
6791714, 720896, 1, 0, 0
6791964, 1019887, 1, 0, 0
6792214, 770048, 1, 0, 0
6792464, 655360, 1, 0, 0
6792714, 1130496, 1, 0, 0
6792964, 1015808, 1, 0, 0
6793214, 786432, 1, 0, 0
6793464, 950272, 1, 0, 0
6793714, 720896, 1, 0, 0
6793964, 835584, 1, 0, 0
6794214, 592192, 1, 0, 0
6794464, 1163264, 1, 0, 0
6794714, 1589248, 1, 0, 0
6794964, 1097728, 1, 0, 0
6795214, 540672, 1, 0, 0
6795464, 1327104, 1, 0, 0
6795714, 901120, 1, 0, 0
6795964, 966656, 1, 0, 0
6796214, 1245184, 1, 0, 0
6796464, 1081344, 1, 0, 0
6796714, 690891, 1, 0, 0
6796964, 901120, 1, 0, 0
6797214, 1196032, 1, 0, 0
6797464, 1556480, 1, 0, 0
6797714, 983040, 1, 0, 0
6797964, 1359872, 1, 0, 0
6798214, 1032192, 1, 0, 0
6798464, 294912, 1, 0, 0
6798714, 688128, 1, 0, 0
6798965, 540672, 1, 0, 0
6799214, 657991, 1, 0, 0
6799464, 933888, 1, 0, 0
6799714, 622592, 1, 0, 0
6799964, 819200, 1, 0, 0
6800214, 999424, 1, 0, 0
6800464, 917504, 1, 0, 0
6800714, 442368, 1, 0, 0
6800964, 720896, 1, 0, 0
6801215, 1146880, 1, 0, 0
6801464, 970538, 1, 0, 0
6801714, 868352, 1, 0, 0
6801964, 1146880, 1, 0, 0
6802214, 983040, 1, 0, 0
6802464, 557056, 1, 0, 0
6802714, 229376, 1, 0, 0
6802964, 327680, 1, 0, 0
6803214, 917504, 1, 0, 0
6803464, 393216, 1, 0, 0
6803714, 361895, 1, 0, 0
6803964, 688128, 1, 0, 0
6804214, 442368, 1, 0, 0
6804464, 327680, 1, 0, 0
6804714, 327680, 1, 0, 0
6804964, 753664, 1, 0, 0
6805214, 344064, 1, 0, 0
6805464, 294912, 1, 0, 0
6805714, 311296, 1, 0, 0
6805964, 606208, 1, 0, 0
6806214, 838939, 1, 0, 0
6806464, 32768, 1, 0, 0
6806714, 212992, 1, 0, 0
6806964, 147456, 1, 0, 0
6807214, 999424, 1, 0, 0
6807464, 573440, 1, 0, 0
6807714, 163840, 1, 0, 0
6807964, 294912, 1, 0, 0
6808215, 458752, 1, 0, 0
6808464, 378345, 1, 0, 0
6808714, 212992, 1, 0, 0
6808964, 376832, 1, 0, 0
6809214, 131072, 1, 0, 0
6809464, 524288, 1, 0, 0
6809714, 491520, 1, 0, 0
6809964, 294912, 1, 0, 0
6810214, 311296, 1, 0, 0
6810464, 393216, 1, 0, 0
6810714, 279646, 1, 0, 0
6810964, 212992, 1, 0, 0
6811214, 294912, 1, 0, 0
6811464, 180224, 1, 0, 0
6811714, 245760, 1, 0, 0
6811964, 393216, 1, 0, 0
6812214, 557056, 1, 0, 0
6812464, 573440, 1, 0, 0
6812714, 458752, 1, 0, 0
6812964, 444144, 1, 0, 0
6813214, 98304, 1, 0, 0
6813464, 196608, 1, 0, 0
6813714, 524288, 1, 0, 0
6813964, 425984, 1, 0, 0
6814214, 65536, 1, 0, 0
6814464, 589824, 1, 0, 0
6814714, 212992, 1, 0, 0
6814964, 409600, 1, 0, 0
6815214, 296096, 1, 0, 0
6815464, 557056, 1, 0, 0
6815714, 688128, 1, 0, 0
6815964, 540672, 1, 0, 0
6816214, 327680, 1, 0, 0
6816464, 327680, 1, 0, 0
6816714, 278528, 1, 0, 0
6816964, 409600, 1, 0, 0
6817214, 802816, 1, 0, 0
6817464, 213847, 1, 0, 0
6817714, 278528, 1, 0, 0
6817964, 376832, 1, 0, 0
6818214, 475136, 1, 0, 0
6818464, 966656, 1, 0, 0
6818714, 983040, 1, 0, 0
6818964, 770048, 1, 0, 0
6819214, 344064, 1, 0, 0
6819464, 575742, 1, 0, 0
6819714, 393216, 1, 0, 0
6819964, 491520, 1, 0, 0
6820214, 1654784, 1, 0, 0
6820464, 688128, 1, 0, 0
6820714, 131072, 1, 0, 0
6820964, 409600, 1, 0, 0
6821214, 311296, 1, 0, 0
6821464, 933888, 1, 0, 0
6821714, 573440, 1, 0, 0
6821964, 723791, 1, 0, 0
6822214, 720896, 1, 0, 0
6822464, 540672, 1, 0, 0
6822714, 1032192, 1, 0, 0
6822964, 393216, 1, 0, 0
6823214, 278528, 1, 0, 0
6823464, 638976, 1, 0, 0
6823714, 638976, 1, 0, 0
6823964, 491520, 1, 0, 0
6824214, 361895, 1, 0, 0
6824464, 98304, 1, 0, 0
6824714, 229376, 1, 0, 0
6824964, 475136, 1, 0, 0
6825214, 311296, 1, 0, 0
6825464, 933888, 1, 0, 0
6825714, 884736, 1, 0, 0
6825964, 802816, 1, 0, 0
6826214, 622592, 1, 0, 0
6826464, 802816, 1, 0, 0
6826714, 575742, 1, 0, 0
6826964, 360448, 1, 0, 0
6827214, 622592, 1, 0, 0
6827464, 393216, 1, 0, 0
6827714, 409600, 1, 0, 0
6827964, 458752, 1, 0, 0
6828214, 688128, 1, 0, 0
6828464, 425984, 1, 0, 0
6828714, 294912, 1, 0, 0
6828964, 180947, 1, 0, 0
6829214, 229376, 1, 0, 0
6829464, 294912, 1, 0, 0
6829714, 458752, 1, 0, 0
6829964, 491520, 1, 0, 0
6830214, 901120, 1, 0, 0
6830464, 851968, 1, 0, 0
6830714, 360448, 1, 0, 0
6830964, 786432, 1, 0, 0
6831215, 540672, 1, 0, 0
6831464, 641542, 1, 0, 0
6831714, 606208, 1, 0, 0
6831964, 425984, 1, 0, 0
6832214, 409600, 1, 0, 0
6832464, 311296, 1, 0, 0
6832714, 524288, 1, 0, 0
6832964, 671744, 1, 0, 0
6833214, 573440, 1, 0, 0
6833464, 756690, 1, 0, 0
6833714, 884736, 1, 0, 0
6833964, 1081344, 1, 0, 0
6834214, 638976, 1, 0, 0
6834464, 802816, 1, 0, 0
6834714, 884736, 1, 0, 0
6834964, 442368, 1, 0, 0
6835214, 475136, 1, 0, 0
6835464, 524288, 1, 0, 0
6835714, 344064, 1, 0, 0
6835964, 394795, 1, 0, 0
6836214, 786432, 1, 0, 0
6836464, 491520, 1, 0, 0
6836714, 622592, 1, 0, 0
6836964, 573440, 1, 0, 0
6837214, 622592, 1, 0, 0
6837464, 507904, 1, 0, 0
6837714, 491520, 1, 0, 0
6837964, 278528, 1, 0, 0
6838214, 312546, 1, 0, 0
6838464, 589824, 1, 0, 0
6838714, 229376, 1, 0, 0
6838964, 458752, 1, 0, 0
6839214, 851968, 1, 0, 0
6839464, 720896, 1, 0, 0
6839714, 425984, 1, 0, 0
6839964, 507904, 1, 0, 0
6840214, 507904, 1, 0, 0
6840464, 542843, 1, 0, 0
6840714, 786432, 1, 0, 0
6840964, 868352, 1, 0, 0
6841214, 720896, 1, 0, 0
6841464, 540672, 1, 0, 0
6841714, 835584, 1, 0, 0
6841964, 1179648, 1, 0, 0
6842214, 917504, 1, 0, 0
6842464, 557056, 1, 0, 0
6842714, 394795, 1, 0, 0
6842964, 475136, 1, 0, 0
6843214, 884736, 1, 0, 0
6843464, 491520, 1, 0, 0
6843714, 409600, 1, 0, 0
6843964, 98304, 1, 0, 0
6844214, 114688, 1, 0, 0
6844464, 81920, 1, 0, 0
6844714, 327680, 1, 0, 0
6844965, 98304, 1, 0, 0
6845214, 197397, 1, 0, 0
6845464, 131072, 1, 0, 0
6845714, 491520, 1, 0, 0
6845964, 409600, 1, 0, 0
6846214, 770048, 1, 0, 0
6846464, 966656, 1, 0, 0
6846714, 851968, 1, 0, 0
6846964, 606208, 1, 0, 0
6847215, 540672, 1, 0, 0
6847464, 954088, 1, 0, 0
6847714, 229376, 1, 0, 0
6847964, 589824, 1, 0, 0
6848214, 606208, 1, 0, 0
6848464, 573440, 1, 0, 0
6848714, 327680, 1, 0, 0
6848964, 491520, 1, 0, 0
6849214, 114688, 1, 0, 0
6849464, 526393, 1, 0, 0
6849714, 311296, 1, 0, 0
6849964, 573440, 1, 0, 0
6850214, 475136, 1, 0, 0
6850464, 720896, 1, 0, 0
6850714, 950272, 1, 0, 0
6850964, 638976, 1, 0, 0
6851214, 622592, 1, 0, 0
6851464, 671744, 1, 0, 0
6851714, 773140, 1, 0, 0
6851964, 917504, 1, 0, 0
6852214, 835584, 1, 0, 0
6852464, 688128, 1, 0, 0
6852714, 622592, 1, 0, 0
6852964, 98304, 1, 0, 0
6853214, 229376, 1, 0, 0
6853464, 278528, 1, 0, 0
6853714, 425984, 1, 0, 0
6853964, 526393, 1, 0, 0
6854214, 786432, 1, 0, 0
6854464, 1064960, 1, 0, 0
6854714, 573440, 1, 0, 0
6854964, 229376, 1, 0, 0
6855214, 180224, 1, 0, 0
6855464, 344064, 1, 0, 0
6855714, 147456, 1, 0, 0
6855964, 245760, 1, 0, 0
6856215, 376832, 1, 0, 0
6856464, 608642, 1, 0, 0
6856714, 753664, 1, 0, 0
6856964, 671744, 1, 0, 0
6857214, 786432, 1, 0, 0
6857464, 294912, 1, 0, 0
6857714, 557056, 1, 0, 0
6857964, 655360, 1, 0, 0
6858214, 540672, 1, 0, 0
6858463, 1315983, 1, 0, 0
6858714, 540672, 1, 0, 0
6858964, 196608, 1, 0, 0
6859214, 196608, 1, 0, 0
6859464, 507904, 1, 0, 0
6859714, 98304, 1, 0, 0
6859964, 294912, 1, 0, 0
6860214, 573440, 1, 0, 0
6860464, 655360, 1, 0, 0
6860714, 393216, 1, 0, 0
6860964, 526393, 1, 0, 0
6861214, 835584, 1, 0, 0
6861464, 786432, 1, 0, 0
6861714, 999424, 1, 0, 0
6861964, 884736, 1, 0, 0
6862214, 1032192, 1, 0, 0
6862464, 1392640, 1, 0, 0
6862714, 868352, 1, 0, 0
6862964, 835584, 1, 0, 0
6863214, 740240, 1, 0, 0
6863464, 1261568, 1, 0, 0
6863714, 1196032, 1, 0, 0
6863964, 950272, 1, 0, 0
6864214, 1359872, 1, 0, 0
6864464, 1196032, 1, 0, 0
6864714, 540672, 1, 0, 0
6864964, 589824, 1, 0, 0
6865214, 1032192, 1, 0, 0
6865464, 1118586, 1, 0, 0
6865714, 835584, 1, 0, 0
6865964, 1179648, 1, 0, 0
6866214, 638976, 1, 0, 0
6866464, 933888, 1, 0, 0
6866714, 1261568, 1, 0, 0
6866964, 1130496, 1, 0, 0
6867214, 1228800, 1, 0, 0
6867464, 1414682, 1, 0, 0
6867714, 1228800, 1, 0, 0
6867964, 835584, 1, 0, 0
6868214, 294912, 1, 0, 0
6868464, 1032192, 1, 0, 0
6868714, 1228800, 1, 0, 0
6868964, 819200, 1, 0, 0
6869214, 393216, 1, 0, 0
6869464, 163840, 1, 0, 0
6869714, 1163264, 1, 0, 0
6869964, 806040, 1, 0, 0
6870214, 1146880, 1, 0, 0
6870464, 507904, 1, 0, 0
6870714, 606208, 1, 0, 0
6870964, 606208, 1, 0, 0
6871214, 1572864, 1, 0, 0
6871464, 1032192, 1, 0, 0
6871714, 1064960, 1, 0, 0
6871964, 917504, 1, 0, 0
6872215, 917504, 1, 0, 0
6872464, 1200835, 1, 0, 0
6872714, 688128, 1, 0, 0
6872964, 1212416, 1, 0, 0
6873214, 688128, 1, 0, 0
6873464, 1179648, 1, 0, 0
6873714, 1146880, 1, 0, 0
6873964, 819200, 1, 0, 0
6874215, 1212416, 1, 0, 0
6874464, 789590, 1, 0, 0
6874714, 868352, 1, 0, 0
6874964, 1441792, 1, 0, 0
6875214, 802816, 1, 0, 0
6875464, 294912, 1, 0, 0
6875714, 802816, 1, 0, 0
6875964, 1179648, 1, 0, 0
6876214, 1212416, 1, 0, 0
6876464, 737280, 1, 0, 0
6876714, 1414682, 1, 0, 0
6876964, 1966080, 1, 0, 0
6877214, 1458176, 1, 0, 0
6877464, 1261568, 1, 0, 0
6877714, 1015808, 1, 0, 0
6877964, 1228800, 1, 0, 0
6878214, 868352, 1, 0, 0
6878464, 1212416, 1, 0, 0
6878714, 983040, 1, 0, 0
6878964, 851968, 1, 0, 0
6879214, 921188, 1, 0, 0
6879464, 983040, 1, 0, 0
6879714, 1032192, 1, 0, 0
6879964, 1572864, 1, 0, 0
6880214, 1966080, 1, 0, 0
6880464, 704512, 1, 0, 0
6880714, 507904, 1, 0, 0
6880964, 884736, 1, 0, 0
6881214, 1376256, 1, 0, 0
6881464, 740240, 1, 0, 0
6881714, 540672, 1, 0, 0
6881964, 884736, 1, 0, 0
6882214, 622592, 1, 0, 0
6882464, 393216, 1, 0, 0
6882714, 917504, 1, 0, 0
6882964, 1261568, 1, 0, 0
6883214, 999424, 1, 0, 0
6883464, 409600, 1, 0, 0
6883714, 1266634, 1, 0, 0
6883964, 1409024, 1, 0, 0
6884214, 704512, 1, 0, 0
6884464, 327680, 1, 0, 0
6884714, 1064960, 1, 0, 0
6884964, 1474560, 1, 0, 0
6885214, 1507328, 1, 0, 0
6885464, 1064960, 1, 0, 0
6885714, 835584, 1, 0, 0
6885964, 937638, 1, 0, 0
6886214, 638976, 1, 0, 0
6886464, 524288, 1, 0, 0
6886714, 868352, 1, 0, 0
6886964, 1458176, 1, 0, 0
6887214, 720896, 1, 0, 0
6887464, 1196032, 1, 0, 0
6887714, 1130496, 1, 0, 0
6887964, 999424, 1, 0, 0
6888215, 655360, 1, 0, 0
6888464, 1793028, 1, 0, 0
6888714, 1146880, 1, 0, 0
6888964, 1196032, 1, 0, 0
6889214, 1081344, 1, 0, 0
6889464, 1163264, 1, 0, 0
6889714, 1179648, 1, 0, 0
6889964, 1523712, 1, 0, 0
6890214, 1261568, 1, 0, 0
6890464, 1376256, 1, 0, 0
6890714, 838939, 1, 0, 0
6890964, 1048576, 1, 0, 0
6891214, 720896, 1, 0, 0
6891464, 1392640, 1, 0, 0
6891714, 1228800, 1, 0, 0
6891964, 573440, 1, 0, 0
6892214, 1507328, 1, 0, 0
6892464, 950272, 1, 0, 0
6892714, 622592, 1, 0, 0
6892964, 1233734, 1, 0, 0
6893214, 1228800, 1, 0, 0
6893464, 1245184, 1, 0, 0
6893714, 1097728, 1, 0, 0
6893964, 1130496, 1, 0, 0
6894214, 1458176, 1, 0, 0
6894464, 1441792, 1, 0, 0
6894714, 835584, 1, 0, 0
6894964, 786432, 1, 0, 0
6895214, 376832, 1, 0, 0
6895464, 1562730, 1, 0, 0
6895714, 1163264, 1, 0, 0
6895964, 819200, 1, 0, 0
6896214, 933888, 1, 0, 0
6896464, 1327104, 1, 0, 0
6896714, 1015808, 1, 0, 0
6896964, 1114112, 1, 0, 0
6897214, 1376256, 1, 0, 0
6897464, 835584, 1, 0, 0
6897714, 970538, 1, 0, 0
6897964, 1064960, 1, 0, 0
6898214, 606208, 1, 0, 0
6898464, 540672, 1, 0, 0
6898714, 901120, 1, 0, 0
6898964, 933888, 1, 0, 0
6899214, 933888, 1, 0, 0
6899464, 1245184, 1, 0, 0
6899714, 1114112, 1, 0, 0
6899964, 1447582, 1, 0, 0
6900214, 1245184, 1, 0, 0
6900464, 1146880, 1, 0, 0
6900714, 655360, 1, 0, 0
6900964, 671744, 1, 0, 0
6901214, 1474560, 1, 0, 0
6901464, 1228800, 1, 0, 0
6901714, 720896, 1, 0, 0
6901964, 1327104, 1, 0, 0
6902214, 1114112, 1, 0, 0
6902464, 1036337, 1, 0, 0
6902714, 983040, 1, 0, 0
6902964, 720896, 1, 0, 0
6903214, 851968, 1, 0, 0
6903464, 802816, 1, 0, 0
6903714, 671744, 1, 0, 0
6903964, 1064960, 1, 0, 0
6904214, 1097728, 1, 0, 0
6904464, 1064960, 1, 0, 0
6904715, 884736, 1, 0, 0
6904964, 1217285, 1, 0, 0
6905214, 573440, 1, 0, 0
6905464, 540672, 1, 0, 0
6905714, 1032192, 1, 0, 0
6905964, 1376256, 1, 0, 0
6906214, 1900544, 1, 0, 0
6906464, 770048, 1, 0, 0
6906714, 983040, 1, 0, 0
6906964, 720896, 1, 0, 0
6907214, 937638, 1, 0, 0
6907464, 638976, 1, 0, 0
6907714, 835584, 1, 0, 0
6907964, 851968, 1, 0, 0
6908214, 1081344, 1, 0, 0
6908464, 1228800, 1, 0, 0
6908714, 1015808, 1, 0, 0
6908964, 901120, 1, 0, 0
6909214, 1261568, 1, 0, 0
6909464, 789590, 1, 0, 0
6909714, 1114112, 1, 0, 0
6909964, 1392640, 1, 0, 0
6910214, 1196032, 1, 0, 0
6910465, 999424, 1, 0, 0
6910715, 999424, 1, 0, 0
6910964, 986987, 1, 0, 0
6911214, 1212416, 1, 0, 0
6911465, 1359872, 1, 0, 0
6911714, 773140, 1, 0, 0
6911964, 868352, 1, 0, 0
6912214, 884736, 1, 0, 0
6912465, 491520, 1, 0, 0
6912714, 559293, 1, 0, 0
6912964, 884736, 1, 0, 0
6913214, 1064960, 1, 0, 0
6913464, 966656, 1, 0, 0
6913714, 1015808, 1, 0, 0
6913964, 786432, 1, 0, 0
6914215, 1507328, 1, 0, 0
6914464, 1381783, 1, 0, 0
6914714, 1146880, 1, 0, 0
6914964, 1146880, 1, 0, 0
6915214, 999424, 1, 0, 0
6915464, 1064960, 1, 0, 0
6915714, 901120, 1, 0, 0
6915964, 1179648, 1, 0, 0
6916214, 884736, 1, 0, 0
6916464, 917504, 1, 0, 0
6916714, 1036337, 1, 0, 0
6916964, 851968, 1, 0, 0
6917214, 638976, 1, 0, 0
6917464, 475136, 1, 0, 0
6917714, 933888, 1, 0, 0
6917964, 294912, 1, 0, 0
6918214, 212992, 1, 0, 0
6918464, 475136, 1, 0, 0
6918714, 262144, 1, 0, 0
6918964, 279646, 1, 0, 0
6919214, 196608, 1, 0, 0
6919464, 507904, 1, 0, 0
6919714, 1261568, 1, 0, 0
6919964, 245760, 1, 0, 0
6920214, 606208, 1, 0, 0
6920464, 327680, 1, 0, 0
6920714, 491520, 1, 0, 0
6920964, 409600, 1, 0, 0
6921214, 1924626, 1, 0, 0
6921464, 1474560, 1, 0, 0
6921714, 966656, 1, 0, 0
6921964, 1556480, 1, 0, 0
6922214, 1081344, 1, 0, 0
6922464, 98304, 1, 0, 0
6922714, 540672, 1, 0, 0
6922964, 1032192, 1, 0, 0
6923214, 573440, 1, 0, 0
6923464, 589824, 1, 0, 0
6923714, 838939, 1, 0, 0
6923964, 917504, 1, 0, 0
6924214, 720896, 1, 0, 0
6924464, 458752, 1, 0, 0
6924714, 851968, 1, 0, 0
6924964, 835584, 1, 0, 0
6925214, 884736, 1, 0, 0
6925464, 458752, 1, 0, 0
6925714, 262144, 1, 0, 0
6925964, 229376, 1, 0, 0
6926214, 707341, 1, 0, 0
6926464, 1376256, 1, 0, 0
6926714, 999424, 1, 0, 0
6926964, 737280, 1, 0, 0
6927214, 557056, 1, 0, 0
6927464, 835584, 1, 0, 0
6927714, 540672, 1, 0, 0
6927964, 1228800, 1, 0, 0
6928214, 835584, 1, 0, 0
6928464, 871839, 1, 0, 0
6928714, 638976, 1, 0, 0
6928964, 720896, 1, 0, 0
6929214, 999424, 1, 0, 0
6929464, 638976, 1, 0, 0
6929714, 950272, 1, 0, 0
6929964, 901120, 1, 0, 0
6930214, 245760, 1, 0, 0
6930464, 327680, 1, 0, 0
6930714, 690891, 1, 0, 0
6930964, 753664, 1, 0, 0
6931214, 720896, 1, 0, 0
6931464, 294912, 1, 0, 0
6931714, 770048, 1, 0, 0
6931964, 475136, 1, 0, 0
6932214, 245760, 1, 0, 0
6932464, 229376, 1, 0, 0
6932714, 540672, 1, 0, 0
6932964, 641542, 1, 0, 0
6933214, 737280, 1, 0, 0
6933464, 786432, 1, 0, 0
6933714, 770048, 1, 0, 0
6933964, 835584, 1, 0, 0
6934214, 1015808, 1, 0, 0
6934464, 1081344, 1, 0, 0
6934714, 983040, 1, 0, 0
6934964, 786432, 1, 0, 0
6935215, 1196032, 1, 0, 0
6935464, 559293, 1, 0, 0
6935714, 704512, 1, 0, 0
6935964, 393216, 1, 0, 0
6936214, 491520, 1, 0, 0
6936464, 655360, 1, 0, 0
6936714, 671744, 1, 0, 0
6936964, 720896, 1, 0, 0
6937214, 884736, 1, 0, 0
6937464, 753664, 1, 0, 0
6937714, 838939, 1, 0, 0
6937964, 917504, 1, 0, 0
6938214, 1114112, 1, 0, 0
6938464, 1277952, 1, 0, 0
6938714, 671744, 1, 0, 0
6938964, 442368, 1, 0, 0
6939214, 1163264, 1, 0, 0
6939464, 1343488, 1, 0, 0
6939714, 671744, 1, 0, 0
6939964, 394795, 1, 0, 0
6940214, 983040, 1, 0, 0
6940464, 638976, 1, 0, 0
6940714, 278528, 1, 0, 0
6940964, 638976, 1, 0, 0
6941214, 475136, 1, 0, 0
6941464, 393216, 1, 0, 0
6941714, 327680, 1, 0, 0
6941964, 671744, 1, 0, 0
6942215, 229376, 1, 0, 0
6942464, 592192, 1, 0, 0
6942714, 442368, 1, 0, 0
6942964, 212992, 1, 0, 0
6943214, 786432, 1, 0, 0
6943464, 786432, 1, 0, 0
6943714, 589824, 1, 0, 0
6943964, 819200, 1, 0, 0
6944214, 753664, 1, 0, 0
6944465, 901120, 1, 0, 0
6944714, 592192, 1, 0, 0
6944964, 868352, 1, 0, 0
6945214, 638976, 1, 0, 0
6945464, 1015808, 1, 0, 0
6945714, 1310720, 1, 0, 0
6945964, 1196032, 1, 0, 0
6946214, 1015808, 1, 0, 0
6946464, 622592, 1, 0, 0
6946714, 851968, 1, 0, 0
6946963, 1266634, 1, 0, 0
6947214, 1228800, 1, 0, 0
6947464, 950272, 1, 0, 0
6947714, 1409024, 1, 0, 0
6947964, 737280, 1, 0, 0
6948214, 1376256, 1, 0, 0
6948464, 557056, 1, 0, 0
6948714, 671744, 1, 0, 0
6948964, 770048, 1, 0, 0
6949214, 1376256, 1, 0, 0
6949464, 1760128, 1, 0, 0
6949714, 1490944, 1, 0, 0
6949964, 868352, 1, 0, 0
6950214, 1474560, 1, 0, 0
6950464, 1474560, 1, 0, 0
6950714, 1114112, 1, 0, 0
6950964, 1294336, 1, 0, 0
6951214, 1245184, 1, 0, 0
6951464, 1228800, 1, 0, 0
6951714, 509943, 1, 0, 0
6951964, 491520, 1, 0, 0
6952214, 1622016, 1, 0, 0
6952464, 1130496, 1, 0, 0
6952714, 1228800, 1, 0, 0
6952964, 1802240, 1, 0, 0
6953214, 1409024, 1, 0, 0
6953464, 1015808, 1, 0, 0
6953714, 1261568, 1, 0, 0
6953965, 1015808, 1, 0, 0
6954214, 1167935, 1, 0, 0
6954464, 868352, 1, 0, 0
6954714, 1114112, 1, 0, 0
6954964, 753664, 1, 0, 0
6955214, 933888, 1, 0, 0
6955464, 1540096, 1, 0, 0
6955714, 1081344, 1, 0, 0
6955964, 1015808, 1, 0, 0
6956214, 933888, 1, 0, 0
6956463, 822489, 1, 0, 0
6956714, 1261568, 1, 0, 0
6956964, 1212416, 1, 0, 0
6957214, 1228800, 1, 0, 0
6957464, 1540096, 1, 0, 0
6957714, 1277952, 1, 0, 0
6957964, 1245184, 1, 0, 0
6958214, 1048576, 1, 0, 0
6958464, 1376256, 1, 0, 0
6958714, 1032192, 1, 0, 0
6958964, 1414682, 1, 0, 0
6959214, 1261568, 1, 0, 0
6959464, 835584, 1, 0, 0
6959714, 1228800, 1, 0, 0
6959964, 1753088, 1, 0, 0
6960214, 1097728, 1, 0, 0
6960464, 1196032, 1, 0, 0
6960714, 638976, 1, 0, 0
6960964, 1556480, 1, 0, 0
6961215, 1163264, 1, 0, 0
6961464, 1562730, 1, 0, 0
6961714, 737280, 1, 0, 0
6961964, 688128, 1, 0, 0
6962214, 933888, 1, 0, 0
6962464, 966656, 1, 0, 0
6962714, 901120, 1, 0, 0
6962964, 1277952, 1, 0, 0
6963214, 1130496, 1, 0, 0
6963464, 1261568, 1, 0, 0
6963714, 1052787, 1, 0, 0
6963964, 409600, 1, 0, 0
6964214, 294912, 1, 0, 0
6964464, 655360, 1, 0, 0
6964714, 1441792, 1, 0, 0
6964964, 409600, 1, 0, 0
6965214, 606208, 1, 0, 0
6965464, 802816, 1, 0, 0
6965714, 707341, 1, 0, 0
6965964, 491520, 1, 0, 0
6966214, 983040, 1, 0, 0
6966464, 819200, 1, 0, 0
6966714, 524288, 1, 0, 0
6966964, 737280, 1, 0, 0
6967214, 819200, 1, 0, 0
6967464, 425984, 1, 0, 0
6967714, 802816, 1, 0, 0
6967964, 1081344, 1, 0, 0
6968214, 1135036, 1, 0, 0
6968464, 933888, 1, 0, 0
6968714, 1245184, 1, 0, 0
6968964, 966656, 1, 0, 0
6969214, 688128, 1, 0, 0
6969464, 966656, 1, 0, 0
6969714, 786432, 1, 0, 0
6969964, 1064960, 1, 0, 0
6970214, 1359872, 1, 0, 0
6970464, 770048, 1, 0, 0
6970714, 1579180, 1, 0, 0
6970964, 1130496, 1, 0, 0
6971214, 999424, 1, 0, 0
6971464, 524288, 1, 0, 0
6971714, 917504, 1, 0, 0
6971964, 540672, 1, 0, 0
6972214, 901120, 1, 0, 0
6972464, 1212416, 1, 0, 0
6972714, 1359872, 1, 0, 0
6972964, 1348883, 1, 0, 0
6973214, 983040, 1, 0, 0
6973464, 1097728, 1, 0, 0
6973714, 884736, 1, 0, 0
6973964, 999424, 1, 0, 0
6974214, 1064960, 1, 0, 0
6974464, 524288, 1, 0, 0
6974714, 786432, 1, 0, 0
6974964, 770048, 1, 0, 0
6975215, 950272, 1, 0, 0
6975464, 690891, 1, 0, 0
6975714, 737280, 1, 0, 0
6975964, 622592, 1, 0, 0
6976214, 1064960, 1, 0, 0
6976464, 573440, 1, 0, 0
6976714, 737280, 1, 0, 0
6976964, 475136, 1, 0, 0
6977214, 720896, 1, 0, 0
6977464, 835584, 1, 0, 0
6977714, 82248, 1, 0, 0
6977964, 475136, 1, 0, 0
6978214, 507904, 1, 0, 0
6978464, 622592, 1, 0, 0
6978714, 737280, 1, 0, 0
6978964, 671744, 1, 0, 0
6979214, 1179648, 1, 0, 0
6979464, 1048576, 1, 0, 0
6979714, 753664, 1, 0, 0
6979964, 1184385, 1, 0, 0
6980214, 1327104, 1, 0, 0
6980464, 1097728, 1, 0, 0
6980714, 966656, 1, 0, 0
6980964, 1097728, 1, 0, 0
6981214, 1130496, 1, 0, 0
6981464, 917504, 1, 0, 0
6981714, 802816, 1, 0, 0
6981964, 917504, 1, 0, 0
6982214, 770048, 1, 0, 0
6982464, 921188, 1, 0, 0
6982714, 802816, 1, 0, 0
6982964, 1032192, 1, 0, 0
6983214, 1245184, 1, 0, 0
6983464, 1425408, 1, 0, 0
6983714, 737280, 1, 0, 0
6983964, 1179648, 1, 0, 0
6984214, 1392640, 1, 0, 0
6984464, 737280, 1, 0, 0
6984714, 655360, 1, 0, 0
6984964, 690891, 1, 0, 0
6985214, 1441792, 1, 0, 0
6985464, 2015232, 1, 0, 0
6985714, 983040, 1, 0, 0
6985964, 1114112, 1, 0, 0
6986214, 1458176, 1, 0, 0
6986464, 1081344, 1, 0, 0
6986714, 589824, 1, 0, 0
6986964, 835584, 1, 0, 0
6987214, 1212416, 1, 0, 0
6987464, 1809477, 1, 0, 0
6987714, 1392640, 1, 0, 0
6987964, 933888, 1, 0, 0
6988214, 1097728, 1, 0, 0
6988464, 1212416, 1, 0, 0
6988714, 704512, 1, 0, 0
6988964, 933888, 1, 0, 0
6989214, 1228800, 1, 0, 0
6989464, 770048, 1, 0, 0
6989714, 884736, 1, 0, 0
6989964, 1217285, 1, 0, 0
6990214, 1032192, 1, 0, 0
6990464, 491520, 1, 0, 0
6990714, 770048, 1, 0, 0
6990964, 966656, 1, 0, 0
6991214, 294912, 1, 0, 0
6991464, 1179648, 1, 0, 0
6991714, 1654784, 1, 0, 0
6991964, 704512, 1, 0, 0
6992214, 1102136, 1, 0, 0
6992464, 737280, 1, 0, 0
6992714, 753664, 1, 0, 0
6992964, 1179648, 1, 0, 0
6993214, 983040, 1, 0, 0
6993464, 868352, 1, 0, 0
6993714, 1146880, 1, 0, 0
6993964, 1458176, 1, 0, 0
6994214, 737280, 1, 0, 0
6994465, 524288, 1, 0, 0
6994714, 674441, 1, 0, 0
6994964, 688128, 1, 0, 0
6995214, 868352, 1, 0, 0
6995464, 868352, 1, 0, 0
6995714, 819200, 1, 0, 0
6995964, 737280, 1, 0, 0
6996214, 770048, 1, 0, 0
6996464, 1294336, 1, 0, 0
6996715, 1081344, 1, 0, 0
6996964, 1167935, 1, 0, 0
6997214, 1884160, 1, 0, 0
6997464, 688128, 1, 0, 0
6997714, 1671168, 1, 0, 0
6997964, 835584, 1, 0, 0
6998214, 1376256, 1, 0, 0
6998464, 1015808, 1, 0, 0
6998714, 1097728, 1, 0, 0
6998964, 917504, 1, 0, 0
6999214, 855389, 1, 0, 0
6999464, 1163264, 1, 0, 0
6999714, 1130496, 1, 0, 0
6999964, 1130496, 1, 0, 0
7000214, 1032192, 1, 0, 0
7000464, 868352, 1, 0, 0
7000714, 753664, 1, 0, 0
7000964, 311296, 1, 0, 0
7001214, 851968, 1, 0, 0
7001464, 493493, 1, 0, 0
7001714, 884736, 1, 0, 0
7001964, 1425408, 1, 0, 0
7002214, 819200, 1, 0, 0
7002464, 786432, 1, 0, 0
7002714, 884736, 1, 0, 0
7002964, 1032192, 1, 0, 0
7003214, 1163264, 1, 0, 0
7003464, 1638400, 1, 0, 0
7003714, 1233734, 1, 0, 0
7003964, 1196032, 1, 0, 0
7004214, 1064960, 1, 0, 0
7004464, 1114112, 1, 0, 0
7004714, 983040, 1, 0, 0
7004964, 917504, 1, 0, 0
7005214, 1048576, 1, 0, 0
7005464, 1474560, 1, 0, 0
7005714, 1048576, 1, 0, 0
7005964, 1064960, 1, 0, 0
7006214, 1261568, 1, 0, 0
7006464, 1464032, 1, 0, 0
7006714, 999424, 1, 0, 0
7006964, 1261568, 1, 0, 0
7007214, 933888, 1, 0, 0
7007464, 851968, 1, 0, 0
7007714, 753664, 1, 0, 0
7007964, 933888, 1, 0, 0
7008214, 999424, 1, 0, 0
7008464, 966656, 1, 0, 0
7008714, 526393, 1, 0, 0
7008964, 294912, 1, 0, 0
7009214, 671744, 1, 0, 0
7009464, 524288, 1, 0, 0
7009714, 770048, 1, 0, 0
7009964, 917504, 1, 0, 0
7010214, 737280, 1, 0, 0
7010464, 1163264, 1, 0, 0
7010714, 573440, 1, 0, 0
7010964, 458752, 1, 0, 0
7011214, 296096, 1, 0, 0
7011464, 819200, 1, 0, 0
7011714, 524288, 1, 0, 0
7011964, 901120, 1, 0, 0
7012214, 540672, 1, 0, 0
7012464, 507904, 1, 0, 0
7012714, 491520, 1, 0, 0
7012964, 671744, 1, 0, 0
7013214, 638976, 1, 0, 0
7013464, 954088, 1, 0, 0
7013714, 1425408, 1, 0, 0
7013964, 638976, 1, 0, 0
7014214, 655360, 1, 0, 0
7014464, 622592, 1, 0, 0
7014714, 442368, 1, 0, 0
7014964, 311296, 1, 0, 0
7015214, 327680, 1, 0, 0
7015464, 278528, 1, 0, 0
7015715, 524288, 1, 0, 0
7015964, 98698, 1, 0, 0
7016214, 901120, 1, 0, 0
7016464, 442368, 1, 0, 0
7016714, 737280, 1, 0, 0
7016964, 196608, 1, 0, 0
7017214, 360448, 1, 0, 0
7017464, 704512, 1, 0, 0
7017714, 542843, 1, 0, 0
7017964, 360448, 1, 0, 0
7018214, 147456, 1, 0, 0
7018464, 360448, 1, 0, 0
7018714, 327680, 1, 0, 0
7018964, 262144, 1, 0, 0
7019214, 327680, 1, 0, 0
7019464, 98304, 1, 0, 0
7019714, 180224, 1, 0, 0
7019964, 970538, 1, 0, 0
7020214, 540672, 1, 0, 0
7020464, 671744, 1, 0, 0
7020714, 524288, 1, 0, 0
7020964, 360448, 1, 0, 0
7021214, 458752, 1, 0, 0
7021464, 507904, 1, 0, 0
7021714, 0, 1, 0, 0
7021964, 491520, 1, 0, 0
7022214, 526393, 1, 0, 0
7022464, 442368, 1, 0, 0
7022714, 868352, 1, 0, 0
7022964, 425984, 1, 0, 0
7023214, 393216, 1, 0, 0
7023464, 737280, 1, 0, 0
7023714, 311296, 1, 0, 0
7023964, 540672, 1, 0, 0
7024214, 311296, 1, 0, 0
7024464, 427694, 1, 0, 0
7024714, 212992, 1, 0, 0
7024964, 196608, 1, 0, 0
7025214, 311296, 1, 0, 0
7025464, 278528, 1, 0, 0
7025714, 507904, 1, 0, 0
7025964, 409600, 1, 0, 0
7026214, 393216, 1, 0, 0
7026464, 213847, 1, 0, 0
7026714, 180224, 1, 0, 0
7026964, 311296, 1, 0, 0
7027214, 81920, 1, 0, 0
7027464, 98304, 1, 0, 0
7027714, 196608, 1, 0, 0
7027964, 98304, 1, 0, 0
7028214, 262144, 1, 0, 0
7028464, 147456, 1, 0, 0
7028714, 641542, 1, 0, 0
7028964, 901120, 1, 0, 0
7029214, 1409024, 1, 0, 0
7029464, 704512, 1, 0, 0
7029714, 704512, 1, 0, 0
7029964, 868352, 1, 0, 0
7030214, 1048576, 1, 0, 0
7030464, 966656, 1, 0, 0
7030714, 671744, 1, 0, 0
7030964, 98304, 1, 0, 0
7031214, 608642, 1, 0, 0
7031464, 524288, 1, 0, 0
7031714, 524288, 1, 0, 0
7031964, 425984, 1, 0, 0
7032214, 737280, 1, 0, 0
7032464, 671744, 1, 0, 0
7032714, 0, 1, 0, 0
7032964, 622592, 1, 0, 0
7033214, 704512, 1, 0, 0
7033464, 394795, 1, 0, 0
7033714, 163840, 1, 0, 0
7033964, 196608, 1, 0, 0
7034214, 442368, 1, 0, 0
7034464, 851968, 1, 0, 0
7034714, 786432, 1, 0, 0
7034964, 802816, 1, 0, 0
7035214, 622592, 1, 0, 0
7035465, 163840, 1, 0, 0
7035714, 756690, 1, 0, 0
7035964, 819200, 1, 0, 0
7036214, 802816, 1, 0, 0
7036464, 409600, 1, 0, 0
7036714, 606208, 1, 0, 0
7036964, 737280, 1, 0, 0
7037214, 475136, 1, 0, 0
7037464, 376832, 1, 0, 0
7037714, 327680, 1, 0, 0
7037964, 312546, 1, 0, 0
7038214, 311296, 1, 0, 0
7038464, 294912, 1, 0, 0
7038714, 311296, 1, 0, 0
7038964, 507904, 1, 0, 0
7039214, 245760, 1, 0, 0
7039464, 311296, 1, 0, 0
7039714, 753664, 1, 0, 0
7039965, 458752, 1, 0, 0
7040214, 180947, 1, 0, 0
7040464, 409600, 1, 0, 0
7040714, 294912, 1, 0, 0
7040964, 65536, 1, 0, 0
7041214, 442368, 1, 0, 0
7041464, 294912, 1, 0, 0
7041714, 425984, 1, 0, 0
7041964, 212992, 1, 0, 0
7042215, 0, 1, 0, 0
7042464, 197397, 1, 0, 0
7042714, 196608, 1, 0, 0
7042964, 196608, 1, 0, 0
7043214, 327680, 1, 0, 0
7043464, 1196032, 1, 0, 0
7043714, 884736, 1, 0, 0
7043964, 983040, 1, 0, 0
7044214, 802816, 1, 0, 0
7044464, 1081344, 1, 0, 0
7044714, 444144, 1, 0, 0
7044964, 360448, 1, 0, 0
7045214, 376832, 1, 0, 0
7045464, 311296, 1, 0, 0
7045714, 98304, 1, 0, 0
7045964, 294912, 1, 0, 0
7046214, 294912, 1, 0, 0
7046464, 425984, 1, 0, 0
7046714, 442368, 1, 0, 0
7046964, 444144, 1, 0, 0
7047214, 262144, 1, 0, 0
7047464, 245760, 1, 0, 0
7047714, 0, 1, 0, 0
7047964, 262144, 1, 0, 0
7048214, 360448, 1, 0, 0
7048464, 311296, 1, 0, 0
7048714, 409600, 1, 0, 0
7048964, 212992, 1, 0, 0
7049214, 279646, 1, 0, 0
7049464, 212992, 1, 0, 0
7049714, 196608, 1, 0, 0
7049964, 196608, 1, 0, 0
7050214, 294912, 1, 0, 0
7050464, 212992, 1, 0, 0
7050714, 393216, 1, 0, 0
7050964, 81920, 1, 0, 0
7051214, 444144, 1, 0, 0
7051464, 294912, 1, 0, 0
7051714, 409600, 1, 0, 0
7051964, 311296, 1, 0, 0
7052214, 98304, 1, 0, 0
7052464, 212992, 1, 0, 0
7052714, 294912, 1, 0, 0
7052964, 327680, 1, 0, 0
7053214, 524288, 1, 0, 0
7053464, 477044, 1, 0, 0
7053714, 294912, 1, 0, 0
7053964, 212992, 1, 0, 0
7054214, 229376, 1, 0, 0
7054464, 557056, 1, 0, 0
7054714, 524288, 1, 0, 0
7054964, 311296, 1, 0, 0
7055214, 0, 1, 0, 0
7055464, 16384, 1, 0, 0
7055714, 394795, 1, 0, 0
7055964, 507904, 1, 0, 0
7056214, 196608, 1, 0, 0
7056464, 180224, 1, 0, 0
7056714, 868352, 1, 0, 0
7056964, 311296, 1, 0, 0
7057214, 409600, 1, 0, 0
7057464, 16384, 1, 0, 0
7057714, 65536, 1, 0, 0
7057964, 378345, 1, 0, 0
7058214, 262144, 1, 0, 0
7058464, 262144, 1, 0, 0
7058714, 278528, 1, 0, 0
7058964, 491520, 1, 0, 0
7059214, 163840, 1, 0, 0
7059464, 524288, 1, 0, 0
7059714, 606208, 1, 0, 0
7059964, 507904, 1, 0, 0
7060215, 294912, 1, 0, 0
7060464, 559293, 1, 0, 0
7060714, 376832, 1, 0, 0
7060964, 229376, 1, 0, 0
7061214, 573440, 1, 0, 0
7061464, 884736, 1, 0, 0
7061714, 196608, 1, 0, 0
7061964, 393216, 1, 0, 0
7062214, 98304, 1, 0, 0
7062464, 608642, 1, 0, 0
7062714, 409600, 1, 0, 0
7062964, 671744, 1, 0, 0
7063214, 229376, 1, 0, 0
7063464, 851968, 1, 0, 0
7063714, 425984, 1, 0, 0
7063964, 393216, 1, 0, 0
7064214, 737280, 1, 0, 0
7064465, 442368, 1, 0, 0
7064714, 608642, 1, 0, 0
7064964, 409600, 1, 0, 0
7065214, 294912, 1, 0, 0
7065464, 491520, 1, 0, 0
7065714, 311296, 1, 0, 0
7065964, 524288, 1, 0, 0
7066214, 294912, 1, 0, 0
7066464, 491520, 1, 0, 0
7066714, 311296, 1, 0, 0
7066964, 296096, 1, 0, 0
7067214, 376832, 1, 0, 0
7067464, 425984, 1, 0, 0
7067714, 98304, 1, 0, 0
7067964, 114688, 1, 0, 0
7068214, 229376, 1, 0, 0
7068464, 262144, 1, 0, 0
7068714, 475136, 1, 0, 0
7068964, 524288, 1, 0, 0
7069214, 707341, 1, 0, 0
7069464, 475136, 1, 0, 0
7069714, 212992, 1, 0, 0
7069964, 311296, 1, 0, 0
7070214, 638976, 1, 0, 0
7070464, 835584, 1, 0, 0
7070714, 344064, 1, 0, 0
7070964, 622592, 1, 0, 0
7071214, 442368, 1, 0, 0
7071465, 163840, 1, 0, 0
7071714, 674441, 1, 0, 0
7071964, 884736, 1, 0, 0
7072214, 753664, 1, 0, 0
7072464, 770048, 1, 0, 0
7072714, 835584, 1, 0, 0
7072964, 589824, 1, 0, 0
7073214, 196608, 1, 0, 0
7073464, 557056, 1, 0, 0
7073714, 655360, 1, 0, 0
7073964, 296096, 1, 0, 0
7074214, 212992, 1, 0, 0
7074464, 622592, 1, 0, 0
7074714, 409600, 1, 0, 0
7074964, 458752, 1, 0, 0
7075214, 229376, 1, 0, 0
7075464, 278528, 1, 0, 0
7075714, 98304, 1, 0, 0
7075964, 245760, 1, 0, 0
7076214, 409600, 1, 0, 0
7076464, 296096, 1, 0, 0
7076714, 802816, 1, 0, 0
7076964, 409600, 1, 0, 0
7077214, 163840, 1, 0, 0
7077464, 360448, 1, 0, 0
7077714, 442368, 1, 0, 0
7077964, 442368, 1, 0, 0
7078214, 245760, 1, 0, 0
7078464, 524288, 1, 0, 0
7078714, 197397, 1, 0, 0
7078964, 245760, 1, 0, 0
7079214, 98304, 1, 0, 0
7079464, 98304, 1, 0, 0
7079714, 475136, 1, 0, 0
7079964, 245760, 1, 0, 0
7080214, 81920, 1, 0, 0
7080464, 196608, 1, 0, 0
7080714, 540672, 1, 0, 0
7080964, 575742, 1, 0, 0
7081214, 606208, 1, 0, 0
7081464, 802816, 1, 0, 0
7081714, 114688, 1, 0, 0
7081964, 622592, 1, 0, 0
7082214, 573440, 1, 0, 0
7082464, 638976, 1, 0, 0
7082714, 655360, 1, 0, 0
7082964, 393216, 1, 0, 0
7083215, 294912, 1, 0, 0
7083464, 328995, 1, 0, 0
7083714, 458752, 1, 0, 0
7083964, 655360, 1, 0, 0
7084214, 802816, 1, 0, 0
7084464, 802816, 1, 0, 0
7084714, 245760, 1, 0, 0
7084964, 589824, 1, 0, 0
7085214, 671744, 1, 0, 0
7085464, 327680, 1, 0, 0
7085714, 427694, 1, 0, 0
7085964, 720896, 1, 0, 0
7086214, 360448, 1, 0, 0
7086464, 524288, 1, 0, 0
7086714, 344064, 1, 0, 0
7086964, 540672, 1, 0, 0
7087214, 524288, 1, 0, 0
7087464, 557056, 1, 0, 0
7087714, 311296, 1, 0, 0
7087965, 557056, 1, 0, 0
7088214, 328995, 1, 0, 0
7088464, 458752, 1, 0, 0
7088714, 475136, 1, 0, 0
7088964, 196608, 1, 0, 0
7089214, 442368, 1, 0, 0
7089464, 491520, 1, 0, 0
7089714, 425984, 1, 0, 0
7089964, 606208, 1, 0, 0
7090215, 196608, 1, 0, 0
7090464, 197397, 1, 0, 0
7090714, 0, 1, 0, 0
7090964, 98304, 1, 0, 0
7091214, 98304, 1, 0, 0
7091464, 393216, 1, 0, 0
7091714, 311296, 1, 0, 0
7091964, 98304, 1, 0, 0
7092215, 0, 1, 0, 0
7092464, 213847, 1, 0, 0
7092714, 458752, 1, 0, 0
7092964, 147456, 1, 0, 0
7093214, 409600, 1, 0, 0
7093464, 212992, 1, 0, 0
7093714, 294912, 1, 0, 0
7093964, 98304, 1, 0, 0
7094214, 196608, 1, 0, 0
7094464, 0, 1, 0, 0
7094714, 196608, 1, 0, 0
7094964, 196608, 1, 0, 0
7095214, 196608, 1, 0, 0
7095464, 540672, 1, 0, 0
7095714, 425984, 1, 0, 0
7095964, 589824, 1, 0, 0
7096214, 753664, 1, 0, 0
7096464, 638976, 1, 0, 0
7096714, 575742, 1, 0, 0
7096964, 671744, 1, 0, 0
7097214, 819200, 1, 0, 0
7097464, 475136, 1, 0, 0
7097714, 606208, 1, 0, 0
7097964, 622592, 1, 0, 0
7098214, 557056, 1, 0, 0
7098464, 131072, 1, 0, 0
7098714, 475136, 1, 0, 0
7098964, 279646, 1, 0, 0
7099214, 344064, 1, 0, 0
7099464, 442368, 1, 0, 0
7099714, 425984, 1, 0, 0
7099964, 851968, 1, 0, 0
7100214, 245760, 1, 0, 0
7100464, 606208, 1, 0, 0
7100714, 196608, 1, 0, 0
7100964, 212992, 1, 0, 0
7101215, 262144, 1, 0, 0
7101464, 460594, 1, 0, 0
7101714, 884736, 1, 0, 0
7101964, 638976, 1, 0, 0
7102214, 409600, 1, 0, 0
7102464, 786432, 1, 0, 0
7102714, 868352, 1, 0, 0
7102964, 458752, 1, 0, 0
7103214, 688128, 1, 0, 0
7103465, 606208, 1, 0, 0
7103714, 477044, 1, 0, 0
7103964, 589824, 1, 0, 0
7104214, 344064, 1, 0, 0
7104464, 278528, 1, 0, 0
7104714, 458752, 1, 0, 0
7104964, 327680, 1, 0, 0
7105214, 114688, 1, 0, 0
7105464, 540672, 1, 0, 0
7105714, 411244, 1, 0, 0
7105964, 376832, 1, 0, 0
7106214, 507904, 1, 0, 0
7106464, 655360, 1, 0, 0
7106714, 524288, 1, 0, 0
7106964, 507904, 1, 0, 0
7107214, 442368, 1, 0, 0
7107464, 557056, 1, 0, 0
7107714, 442368, 1, 0, 0
7107964, 559293, 1, 0, 0
7108214, 704512, 1, 0, 0
7108464, 475136, 1, 0, 0
7108714, 311296, 1, 0, 0
7108964, 671744, 1, 0, 0
7109214, 802816, 1, 0, 0
7109464, 770048, 1, 0, 0
7109714, 917504, 1, 0, 0
7109964, 1064960, 1, 0, 0
7110214, 1097728, 1, 0, 0
7110464, 1184385, 1, 0, 0
7110714, 950272, 1, 0, 0
7110964, 622592, 1, 0, 0
7111214, 98304, 1, 0, 0
7111464, 1064960, 1, 0, 0
7111714, 1048576, 1, 0, 0
7111964, 819200, 1, 0, 0
7112214, 573440, 1, 0, 0
7112464, 475136, 1, 0, 0
7112714, 1200835, 1, 0, 0
7112964, 589824, 1, 0, 0
7113214, 999424, 1, 0, 0
7113464, 720896, 1, 0, 0
7113714, 589824, 1, 0, 0
7113964, 507904, 1, 0, 0
7114214, 311296, 1, 0, 0
7114464, 294912, 1, 0, 0
7114714, 458752, 1, 0, 0
7114964, 212992, 1, 0, 0
7115214, 296096, 1, 0, 0
7115464, 393216, 1, 0, 0
7115714, 311296, 1, 0, 0
7115964, 196608, 1, 0, 0
7116214, 196608, 1, 0, 0
7116464, 884736, 1, 0, 0
7116714, 491520, 1, 0, 0
7116964, 753664, 1, 0, 0
7117214, 294912, 1, 0, 0
7117464, 625092, 1, 0, 0
7117714, 393216, 1, 0, 0
7117964, 311296, 1, 0, 0
7118214, 393216, 1, 0, 0
7118464, 294912, 1, 0, 0
7118714, 442368, 1, 0, 0
7118964, 458752, 1, 0, 0
7119214, 294912, 1, 0, 0
7119464, 245760, 1, 0, 0
7119715, 98304, 1, 0, 0
7119964, 148048, 1, 0, 0
7120214, 294912, 1, 0, 0
7120464, 98304, 1, 0, 0
7120714, 0, 1, 0, 0
7120964, 0, 1, 0, 0
7121214, 98304, 1, 0, 0
7121464, 196608, 1, 0, 0
7121714, 98304, 1, 0, 0
7121964, 213847, 1, 0, 0
7122214, 0, 1, 0, 0
7122464, 229376, 1, 0, 0
7122714, 294912, 1, 0, 0
7122964, 360448, 1, 0, 0
7123214, 409600, 1, 0, 0
7123464, 229376, 1, 0, 0
7123714, 606208, 1, 0, 0
7123964, 491520, 1, 0, 0
7124214, 641542, 1, 0, 0
7124464, 753664, 1, 0, 0
7124714, 622592, 1, 0, 0
7124964, 851968, 1, 0, 0
7125214, 1490944, 1, 0, 0
7125464, 704512, 1, 0, 0
7125714, 622592, 1, 0, 0
7125964, 704512, 1, 0, 0
7126214, 393216, 1, 0, 0
7126464, 328995, 1, 0, 0
7126714, 196608, 1, 0, 0
7126964, 425984, 1, 0, 0
7127214, 442368, 1, 0, 0
7127464, 475136, 1, 0, 0
7127714, 589824, 1, 0, 0
7127964, 491520, 1, 0, 0
7128214, 557056, 1, 0, 0
7128464, 589824, 1, 0, 0
7128714, 509943, 1, 0, 0
7128964, 327680, 1, 0, 0
7129214, 409600, 1, 0, 0
7129464, 622592, 1, 0, 0
7129714, 638976, 1, 0, 0
7129964, 344064, 1, 0, 0
7130214, 212992, 1, 0, 0
7130464, 491520, 1, 0, 0
7130714, 720896, 1, 0, 0
7130965, 606208, 1, 0, 0
7131214, 592192, 1, 0, 0
7131464, 917504, 1, 0, 0
7131714, 393216, 1, 0, 0
7131964, 196608, 1, 0, 0
7132214, 868352, 1, 0, 0
7132464, 1130496, 1, 0, 0
7132714, 1015808, 1, 0, 0
7132964, 770048, 1, 0, 0
7133214, 753664, 1, 0, 0
7133464, 509943, 1, 0, 0
7133714, 671744, 1, 0, 0
7133964, 393216, 1, 0, 0
7134214, 688128, 1, 0, 0
7134464, 491520, 1, 0, 0
7134714, 442368, 1, 0, 0
7134964, 770048, 1, 0, 0
7135215, 786432, 1, 0, 0
7135464, 888289, 1, 0, 0
7135714, 851968, 1, 0, 0
7135964, 835584, 1, 0, 0
7136214, 1032192, 1, 0, 0
7136464, 622592, 1, 0, 0
7136714, 999424, 1, 0, 0
7136964, 1032192, 1, 0, 0
7137214, 606208, 1, 0, 0
7137464, 819200, 1, 0, 0
7137714, 425984, 1, 0, 0
7137964, 625092, 1, 0, 0
7138214, 458752, 1, 0, 0
7138464, 950272, 1, 0, 0
7138714, 507904, 1, 0, 0
7138964, 606208, 1, 0, 0
7139214, 409600, 1, 0, 0
7139464, 294912, 1, 0, 0
7139714, 507904, 1, 0, 0
7139964, 311296, 1, 0, 0
7140214, 411244, 1, 0, 0
7140464, 688128, 1, 0, 0
7140714, 589824, 1, 0, 0
7140964, 393216, 1, 0, 0
7141214, 540672, 1, 0, 0
7141464, 409600, 1, 0, 0
7141714, 933888, 1, 0, 0
7141964, 557056, 1, 0, 0
7142214, 688128, 1, 0, 0
7142464, 641542, 1, 0, 0
7142714, 344064, 1, 0, 0
7142964, 671744, 1, 0, 0
7143214, 475136, 1, 0, 0
7143464, 409600, 1, 0, 0
7143714, 344064, 1, 0, 0
7143964, 671744, 1, 0, 0
7144214, 622592, 1, 0, 0
7144464, 884736, 1, 0, 0
7144714, 773140, 1, 0, 0
7144964, 442368, 1, 0, 0
7145214, 606208, 1, 0, 0
7145464, 999424, 1, 0, 0
7145714, 802816, 1, 0, 0
7145964, 999424, 1, 0, 0
7146214, 1310720, 1, 0, 0
7146464, 868352, 1, 0, 0
7146714, 540672, 1, 0, 0
7146964, 622592, 1, 0, 0
7147214, 657991, 1, 0, 0
7147464, 786432, 1, 0, 0
7147714, 671744, 1, 0, 0
7147964, 409600, 1, 0, 0
7148214, 622592, 1, 0, 0
7148464, 491520, 1, 0, 0
7148714, 491520, 1, 0, 0
7148964, 688128, 1, 0, 0
7149214, 983040, 1, 0, 0
7149464, 641542, 1, 0, 0
7149714, 966656, 1, 0, 0
7149964, 1048576, 1, 0, 0
7150214, 1015808, 1, 0, 0
7150464, 638976, 1, 0, 0
7150714, 573440, 1, 0, 0
7150964, 835584, 1, 0, 0
7151214, 819200, 1, 0, 0
7151464, 851968, 1, 0, 0
7151714, 1146880, 1, 0, 0
7151964, 888289, 1, 0, 0
7152214, 901120, 1, 0, 0
7152464, 1409024, 1, 0, 0
7152714, 770048, 1, 0, 0
7152964, 704512, 1, 0, 0
7153214, 901120, 1, 0, 0
7153464, 884736, 1, 0, 0
7153714, 1294336, 1, 0, 0
7153964, 638976, 1, 0, 0
7154214, 1179648, 1, 0, 0
7154464, 657991, 1, 0, 0
7154714, 1064960, 1, 0, 0
7154964, 1081344, 1, 0, 0
7155214, 933888, 1, 0, 0
7155464, 884736, 1, 0, 0
7155714, 884736, 1, 0, 0
7155964, 770048, 1, 0, 0
7156214, 950272, 1, 0, 0
7156464, 950272, 1, 0, 0
7156714, 970538, 1, 0, 0
7156964, 1048576, 1, 0, 0
7157214, 802816, 1, 0, 0
7157464, 1835008, 1, 0, 0
7157714, 1703936, 1, 0, 0
7157964, 983040, 1, 0, 0
7158214, 1032192, 1, 0, 0
7158464, 671744, 1, 0, 0
7158714, 884736, 1, 0, 0
7158964, 707341, 1, 0, 0
7159214, 835584, 1, 0, 0
7159464, 1720320, 1, 0, 0
7159714, 868352, 1, 0, 0
7159964, 1097728, 1, 0, 0
7160214, 1146880, 1, 0, 0
7160464, 1097728, 1, 0, 0
7160714, 1179648, 1, 0, 0
7160964, 1048576, 1, 0, 0
7161214, 707341, 1, 0, 0
7161464, 868352, 1, 0, 0
7161714, 917504, 1, 0, 0
7161964, 1130496, 1, 0, 0
7162214, 507904, 1, 0, 0
7162464, 884736, 1, 0, 0
7162714, 622592, 1, 0, 0
7162964, 655360, 1, 0, 0
7163214, 819200, 1, 0, 0
7163464, 835584, 1, 0, 0
7163714, 657991, 1, 0, 0
7163964, 1032192, 1, 0, 0
7164214, 1032192, 1, 0, 0
7164464, 1081344, 1, 0, 0
7164714, 589824, 1, 0, 0
7164964, 786432, 1, 0, 0
7165214, 802816, 1, 0, 0
7165464, 1015808, 1, 0, 0
7165714, 806040, 1, 0, 0
7165964, 770048, 1, 0, 0
7166214, 753664, 1, 0, 0
7166464, 1179648, 1, 0, 0
7166714, 1163264, 1, 0, 0
7166964, 655360, 1, 0, 0
7167214, 1163264, 1, 0, 0
7167464, 688128, 1, 0, 0
7167714, 1540096, 1, 0, 0
7167964, 999424, 1, 0, 0
7168214, 1365333, 1, 0, 0
7168464, 1015808, 1, 0, 0
7168714, 1212416, 1, 0, 0
7168964, 1441792, 1, 0, 0
7169214, 1196032, 1, 0, 0
7169464, 1228800, 1, 0, 0
7169714, 1343488, 1, 0, 0
7169964, 638976, 1, 0, 0
7170214, 622592, 1, 0, 0
7170464, 838939, 1, 0, 0
7170714, 409600, 1, 0, 0
7170964, 638976, 1, 0, 0
7171214, 507904, 1, 0, 0
7171464, 196608, 1, 0, 0
7171714, 507904, 1, 0, 0
7171964, 720896, 1, 0, 0
7172214, 376832, 1, 0, 0
7172464, 475136, 1, 0, 0
7172714, 773140, 1, 0, 0
7172964, 524288, 1, 0, 0
7173214, 409600, 1, 0, 0
7173464, 229376, 1, 0, 0
7173714, 655360, 1, 0, 0
7173964, 393216, 1, 0, 0
7174214, 180224, 1, 0, 0
7174464, 327680, 1, 0, 0
7174714, 491520, 1, 0, 0
7174964, 641542, 1, 0, 0
7175214, 491520, 1, 0, 0
7175464, 802816, 1, 0, 0
7175714, 753664, 1, 0, 0
7175964, 393216, 1, 0, 0
7176214, 786432, 1, 0, 0
7176464, 491520, 1, 0, 0
7176714, 409600, 1, 0, 0
7176964, 507904, 1, 0, 0
7177215, 393216, 1, 0, 0
7177464, 312546, 1, 0, 0
7177714, 294912, 1, 0, 0
7177964, 344064, 1, 0, 0
7178214, 393216, 1, 0, 0
7178464, 606208, 1, 0, 0
7178714, 737280, 1, 0, 0
7178964, 983040, 1, 0, 0
7179214, 802816, 1, 0, 0
7179464, 855389, 1, 0, 0
7179714, 540672, 1, 0, 0
7179964, 655360, 1, 0, 0
7180214, 425984, 1, 0, 0
7180464, 458752, 1, 0, 0
7180714, 180224, 1, 0, 0
7180964, 180224, 1, 0, 0
7181214, 196608, 1, 0, 0
7181464, 704512, 1, 0, 0
7181714, 904738, 1, 0, 0
7181964, 901120, 1, 0, 0
7182214, 507904, 1, 0, 0
7182464, 507904, 1, 0, 0
7182714, 540672, 1, 0, 0
7182964, 622592, 1, 0, 0
7183214, 638976, 1, 0, 0
7183464, 557056, 1, 0, 0
7183714, 737280, 1, 0, 0
7183964, 1032192, 1, 0, 0
7184214, 1069236, 1, 0, 0
7184464, 1097728, 1, 0, 0
7184714, 1015808, 1, 0, 0
7184964, 589824, 1, 0, 0
7185214, 606208, 1, 0, 0
7185464, 327680, 1, 0, 0
7185714, 737280, 1, 0, 0
7185964, 425984, 1, 0, 0
7186214, 409600, 1, 0, 0
7186465, 294912, 1, 0, 0
7186714, 296096, 1, 0, 0
7186964, 507904, 1, 0, 0