231, 0, 1, 0, 0
480, 1433600, 1, 0, 0
731, 3244032, 1, 0, 0
981, 2490368, 1, 0, 0
1231, 2490368, 1, 0, 0
1481, 2714216, 1, 0, 0
1731, 2932736, 1, 0, 0
1981, 163840, 1, 0, 0
2230, 2516819, 1, 0, 0
2480, 3276800, 1, 0, 0
2731, 3178496, 1, 0, 0
2981, 2572288, 1, 0, 0
3230, 3339309, 1, 0, 0
3481, 3145728, 1, 0, 0
3731, 2916352, 1, 0, 0
3981, 2179072, 1, 0, 0
4230, 3174811, 1, 0, 0
4481, 2277376, 1, 0, 0
4731, 3063808, 1, 0, 0
4981, 1966080, 1, 0, 0
5230, 2944514, 1, 0, 0
5480, 2949120, 1, 0, 0
5731, 3047424, 1, 0, 0
5981, 3227648, 1, 0, 0
6230, 2911614, 1, 0, 0
6481, 2916352, 1, 0, 0
6731, 3719168, 1, 0, 0
6981, 3276800, 1, 0, 0
7231, 3405108, 1, 0, 0
7481, 3211264, 1, 0, 0
7731, 2605056, 1, 0, 0
7980, 2730666, 1, 0, 0
8231, 2801664, 1, 0, 0
8481, 3014656, 1, 0, 0
8730, 3191261, 1, 0, 0
8981, 3883008, 1, 0, 0
9231, 3047424, 1, 0, 0
9480, 3174811, 1, 0, 0
9731, 1490944, 1, 0, 0
9981, 2244608, 1, 0, 0
10231, 2752512, 1, 0, 0
10481, 3273510, 1, 0, 0
10731, 1376256, 1, 0, 0
10981, 2424832, 1, 0, 0
11231, 2664867, 1, 0, 0
11481, 2850816, 1, 0, 0
11731, 2867200, 1, 0, 0
11980, 3224160, 1, 0, 0
12231, 3407872, 1, 0, 0
12481, 3211264, 1, 0, 0
12731, 2211840, 1, 0, 0
12981, 2911614, 1, 0, 0
13231, 2555904, 1, 0, 0
13481, 2818048, 1, 0, 0
13730, 3141911, 1, 0, 0
13981, 3129344, 1, 0, 0
14231, 2621440, 1, 0, 0
14480, 2401670, 1, 0, 0
14731, 2129920, 1, 0, 0
14981, 3096576, 1, 0, 0
15231, 3276800, 1, 0, 0
15480, 2451020, 1, 0, 0
15731, 3637248, 1, 0, 0
15981, 2965504, 1, 0, 0
16231, 2523136, 1, 0, 0
16481, 2878714, 1, 0, 0
16731, 2015232, 1, 0, 0
16981, 2768896, 1, 0, 0
17231, 3092562, 1, 0, 0
17481, 3063808, 1, 0, 0
17731, 3194880, 1, 0, 0
17981, 3141911, 1, 0, 0
18231, 3424256, 1, 0, 0
18480, 3059662, 1, 0, 0
18731, 2506752, 1, 0, 0
18981, 3309568, 1, 0, 0
19231, 3096576, 1, 0, 0
19481, 3289959, 1, 0, 0
19731, 2605056, 1, 0, 0
19981, 2146304, 1, 0, 0
20231, 3322859, 1, 0, 0
20481, 3031040, 1, 0, 0
20731, 3489792, 1, 0, 0
20980, 2993863, 1, 0, 0
21231, 3227648, 1, 0, 0
21481, 2850816, 1, 0, 0
21730, 3520257, 1, 0, 0
21981, 3227648, 1, 0, 0
22231, 2375680, 1, 0, 0
22481, 704512, 1, 0, 0
22731, 3059662, 1, 0, 0
22981, 3604480, 1, 0, 0
23231, 2555904, 1, 0, 0
23480, 2615518, 1, 0, 0
23731, 3440640, 1, 0, 0
23981, 3244032, 1, 0, 0
24231, 3014656, 1, 0, 0
24481, 3207710, 1, 0, 0
24731, 2867200, 1, 0, 0
24981, 2867200, 1, 0, 0
25230, 2714216, 1, 0, 0
25481, 2473984, 1, 0, 0
25731, 3227648, 1, 0, 0
25981, 2179072, 1, 0, 0
26231, 2763566, 1, 0, 0
26481, 2981888, 1, 0, 0
26731, 3375104, 1, 0, 0
26980, 3372208, 1, 0, 0
27231, 3145728, 1, 0, 0
27481, 3375104, 1, 0, 0
27730, 3059662, 1, 0, 0
27981, 3047424, 1, 0, 0
28231, 3031040, 1, 0, 0
28481, 3375104, 1, 0, 0
28730, 3043212, 1, 0, 0
28981, 2572288, 1, 0, 0
29231, 3129344, 1, 0, 0
29480, 3322859, 1, 0, 0
29731, 2850816, 1, 0, 0
29981, 2473984, 1, 0, 0
30231, 3342336, 1, 0, 0
30480, 3191261, 1, 0, 0
30731, 3342336, 1, 0, 0
30981, 2473984, 1, 0, 0
31230, 3141911, 1, 0, 0
31481, 2752512, 1, 0, 0
31731, 3211264, 1, 0, 0
31981, 3391488, 1, 0, 0
32230, 3257060, 1, 0, 0
32481, 3375104, 1, 0, 0
32731, 3473408, 1, 0, 0
32980, 2944514, 1, 0, 0
33231, 3604480, 1, 0, 0
33481, 3194880, 1, 0, 0
33731, 3211264, 1, 0, 0
33980, 3602506, 1, 0, 0
34231, 2834432, 1, 0, 0
34481, 2899968, 1, 0, 0
34731, 2719744, 1, 0, 0
34980, 3438008, 1, 0, 0
35231, 3031040, 1, 0, 0
35481, 3162112, 1, 0, 0
35731, 2670592, 1, 0, 0
35980, 2993863, 1, 0, 0
36231, 2162688, 1, 0, 0
36481, 2048000, 1, 0, 0
36730, 3141911, 1, 0, 0
36981, 3211264, 1, 0, 0
37231, 2899968, 1, 0, 0
37481, 3276800, 1, 0, 0
37731, 3438008, 1, 0, 0
37981, 2834432, 1, 0, 0
38231, 2654208, 1, 0, 0
38480, 3767004, 1, 0, 0
38731, 2637824, 1, 0, 0
38981, 3555328, 1, 0, 0
39230, 3388658, 1, 0, 0
39481, 2490368, 1, 0, 0
39731, 2572288, 1, 0, 0
39981, 2605056, 1, 0, 0
40230, 3273510, 1, 0, 0
40481, 3014656, 1, 0, 0
40731, 3063808, 1, 0, 0
40981, 3162112, 1, 0, 0
41231, 3109012, 1, 0, 0
41481, 3391488, 1, 0, 0
41731, 3309568, 1, 0, 0
41980, 2566168, 1, 0, 0
42231, 2375680, 1, 0, 0
42481, 3424256, 1, 0, 0
42730, 3421558, 1, 0, 0
42981, 3260416, 1, 0, 0
43231, 2457600, 1, 0, 0
43482, 2883584, 1, 0, 0
43731, 2829365, 1, 0, 0
43981, 3227648, 1, 0, 0
44231, 3207710, 1, 0, 0
44481, 2703360, 1, 0, 0
44731, 2473984, 1, 0, 0
44981, 3553156, 1, 0, 0
45231, 3309568, 1, 0, 0
45481, 3391488, 1, 0, 0
45731, 2845815, 1, 0, 0
45981, 3506176, 1, 0, 0
46231, 2539520, 1, 0, 0
46481, 3174811, 1, 0, 0
46731, 3358720, 1, 0, 0
46981, 2752512, 1, 0, 0
47230, 2944514, 1, 0, 0
47481, 2867200, 1, 0, 0
47731, 3489792, 1, 0, 0
47980, 3076112, 1, 0, 0
48231, 3473408, 1, 0, 0
48481, 2801664, 1, 0, 0
48731, 3227648, 1, 0, 0
48980, 3191261, 1, 0, 0
49231, 3440640, 1, 0, 0
49481, 3325952, 1, 0, 0
49730, 3405108, 1, 0, 0
49981, 3325952, 1, 0, 0
50231, 3719168, 1, 0, 0
50481, 2506752, 1, 0, 0
50730, 3125461, 1, 0, 0
50981, 3325952, 1, 0, 0
51231, 3702784, 1, 0, 0
51481, 3026763, 1, 0, 0
51731, 2605056, 1, 0, 0
51981, 2654208, 1, 0, 0
52231, 3454457, 1, 0, 0
52481, 2801664, 1, 0, 0
52731, 3424256, 1, 0, 0
52981, 3487357, 1, 0, 0
53231, 3375104, 1, 0, 0
53481, 2949120, 1, 0, 0
53730, 2566168, 1, 0, 0
53981, 3309568, 1, 0, 0
54231, 3506176, 1, 0, 0
54481, 2801664, 1, 0, 0
54731, 2204273, 1, 0, 0
54981, 2768896, 1, 0, 0
55231, 3358720, 1, 0, 0
55480, 3240610, 1, 0, 0
55731, 2834432, 1, 0, 0
55981, 2506752, 1, 0, 0
56231, 2752512, 1, 0, 0
56480, 3306409, 1, 0, 0
56731, 3129344, 1, 0, 0
56981, 3162112, 1, 0, 0
57230, 2993863, 1, 0, 0
57481, 3293184, 1, 0, 0
57731, 3260416, 1, 0, 0
57981, 2785280, 1, 0, 0
58230, 2664867, 1, 0, 0
58481, 2932736, 1, 0, 0
58731, 3538944, 1, 0, 0
58981, 2686976, 1, 0, 0
59230, 2270072, 1, 0, 0
59481, 3325952, 1, 0, 0
59731, 2818048, 1, 0, 0
59980, 3043212, 1, 0, 0
60231, 3227648, 1, 0, 0
60481, 3653632, 1, 0, 0
60731, 3588096, 1, 0, 0
60980, 2434570, 1, 0, 0
61231, 3112960, 1, 0, 0
61481, 2244608, 1, 0, 0
61730, 2467469, 1, 0, 0
61981, 2736128, 1, 0, 0
62231, 3588096, 1, 0, 0
62481, 3424256, 1, 0, 0
62731, 3240610, 1, 0, 0
62981, 3178496, 1, 0, 0
63231, 3293184, 1, 0, 0
63480, 3602506, 1, 0, 0
63731, 3358720, 1, 0, 0
63981, 2818048, 1, 0, 0
64231, 2981888, 1, 0, 0
64481, 3109012, 1, 0, 0
64731, 3080192, 1, 0, 0
64981, 3162112, 1, 0, 0
65230, 2944514, 1, 0, 0
65481, 3309568, 1, 0, 0
65731, 2637824, 1, 0, 0
65981, 2490368, 1, 0, 0
66231, 2862265, 1, 0, 0
66481, 2555904, 1, 0, 0
66730, 2944514, 1, 0, 0
66981, 3276800, 1, 0, 0
67231, 3031040, 1, 0, 0
67481, 3076112, 1, 0, 0
67731, 3440640, 1, 0, 0
67981, 3653632, 1, 0, 0
68231, 3405108, 1, 0, 0
68481, 3506176, 1, 0, 0
68731, 2801664, 1, 0, 0
68981, 3125461, 1, 0, 0
69231, 3244032, 1, 0, 0
69481, 3473408, 1, 0, 0
69730, 3717654, 1, 0, 0
69981, 3014656, 1, 0, 0
70231, 3571712, 1, 0, 0
70481, 2523136, 1, 0, 0
70731, 3684755, 1, 0, 0
70981, 3293184, 1, 0, 0
71231, 3145728, 1, 0, 0
71480, 3322859, 1, 0, 0
71731, 3112960, 1, 0, 0
71981, 2031616, 1, 0, 0
72231, 2752512, 1, 0, 0
72480, 3405108, 1, 0, 0
72731, 3719168, 1, 0, 0
72981, 3719168, 1, 0, 0
73230, 3536706, 1, 0, 0
73481, 3555328, 1, 0, 0
73731, 3325952, 1, 0, 0
73981, 3620864, 1, 0, 0
74230, 3273510, 1, 0, 0
74481, 3571712, 1, 0, 0
74731, 3244032, 1, 0, 0
74980, 3257060, 1, 0, 0
75231, 2310144, 1, 0, 0
75481, 2441216, 1, 0, 0
75731, 3031040, 1, 0, 0
75980, 3010313, 1, 0, 0
76231, 3293184, 1, 0, 0
76481, 2179072, 1, 0, 0
76731, 3063808, 1, 0, 0
76981, 3306409, 1, 0, 0
77231, 3325952, 1, 0, 0
77481, 3686400, 1, 0, 0
77731, 3487357, 1, 0, 0
77981, 3276800, 1, 0, 0
78231, 3162112, 1, 0, 0
78481, 3289959, 1, 0, 0
78731, 3670016, 1, 0, 0
78981, 2981888, 1, 0, 0
79231, 1858827, 1, 0, 0
79481, 3014656, 1, 0, 0
79731, 3309568, 1, 0, 0
79980, 3289959, 1, 0, 0
80231, 3293184, 1, 0, 0
80481, 3653632, 1, 0, 0
80731, 3883008, 1, 0, 0
80981, 3421558, 1, 0, 0
81231, 2359296, 1, 0, 0
81481, 3211264, 1, 0, 0
81730, 3701204, 1, 0, 0
81981, 3342336, 1, 0, 0
82231, 3850240, 1, 0, 0
82480, 2352321, 1, 0, 0
82731, 2621440, 1, 0, 0
82981, 1572864, 1, 0, 0
83231, 2670592, 1, 0, 0
83480, 3421558, 1, 0, 0
83731, 3391488, 1, 0, 0
83981, 2883584, 1, 0, 0
84231, 3735552, 1, 0, 0
84481, 3569606, 1, 0, 0
84731, 3653632, 1, 0, 0
84981, 2523136, 1, 0, 0
85230, 3405108, 1, 0, 0
85481, 3260416, 1, 0, 0
85731, 2883584, 1, 0, 0
85981, 3227648, 1, 0, 0
86230, 3257060, 1, 0, 0
86481, 3080192, 1, 0, 0
86731, 3702784, 1, 0, 0
86980, 2862265, 1, 0, 0
87231, 3293184, 1, 0, 0
87481, 3391488, 1, 0, 0
87730, 3109012, 1, 0, 0
87981, 3702784, 1, 0, 0
88231, 3047424, 1, 0, 0
88481, 2637824, 1, 0, 0
88730, 3536706, 1, 0, 0
88981, 3506176, 1, 0, 0
89231, 3506176, 1, 0, 0
89480, 3059662, 1, 0, 0
89730, 2932736, 1, 0, 0
89980, 2637824, 1, 0, 0
90230, 3506176, 1, 0, 0
90480, 3129344, 1, 0, 0
90730, 2834432, 1, 0, 0
90980, 3129344, 1, 0, 0
91231, 3702784, 1, 0, 0
91481, 3555328, 1, 0, 0
91731, 3457024, 1, 0, 0
91981, 3244032, 1, 0, 0
92231, 2686976, 1, 0, 0
92480, 3191261, 1, 0, 0
92730, 3325952, 1, 0, 0
92980, 3506176, 1, 0, 0
93230, 2097152, 1, 0, 0
93480, 2408448, 1, 0, 0
93730, 3538944, 1, 0, 0
93981, 3571712, 1, 0, 0
94231, 3866624, 1, 0, 0
94481, 2719744, 1, 0, 0
94731, 3145728, 1, 0, 0
94980, 3043212, 1, 0, 0
95230, 3522560, 1, 0, 0
95480, 3031040, 1, 0, 0
95730, 3424256, 1, 0, 0
95980, 3588096, 1, 0, 0
96230, 3227648, 1, 0, 0
96481, 2277376, 1, 0, 0
96731, 2310144, 1, 0, 0
96981, 3506176, 1, 0, 0
97231, 3424256, 1, 0, 0
97480, 3865702, 1, 0, 0
97730, 2310144, 1, 0, 0
97980, 2867200, 1, 0, 0
98230, 2768896, 1, 0, 0
98480, 2637824, 1, 0, 0
98730, 2981888, 1, 0, 0
98980, 3112960, 1, 0, 0
99230, 2932736, 1, 0, 0
99481, 2670592, 1, 0, 0
99731, 2523136, 1, 0, 0
99981, 3588096, 1, 0, 0
100231, 3506176, 1, 0, 0
100480, 1250184, 1, 0, 0
100730, 2605056, 1, 0, 0
100980, 3751936, 1, 0, 0
101230, 3555328, 1, 0, 0
101480, 3407872, 1, 0, 0
101730, 3768320, 1, 0, 0
101981, 3358720, 1, 0, 0
102231, 2457600, 1, 0, 0
102481, 3358720, 1, 0, 0
102731, 3440640, 1, 0, 0
102980, 2895164, 1, 0, 0
103230, 3670016, 1, 0, 0
103480, 2752512, 1, 0, 0
103730, 2621440, 1, 0, 0
103980, 2523136, 1, 0, 0
104230, 3522560, 1, 0, 0
104480, 2916352, 1, 0, 0
104731, 3325952, 1, 0, 0
104981, 2785280, 1, 0, 0
105231, 3325952, 1, 0, 0
105481, 3375104, 1, 0, 0
105731, 2785280, 1, 0, 0
105980, 3257060, 1, 0, 0
106230, 1835008, 1, 0, 0
106480, 2424832, 1, 0, 0
106730, 3178496, 1, 0, 0
106980, 3063808, 1, 0, 0
107230, 2916352, 1, 0, 0
107480, 3670016, 1, 0, 0
107731, 3293184, 1, 0, 0
107981, 2441216, 1, 0, 0
108231, 3194880, 1, 0, 0
108481, 2588672, 1, 0, 0
108730, 3306409, 1, 0, 0
108980, 212992, 1, 0, 0
109230, 1982464, 1, 0, 0
109480, 2834432, 1, 0, 0
109730, 2949120, 1, 0, 0
109980, 2981888, 1, 0, 0
110230, 2736128, 1, 0, 0
110481, 3162112, 1, 0, 0
110731, 3047424, 1, 0, 0
110981, 2637824, 1, 0, 0
111231, 3080192, 1, 0, 0
111480, 49349, 1, 0, 0
111730, 1802240, 1, 0, 0
111980, 3244032, 1, 0, 0
112230, 3211264, 1, 0, 0
112481, 2883584, 1, 0, 0
112731, 2850816, 1, 0, 0
112981, 2981888, 1, 0, 0
113231, 2834432, 1, 0, 0
113481, 3112960, 1, 0, 0
113730, 2977413, 1, 0, 0
113980, 3096576, 1, 0, 0
114230, 3637248, 1, 0, 0
114480, 3162112, 1, 0, 0
114730, 2686976, 1, 0, 0
114980, 1785856, 1, 0, 0
115231, 2293760, 1, 0, 0
115481, 2572288, 1, 0, 0
115731, 2293760, 1, 0, 0
115981, 2654208, 1, 0, 0
116231, 2064384, 1, 0, 0
116480, 2516819, 1, 0, 0
116730, 2015232, 1, 0, 0
116980, 2015232, 1, 0, 0
117230, 2834432, 1, 0, 0
117480, 3031040, 1, 0, 0
117730, 3260416, 1, 0, 0
117981, 3194880, 1, 0, 0
118231, 3129344, 1, 0, 0
118481, 2965504, 1, 0, 0
118731, 2932736, 1, 0, 0
118980, 2878714, 1, 0, 0
119230, 3604480, 1, 0, 0
119480, 3145728, 1, 0, 0
119730, 2998272, 1, 0, 0
119980, 3063808, 1, 0, 0
120230, 3522560, 1, 0, 0
120480, 3162112, 1, 0, 0
120731, 2752512, 1, 0, 0
120981, 2375680, 1, 0, 0
121231, 1490944, 1, 0, 0
121481, 2097152, 1, 0, 0
121730, 1776578, 1, 0, 0
121980, 3096576, 1, 0, 0
122230, 3424256, 1, 0, 0
122480, 3047424, 1, 0, 0
122730, 2998272, 1, 0, 0
122980, 2048000, 1, 0, 0
123230, 3096576, 1, 0, 0
123481, 3276800, 1, 0, 0
123731, 2867200, 1, 0, 0
123981, 2768896, 1, 0, 0
124231, 163840, 1, 0, 0
124480, 1496931, 1, 0, 0
124730, 2310144, 1, 0, 0
124980, 3031040, 1, 0, 0
125230, 3244032, 1, 0, 0
125480, 3129344, 1, 0, 0
125730, 3244032, 1, 0, 0
125980, 2654208, 1, 0, 0
126231, 2621440, 1, 0, 0
126481, 2998272, 1, 0, 0
126731, 3506176, 1, 0, 0
126981, 3997696, 1, 0, 0
127231, 2883584, 1, 0, 0
127480, 2516819, 1, 0, 0
127730, 2703360, 1, 0, 0
127980, 3211264, 1, 0, 0
128230, 3375104, 1, 0, 0
128480, 3031040, 1, 0, 0
128730, 2752512, 1, 0, 0
128980, 3080192, 1, 0, 0
129231, 3850240, 1, 0, 0
129481, 3276800, 1, 0, 0
129731, 2031616, 1, 0, 0
129981, 3620864, 1, 0, 0
130231, 2998272, 1, 0, 0
130480, 3191261, 1, 0, 0
130730, 3112960, 1, 0, 0
130980, 2064384, 1, 0, 0
131230, 2949120, 1, 0, 0
131480, 3096576, 1, 0, 0
131730, 3227648, 1, 0, 0
131981, 3096576, 1, 0, 0
132231, 1196032, 1, 0, 0
132481, 2490368, 1, 0, 0
132731, 2375680, 1, 0, 0
132980, 3207710, 1, 0, 0
133230, 2768896, 1, 0, 0
133480, 3522560, 1, 0, 0
133730, 3014656, 1, 0, 0
133980, 2818048, 1, 0, 0
134230, 3014656, 1, 0, 0
134481, 1441792, 1, 0, 0
134731, 704512, 1, 0, 0
134981, 3637248, 1, 0, 0
135231, 3276800, 1, 0, 0
135480, 3388658, 1, 0, 0
135730, 3473408, 1, 0, 0
135980, 3211264, 1, 0, 0
136230, 3325952, 1, 0, 0
136480, 3440640, 1, 0, 0
136730, 3637248, 1, 0, 0
136981, 3325952, 1, 0, 0
137231, 3080192, 1, 0, 0
137481, 2473984, 1, 0, 0
137731, 475136, 1, 0, 0
137980, 3520257, 1, 0, 0
138230, 3227648, 1, 0, 0
138480, 2899968, 1, 0, 0
138730, 1867776, 1, 0, 0
138980, 2408448, 1, 0, 0
139230, 2572288, 1, 0, 0
139481, 1589248, 1, 0, 0
139731, 212992, 1, 0, 0
139981, 2244608, 1, 0, 0
140230, 2368771, 1, 0, 0
140480, 2113536, 1, 0, 0
140730, 2260992, 1, 0, 0
140980, 425984, 1, 0, 0
141230, 2244608, 1, 0, 0
141481, 1523712, 1, 0, 0
141731, 1196032, 1, 0, 0
141981, 1048576, 1, 0, 0
142231, 589824, 1, 0, 0
142480, 0, 1, 0, 0
142730, 0, 1, 0, 0
142980, 606208, 1, 0, 0
143230, 720896, 1, 0, 0
143480, 360448, 1, 0, 0
143731, 196608, 1, 0, 0
143981, 0, 1, 0, 0
144231, 0, 1, 0, 0
144481, 0, 1, 0, 0
144730, 0, 1, 0, 0
144980, 0, 1, 0, 0
145230, 0, 1, 0, 0
145480, 0, 1, 0, 0
145730, 0, 1, 0, 0
145981, 0, 1, 0, 0
146231, 0, 1, 0, 0
146481, 0, 1, 0, 0
146731, 0, 1, 0, 0
146980, 0, 1, 0, 0
147230, 0, 1, 0, 0
147480, 0, 1, 0, 0
147730, 0, 1, 0, 0
147980, 0, 1, 0, 0
148230, 0, 1, 0, 0
148481, 0, 1, 0, 0
148731, 0, 1, 0, 0
148981, 0, 1, 0, 0
149231, 0, 1, 0, 0
149480, 0, 1, 0, 0
149730, 0, 1, 0, 0
149980, 0, 1, 0, 0
150230, 0, 1, 0, 0
150480, 0, 1, 0, 0
150731, 0, 1, 0, 0
150981, 0, 1, 0, 0
151231, 0, 1, 0, 0
151481, 0, 1, 0, 0
151730, 0, 1, 0, 0
151980, 0, 1, 0, 0
152230, 0, 1, 0, 0
152480, 0, 1, 0, 0
152730, 0, 1, 0, 0
152981, 0, 1, 0, 0
153231, 0, 1, 0, 0
153481, 0, 1, 0, 0
153731, 0, 1, 0, 0
153980, 0, 1, 0, 0
154230, 0, 1, 0, 0
154480, 0, 1, 0, 0
154730, 0, 1, 0, 0
154980, 0, 1, 0, 0
155231, 0, 1, 0, 0
155481, 0, 1, 0, 0
155731, 0, 1, 0, 0
155981, 0, 1, 0, 0
156231, 0, 1, 0, 0
156480, 0, 1, 0, 0
156730, 0, 1, 0, 0
156980, 0, 1, 0, 0
157230, 0, 1, 0, 0
157480, 0, 1, 0, 0
157731, 0, 1, 0, 0
157981, 0, 1, 0, 0
158231, 0, 1, 0, 0
158481, 0, 1, 0, 0
158730, 0, 1, 0, 0
158980, 0, 1, 0, 0
159230, 0, 1, 0, 0
159480, 0, 1, 0, 0
159730, 0, 1, 0, 0
159981, 0, 1, 0, 0
160231, 0, 1, 0, 0
160481, 0, 1, 0, 0
160731, 0, 1, 0, 0
160980, 0, 1, 0, 0
161230, 0, 1, 0, 0
161480, 0, 1, 0, 0
161730, 0, 1, 0, 0
161980, 0, 1, 0, 0
162231, 0, 1, 0, 0
162481, 0, 1, 0, 0
162731, 0, 1, 0, 0
162981, 1097728, 1, 0, 0
163230, 954088, 1, 0, 0
163480, 0, 1, 0, 0
163730, 0, 1, 0, 0
163980, 1589248, 1, 0, 0
164230, 1277952, 1, 0, 0
164481, 425984, 1, 0, 0
164731, 2228224, 1, 0, 0
164981, 737280, 1, 0, 0
165231, 0, 1, 0, 0
165480, 0, 1, 0, 0
165730, 1294336, 1, 0, 0
165980, 1327104, 1, 0, 0
166230, 311296, 1, 0, 0
166480, 0, 1, 0, 0
166730, 1441792, 1, 0, 0
166981, 868352, 1, 0, 0
167231, 212992, 1, 0, 0
167481, 0, 1, 0, 0
167731, 1966080, 1, 0, 0
167980, 2023325, 1, 0, 0
168230, 622592, 1, 0, 0
168480, 0, 1, 0, 0
168730, 2048000, 1, 0, 0
168980, 2555904, 1, 0, 0
169230, 786432, 1, 0, 0
169480, 49152, 1, 0, 0
169731, 786432, 1, 0, 0
169981, 81920, 1, 0, 0
170231, 0, 1, 0, 0
170480, 0, 1, 0, 0
170730, 1818624, 1, 0, 0
170980, 1556480, 1, 0, 0
171230, 573440, 1, 0, 0
171480, 0, 1, 0, 0
171730, 2146304, 1, 0, 0
171981, 1720320, 1, 0, 0
172231, 360448, 1, 0, 0
172481, 0, 1, 0, 0
172731, 2162688, 1, 0, 0
172980, 1990425, 1, 0, 0
173230, 819200, 1, 0, 0
173480, 327680, 1, 0, 0
173730, 1376256, 1, 0, 0
173981, 2293760, 1, 0, 0
174231, 1409024, 1, 0, 0
174481, 688128, 1, 0, 0
174731, 2048000, 1, 0, 0
174980, 3322859, 1, 0, 0
175230, 4046848, 1, 0, 0
175480, 3768320, 1, 0, 0
175730, 3309568, 1, 0, 0
175980, 3473408, 1, 0, 0
176230, 3637248, 1, 0, 0
176480, 3768320, 1, 0, 0
176731, 3833856, 1, 0, 0
176981, 3915776, 1, 0, 0
177231, 3506176, 1, 0, 0
177481, 3588096, 1, 0, 0
177730, 3832803, 1, 0, 0
177980, 3620864, 1, 0, 0
178230, 3719168, 1, 0, 0
178480, 3719168, 1, 0, 0
178730, 4128768, 1, 0, 0
178980, 3620864, 1, 0, 0
179230, 3489792, 1, 0, 0
179481, 3833856, 1, 0, 0
179731, 3227648, 1, 0, 0
179981, 3178496, 1, 0, 0
180231, 3178496, 1, 0, 0
180481, 1556480, 1, 0, 0
180730, 3322859, 1, 0, 0
180980, 3473408, 1, 0, 0
181230, 2867200, 1, 0, 0
181480, 3702784, 1, 0, 0
181730, 3768320, 1, 0, 0
181980, 3325952, 1, 0, 0
182231, 3932160, 1, 0, 0
182481, 3473408, 1, 0, 0
182731, 3391488, 1, 0, 0
182981, 2998272, 1, 0, 0
183231, 3538944, 1, 0, 0
183480, 2664867, 1, 0, 0
183730, 3719168, 1, 0, 0
183980, 3473408, 1, 0, 0
184230, 3784704, 1, 0, 0
184481, 2080768, 1, 0, 0
184731, 2736128, 1, 0, 0
184981, 3063808, 1, 0, 0
185231, 2064384, 1, 0, 0
185481, 2588672, 1, 0, 0
185730, 3701204, 1, 0, 0
185980, 3375104, 1, 0, 0
186230, 3538944, 1, 0, 0
186480, 3637248, 1, 0, 0
186730, 3833856, 1, 0, 0
186980, 3178496, 1, 0, 0
187230, 3964928, 1, 0, 0
187481, 3833856, 1, 0, 0
187731, 3375104, 1, 0, 0
187981, 3571712, 1, 0, 0
188231, 3670016, 1, 0, 0
188481, 2293760, 1, 0, 0
188730, 2516819, 1, 0, 0
188980, 2129920, 1, 0, 0
189230, 2899968, 1, 0, 0
189480, 2392064, 1, 0, 0
189730, 2899968, 1, 0, 0
189980, 2392064, 1, 0, 0
190231, 2539520, 1, 0, 0
190481, 2867200, 1, 0, 0
190731, 3506176, 1, 0, 0
190981, 2850816, 1, 0, 0
191231, 2801664, 1, 0, 0
191480, 2072674, 1, 0, 0
191730, 2506752, 1, 0, 0
191980, 2965504, 1, 0, 0
192230, 1212416, 1, 0, 0
192481, 2932736, 1, 0, 0
192731, 3129344, 1, 0, 0
192981, 2834432, 1, 0, 0
193231, 3342336, 1, 0, 0
193481, 3227648, 1, 0, 0
193730, 3289959, 1, 0, 0
193980, 3031040, 1, 0, 0
194230, 3309568, 1, 0, 0
194480, 2768896, 1, 0, 0
194730, 2834432, 1, 0, 0
194980, 3227648, 1, 0, 0
195230, 2654208, 1, 0, 0
195481, 2523136, 1, 0, 0
195731, 2834432, 1, 0, 0
195981, 3457024, 1, 0, 0
196231, 802816, 1, 0, 0
196481, 2932736, 1, 0, 0
196730, 3076112, 1, 0, 0
196980, 3227648, 1, 0, 0
197230, 3145728, 1, 0, 0
197480, 3424256, 1, 0, 0
197730, 2719744, 1, 0, 0
197980, 3227648, 1, 0, 0
198230, 3653632, 1, 0, 0
198481, 3194880, 1, 0, 0
198731, 3538944, 1, 0, 0
198981, 2916352, 1, 0, 0
199231, 3096576, 1, 0, 0
199480, 3026763, 1, 0, 0
199730, 3162112, 1, 0, 0
199980, 3489792, 1, 0, 0
200230, 3375104, 1, 0, 0
200480, 2965504, 1, 0, 0
200730, 3325952, 1, 0, 0
200980, 3686400, 1, 0, 0
201231, 3735552, 1, 0, 0
201481, 2621440, 1, 0, 0
201731, 3407872, 1, 0, 0
201981, 3407872, 1, 0, 0
202230, 3865702, 1, 0, 0
202480, 3358720, 1, 0, 0
202730, 3670016, 1, 0, 0
202980, 3063808, 1, 0, 0
203230, 2572288, 1, 0, 0
203480, 2621440, 1, 0, 0
203730, 2670592, 1, 0, 0
203981, 2916352, 1, 0, 0
204231, 1785856, 1, 0, 0
204481, 3702784, 1, 0, 0
204731, 3489792, 1, 0, 0
204980, 3684755, 1, 0, 0
205230, 3522560, 1, 0, 0
205480, 3293184, 1, 0, 0
205730, 3342336, 1, 0, 0
205980, 2244608, 1, 0, 0
206230, 2916352, 1, 0, 0
206480, 2621440, 1, 0, 0
206731, 3325952, 1, 0, 0
206981, 3145728, 1, 0, 0
207231, 2031616, 1, 0, 0
207481, 1982464, 1, 0, 0
207731, 2441216, 1, 0, 0
207980, 2780016, 1, 0, 0
208230, 3391488, 1, 0, 0
208480, 2883584, 1, 0, 0
208730, 3768320, 1, 0, 0
208980, 3670016, 1, 0, 0
209230, 3309568, 1, 0, 0
209481, 1327104, 1, 0, 0
209731, 3080192, 1, 0, 0
209981, 3342336, 1, 0, 0
210231, 2998272, 1, 0, 0
210481, 3538944, 1, 0, 0
210730, 3454457, 1, 0, 0
210980, 3751936, 1, 0, 0
211230, 3080192, 1, 0, 0
211480, 3670016, 1, 0, 0
211730, 3424256, 1, 0, 0
211980, 2736128, 1, 0, 0
212231, 4014080, 1, 0, 0
212481, 2555904, 1, 0, 0
212731, 2932736, 1, 0, 0
212981, 3620864, 1, 0, 0
213230, 3487357, 1, 0, 0
213480, 3702784, 1, 0, 0
213730, 3129344, 1, 0, 0
213980, 3653632, 1, 0, 0
214230, 3178496, 1, 0, 0
214480, 3162112, 1, 0, 0
214730, 3342336, 1, 0, 0
214981, 3768320, 1, 0, 0
215231, 2867200, 1, 0, 0
215481, 3342336, 1, 0, 0
215731, 3407872, 1, 0, 0
215981, 3244032, 1, 0, 0
216230, 3454457, 1, 0, 0
216480, 2916352, 1, 0, 0
216730, 49152, 1, 0, 0
216980, 3194880, 1, 0, 0
217230, 3112960, 1, 0, 0
217481, 3506176, 1, 0, 0
217731, 3096576, 1, 0, 0
217981, 3555328, 1, 0, 0
218231, 3293184, 1, 0, 0
218480, 3701204, 1, 0, 0
218730, 3719168, 1, 0, 0
218980, 3473408, 1, 0, 0
219230, 3457024, 1, 0, 0
219480, 2686976, 1, 0, 0
219730, 3522560, 1, 0, 0
219980, 2834432, 1, 0, 0
220231, 3129344, 1, 0, 0
220481, 3473408, 1, 0, 0
220731, 2883584, 1, 0, 0
220981, 3391488, 1, 0, 0
221230, 3125461, 1, 0, 0
221480, 3342336, 1, 0, 0
221730, 3244032, 1, 0, 0
221980, 3129344, 1, 0, 0
222230, 3473408, 1, 0, 0
222480, 2195456, 1, 0, 0
222731, 2457600, 1, 0, 0
222981, 3276800, 1, 0, 0
223231, 3129344, 1, 0, 0
223481, 2899968, 1, 0, 0
223730, 2747116, 1, 0, 0
223980, 2736128, 1, 0, 0
224230, 1982464, 1, 0, 0
224480, 1523712, 1, 0, 0
224730, 2506752, 1, 0, 0
224980, 2392064, 1, 0, 0
225231, 3391488, 1, 0, 0
225481, 2129920, 1, 0, 0
225731, 2949120, 1, 0, 0
225981, 2080768, 1, 0, 0
226231, 1949696, 1, 0, 0
226480, 1924626, 1, 0, 0
226730, 2736128, 1, 0, 0
226980, 3047424, 1, 0, 0
227230, 2605056, 1, 0, 0
227480, 2293760, 1, 0, 0
227730, 2506752, 1, 0, 0
227981, 3260416, 1, 0, 0
228231, 1933312, 1, 0, 0
228481, 2048000, 1, 0, 0
228731, 3325952, 1, 0, 0
228980, 2467469, 1, 0, 0
229230, 2539520, 1, 0, 0
229480, 3473408, 1, 0, 0
229730, 2998272, 1, 0, 0
229980, 3194880, 1, 0, 0
230231, 2736128, 1, 0, 0
230481, 2506752, 1, 0, 0
230731, 2572288, 1, 0, 0
230981, 3129344, 1, 0, 0
231231, 3211264, 1, 0, 0
231481, 3047424, 1, 0, 0
231730, 2730666, 1, 0, 0
231980, 3162112, 1, 0, 0
232230, 868352, 1, 0, 0
232480, 3014656, 1, 0, 0
232730, 3522560, 1, 0, 0
232981, 3227648, 1, 0, 0
233231, 3686400, 1, 0, 0
233481, 3342336, 1, 0, 0
233731, 3719168, 1, 0, 0
233981, 3620864, 1, 0, 0
234230, 3717654, 1, 0, 0
234480, 3538944, 1, 0, 0
234730, 3276800, 1, 0, 0
234980, 2605056, 1, 0, 0
235230, 2719744, 1, 0, 0
235480, 2785280, 1, 0, 0
235730, 2768896, 1, 0, 0
235980, 3145728, 1, 0, 0
236231, 1753088, 1, 0, 0
236481, 2785280, 1, 0, 0
236731, 2605056, 1, 0, 0
236980, 2829365, 1, 0, 0
237230, 2916352, 1, 0, 0
237480, 2686976, 1, 0, 0
237730, 2703360, 1, 0, 0
237980, 3031040, 1, 0, 0
238230, 2949120, 1, 0, 0
238480, 2883584, 1, 0, 0
238731, 3096576, 1, 0, 0
238981, 2605056, 1, 0, 0
239231, 2686976, 1, 0, 0
239481, 2523136, 1, 0, 0
239731, 2490368, 1, 0, 0
239980, 2960963, 1, 0, 0
240230, 2916352, 1, 0, 0
240480, 2768896, 1, 0, 0
240730, 2768896, 1, 0, 0
240980, 2703360, 1, 0, 0
241230, 2244608, 1, 0, 0
241480, 3063808, 1, 0, 0
241731, 2179072, 1, 0, 0
241981, 2719744, 1, 0, 0
242231, 2162688, 1, 0, 0
242481, 2654208, 1, 0, 0
242730, 2368771, 1, 0, 0
242980, 2605056, 1, 0, 0
243230, 2211840, 1, 0, 0
243480, 2048000, 1, 0, 0
243730, 2080768, 1, 0, 0
243980, 2244608, 1, 0, 0
244230, 507904, 1, 0, 0
244481, 1884160, 1, 0, 0
244731, 2310144, 1, 0, 0
244980, 2352321, 1, 0, 0
245231, 2048000, 1, 0, 0
245481, 2490368, 1, 0, 0
245730, 2780016, 1, 0, 0
245981, 2080768, 1, 0, 0
246231, 2097152, 1, 0, 0
246481, 2434570, 1, 0, 0
246731, 2342912, 1, 0, 0
246981, 1966080, 1, 0, 0
247231, 2451020, 1, 0, 0
247481, 2473984, 1, 0, 0
247731, 1941076, 1, 0, 0
247981, 2277376, 1, 0, 0
248231, 1556480, 1, 0, 0
248481, 2237172, 1, 0, 0
248731, 1982464, 1, 0, 0
248981, 2605056, 1, 0, 0
249231, 1644979, 1, 0, 0
249481, 1916928, 1, 0, 0
249731, 2719744, 1, 0, 0
249981, 2302971, 1, 0, 0
250231, 2785280, 1, 0, 0
250481, 2932736, 1, 0, 0
250730, 2072674, 1, 0, 0
250981, 2686976, 1, 0, 0
251231, 2424832, 1, 0, 0
251481, 2615518, 1, 0, 0
251731, 1736704, 1, 0, 0
251981, 2555904, 1, 0, 0
252230, 2829365, 1, 0, 0
252481, 2621440, 1, 0, 0
252731, 2637824, 1, 0, 0
252981, 2516819, 1, 0, 0
253231, 2818048, 1, 0, 0
253482, 2162688, 1, 0, 0
253731, 2434570, 1, 0, 0
253981, 2752512, 1, 0, 0
254231, 2352321, 1, 0, 0
254481, 1851392, 1, 0, 0
254731, 2916352, 1, 0, 0
254981, 3076112, 1, 0, 0
255231, 2572288, 1, 0, 0
255481, 2293760, 1, 0, 0
255731, 2533269, 1, 0, 0
255981, 2801664, 1, 0, 0
256231, 3014656, 1, 0, 0
256481, 3059662, 1, 0, 0
256731, 2211840, 1, 0, 0
256980, 3043212, 1, 0, 0
257231, 2867200, 1, 0, 0
257481, 2654208, 1, 0, 0
257730, 3125461, 1, 0, 0
257981, 2818048, 1, 0, 0
258231, 2916352, 1, 0, 0
258480, 2352321, 1, 0, 0
258731, 2752512, 1, 0, 0
258981, 2457600, 1, 0, 0
259232, 2539520, 1, 0, 0
259481, 2763566, 1, 0, 0
259731, 2621440, 1, 0, 0
259981, 2220722, 1, 0, 0
260231, 2129920, 1, 0, 0
260481, 2654208, 1, 0, 0
260730, 2664867, 1, 0, 0
260981, 2408448, 1, 0, 0
261231, 2031616, 1, 0, 0
261480, 2648417, 1, 0, 0
261731, 2703360, 1, 0, 0
261981, 3276800, 1, 0, 0
262231, 2780016, 1, 0, 0
262481, 2113536, 1, 0, 0
262730, 2105574, 1, 0, 0
262981, 2572288, 1, 0, 0
263231, 2719744, 1, 0, 0
263480, 2664867, 1, 0, 0
263731, 2686976, 1, 0, 0
263981, 1916928, 1, 0, 0
264230, 2122024, 1, 0, 0
264481, 2621440, 1, 0, 0
264731, 2441216, 1, 0, 0
264981, 2375680, 1, 0, 0
265230, 2516819, 1, 0, 0
265481, 2686976, 1, 0, 0
265731, 2523136, 1, 0, 0
265980, 3059662, 1, 0, 0
266231, 3178496, 1, 0, 0
266481, 2981888, 1, 0, 0
266731, 2211840, 1, 0, 0
266981, 2253622, 1, 0, 0
267231, 2850816, 1, 0, 0
267481, 2605056, 1, 0, 0
267730, 3141911, 1, 0, 0
267981, 2654208, 1, 0, 0
268231, 2867200, 1, 0, 0
268480, 2878714, 1, 0, 0
268731, 2621440, 1, 0, 0
268981, 2965504, 1, 0, 0
269231, 2916352, 1, 0, 0
269480, 3059662, 1, 0, 0
269731, 2850816, 1, 0, 0
269981, 2719744, 1, 0, 0
270230, 3141911, 1, 0, 0
270481, 3047424, 1, 0, 0
270731, 1523712, 1, 0, 0
270981, 1638400, 1, 0, 0
271231, 2483919, 1, 0, 0
271481, 1966080, 1, 0, 0
271731, 1933312, 1, 0, 0
271981, 2483919, 1, 0, 0
272231, 1851392, 1, 0, 0
272480, 2664867, 1, 0, 0
272731, 688128, 1, 0, 0
272981, 2998272, 1, 0, 0
273230, 3355759, 1, 0, 0
273481, 2179072, 1, 0, 0
273731, 2637824, 1, 0, 0
273980, 2730666, 1, 0, 0
274231, 2899968, 1, 0, 0
274481, 3129344, 1, 0, 0
274730, 2681317, 1, 0, 0
274981, 2031616, 1, 0, 0
275231, 3112960, 1, 0, 0
275481, 2490368, 1, 0, 0
275731, 2171373, 1, 0, 0
275981, 2654208, 1, 0, 0
276231, 2850816, 1, 0, 0
276480, 2270072, 1, 0, 0
276731, 3211264, 1, 0, 0
276981, 2359296, 1, 0, 0
277230, 2747116, 1, 0, 0
277481, 3031040, 1, 0, 0
277731, 3031040, 1, 0, 0
277980, 3026763, 1, 0, 0
278231, 3031040, 1, 0, 0
278481, 2768896, 1, 0, 0
278730, 3388658, 1, 0, 0
278981, 3391488, 1, 0, 0
279231, 2965504, 1, 0, 0
279481, 3076112, 1, 0, 0
279731, 2211840, 1, 0, 0
279981, 2867200, 1, 0, 0
280231, 2599068, 1, 0, 0
280481, 2883584, 1, 0, 0
280731, 3440640, 1, 0, 0
280980, 3191261, 1, 0, 0
281231, 2883584, 1, 0, 0
281481, 1605632, 1, 0, 0
281730, 2631967, 1, 0, 0
281981, 1540096, 1, 0, 0
282231, 3129344, 1, 0, 0
282480, 2467469, 1, 0, 0
282731, 3145728, 1, 0, 0
282981, 2998272, 1, 0, 0
283231, 3063808, 1, 0, 0
283481, 3372208, 1, 0, 0
283731, 3325952, 1, 0, 0
283981, 3063808, 1, 0, 0
284230, 1793028, 1, 0, 0
284481, 1622016, 1, 0, 0
284731, 2359296, 1, 0, 0
284981, 2555904, 1, 0, 0
285231, 2582618, 1, 0, 0
285481, 2768896, 1, 0, 0
285731, 2605056, 1, 0, 0
285980, 2615518, 1, 0, 0
286231, 2375680, 1, 0, 0
286481, 2359296, 1, 0, 0
286731, 1760128, 1, 0, 0
286981, 2801664, 1, 0, 0
287231, 2555904, 1, 0, 0
287481, 1825927, 1, 0, 0
287731, 2555904, 1, 0, 0
287981, 2424832, 1, 0, 0
288231, 2500369, 1, 0, 0
288481, 2637824, 1, 0, 0
288731, 2736128, 1, 0, 0
288981, 2286522, 1, 0, 0
289231, 2949120, 1, 0, 0
289481, 2719744, 1, 0, 0
289730, 2845815, 1, 0, 0
289981, 2719744, 1, 0, 0
290231, 2392064, 1, 0, 0
290480, 2352321, 1, 0, 0
290731, 3096576, 1, 0, 0
290981, 2572288, 1, 0, 0
291231, 2555904, 1, 0, 0
291480, 2368771, 1, 0, 0
291731, 2441216, 1, 0, 0
291981, 1835008, 1, 0, 0
292231, 2490368, 1, 0, 0
292480, 2648417, 1, 0, 0
292731, 2277376, 1, 0, 0
292981, 1900544, 1, 0, 0
293231, 2703360, 1, 0, 0
293480, 2944514, 1, 0, 0
293730, 2490368, 1, 0, 0
293981, 2588672, 1, 0, 0
294231, 2686976, 1, 0, 0
294480, 2401670, 1, 0, 0
294730, 1966080, 1, 0, 0
294981, 1458176, 1, 0, 0
295231, 1736704, 1, 0, 0
295481, 1785856, 1, 0, 0
295731, 2451020, 1, 0, 0
295981, 2785280, 1, 0, 0
296231, 2801664, 1, 0, 0
296481, 2516819, 1, 0, 0
296731, 2473984, 1, 0, 0
296981, 2555904, 1, 0, 0
297230, 2483919, 1, 0, 0
297481, 2572288, 1, 0, 0
297731, 1998848, 1, 0, 0
297981, 2253622, 1, 0, 0
298231, 1310720, 1, 0, 0
298481, 1654784, 1, 0, 0
298731, 1332433, 1, 0, 0
298981, 2129920, 1, 0, 0
299230, 2204273, 1, 0, 0
299481, 1818624, 1, 0, 0
299731, 1835008, 1, 0, 0
299981, 1835008, 1, 0, 0
300231, 2335871, 1, 0, 0
300481, 1359872, 1, 0, 0
300731, 2179072, 1, 0, 0
300981, 2960963, 1, 0, 0
301231, 2293760, 1, 0, 0
301481, 2211840, 1, 0, 0
301731, 2302971, 1, 0, 0
301981, 2916352, 1, 0, 0
302231, 2359296, 1, 0, 0
302481, 2039775, 1, 0, 0
302731, 2277376, 1, 0, 0
302980, 1809477, 1, 0, 0
303231, 2572288, 1, 0, 0
303481, 2834432, 1, 0, 0
303731, 2237172, 1, 0, 0
303981, 2293760, 1, 0, 0
304231, 2031616, 1, 0, 0
304480, 2483919, 1, 0, 0
304731, 2211840, 1, 0, 0
304981, 2654208, 1, 0, 0
305230, 2237172, 1, 0, 0
305481, 2605056, 1, 0, 0
305731, 2473984, 1, 0, 0
305981, 1818624, 1, 0, 0
306231, 1398232, 1, 0, 0
306481, 2277376, 1, 0, 0
306732, 2719744, 1, 0, 0
306981, 2385220, 1, 0, 0
307231, 2113536, 1, 0, 0
307481, 2302971, 1, 0, 0
307732, 2392064, 1, 0, 0
307981, 2089124, 1, 0, 0
308232, 2064384, 1, 0, 0
308481, 2862265, 1, 0, 0
308731, 2244608, 1, 0, 0
308981, 2763566, 1, 0, 0
309231, 1851392, 1, 0, 0
309480, 2204273, 1, 0, 0
309731, 2211840, 1, 0, 0
309981, 1851392, 1, 0, 0
310230, 1677879, 1, 0, 0
310481, 1540096, 1, 0, 0
310731, 2260992, 1, 0, 0
310981, 2796465, 1, 0, 0
311231, 2195456, 1, 0, 0
311481, 2260992, 1, 0, 0
311731, 1793028, 1, 0, 0
311981, 1753088, 1, 0, 0
312230, 2154923, 1, 0, 0
312481, 2768896, 1, 0, 0
312731, 2162688, 1, 0, 0
312980, 2138473, 1, 0, 0
313231, 1736704, 1, 0, 0
313481, 1966080, 1, 0, 0
313730, 2154923, 1, 0, 0
313981, 2326528, 1, 0, 0
314231, 2031616, 1, 0, 0
314481, 1949696, 1, 0, 0
314731, 2533269, 1, 0, 0
314981, 2375680, 1, 0, 0
315231, 2293760, 1, 0, 0
315480, 2582618, 1, 0, 0
315731, 1769472, 1, 0, 0
315981, 1687552, 1, 0, 0
316231, 1572864, 1, 0, 0
316481, 575742, 1, 0, 0
316731, 983040, 1, 0, 0
316981, 2129920, 1, 0, 0
317230, 2434570, 1, 0, 0
317481, 2195456, 1, 0, 0
317731, 1835008, 1, 0, 0
317980, 1365333, 1, 0, 0
318231, 1900544, 1, 0, 0
318481, 1736704, 1, 0, 0
318731, 1867776, 1, 0, 0
318981, 1957526, 1, 0, 0
319231, 1753088, 1, 0, 0
319481, 1638400, 1, 0, 0
319731, 2352321, 1, 0, 0
319981, 1622016, 1, 0, 0
320231, 2097152, 1, 0, 0
320480, 2451020, 1, 0, 0
320731, 2179072, 1, 0, 0
320981, 1998848, 1, 0, 0
321230, 1842377, 1, 0, 0
321481, 1753088, 1, 0, 0
321731, 1458176, 1, 0, 0
321981, 1661429, 1, 0, 0
322231, 2588672, 1, 0, 0
322481, 1409024, 1, 0, 0
322731, 1464032, 1, 0, 0
322981, 2359296, 1, 0, 0
323231, 1949696, 1, 0, 0
323481, 1579180, 1, 0, 0
323731, 1998848, 1, 0, 0
323981, 1409024, 1, 0, 0
324230, 855389, 1, 0, 0
324481, 2637824, 1, 0, 0
324731, 1884160, 1, 0, 0
324980, 2319421, 1, 0, 0
325231, 589824, 1, 0, 0
325481, 1015808, 1, 0, 0
325731, 2211840, 1, 0, 0
325981, 1612080, 1, 0, 0
326231, 1884160, 1, 0, 0
326481, 1703936, 1, 0, 0
326731, 1052787, 1, 0, 0
326981, 425984, 1, 0, 0
327231, 1474560, 1, 0, 0
327481, 1875277, 1, 0, 0
327731, 1572864, 1, 0, 0
327980, 1644979, 1, 0, 0
328231, 2260992, 1, 0, 0
328481, 1556480, 1, 0, 0
328730, 1875277, 1, 0, 0
328981, 2129920, 1, 0, 0
329231, 2277376, 1, 0, 0
329480, 1447582, 1, 0, 0
329731, 1851392, 1, 0, 0
329981, 1310720, 1, 0, 0
330231, 1294336, 1, 0, 0
330481, 1825927, 1, 0, 0
330731, 2539520, 1, 0, 0
330981, 1769472, 1, 0, 0
331231, 1973975, 1, 0, 0
331481, 1916928, 1, 0, 0
331731, 1163264, 1, 0, 0
331981, 2056224, 1, 0, 0
332231, 2080768, 1, 0, 0
332481, 2048000, 1, 0, 0
332731, 2451020, 1, 0, 0
332981, 901120, 1, 0, 0
333231, 1261568, 1, 0, 0
333481, 2237172, 1, 0, 0
333731, 1490944, 1, 0, 0
333981, 2179072, 1, 0, 0
334231, 1644979, 1, 0, 0
334481, 1966080, 1, 0, 0
334731, 1884160, 1, 0, 0
334981, 1842377, 1, 0, 0
335231, 1212416, 1, 0, 0
335481, 2736128, 1, 0, 0
335731, 2237172, 1, 0, 0
335981, 1409024, 1, 0, 0
336231, 1933312, 1, 0, 0
336481, 1496931, 1, 0, 0
336731, 1687552, 1, 0, 0
336981, 2768896, 1, 0, 0
337231, 2467469, 1, 0, 0
337481, 2490368, 1, 0, 0
337731, 1982464, 1, 0, 0
337981, 1677879, 1, 0, 0
338231, 2097152, 1, 0, 0
338481, 1900544, 1, 0, 0
338731, 2352321, 1, 0, 0
338981, 2555904, 1, 0, 0
339231, 2401670, 1, 0, 0
339481, 1818624, 1, 0, 0
339731, 2129920, 1, 0, 0
339980, 2039775, 1, 0, 0
340231, 2310144, 1, 0, 0
340481, 1441792, 1, 0, 0
340730, 2039775, 1, 0, 0
340981, 1638400, 1, 0, 0
341231, 2408448, 1, 0, 0
341481, 2129920, 1, 0, 0
341730, 1957526, 1, 0, 0
341981, 2555904, 1, 0, 0
342231, 2605056, 1, 0, 0
342481, 1966080, 1, 0, 0
342730, 1496931, 1, 0, 0
342981, 2162688, 1, 0, 0
343231, 2441216, 1, 0, 0
343480, 2730666, 1, 0, 0
343731, 2064384, 1, 0, 0
343981, 2342912, 1, 0, 0
344231, 1802240, 1, 0, 0
344480, 2220722, 1, 0, 0
344731, 2654208, 1, 0, 0
344981, 3047424, 1, 0, 0
345231, 2703360, 1, 0, 0
345480, 2352321, 1, 0, 0
345731, 2048000, 1, 0, 0
345981, 2637824, 1, 0, 0
346230, 2204273, 1, 0, 0
346481, 3063808, 1, 0, 0
346731, 2097152, 1, 0, 0
346981, 2555904, 1, 0, 0
347230, 2730666, 1, 0, 0
347481, 2473984, 1, 0, 0
347731, 2473984, 1, 0, 0
347981, 2080768, 1, 0, 0
348230, 2122024, 1, 0, 0
348481, 1982464, 1, 0, 0
348731, 2179072, 1, 0, 0
348981, 2179072, 1, 0, 0
349230, 2270072, 1, 0, 0
349481, 2539520, 1, 0, 0
349731, 2473984, 1, 0, 0
349981, 2867200, 1, 0, 0
350230, 2697767, 1, 0, 0
350480, 3227648, 1, 0, 0
350731, 2998272, 1, 0, 0
350981, 2506752, 1, 0, 0
351231, 3031040, 1, 0, 0
351480, 2796465, 1, 0, 0
351731, 2867200, 1, 0, 0
351981, 2408448, 1, 0, 0
352231, 2129920, 1, 0, 0
352480, 1941076, 1, 0, 0
352731, 1933312, 1, 0, 0
352981, 2195456, 1, 0, 0
353230, 3257060, 1, 0, 0
353480, 1114112, 1, 0, 0
353731, 1294336, 1, 0, 0
353981, 2768896, 1, 0, 0
354231, 1966080, 1, 0, 0
354480, 2385220, 1, 0, 0
354731, 2686976, 1, 0, 0
354981, 2260992, 1, 0, 0
355231, 2342912, 1, 0, 0
355480, 2566168, 1, 0, 0
355731, 2588672, 1, 0, 0
355981, 2523136, 1, 0, 0
356231, 2473984, 1, 0, 0
356480, 2582618, 1, 0, 0
356730, 2867200, 1, 0, 0
356981, 2375680, 1, 0, 0
357231, 1851392, 1, 0, 0
357480, 1250184, 1, 0, 0
357730, 2179072, 1, 0, 0
357981, 2211840, 1, 0, 0
358231, 1638400, 1, 0, 0
358481, 2080768, 1, 0, 0
358730, 1891726, 1, 0, 0
358980, 2129920, 1, 0, 0
359231, 2654208, 1, 0, 0
359481, 1359872, 1, 0, 0
359731, 2244608, 1, 0, 0
359980, 2039775, 1, 0, 0
360231, 2228224, 1, 0, 0
360481, 2195456, 1, 0, 0
360731, 1900544, 1, 0, 0
360980, 2154923, 1, 0, 0
361231, 1933312, 1, 0, 0
361481, 1720320, 1, 0, 0
361731, 1441792, 1, 0, 0
361981, 1966080, 1, 0, 0
362230, 2467469, 1, 0, 0
362481, 1458176, 1, 0, 0
362731, 1998848, 1, 0, 0
362981, 1556480, 1, 0, 0
363230, 2335871, 1, 0, 0
363481, 2211840, 1, 0, 0
363731, 2752512, 1, 0, 0
363981, 2146304, 1, 0, 0
364230, 2286522, 1, 0, 0
364480, 2473984, 1, 0, 0
364731, 2195456, 1, 0, 0
364981, 2654208, 1, 0, 0
365231, 2457600, 1, 0, 0
365480, 2467469, 1, 0, 0
365730, 2228224, 1, 0, 0
365981, 1572864, 1, 0, 0
366231, 1474560, 1, 0, 0
366480, 1858827, 1, 0, 0
366731, 2949120, 1, 0, 0
366981, 2457600, 1, 0, 0
367231, 2719744, 1, 0, 0
367480, 2500369, 1, 0, 0
367731, 1589248, 1, 0, 0
367981, 2621440, 1, 0, 0
368231, 2244608, 1, 0, 0
368481, 1973975, 1, 0, 0
368731, 1802240, 1, 0, 0
368981, 1671168, 1, 0, 0
369230, 2368771, 1, 0, 0
369480, 2228224, 1, 0, 0
369731, 2162688, 1, 0, 0
369981, 2293760, 1, 0, 0
370231, 1785856, 1, 0, 0
370480, 1825927, 1, 0, 0
370731, 2015232, 1, 0, 0
370981, 1703936, 1, 0, 0
371231, 1900544, 1, 0, 0
371480, 1595630, 1, 0, 0
371731, 2457600, 1, 0, 0
371981, 1572864, 1, 0, 0
372231, 2588672, 1, 0, 0
372480, 1990425, 1, 0, 0
372730, 2179072, 1, 0, 0
372981, 2080768, 1, 0, 0
373231, 1982464, 1, 0, 0
373481, 2310144, 1, 0, 0
373730, 1908176, 1, 0, 0
373980, 2342912, 1, 0, 0
374231, 2588672, 1, 0, 0
374481, 1916928, 1, 0, 0
374731, 1966080, 1, 0, 0
374980, 2418120, 1, 0, 0
375231, 1638400, 1, 0, 0
375481, 1441792, 1, 0, 0
375731, 1310720, 1, 0, 0
375980, 2122024, 1, 0, 0
376231, 1966080, 1, 0, 0
376481, 2211840, 1, 0, 0
376731, 1720320, 1, 0, 0
376980, 1118586, 1, 0, 0
377230, 2015232, 1, 0, 0
377481, 1130496, 1, 0, 0
377731, 1769472, 1, 0, 0
377981, 1835008, 1, 0, 0
378230, 2171373, 1, 0, 0
378481, 1343488, 1, 0, 0
378731, 1998848, 1, 0, 0
378981, 1605632, 1, 0, 0
379231, 1409024, 1, 0, 0
379480, 1809477, 1, 0, 0
379731, 1458176, 1, 0, 0
379981, 1982464, 1, 0, 0
380231, 2080768, 1, 0, 0
380480, 1694329, 1, 0, 0
380730, 2031616, 1, 0, 0
380981, 2342912, 1, 0, 0
381231, 2064384, 1, 0, 0
381481, 2523136, 1, 0, 0
381730, 2664867, 1, 0, 0
381981, 1490944, 1, 0, 0
382231, 2064384, 1, 0, 0
382480, 1743678, 1, 0, 0
382731, 1785856, 1, 0, 0
382981, 1884160, 1, 0, 0
383231, 2260992, 1, 0, 0
383480, 1562730, 1, 0, 0
383731, 1998848, 1, 0, 0
383981, 2818048, 1, 0, 0
384231, 2326528, 1, 0, 0
384480, 1941076, 1, 0, 0
384731, 2244608, 1, 0, 0
384981, 2670592, 1, 0, 0
385231, 2801664, 1, 0, 0
385480, 2434570, 1, 0, 0
385731, 1572864, 1, 0, 0
385981, 2162688, 1, 0, 0
386231, 2310144, 1, 0, 0
386480, 2253622, 1, 0, 0
386730, 2277376, 1, 0, 0
386981, 2932736, 1, 0, 0
387231, 2392064, 1, 0, 0
387481, 2654208, 1, 0, 0
387730, 2664867, 1, 0, 0
387981, 2572288, 1, 0, 0
388231, 1998848, 1, 0, 0
388481, 2818048, 1, 0, 0
388731, 2418120, 1, 0, 0
388981, 2621440, 1, 0, 0
389231, 2588672, 1, 0, 0
389480, 1990425, 1, 0, 0
389731, 2359296, 1, 0, 0
389981, 3031040, 1, 0, 0
390231, 2375680, 1, 0, 0
390480, 2352321, 1, 0, 0
390731, 2408448, 1, 0, 0
390981, 2572288, 1, 0, 0
391231, 2965504, 1, 0, 0
391480, 2845815, 1, 0, 0
391731, 2457600, 1, 0, 0
391981, 1949696, 1, 0, 0
392231, 2441216, 1, 0, 0
392480, 3059662, 1, 0, 0
392731, 2523136, 1, 0, 0
392981, 2752512, 1, 0, 0
393231, 2392064, 1, 0, 0
393480, 2335871, 1, 0, 0
393730, 2195456, 1, 0, 0
393981, 2260992, 1, 0, 0
394231, 2424832, 1, 0, 0
394480, 2500369, 1, 0, 0
394730, 2768896, 1, 0, 0
394981, 2981888, 1, 0, 0
395231, 3031040, 1, 0, 0
395481, 2703360, 1, 0, 0
395730, 2516819, 1, 0, 0
395981, 2572288, 1, 0, 0
396231, 2605056, 1, 0, 0
396481, 3112960, 1, 0, 0
396730, 2483919, 1, 0, 0
396981, 2146304, 1, 0, 0
397231, 2899968, 1, 0, 0
397481, 2064384, 1, 0, 0
397730, 3109012, 1, 0, 0
397981, 2867200, 1, 0, 0
398231, 2424832, 1, 0, 0
398480, 2615518, 1, 0, 0
398731, 2277376, 1, 0, 0
398981, 2424832, 1, 0, 0
399231, 2359296, 1, 0, 0
399480, 1184385, 1, 0, 0
399731, 1507328, 1, 0, 0
399981, 2375680, 1, 0, 0
400231, 2392064, 1, 0, 0
400480, 2154923, 1, 0, 0
400731, 2244608, 1, 0, 0
400981, 2834432, 1, 0, 0
401231, 1933312, 1, 0, 0
401480, 1332433, 1, 0, 0
401730, 2424832, 1, 0, 0
401981, 2310144, 1, 0, 0
402231, 2736128, 1, 0, 0
402480, 2072674, 1, 0, 0
402730, 2473984, 1, 0, 0
402981, 2686976, 1, 0, 0
403231, 2555904, 1, 0, 0
403481, 2768896, 1, 0, 0
403730, 2516819, 1, 0, 0
403981, 2326528, 1, 0, 0
404231, 2048000, 1, 0, 0
404480, 1233734, 1, 0, 0
404731, 1556480, 1, 0, 0
404981, 1130496, 1, 0, 0
405231, 2146304, 1, 0, 0
405480, 2418120, 1, 0, 0
405731, 2031616, 1, 0, 0
405981, 2441216, 1, 0, 0
406231, 2654208, 1, 0, 0
406481, 2237172, 1, 0, 0
406731, 2162688, 1, 0, 0
406981, 2506752, 1, 0, 0
407230, 2664867, 1, 0, 0
407481, 2064384, 1, 0, 0
407731, 2031616, 1, 0, 0
407981, 1638400, 1, 0, 0
408231, 2352321, 1, 0, 0
408481, 1376256, 1, 0, 0
408731, 2064384, 1, 0, 0
408980, 2006875, 1, 0, 0
409231, 1802240, 1, 0, 0
409481, 1867776, 1, 0, 0
409731, 2113536, 1, 0, 0
409980, 2319421, 1, 0, 0
410231, 2195456, 1, 0, 0
410481, 2031616, 1, 0, 0
410730, 1973975, 1, 0, 0
410981, 1867776, 1, 0, 0
411231, 2146304, 1, 0, 0
411481, 2621440, 1, 0, 0
411731, 1858827, 1, 0, 0
411981, 1933312, 1, 0, 0
412231, 2179072, 1, 0, 0
412481, 2023325, 1, 0, 0
412731, 2293760, 1, 0, 0
412981, 1966080, 1, 0, 0
413231, 2467469, 1, 0, 0
413481, 1884160, 1, 0, 0
413731, 1720320, 1, 0, 0
413981, 1891726, 1, 0, 0
414231, 1736704, 1, 0, 0
414480, 1612080, 1, 0, 0
414731, 2031616, 1, 0, 0
414981, 2637824, 1, 0, 0
415231, 2064384, 1, 0, 0
415481, 2039775, 1, 0, 0
415731, 1916928, 1, 0, 0
415981, 2031616, 1, 0, 0
416231, 1760128, 1, 0, 0
416481, 1966080, 1, 0, 0
416731, 2064384, 1, 0, 0
416980, 1957526, 1, 0, 0
417231, 2293760, 1, 0, 0
417481, 1409024, 1, 0, 0
417731, 1612080, 1, 0, 0
417981, 2506752, 1, 0, 0
418231, 2211840, 1, 0, 0
418481, 2434570, 1, 0, 0
418731, 2244608, 1, 0, 0
418981, 2310144, 1, 0, 0
419231, 2138473, 1, 0, 0
419481, 2441216, 1, 0, 0
419731, 2506752, 1, 0, 0
419981, 2253622, 1, 0, 0
420231, 2228224, 1, 0, 0
420481, 1809477, 1, 0, 0
420731, 2441216, 1, 0, 0
420981, 2244608, 1, 0, 0
421231, 1990425, 1, 0, 0
421481, 2555904, 1, 0, 0
421731, 2555904, 1, 0, 0
421980, 2023325, 1, 0, 0
422231, 1949696, 1, 0, 0
422481, 1900544, 1, 0, 0
422730, 1464032, 1, 0, 0
422980, 2621440, 1, 0, 0
423231, 2048000, 1, 0, 0
423481, 1933312, 1, 0, 0
423730, 2270072, 1, 0, 0
423980, 2392064, 1, 0, 0
424231, 1638400, 1, 0, 0
424481, 2670592, 1, 0, 0
424731, 2588672, 1, 0, 0
424980, 2714216, 1, 0, 0
425231, 2637824, 1, 0, 0
425481, 1261568, 1, 0, 0
425731, 2375680, 1, 0, 0
425980, 2533269, 1, 0, 0
426231, 1835008, 1, 0, 0
426481, 2637824, 1, 0, 0
426731, 2949120, 1, 0, 0
426980, 2878714, 1, 0, 0
427231, 3162112, 1, 0, 0
427481, 2981888, 1, 0, 0
427731, 2599068, 1, 0, 0
427981, 2015232, 1, 0, 0
428231, 2736128, 1, 0, 0
428481, 3010313, 1, 0, 0
428731, 2408448, 1, 0, 0
428981, 2747116, 1, 0, 0
429231, 2457600, 1, 0, 0
429481, 3096576, 1, 0, 0
429731, 3158361, 1, 0, 0
429981, 3162112, 1, 0, 0
430232, 2555904, 1, 0, 0
430481, 1743678, 1, 0, 0
430731, 1851392, 1, 0, 0
430981, 2401670, 1, 0, 0
431231, 2277376, 1, 0, 0
431481, 1200835, 1, 0, 0
431731, 1916928, 1, 0, 0
431981, 2310144, 1, 0, 0
432231, 2911614, 1, 0, 0
432481, 2506752, 1, 0, 0
432731, 2719744, 1, 0, 0
432981, 1694329, 1, 0, 0
433231, 2129920, 1, 0, 0
433481, 2818048, 1, 0, 0
433731, 2418120, 1, 0, 0
433981, 1966080, 1, 0, 0
434231, 2850816, 1, 0, 0
434481, 1381783, 1, 0, 0
434731, 2703360, 1, 0, 0
434980, 2237172, 1, 0, 0
435231, 2965504, 1, 0, 0
435481, 2899968, 1, 0, 0
435731, 2244608, 1, 0, 0
435981, 3339309, 1, 0, 0
436231, 3276800, 1, 0, 0
436480, 2944514, 1, 0, 0
436731, 3489792, 1, 0, 0
436981, 2179072, 1, 0, 0
437230, 2138473, 1, 0, 0
437481, 2899968, 1, 0, 0
437731, 3014656, 1, 0, 0
437980, 2615518, 1, 0, 0
438231, 2981888, 1, 0, 0
438481, 3162112, 1, 0, 0
438731, 2899968, 1, 0, 0
438981, 1990425, 1, 0, 0
439231, 3440640, 1, 0, 0
439481, 2523136, 1, 0, 0
439731, 2615518, 1, 0, 0
439981, 2932736, 1, 0, 0
440231, 2670592, 1, 0, 0
440481, 2977413, 1, 0, 0
440731, 2539520, 1, 0, 0
440981, 2719744, 1, 0, 0
441231, 3125461, 1, 0, 0
441481, 3047424, 1, 0, 0
441731, 2780016, 1, 0, 0
441981, 3080192, 1, 0, 0
442231, 3293184, 1, 0, 0
442481, 2385220, 1, 0, 0
442731, 2129920, 1, 0, 0
442981, 2270072, 1, 0, 0
443231, 2818048, 1, 0, 0
443480, 2418120, 1, 0, 0
443731, 2686976, 1, 0, 0
443981, 3080192, 1, 0, 0
444230, 3174811, 1, 0, 0
444481, 2949120, 1, 0, 0
444731, 2785280, 1, 0, 0
444980, 1990425, 1, 0, 0
445231, 2342912, 1, 0, 0
445481, 2408448, 1, 0, 0
445731, 2780016, 1, 0, 0
445981, 2949120, 1, 0, 0
446231, 1736704, 1, 0, 0
446481, 2319421, 1, 0, 0
446731, 2686976, 1, 0, 0
446980, 2615518, 1, 0, 0
447231, 1982464, 1, 0, 0
447481, 2588672, 1, 0, 0
447730, 2549718, 1, 0, 0
447981, 1622016, 1, 0, 0
448231, 1490944, 1, 0, 0
448481, 2310144, 1, 0, 0
448731, 1562730, 1, 0, 0
448981, 2424832, 1, 0, 0
449231, 2605056, 1, 0, 0
449480, 1595630, 1, 0, 0
449731, 2981888, 1, 0, 0
449981, 2424832, 1, 0, 0
450230, 2730666, 1, 0, 0
450481, 2605056, 1, 0, 0
450731, 3145728, 1, 0, 0
450981, 3358720, 1, 0, 0
451230, 3207710, 1, 0, 0
451481, 2686976, 1, 0, 0
451731, 2998272, 1, 0, 0
451980, 2780016, 1, 0, 0
452231, 2572288, 1, 0, 0
452481, 2211840, 1, 0, 0
452731, 2195456, 1, 0, 0
452981, 2812915, 1, 0, 0
453231, 2981888, 1, 0, 0
453481, 2270072, 1, 0, 0
453731, 2719744, 1, 0, 0
453981, 2637824, 1, 0, 0
454231, 2335871, 1, 0, 0
454481, 1982464, 1, 0, 0
454731, 3080192, 1, 0, 0
454981, 3207710, 1, 0, 0
455231, 2818048, 1, 0, 0
455481, 2555904, 1, 0, 0
455731, 2664867, 1, 0, 0
455981, 2588672, 1, 0, 0
456231, 3063808, 1, 0, 0
456481, 2928064, 1, 0, 0
456731, 2637824, 1, 0, 0
456981, 2752512, 1, 0, 0
457231, 2615518, 1, 0, 0
457481, 2785280, 1, 0, 0
457731, 2523136, 1, 0, 0
457980, 2829365, 1, 0, 0
458231, 2883584, 1, 0, 0
458481, 2818048, 1, 0, 0
458730, 2763566, 1, 0, 0
458981, 3063808, 1, 0, 0
459231, 2719744, 1, 0, 0
459481, 2686976, 1, 0, 0
459731, 3092562, 1, 0, 0
459981, 3342336, 1, 0, 0
460231, 2654208, 1, 0, 0
460480, 2681317, 1, 0, 0
460731, 2703360, 1, 0, 0
460981, 3162112, 1, 0, 0
461231, 2637824, 1, 0, 0
461481, 2187823, 1, 0, 0
461731, 2293760, 1, 0, 0
461980, 2730666, 1, 0, 0
462231, 2965504, 1, 0, 0
462481, 2326528, 1, 0, 0
462731, 2319421, 1, 0, 0
462981, 2375680, 1, 0, 0
463231, 2031616, 1, 0, 0
463481, 2187823, 1, 0, 0
463731, 2392064, 1, 0, 0
463981, 2146304, 1, 0, 0
464231, 3043212, 1, 0, 0
464481, 2899968, 1, 0, 0
464731, 2424832, 1, 0, 0
464980, 2302971, 1, 0, 0
465231, 3276800, 1, 0, 0
465481, 2457600, 1, 0, 0
465730, 2352321, 1, 0, 0
465981, 2179072, 1, 0, 0
466231, 1933312, 1, 0, 0
466481, 1998848, 1, 0, 0
466730, 2533269, 1, 0, 0
466981, 2506752, 1, 0, 0
467231, 2408448, 1, 0, 0
467480, 2335871, 1, 0, 0
467731, 2785280, 1, 0, 0
467981, 2850816, 1, 0, 0
468231, 3162112, 1, 0, 0
468481, 3141911, 1, 0, 0
468731, 3276800, 1, 0, 0
468981, 3145728, 1, 0, 0
469230, 2911614, 1, 0, 0
469481, 3227648, 1, 0, 0
469731, 3407872, 1, 0, 0
469981, 2605056, 1, 0, 0
470231, 3224160, 1, 0, 0
470481, 3293184, 1, 0, 0
470731, 2719744, 1, 0, 0
470980, 2812915, 1, 0, 0
471231, 2654208, 1, 0, 0
471481, 3211264, 1, 0, 0
471731, 3273510, 1, 0, 0
471981, 1966080, 1, 0, 0
472231, 3092562, 1, 0, 0
472481, 2703360, 1, 0, 0
472731, 2368771, 1, 0, 0
472981, 3063808, 1, 0, 0
473232, 2867200, 1, 0, 0
473481, 3191261, 1, 0, 0
473731, 2441216, 1, 0, 0
473981, 2862265, 1, 0, 0
474231, 3112960, 1, 0, 0
474481, 2654208, 1, 0, 0
474731, 2599068, 1, 0, 0
474981, 2392064, 1, 0, 0
475231, 3244032, 1, 0, 0
475481, 2829365, 1, 0, 0
475731, 2768896, 1, 0, 0
475981, 2473984, 1, 0, 0
476231, 2418120, 1, 0, 0
476481, 2097152, 1, 0, 0
476730, 2006875, 1, 0, 0
476981, 2392064, 1, 0, 0
477231, 2441216, 1, 0, 0
477481, 2352321, 1, 0, 0
477731, 2621440, 1, 0, 0
477981, 1867776, 1, 0, 0
478231, 2911614, 1, 0, 0
478481, 1998848, 1, 0, 0
478731, 2829365, 1, 0, 0
478981, 2785280, 1, 0, 0
479231, 2703360, 1, 0, 0
479481, 2878714, 1, 0, 0
479731, 1998848, 1, 0, 0
479981, 2031616, 1, 0, 0
480230, 2154923, 1, 0, 0
480481, 1835008, 1, 0, 0
480731, 2572288, 1, 0, 0
480980, 3141911, 1, 0, 0
481231, 1998848, 1, 0, 0
481481, 2457600, 1, 0, 0
481730, 2615518, 1, 0, 0
481981, 3506176, 1, 0, 0
482231, 2703360, 1, 0, 0
482481, 2523136, 1, 0, 0
482730, 2812915, 1, 0, 0
482981, 2588672, 1, 0, 0
483231, 2392064, 1, 0, 0
483480, 3602506, 1, 0, 0
483731, 2654208, 1, 0, 0
483981, 2277376, 1, 0, 0
484231, 3178496, 1, 0, 0
484481, 2368771, 1, 0, 0
484731, 2162688, 1, 0, 0
484981, 2588672, 1, 0, 0
485230, 2401670, 1, 0, 0
485481, 2670592, 1, 0, 0
485731, 2834432, 1, 0, 0
485981, 3457024, 1, 0, 0
486231, 2928064, 1, 0, 0
486481, 2506752, 1, 0, 0
486731, 3309568, 1, 0, 0
486981, 3109012, 1, 0, 0
487231, 3014656, 1, 0, 0
487481, 2752512, 1, 0, 0
487731, 2500369, 1, 0, 0
487981, 2342912, 1, 0, 0
488231, 1753088, 1, 0, 0
488481, 2105574, 1, 0, 0
488731, 1785856, 1, 0, 0
488981, 1851392, 1, 0, 0
489231, 1990425, 1, 0, 0
489481, 2080768, 1, 0, 0
489731, 2244608, 1, 0, 0
489980, 2730666, 1, 0, 0
490231, 2408448, 1, 0, 0
490481, 2359296, 1, 0, 0
490731, 2048000, 1, 0, 0
490981, 2368771, 1, 0, 0
491231, 2621440, 1, 0, 0
491481, 2850816, 1, 0, 0
491730, 3158361, 1, 0, 0
491981, 3063808, 1, 0, 0
492231, 2506752, 1, 0, 0
492480, 2829365, 1, 0, 0
492731, 2441216, 1, 0, 0
492981, 3096576, 1, 0, 0
493231, 2473984, 1, 0, 0
493481, 2401670, 1, 0, 0
493731, 2015232, 1, 0, 0
493981, 2260992, 1, 0, 0
494230, 3043212, 1, 0, 0
494481, 2375680, 1, 0, 0
494731, 2490368, 1, 0, 0
494981, 1605632, 1, 0, 0
495231, 1891726, 1, 0, 0
495481, 2850816, 1, 0, 0
495731, 2932736, 1, 0, 0
495980, 2796465, 1, 0, 0
496231, 1769472, 1, 0, 0
496481, 2785280, 1, 0, 0
496731, 2670592, 1, 0, 0
496981, 3372208, 1, 0, 0
497231, 3096576, 1, 0, 0
497481, 2785280, 1, 0, 0
497730, 2615518, 1, 0, 0
497981, 2670592, 1, 0, 0
498231, 2048000, 1, 0, 0
498481, 2195456, 1, 0, 0
498731, 2599068, 1, 0, 0
498981, 2162688, 1, 0, 0
499231, 2457600, 1, 0, 0
499480, 2105574, 1, 0, 0
499731, 2146304, 1, 0, 0
499981, 1867776, 1, 0, 0
500231, 1474560, 1, 0, 0
500481, 2483919, 1, 0, 0
500731, 1589248, 1, 0, 0
500981, 1507328, 1, 0, 0
501231, 1496931, 1, 0, 0
501481, 1228800, 1, 0, 0
501732, 1802240, 1, 0, 0
501981, 2500369, 1, 0, 0
502231, 2899968, 1, 0, 0
502481, 2302971, 1, 0, 0
502731, 2949120, 1, 0, 0
502981, 3293184, 1, 0, 0
503231, 2500369, 1, 0, 0
503481, 3031040, 1, 0, 0
503731, 2883584, 1, 0, 0
503981, 2730666, 1, 0, 0
504231, 3145728, 1, 0, 0
504481, 2473984, 1, 0, 0
504730, 2631967, 1, 0, 0
504981, 2998272, 1, 0, 0
505231, 2277376, 1, 0, 0
505481, 2375680, 1, 0, 0
505731, 2763566, 1, 0, 0
505981, 2260992, 1, 0, 0
506231, 2801664, 1, 0, 0
506480, 2911614, 1, 0, 0
506731, 2457600, 1, 0, 0
506981, 2867200, 1, 0, 0
507230, 2812915, 1, 0, 0
507481, 2490368, 1, 0, 0
507731, 2572288, 1, 0, 0
507981, 2113536, 1, 0, 0
508231, 2681317, 1, 0, 0
508481, 1376256, 1, 0, 0
508731, 1703936, 1, 0, 0
508981, 2451020, 1, 0, 0
509231, 2244608, 1, 0, 0
509481, 1785856, 1, 0, 0
509731, 1957526, 1, 0, 0
509981, 2277376, 1, 0, 0
510230, 2631967, 1, 0, 0
510481, 2473984, 1, 0, 0
510731, 2965504, 1, 0, 0
510981, 2703360, 1, 0, 0
511231, 2631967, 1, 0, 0
511481, 2670592, 1, 0, 0
511731, 2375680, 1, 0, 0
511981, 2467469, 1, 0, 0
512231, 2129920, 1, 0, 0
512481, 2441216, 1, 0, 0
512730, 2105574, 1, 0, 0
512981, 1867776, 1, 0, 0
513231, 1884160, 1, 0, 0
513480, 2599068, 1, 0, 0
513731, 2637824, 1, 0, 0
513981, 2097152, 1, 0, 0
514231, 1671168, 1, 0, 0
514481, 2483919, 1, 0, 0
514731, 2326528, 1, 0, 0
514981, 2375680, 1, 0, 0
515231, 1908176, 1, 0, 0
515481, 2654208, 1, 0, 0
515731, 2473984, 1, 0, 0
515980, 2270072, 1, 0, 0
516231, 2342912, 1, 0, 0
516481, 2473984, 1, 0, 0
516731, 2599068, 1, 0, 0
516981, 2686976, 1, 0, 0
517230, 2319421, 1, 0, 0
517481, 2277376, 1, 0, 0
517731, 2899968, 1, 0, 0
517981, 2204273, 1, 0, 0
518231, 1982464, 1, 0, 0
518481, 2588672, 1, 0, 0
518731, 2467469, 1, 0, 0
518981, 2326528, 1, 0, 0
519231, 2588672, 1, 0, 0
519481, 2664867, 1, 0, 0
519731, 2621440, 1, 0, 0
519980, 2993863, 1, 0, 0
520231, 2277376, 1, 0, 0
520481, 1671168, 1, 0, 0
520731, 1200835, 1, 0, 0
520981, 2621440, 1, 0, 0
521231, 2277376, 1, 0, 0
521481, 2599068, 1, 0, 0
521731, 2850816, 1, 0, 0
521981, 2293760, 1, 0, 0
522231, 2418120, 1, 0, 0
522481, 2359296, 1, 0, 0
522730, 2220722, 1, 0, 0
522981, 2441216, 1, 0, 0
523231, 2162688, 1, 0, 0
523481, 1644979, 1, 0, 0
523731, 1687552, 1, 0, 0
523981, 2582618, 1, 0, 0
524231, 2457600, 1, 0, 0
524480, 2434570, 1, 0, 0
524731, 2375680, 1, 0, 0
524981, 2277376, 1, 0, 0
525230, 1908176, 1, 0, 0
525480, 1671168, 1, 0, 0
525731, 2146304, 1, 0, 0
525981, 2228224, 1, 0, 0
526230, 2270072, 1, 0, 0
526480, 2473984, 1, 0, 0
526730, 2211840, 1, 0, 0
526980, 2490368, 1, 0, 0
527230, 2408448, 1, 0, 0
527481, 2424832, 1, 0, 0
527731, 2736128, 1, 0, 0
527981, 2834432, 1, 0, 0
528231, 2555904, 1, 0, 0
528481, 2605056, 1, 0, 0
528730, 2319421, 1, 0, 0
528980, 3014656, 1, 0, 0
529230, 1769472, 1, 0, 0
529480, 2015232, 1, 0, 0
529730, 2408448, 1, 0, 0
529980, 2277376, 1, 0, 0
530231, 1982464, 1, 0, 0
530481, 1802240, 1, 0, 0
530731, 2506752, 1, 0, 0
530981, 2260992, 1, 0, 0
531231, 2031616, 1, 0, 0
531480, 2451020, 1, 0, 0
531730, 2375680, 1, 0, 0
531980, 2097152, 1, 0, 0
532230, 2818048, 1, 0, 0
532480, 2424832, 1, 0, 0
532730, 2326528, 1, 0, 0
532981, 2015232, 1, 0, 0
533231, 1687552, 1, 0, 0
533481, 1294336, 1, 0, 0
533731, 1343488, 1, 0, 0
533980, 1217285, 1, 0, 0
534230, 1540096, 1, 0, 0
534480, 1966080, 1, 0, 0
534730, 2572288, 1, 0, 0
534980, 802816, 1, 0, 0
535230, 2048000, 1, 0, 0
535480, 2605056, 1, 0, 0
535731, 2457600, 1, 0, 0
535981, 1982464, 1, 0, 0
536231, 2359296, 1, 0, 0
536481, 2244608, 1, 0, 0
536731, 2293760, 1, 0, 0
536980, 1694329, 1, 0, 0
537230, 2260992, 1, 0, 0
537480, 2048000, 1, 0, 0
537730, 2621440, 1, 0, 0
537980, 2228224, 1, 0, 0
538230, 2375680, 1, 0, 0
538480, 2424832, 1, 0, 0
538731, 2916352, 1, 0, 0
538981, 2834432, 1, 0, 0
539231, 2359296, 1, 0, 0
539480, 2681317, 1, 0, 0
539730, 2342912, 1, 0, 0
539980, 2244608, 1, 0, 0
540230, 2113536, 1, 0, 0
540480, 2555904, 1, 0, 0
540730, 2080768, 1, 0, 0
540981, 2719744, 1, 0, 0
541231, 2506752, 1, 0, 0
541481, 2162688, 1, 0, 0
541731, 2555904, 1, 0, 0
541981, 2719744, 1, 0, 0
542230, 2763566, 1, 0, 0
542480, 2015232, 1, 0, 0
542730, 2179072, 1, 0, 0
542980, 2129920, 1, 0, 0
543230, 2867200, 1, 0, 0
543481, 2310144, 1, 0, 0
543731, 2523136, 1, 0, 0
543981, 2752512, 1, 0, 0
544231, 2506752, 1, 0, 0
544480, 3092562, 1, 0, 0
544730, 2605056, 1, 0, 0
544980, 2883584, 1, 0, 0
545230, 2506752, 1, 0, 0
545480, 2457600, 1, 0, 0
545731, 2686976, 1, 0, 0
545981, 2654208, 1, 0, 0
546231, 2670592, 1, 0, 0
546481, 2981888, 1, 0, 0
546731, 2916352, 1, 0, 0
546980, 2895164, 1, 0, 0
547230, 2523136, 1, 0, 0
547480, 2654208, 1, 0, 0
547730, 3014656, 1, 0, 0
547980, 3047424, 1, 0, 0
548230, 2932736, 1, 0, 0
548481, 2768896, 1, 0, 0
548731, 2015232, 1, 0, 0
548981, 2736128, 1, 0, 0
549231, 2097152, 1, 0, 0
549480, 2763566, 1, 0, 0
549730, 2375680, 1, 0, 0
549980, 2162688, 1, 0, 0
550230, 2539520, 1, 0, 0
550480, 2080768, 1, 0, 0
550730, 2293760, 1, 0, 0
550980, 2867200, 1, 0, 0
551231, 2326528, 1, 0, 0
551481, 3129344, 1, 0, 0
551731, 3129344, 1, 0, 0
551981, 1933312, 1, 0, 0
552230, 2796465, 1, 0, 0
552480, 2736128, 1, 0, 0
552730, 2211840, 1, 0, 0
552980, 2637824, 1, 0, 0
553230, 2473984, 1, 0, 0
553480, 2785280, 1, 0, 0
553731, 3375104, 1, 0, 0
553981, 3063808, 1, 0, 0
554231, 2375680, 1, 0, 0
554481, 3211264, 1, 0, 0
554730, 2829365, 1, 0, 0
554980, 2654208, 1, 0, 0
555230, 1884160, 1, 0, 0
555480, 2768896, 1, 0, 0
555730, 2670592, 1, 0, 0
555980, 2211840, 1, 0, 0
556230, 2834432, 1, 0, 0
556481, 2048000, 1, 0, 0
556731, 2834432, 1, 0, 0
556981, 2736128, 1, 0, 0
557231, 2768896, 1, 0, 0
557481, 2162688, 1, 0, 0
557730, 2039775, 1, 0, 0
557980, 2277376, 1, 0, 0
558230, 2785280, 1, 0, 0
558480, 3014656, 1, 0, 0
558730, 3112960, 1, 0, 0
558980, 3047424, 1, 0, 0
559231, 3244032, 1, 0, 0
559481, 2867200, 1, 0, 0
559731, 2686976, 1, 0, 0
559981, 2211840, 1, 0, 0
560230, 2039775, 1, 0, 0
560480, 2277376, 1, 0, 0
560730, 2605056, 1, 0, 0
560980, 2424832, 1, 0, 0
561231, 2179072, 1, 0, 0
561481, 2752512, 1, 0, 0
561731, 3047424, 1, 0, 0
561981, 2039775, 1, 0, 0
562231, 2375680, 1, 0, 0
562481, 3194880, 1, 0, 0
562730, 2286522, 1, 0, 0
562981, 2080768, 1, 0, 0
563231, 2539520, 1, 0, 0
563480, 3158361, 1, 0, 0
563731, 2768896, 1, 0, 0
563981, 2965504, 1, 0, 0
564231, 3047424, 1, 0, 0
564480, 3109012, 1, 0, 0
564731, 2686976, 1, 0, 0
564981, 2539520, 1, 0, 0
565231, 2506752, 1, 0, 0
565481, 2747116, 1, 0, 0
565731, 2326528, 1, 0, 0
565981, 2916352, 1, 0, 0
566231, 2302971, 1, 0, 0
566481, 2211840, 1, 0, 0
566731, 2048000, 1, 0, 0
566981, 2418120, 1, 0, 0
567231, 2195456, 1, 0, 0
567481, 2818048, 1, 0, 0
567731, 2911614, 1, 0, 0
567981, 2277376, 1, 0, 0
568231, 2342912, 1, 0, 0
568481, 3076112, 1, 0, 0
568731, 3440640, 1, 0, 0
568981, 2834432, 1, 0, 0
569231, 2401670, 1, 0, 0
569481, 2719744, 1, 0, 0
569731, 2621440, 1, 0, 0
569980, 2747116, 1, 0, 0
570231, 2686976, 1, 0, 0
570481, 2670592, 1, 0, 0
570730, 2763566, 1, 0, 0
570981, 2932736, 1, 0, 0
571231, 2162688, 1, 0, 0
571481, 1703936, 1, 0, 0
571731, 2056224, 1, 0, 0
571981, 1327104, 1, 0, 0
572231, 2441216, 1, 0, 0
572480, 2418120, 1, 0, 0
572731, 2424832, 1, 0, 0
572981, 2310144, 1, 0, 0
573231, 2408448, 1, 0, 0
573481, 1990425, 1, 0, 0
573731, 2260992, 1, 0, 0
573981, 2768896, 1, 0, 0
574230, 1431132, 1, 0, 0
574481, 2801664, 1, 0, 0
574731, 2473984, 1, 0, 0
574981, 2572288, 1, 0, 0
575230, 2582618, 1, 0, 0
575481, 3063808, 1, 0, 0
575731, 1949696, 1, 0, 0
575980, 2138473, 1, 0, 0
576231, 1212416, 1, 0, 0
576481, 1802240, 1, 0, 0
576731, 2457600, 1, 0, 0
576980, 2056224, 1, 0, 0
577231, 2342912, 1, 0, 0
577481, 2375680, 1, 0, 0
577730, 2319421, 1, 0, 0
577981, 2015232, 1, 0, 0
578231, 1638400, 1, 0, 0
578481, 1933312, 1, 0, 0
578731, 1760128, 1, 0, 0
578981, 1851392, 1, 0, 0
579231, 2244608, 1, 0, 0
579480, 2566168, 1, 0, 0
579731, 2424832, 1, 0, 0
579981, 2080768, 1, 0, 0
580230, 2467469, 1, 0, 0
580481, 2392064, 1, 0, 0
580731, 2473984, 1, 0, 0
580981, 2392064, 1, 0, 0
581231, 2105574, 1, 0, 0
581481, 2392064, 1, 0, 0
581731, 2326528, 1, 0, 0
581981, 2424832, 1, 0, 0
582230, 2631967, 1, 0, 0
582480, 2342912, 1, 0, 0
582730, 2441216, 1, 0, 0
582980, 2146304, 1, 0, 0
583230, 2555904, 1, 0, 0
583481, 3194880, 1, 0, 0
583731, 2555904, 1, 0, 0
583981, 3096576, 1, 0, 0
584231, 2129920, 1, 0, 0
584481, 2244608, 1, 0, 0
584730, 2615518, 1, 0, 0
584980, 2408448, 1, 0, 0
585230, 3112960, 1, 0, 0
585480, 2211840, 1, 0, 0
585730, 3014656, 1, 0, 0
585980, 2080768, 1, 0, 0
586231, 2818048, 1, 0, 0
586481, 2916352, 1, 0, 0
586731, 2392064, 1, 0, 0
586981, 2654208, 1, 0, 0
587230, 2960963, 1, 0, 0
587480, 2277376, 1, 0, 0
587730, 2473984, 1, 0, 0
587980, 1998848, 1, 0, 0
588230, 1687552, 1, 0, 0
588480, 1785856, 1, 0, 0
588731, 2326528, 1, 0, 0
588981, 2162688, 1, 0, 0
589231, 2277376, 1, 0, 0
589481, 2293760, 1, 0, 0
589730, 1858827, 1, 0, 0
589980, 2097152, 1, 0, 0
590230, 2850816, 1, 0, 0
590480, 1851392, 1, 0, 0
590730, 1294336, 1, 0, 0
590980, 2064384, 1, 0, 0
591230, 2359296, 1, 0, 0
591481, 1490944, 1, 0, 0
591731, 2146304, 1, 0, 0
591981, 1851392, 1, 0, 0
592231, 2048000, 1, 0, 0
592480, 1842377, 1, 0, 0
592730, 1343488, 1, 0, 0
592980, 1949696, 1, 0, 0
593230, 2392064, 1, 0, 0
593480, 2572288, 1, 0, 0
593730, 2129920, 1, 0, 0
593981, 1703936, 1, 0, 0
594231, 2375680, 1, 0, 0
594481, 2211840, 1, 0, 0
594731, 2473984, 1, 0, 0
594980, 2582618, 1, 0, 0
595230, 2588672, 1, 0, 0
595480, 2080768, 1, 0, 0
595730, 2080768, 1, 0, 0
595980, 1982464, 1, 0, 0
596230, 2244608, 1, 0, 0
596481, 2670592, 1, 0, 0
596731, 2228224, 1, 0, 0
596981, 2555904, 1, 0, 0
597231, 2424832, 1, 0, 0
597481, 2949120, 1, 0, 0
597730, 2862265, 1, 0, 0
597980, 3014656, 1, 0, 0
598230, 1949696, 1, 0, 0
598480, 2572288, 1, 0, 0
598730, 2768896, 1, 0, 0
598980, 2342912, 1, 0, 0
599231, 2605056, 1, 0, 0
599481, 3194880, 1, 0, 0
599731, 3112960, 1, 0, 0
599981, 3129344, 1, 0, 0
600230, 3076112, 1, 0, 0
600480, 2834432, 1, 0, 0
600730, 2801664, 1, 0, 0
600980, 3276800, 1, 0, 0
601230, 3162112, 1, 0, 0
601480, 2916352, 1, 0, 0
601730, 2818048, 1, 0, 0
601980, 3260416, 1, 0, 0
602231, 3620864, 1, 0, 0
602481, 3047424, 1, 0, 0
602731, 2736128, 1, 0, 0
602981, 1933312, 1, 0, 0
603230, 3026763, 1, 0, 0
603480, 2834432, 1, 0, 0
603730, 2719744, 1, 0, 0
603980, 3244032, 1, 0, 0
604230, 2539520, 1, 0, 0
604480, 2621440, 1, 0, 0
604731, 2146304, 1, 0, 0
604981, 2129920, 1, 0, 0
605231, 1982464, 1, 0, 0
605481, 2637824, 1, 0, 0
605730, 2253622, 1, 0, 0
605980, 2801664, 1, 0, 0
606230, 2785280, 1, 0, 0
606480, 3391488, 1, 0, 0
606730, 2490368, 1, 0, 0
606980, 2572288, 1, 0, 0
607230, 2310144, 1, 0, 0
607481, 2490368, 1, 0, 0
607731, 3178496, 1, 0, 0
607981, 2162688, 1, 0, 0
608231, 2949120, 1, 0, 0
608480, 2056224, 1, 0, 0
608730, 1769472, 1, 0, 0
608980, 2080768, 1, 0, 0
609230, 2048000, 1, 0, 0
609480, 1966080, 1, 0, 0
609730, 1687552, 1, 0, 0
609980, 1671168, 1, 0, 0
610231, 2473984, 1, 0, 0
610481, 1802240, 1, 0, 0
610731, 2473984, 1, 0, 0
610981, 2113536, 1, 0, 0
611230, 1562730, 1, 0, 0
611480, 2031616, 1, 0, 0
611730, 2719744, 1, 0, 0
611980, 2441216, 1, 0, 0
612231, 2932736, 1, 0, 0
612481, 2998272, 1, 0, 0
612731, 2867200, 1, 0, 0
612981, 2703360, 1, 0, 0
613231, 1490944, 1, 0, 0
613480, 1957526, 1, 0, 0
613730, 1769472, 1, 0, 0
613980, 2048000, 1, 0, 0
614230, 2408448, 1, 0, 0
614480, 1867776, 1, 0, 0
614730, 2375680, 1, 0, 0
614981, 2998272, 1, 0, 0
615231, 2834432, 1, 0, 0
615481, 2867200, 1, 0, 0
615731, 2834432, 1, 0, 0
615980, 2089124, 1, 0, 0
616230, 2424832, 1, 0, 0
616480, 2146304, 1, 0, 0
616730, 2064384, 1, 0, 0
616980, 2506752, 1, 0, 0
617231, 2588672, 1, 0, 0
617481, 2916352, 1, 0, 0
617731, 3031040, 1, 0, 0
617981, 2719744, 1, 0, 0
618231, 2195456, 1, 0, 0
618480, 2780016, 1, 0, 0
618730, 2572288, 1, 0, 0
618980, 2916352, 1, 0, 0
619230, 2637824, 1, 0, 0
619480, 2703360, 1, 0, 0
619730, 2031616, 1, 0, 0
619981, 2195456, 1, 0, 0
620231, 2588672, 1, 0, 0
620481, 3112960, 1, 0, 0
620731, 2654208, 1, 0, 0
620981, 2637824, 1, 0, 0
621230, 2286522, 1, 0, 0
621480, 2162688, 1, 0, 0
621730, 2719744, 1, 0, 0
621980, 2588672, 1, 0, 0
622230, 1245184, 1, 0, 0
622480, 1949696, 1, 0, 0
622731, 2064384, 1, 0, 0
622981, 2326528, 1, 0, 0
623231, 2588672, 1, 0, 0
623481, 2310144, 1, 0, 0
623730, 2335871, 1, 0, 0
623980, 2457600, 1, 0, 0
624230, 2293760, 1, 0, 0
624480, 2539520, 1, 0, 0
624730, 2129920, 1, 0, 0
624980, 3112960, 1, 0, 0
625230, 2179072, 1, 0, 0
625481, 3276800, 1, 0, 0
625731, 2932736, 1, 0, 0
625981, 1933312, 1, 0, 0
626231, 1916928, 1, 0, 0
626480, 2270072, 1, 0, 0
626730, 2523136, 1, 0, 0
626980, 1441792, 1, 0, 0
627230, 1867776, 1, 0, 0
627480, 1851392, 1, 0, 0
627730, 2441216, 1, 0, 0
627981, 2310144, 1, 0, 0
628231, 2572288, 1, 0, 0
628481, 1507328, 1, 0, 0
628731, 1523712, 1, 0, 0
628981, 2113536, 1, 0, 0
629230, 1990425, 1, 0, 0
629480, 3178496, 1, 0, 0
629730, 3031040, 1, 0, 0
629980, 3031040, 1, 0, 0
630230, 2899968, 1, 0, 0
630480, 2736128, 1, 0, 0
630731, 1753088, 1, 0, 0
630981, 2850816, 1, 0, 0
631231, 1916928, 1, 0, 0
631481, 1540096, 1, 0, 0
631730, 1562730, 1, 0, 0
631980, 1720320, 1, 0, 0
632230, 2801664, 1, 0, 0
632480, 2359296, 1, 0, 0
632730, 2785280, 1, 0, 0
632980, 2637824, 1, 0, 0
633231, 2736128, 1, 0, 0
633481, 2916352, 1, 0, 0
633731, 2621440, 1, 0, 0
633981, 2506752, 1, 0, 0
634231, 2752512, 1, 0, 0
634480, 2615518, 1, 0, 0
634730, 2605056, 1, 0, 0
634980, 2277376, 1, 0, 0
635230, 2310144, 1, 0, 0
635480, 2162688, 1, 0, 0
635730, 2310144, 1, 0, 0
635981, 2260992, 1, 0, 0
636231, 2129920, 1, 0, 0
636481, 1523712, 1, 0, 0
636730, 1529831, 1, 0, 0
636980, 2162688, 1, 0, 0
637230, 2424832, 1, 0, 0
637480, 1654784, 1, 0, 0
637730, 2392064, 1, 0, 0
637980, 1540096, 1, 0, 0
638230, 1523712, 1, 0, 0
638481, 1867776, 1, 0, 0
638731, 2146304, 1, 0, 0
638981, 2097152, 1, 0, 0
639231, 2473984, 1, 0, 0
639480, 2878714, 1, 0, 0
639730, 2326528, 1, 0, 0
639980, 2293760, 1, 0, 0
640230, 2473984, 1, 0, 0
640480, 1654784, 1, 0, 0
640730, 2555904, 1, 0, 0
640980, 2211840, 1, 0, 0
641231, 1785856, 1, 0, 0
641481, 2572288, 1, 0, 0
641731, 1900544, 1, 0, 0
641980, 1710779, 1, 0, 0
642230, 1589248, 1, 0, 0
642480, 2031616, 1, 0, 0
642730, 1900544, 1, 0, 0
642980, 2080768, 1, 0, 0
643230, 1425408, 1, 0, 0
643480, 1736704, 1, 0, 0
643731, 1949696, 1, 0, 0
643981, 2260992, 1, 0, 0
644231, 2408448, 1, 0, 0
644481, 2244608, 1, 0, 0
644730, 2648417, 1, 0, 0
644980, 2080768, 1, 0, 0
645230, 2064384, 1, 0, 0
645480, 2031616, 1, 0, 0
645730, 2932736, 1, 0, 0
645981, 2899968, 1, 0, 0
646231, 2244608, 1, 0, 0
646481, 1867776, 1, 0, 0
646731, 1720320, 1, 0, 0
646980, 1776578, 1, 0, 0
647230, 2670592, 1, 0, 0
647480, 1949696, 1, 0, 0
647730, 2818048, 1, 0, 0
647980, 2506752, 1, 0, 0
648230, 2932736, 1, 0, 0
648480, 1867776, 1, 0, 0
648731, 2392064, 1, 0, 0
648981, 2441216, 1, 0, 0
649231, 2424832, 1, 0, 0
649481, 2899968, 1, 0, 0
649730, 2549718, 1, 0, 0
649980, 1916928, 1, 0, 0
650230, 2162688, 1, 0, 0
650480, 2408448, 1, 0, 0
650730, 2506752, 1, 0, 0
650980, 2129920, 1, 0, 0
651231, 2768896, 1, 0, 0
651481, 2359296, 1, 0, 0
651731, 2408448, 1, 0, 0
651981, 2736128, 1, 0, 0
652231, 2523136, 1, 0, 0
652480, 2944514, 1, 0, 0
652730, 2424832, 1, 0, 0
652980, 2621440, 1, 0, 0
653230, 2899968, 1, 0, 0
653480, 2883584, 1, 0, 0
653730, 2441216, 1, 0, 0
653980, 2949120, 1, 0, 0
654231, 2768896, 1, 0, 0
654481, 2244608, 1, 0, 0
654731, 2768896, 1, 0, 0
654981, 2637824, 1, 0, 0
655230, 2566168, 1, 0, 0
655480, 1982464, 1, 0, 0
655730, 2441216, 1, 0, 0
655980, 2654208, 1, 0, 0
656230, 2523136, 1, 0, 0
656480, 1998848, 1, 0, 0
656730, 1736704, 1, 0, 0
656981, 2818048, 1, 0, 0
657231, 3145728, 1, 0, 0
657481, 3112960, 1, 0, 0
657731, 1982464, 1, 0, 0
657981, 2129920, 1, 0, 0
658230, 1990425, 1, 0, 0
658480, 3194880, 1, 0, 0
658730, 2523136, 1, 0, 0
658980, 2899968, 1, 0, 0
659230, 2555904, 1, 0, 0
659481, 2424832, 1, 0, 0
659731, 2998272, 1, 0, 0
659981, 3145728, 1, 0, 0
660231, 3293184, 1, 0, 0
660481, 3276800, 1, 0, 0
660730, 2993863, 1, 0, 0
660980, 2244608, 1, 0, 0
661230, 2555904, 1, 0, 0
661480, 2113536, 1, 0, 0
661730, 2654208, 1, 0, 0
661980, 2654208, 1, 0, 0
662231, 2539520, 1, 0, 0
662481, 2555904, 1, 0, 0
662731, 2637824, 1, 0, 0
662981, 2260992, 1, 0, 0
663230, 2089124, 1, 0, 0
663480, 2539520, 1, 0, 0
663730, 2113536, 1, 0, 0
663980, 1490944, 1, 0, 0
664230, 1933312, 1, 0, 0
664480, 1671168, 1, 0, 0
664731, 1982464, 1, 0, 0
664981, 1540096, 1, 0, 0
665231, 1900544, 1, 0, 0
665481, 2310144, 1, 0, 0
665731, 2129920, 1, 0, 0
665980, 2796465, 1, 0, 0
666230, 2408448, 1, 0, 0
666480, 2179072, 1, 0, 0
666730, 2768896, 1, 0, 0
666980, 2244608, 1, 0, 0
667230, 2392064, 1, 0, 0
667481, 2392064, 1, 0, 0
667731, 2441216, 1, 0, 0
667981, 2473984, 1, 0, 0
668231, 2686976, 1, 0, 0
668480, 2763566, 1, 0, 0
668730, 2097152, 1, 0, 0
668980, 3031040, 1, 0, 0
669230, 2162688, 1, 0, 0
669480, 2228224, 1, 0, 0
669730, 2932736, 1, 0, 0
669980, 2785280, 1, 0, 0
670231, 2686976, 1, 0, 0
670481, 2719744, 1, 0, 0
670731, 2949120, 1, 0, 0
670981, 2080768, 1, 0, 0
671231, 2162688, 1, 0, 0
671480, 2549718, 1, 0, 0
671730, 1556480, 1, 0, 0
671980, 2031616, 1, 0, 0
672230, 1802240, 1, 0, 0
672480, 1900544, 1, 0, 0
672730, 2113536, 1, 0, 0
672980, 2490368, 1, 0, 0
673231, 2408448, 1, 0, 0
673481, 2211840, 1, 0, 0
673731, 2703360, 1, 0, 0
673981, 2506752, 1, 0, 0
674230, 3092562, 1, 0, 0
674480, 2932736, 1, 0, 0
674730, 3309568, 1, 0, 0
674980, 2506752, 1, 0, 0
675230, 1835008, 1, 0, 0
675480, 2801664, 1, 0, 0
675731, 2703360, 1, 0, 0
675981, 2326528, 1, 0, 0
676231, 1867776, 1, 0, 0
676481, 2048000, 1, 0, 0
676730, 2730666, 1, 0, 0
676980, 2654208, 1, 0, 0
677230, 2310144, 1, 0, 0
677480, 2818048, 1, 0, 0
677730, 2277376, 1, 0, 0
677980, 2375680, 1, 0, 0
678231, 2899968, 1, 0, 0
678481, 2719744, 1, 0, 0
678731, 2506752, 1, 0, 0
678981, 2932736, 1, 0, 0
679230, 2418120, 1, 0, 0
679480, 2555904, 1, 0, 0
679730, 1703936, 1, 0, 0
679980, 2637824, 1, 0, 0
680230, 2244608, 1, 0, 0
680480, 2490368, 1, 0, 0
680730, 2244608, 1, 0, 0
680981, 2867200, 1, 0, 0
681231, 2539520, 1, 0, 0
681481, 2883584, 1, 0, 0
681731, 2818048, 1, 0, 0
681981, 2932736, 1, 0, 0
682230, 2928064, 1, 0, 0
682480, 2523136, 1, 0, 0
682730, 2441216, 1, 0, 0
682980, 2015232, 1, 0, 0
683230, 2424832, 1, 0, 0
683480, 2179072, 1, 0, 0
683730, 3145728, 1, 0, 0
683981, 2523136, 1, 0, 0
684231, 2686976, 1, 0, 0
684481, 2555904, 1, 0, 0
684731, 2703360, 1, 0, 0
684981, 2490368, 1, 0, 0
685230, 2500369, 1, 0, 0
685480, 2179072, 1, 0, 0
685730, 2179072, 1, 0, 0
685980, 1785856, 1, 0, 0
686230, 2179072, 1, 0, 0
686480, 1982464, 1, 0, 0
686730, 1785856, 1, 0, 0
686981, 2342912, 1, 0, 0
687231, 3227648, 1, 0, 0
687481, 2654208, 1, 0, 0
687731, 2293760, 1, 0, 0
687981, 2457600, 1, 0, 0
688230, 2549718, 1, 0, 0
688480, 2588672, 1, 0, 0
688730, 2441216, 1, 0, 0
688980, 2408448, 1, 0, 0
689230, 2375680, 1, 0, 0
689480, 2293760, 1, 0, 0
689730, 2441216, 1, 0, 0
689981, 2179072, 1, 0, 0
690231, 1884160, 1, 0, 0
690481, 2768896, 1, 0, 0
690731, 2818048, 1, 0, 0
690981, 2097152, 1, 0, 0
691230, 2122024, 1, 0, 0
691480, 2195456, 1, 0, 0
691730, 1589248, 1, 0, 0
691980, 1818624, 1, 0, 0
692231, 1835008, 1, 0, 0
692481, 2146304, 1, 0, 0
692731, 2195456, 1, 0, 0
692981, 2211840, 1, 0, 0
693231, 2408448, 1, 0, 0
693480, 2302971, 1, 0, 0
693730, 2654208, 1, 0, 0
693980, 2555904, 1, 0, 0
694230, 2359296, 1, 0, 0
694480, 2555904, 1, 0, 0
694730, 2195456, 1, 0, 0
694981, 2441216, 1, 0, 0
695231, 2539520, 1, 0, 0
695481, 1736704, 1, 0, 0
695731, 1900544, 1, 0, 0
695981, 2572288, 1, 0, 0
696230, 2105574, 1, 0, 0
696480, 2588672, 1, 0, 0
696730, 2457600, 1, 0, 0
696980, 2129920, 1, 0, 0
697230, 2883584, 1, 0, 0
697480, 2293760, 1, 0, 0
697731, 3358720, 1, 0, 0
697981, 1720320, 1, 0, 0
698231, 2244608, 1, 0, 0
698481, 2080768, 1, 0, 0
698730, 2352321, 1, 0, 0
698980, 2736128, 1, 0, 0
699230, 2719744, 1, 0, 0
699480, 2736128, 1, 0, 0
699730, 1654784, 1, 0, 0
699980, 2326528, 1, 0, 0
700231, 1949696, 1, 0, 0
700481, 1736704, 1, 0, 0
700731, 2031616, 1, 0, 0
700981, 1622016, 1, 0, 0
701231, 1540096, 1, 0, 0
701480, 2039775, 1, 0, 0
701730, 2162688, 1, 0, 0
701980, 2097152, 1, 0, 0
702230, 1687552, 1, 0, 0
702480, 2146304, 1, 0, 0
702731, 2441216, 1, 0, 0
702981, 2097152, 1, 0, 0
703231, 2228224, 1, 0, 0
703481, 1916928, 1, 0, 0
703731, 2326528, 1, 0, 0
703980, 1496931, 1, 0, 0
704230, 2146304, 1, 0, 0
704480, 2113536, 1, 0, 0
704730, 2392064, 1, 0, 0
704980, 2211840, 1, 0, 0
705230, 1540096, 1, 0, 0
705481, 2375680, 1, 0, 0
705731, 1540096, 1, 0, 0
705981, 1949696, 1, 0, 0
706231, 2392064, 1, 0, 0
706481, 1425408, 1, 0, 0
706730, 1398232, 1, 0, 0
706980, 1572864, 1, 0, 0
707230, 1671168, 1, 0, 0
707481, 2473984, 1, 0, 0
707731, 1196032, 1, 0, 0
707981, 1818624, 1, 0, 0
708231, 2424832, 1, 0, 0
708480, 3010313, 1, 0, 0
708730, 2850816, 1, 0, 0
708980, 2244608, 1, 0, 0
709230, 2621440, 1, 0, 0
709480, 2539520, 1, 0, 0
709730, 2392064, 1, 0, 0
709980, 2506752, 1, 0, 0
710230, 2179072, 1, 0, 0
710481, 2703360, 1, 0, 0
710731, 2981888, 1, 0, 0
710981, 2654208, 1, 0, 0
711231, 2392064, 1, 0, 0
711480, 2845815, 1, 0, 0
711730, 2424832, 1, 0, 0
711980, 2916352, 1, 0, 0
712230, 2293760, 1, 0, 0
712480, 2375680, 1, 0, 0
712730, 2342912, 1, 0, 0
712980, 2211840, 1, 0, 0
713231, 2605056, 1, 0, 0
713481, 2621440, 1, 0, 0
713731, 2818048, 1, 0, 0
713981, 2310144, 1, 0, 0
714230, 1875277, 1, 0, 0
714480, 2408448, 1, 0, 0
714730, 3112960, 1, 0, 0
714980, 2981888, 1, 0, 0
715230, 2097152, 1, 0, 0
715480, 2818048, 1, 0, 0
715730, 3112960, 1, 0, 0
715981, 2998272, 1, 0, 0
716231, 3227648, 1, 0, 0
716481, 3162112, 1, 0, 0
716731, 3375104, 1, 0, 0
716980, 3076112, 1, 0, 0
717230, 2949120, 1, 0, 0
717480, 2916352, 1, 0, 0
717730, 2015232, 1, 0, 0
717980, 3014656, 1, 0, 0
718230, 2932736, 1, 0, 0
718480, 2801664, 1, 0, 0
718730, 2605056, 1, 0, 0
718981, 2228224, 1, 0, 0
719231, 2555904, 1, 0, 0
719481, 2179072, 1, 0, 0
719731, 3325952, 1, 0, 0
719980, 3125461, 1, 0, 0
720230, 2637824, 1, 0, 0
720480, 1720320, 1, 0, 0
720730, 3227648, 1, 0, 0
720980, 3358720, 1, 0, 0
721230, 3112960, 1, 0, 0
721481, 3047424, 1, 0, 0
721731, 3555328, 1, 0, 0
721981, 3096576, 1, 0, 0
722231, 3080192, 1, 0, 0
722481, 3014656, 1, 0, 0
722730, 2516819, 1, 0, 0
722980, 2441216, 1, 0, 0
723230, 2211840, 1, 0, 0
723480, 3194880, 1, 0, 0
723730, 2473984, 1, 0, 0
723980, 2539520, 1, 0, 0
724230, 3162112, 1, 0, 0
724481, 2883584, 1, 0, 0
724731, 2932736, 1, 0, 0
724981, 2490368, 1, 0, 0
725231, 2424832, 1, 0, 0
725480, 2105574, 1, 0, 0
725730, 2703360, 1, 0, 0
725980, 2473984, 1, 0, 0
726230, 917504, 1, 0, 0
726480, 3178496, 1, 0, 0
726730, 1966080, 1, 0, 0
726980, 1671168, 1, 0, 0
727231, 1654784, 1, 0, 0
727481, 1671168, 1, 0, 0
727731, 2048000, 1, 0, 0
727981, 2326528, 1, 0, 0
728230, 2039775, 1, 0, 0
728480, 1425408, 1, 0, 0
728730, 1949696, 1, 0, 0
728980, 1622016, 1, 0, 0
729230, 1802240, 1, 0, 0
729480, 2211840, 1, 0, 0
729730, 2015232, 1, 0, 0
729981, 2211840, 1, 0, 0
730231, 3063808, 1, 0, 0
730481, 2719744, 1, 0, 0
730731, 2310144, 1, 0, 0
730980, 1513381, 1, 0, 0
731230, 1933312, 1, 0, 0
731480, 1949696, 1, 0, 0
731730, 2195456, 1, 0, 0
731980, 2244608, 1, 0, 0
732230, 1294336, 1, 0, 0
732480, 1212416, 1, 0, 0
732731, 1835008, 1, 0, 0
732981, 1884160, 1, 0, 0
733231, 2146304, 1, 0, 0
733480, 1529831, 1, 0, 0
733730, 2277376, 1, 0, 0
733980, 2359296, 1, 0, 0
734230, 1966080, 1, 0, 0
734480, 2719744, 1, 0, 0
734730, 2244608, 1, 0, 0
734980, 2654208, 1, 0, 0
735230, 2670592, 1, 0, 0
735481, 2801664, 1, 0, 0
735731, 1900544, 1, 0, 0
735981, 1654784, 1, 0, 0
736231, 2195456, 1, 0, 0
736480, 2204273, 1, 0, 0
736730, 1933312, 1, 0, 0
736980, 1933312, 1, 0, 0
737230, 1556480, 1, 0, 0
737480, 1490944, 1, 0, 0
737730, 770048, 1, 0, 0
737981, 2146304, 1, 0, 0
738231, 983040, 1, 0, 0
738481, 1507328, 1, 0, 0
738731, 950272, 1, 0, 0
738980, 1727228, 1, 0, 0
739230, 1523712, 1, 0, 0
739480, 1900544, 1, 0, 0
739730, 2097152, 1, 0, 0
739980, 2473984, 1, 0, 0
740230, 1556480, 1, 0, 0
740480, 1523712, 1, 0, 0
740731, 1671168, 1, 0, 0
740981, 1392640, 1, 0, 0
741231, 1310720, 1, 0, 0
741480, 2631967, 1, 0, 0
741730, 2195456, 1, 0, 0
741980, 2326528, 1, 0, 0
742230, 2555904, 1, 0, 0
742480, 2064384, 1, 0, 0
742730, 1540096, 1, 0, 0
742981, 1916928, 1, 0, 0
743231, 1556480, 1, 0, 0
743481, 1916928, 1, 0, 0
743731, 1884160, 1, 0, 0
743980, 2451020, 1, 0, 0
744230, 2686976, 1, 0, 0
744480, 2015232, 1, 0, 0
744730, 1736704, 1, 0, 0
744980, 1687552, 1, 0, 0
745230, 2211840, 1, 0, 0
745481, 2490368, 1, 0, 0
745731, 1867776, 1, 0, 0
745981, 2048000, 1, 0, 0
746231, 1982464, 1, 0, 0
746480, 2895164, 1, 0, 0
746730, 2392064, 1, 0, 0
746980, 2834432, 1, 0, 0
747230, 2883584, 1, 0, 0
747480, 2736128, 1, 0, 0
747730, 2310144, 1, 0, 0
747980, 2211840, 1, 0, 0
748230, 2277376, 1, 0, 0
748481, 2883584, 1, 0, 0
748731, 2441216, 1, 0, 0
748981, 2097152, 1, 0, 0
749231, 2342912, 1, 0, 0
749480, 2302971, 1, 0, 0
749730, 2146304, 1, 0, 0
749980, 2113536, 1, 0, 0
750230, 2293760, 1, 0, 0
750480, 2064384, 1, 0, 0
750730, 2654208, 1, 0, 0
750981, 2949120, 1, 0, 0
751231, 2457600, 1, 0, 0
751481, 2719744, 1, 0, 0
751731, 2326528, 1, 0, 0
751981, 1425408, 1, 0, 0
752230, 1710779, 1, 0, 0
752480, 1179648, 1, 0, 0
752730, 1228800, 1, 0, 0
752980, 2539520, 1, 0, 0
753230, 1638400, 1, 0, 0
753480, 1851392, 1, 0, 0
753730, 2097152, 1, 0, 0
753981, 2506752, 1, 0, 0
754231, 2342912, 1, 0, 0
754481, 2146304, 1, 0, 0
754731, 2392064, 1, 0, 0
754980, 2039775, 1, 0, 0
755230, 2342912, 1, 0, 0
755480, 1998848, 1, 0, 0
755730, 2342912, 1, 0, 0
755980, 2473984, 1, 0, 0
756230, 1687552, 1, 0, 0
756480, 2211840, 1, 0, 0
756731, 2211840, 1, 0, 0
756981, 1425408, 1, 0, 0
757231, 2031616, 1, 0, 0
757481, 1343488, 1, 0, 0
757730, 1036337, 1, 0, 0
757980, 1835008, 1, 0, 0
758230, 2048000, 1, 0, 0
758480, 655360, 1, 0, 0
758730, 1998848, 1, 0, 0
758980, 1785856, 1, 0, 0
759230, 2965504, 1, 0, 0
759481, 2064384, 1, 0, 0
759731, 2064384, 1, 0, 0
759981, 2539520, 1, 0, 0
760231, 2555904, 1, 0, 0
760480, 2434570, 1, 0, 0
760730, 2359296, 1, 0, 0
760980, 2457600, 1, 0, 0
761230, 2080768, 1, 0, 0
761480, 2260992, 1, 0, 0
761730, 2490368, 1, 0, 0
761980, 2260992, 1, 0, 0
762231, 2719744, 1, 0, 0
762481, 2228224, 1, 0, 0
762731, 2555904, 1, 0, 0
762981, 2342912, 1, 0, 0
763230, 1941076, 1, 0, 0
763480, 2392064, 1, 0, 0
763730, 2359296, 1, 0, 0
763980, 2097152, 1, 0, 0
764230, 2048000, 1, 0, 0
764480, 1900544, 1, 0, 0
764731, 1966080, 1, 0, 0
764981, 1638400, 1, 0, 0
765231, 2473984, 1, 0, 0
765481, 2195456, 1, 0, 0
765731, 1687552, 1, 0, 0
765980, 1760128, 1, 0, 0
766230, 1998848, 1, 0, 0
766480, 1474560, 1, 0, 0
766730, 1785856, 1, 0, 0
766980, 1441792, 1, 0, 0
767231, 1441792, 1, 0, 0
767481, 2310144, 1, 0, 0
767731, 2162688, 1, 0, 0
767981, 1490944, 1, 0, 0
768231, 1523712, 1, 0, 0
768480, 1990425, 1, 0, 0
768730, 2064384, 1, 0, 0
768980, 1851392, 1, 0, 0
769230, 2605056, 1, 0, 0
769481, 2113536, 1, 0, 0
769731, 2375680, 1, 0, 0
769981, 2195456, 1, 0, 0
770231, 1818624, 1, 0, 0
770480, 2056224, 1, 0, 0
770730, 2654208, 1, 0, 0
770980, 2015232, 1, 0, 0
771230, 2621440, 1, 0, 0
771480, 2637824, 1, 0, 0
771730, 2621440, 1, 0, 0
771980, 2342912, 1, 0, 0
772231, 2490368, 1, 0, 0
772481, 2195456, 1, 0, 0
772731, 2228224, 1, 0, 0
772981, 2113536, 1, 0, 0
773231, 2441216, 1, 0, 0
773480, 2385220, 1, 0, 0
773730, 2670592, 1, 0, 0
773980, 2244608, 1, 0, 0
774230, 1998848, 1, 0, 0
774480, 2392064, 1, 0, 0
774730, 2310144, 1, 0, 0
774980, 2424832, 1, 0, 0
775231, 1753088, 1, 0, 0
775481, 1622016, 1, 0, 0
775731, 1507328, 1, 0, 0
775981, 2162688, 1, 0, 0
776230, 2730666, 1, 0, 0
776480, 2097152, 1, 0, 0
776730, 2768896, 1, 0, 0
776980, 2342912, 1, 0, 0
777230, 1654784, 1, 0, 0
777480, 2031616, 1, 0, 0
777731, 2097152, 1, 0, 0
777981, 2850816, 1, 0, 0
778231, 2555904, 1, 0, 0
778481, 2621440, 1, 0, 0
778731, 2572288, 1, 0, 0
778980, 2237172, 1, 0, 0
779230, 2654208, 1, 0, 0
779480, 2834432, 1, 0, 0
779730, 3112960, 1, 0, 0
779980, 2686976, 1, 0, 0
780230, 2555904, 1, 0, 0
780481, 2752512, 1, 0, 0
780731, 2703360, 1, 0, 0
780981, 2949120, 1, 0, 0
781231, 2818048, 1, 0, 0
781481, 2342912, 1, 0, 0
781730, 2352321, 1, 0, 0
781980, 2785280, 1, 0, 0
782230, 2605056, 1, 0, 0
782480, 2932736, 1, 0, 0
782730, 2768896, 1, 0, 0
782980, 2408448, 1, 0, 0
783230, 3080192, 1, 0, 0
783480, 2146304, 1, 0, 0
783731, 1867776, 1, 0, 0
783981, 2572288, 1, 0, 0
784231, 2555904, 1, 0, 0
784481, 2375680, 1, 0, 0
784730, 2204273, 1, 0, 0
784980, 1654784, 1, 0, 0
785230, 1671168, 1, 0, 0
785480, 2408448, 1, 0, 0
785730, 2375680, 1, 0, 0
785980, 1409024, 1, 0, 0
786230, 1785856, 1, 0, 0
786480, 1589248, 1, 0, 0
786731, 1835008, 1, 0, 0
786981, 1032192, 1, 0, 0
787231, 2310144, 1, 0, 0
787480, 2253622, 1, 0, 0
787730, 1458176, 1, 0, 0
787980, 2359296, 1, 0, 0
788230, 2654208, 1, 0, 0
788480, 2441216, 1, 0, 0
788730, 2375680, 1, 0, 0
788980, 2621440, 1, 0, 0
789230, 2375680, 1, 0, 0
789481, 2899968, 1, 0, 0
789731, 3162112, 1, 0, 0
789981, 2195456, 1, 0, 0
790231, 3260416, 1, 0, 0
790480, 2730666, 1, 0, 0
790730, 3112960, 1, 0, 0
790980, 2916352, 1, 0, 0
791230, 1392640, 1, 0, 0
791480, 1687552, 1, 0, 0
791730, 1720320, 1, 0, 0
791981, 1228800, 1, 0, 0
792231, 2408448, 1, 0, 0
792481, 1966080, 1, 0, 0
792731, 3031040, 1, 0, 0
792980, 3092562, 1, 0, 0
793230, 1835008, 1, 0, 0
793480, 2048000, 1, 0, 0
793730, 3194880, 1, 0, 0
793980, 2441216, 1, 0, 0
794230, 3211264, 1, 0, 0
794480, 2883584, 1, 0, 0
794731, 2637824, 1, 0, 0
794981, 3063808, 1, 0, 0
795231, 2097152, 1, 0, 0
795481, 1933312, 1, 0, 0
795731, 2080768, 1, 0, 0
795980, 2154923, 1, 0, 0
796230, 2785280, 1, 0, 0
796480, 2834432, 1, 0, 0
796730, 2752512, 1, 0, 0
796980, 3080192, 1, 0, 0
797230, 2965504, 1, 0, 0
797480, 3129344, 1, 0, 0
797731, 3014656, 1, 0, 0
797981, 884736, 1, 0, 0
798231, 2768896, 1, 0, 0
798481, 3309568, 1, 0, 0
798731, 3342336, 1, 0, 0
798980, 3207710, 1, 0, 0
799230, 3145728, 1, 0, 0
799480, 3211264, 1, 0, 0
799730, 3260416, 1, 0, 0
799980, 3194880, 1, 0, 0
800230, 3145728, 1, 0, 0
800481, 3227648, 1, 0, 0
800731, 3178496, 1, 0, 0
800981, 3129344, 1, 0, 0
801231, 3014656, 1, 0, 0
801481, 2064384, 1, 0, 0
801731, 1916928, 1, 0, 0
801980, 1644979, 1, 0, 0
802230, 2080768, 1, 0, 0
802480, 1490944, 1, 0, 0
802730, 1572864, 1, 0, 0
802980, 1884160, 1, 0, 0
803230, 1605632, 1, 0, 0
803480, 3129344, 1, 0, 0
803731, 2523136, 1, 0, 0
803981, 1900544, 1, 0, 0
804231, 2129920, 1, 0, 0
804481, 2768896, 1, 0, 0
804730, 2368771, 1, 0, 0
804980, 2637824, 1, 0, 0
805230, 2228224, 1, 0, 0
805480, 2686976, 1, 0, 0
805730, 2375680, 1, 0, 0
805980, 2408448, 1, 0, 0
806231, 2129920, 1, 0, 0
806481, 2359296, 1, 0, 0
806731, 2441216, 1, 0, 0
806981, 2179072, 1, 0, 0
807230, 2747116, 1, 0, 0
807480, 3096576, 1, 0, 0
807730, 2916352, 1, 0, 0
807980, 2654208, 1, 0, 0
808230, 2588672, 1, 0, 0
808480, 3145728, 1, 0, 0
808731, 3145728, 1, 0, 0
808981, 3375104, 1, 0, 0
809231, 3047424, 1, 0, 0
809481, 3112960, 1, 0, 0
809730, 2796465, 1, 0, 0
809980, 3194880, 1, 0, 0
810230, 2818048, 1, 0, 0
810480, 2064384, 1, 0, 0
810730, 2228224, 1, 0, 0
810980, 1753088, 1, 0, 0
811230, 2342912, 1, 0, 0
811481, 1605632, 1, 0, 0
811731, 2408448, 1, 0, 0
811981, 1490944, 1, 0, 0
812231, 2260992, 1, 0, 0
812480, 2122024, 1, 0, 0
812730, 1966080, 1, 0, 0
812980, 1654784, 1, 0, 0
813230, 2605056, 1, 0, 0
813480, 2228224, 1, 0, 0
813731, 2162688, 1, 0, 0
813981, 2129920, 1, 0, 0
814231, 1753088, 1, 0, 0
814481, 2179072, 1, 0, 0
814730, 1924626, 1, 0, 0
814980, 2260992, 1, 0, 0
815230, 1982464, 1, 0, 0
815480, 1540096, 1, 0, 0
815730, 2867200, 1, 0, 0
815980, 2768896, 1, 0, 0
816230, 2981888, 1, 0, 0
816481, 3211264, 1, 0, 0
816731, 3211264, 1, 0, 0
816981, 3457024, 1, 0, 0
817231, 3440640, 1, 0, 0
817481, 3112960, 1, 0, 0
817730, 3470907, 1, 0, 0
817980, 3555328, 1, 0, 0
818230, 3522560, 1, 0, 0
818480, 3407872, 1, 0, 0
818730, 2785280, 1, 0, 0
818980, 3375104, 1, 0, 0
819230, 2424832, 1, 0, 0
819481, 2293760, 1, 0, 0
819731, 2359296, 1, 0, 0
819981, 3260416, 1, 0, 0
820231, 2981888, 1, 0, 0
820481, 2785280, 1, 0, 0
820730, 2960963, 1, 0, 0
820980, 3178496, 1, 0, 0
821230, 3162112, 1, 0, 0
821480, 2998272, 1, 0, 0
821730, 2703360, 1, 0, 0
821980, 2818048, 1, 0, 0
822230, 2785280, 1, 0, 0
822481, 2473984, 1, 0, 0
822731, 2719744, 1, 0, 0
822981, 3031040, 1, 0, 0
823231, 2768896, 1, 0, 0
823480, 3109012, 1, 0, 0
823730, 3702784, 1, 0, 0
823980, 3407872, 1, 0, 0
824230, 3014656, 1, 0, 0
824480, 3162112, 1, 0, 0
824730, 1884160, 1, 0, 0
824980, 2654208, 1, 0, 0
825230, 2441216, 1, 0, 0
825481, 3112960, 1, 0, 0
825731, 3145728, 1, 0, 0
825981, 2932736, 1, 0, 0
826231, 2326528, 1, 0, 0
826480, 2599068, 1, 0, 0
826730, 2359296, 1, 0, 0
826980, 2965504, 1, 0, 0
827230, 1900544, 1, 0, 0
827480, 2768896, 1, 0, 0
827731, 2850816, 1, 0, 0
827981, 3014656, 1, 0, 0
828231, 2375680, 1, 0, 0
828481, 2981888, 1, 0, 0
828730, 3125461, 1, 0, 0
828980, 3244032, 1, 0, 0
829230, 3244032, 1, 0, 0
829480, 3440640, 1, 0, 0
829730, 3309568, 1, 0, 0
829980, 2260992, 1, 0, 0
830230, 2719744, 1, 0, 0
830481, 2916352, 1, 0, 0
830731, 3080192, 1, 0, 0
830981, 2719744, 1, 0, 0
831231, 3194880, 1, 0, 0
831481, 3145728, 1, 0, 0
831730, 3109012, 1, 0, 0
831980, 2195456, 1, 0, 0
832230, 2326528, 1, 0, 0
832480, 2605056, 1, 0, 0
832730, 2801664, 1, 0, 0
832980, 2260992, 1, 0, 0
833231, 1949696, 1, 0, 0
833481, 2392064, 1, 0, 0
833731, 2539520, 1, 0, 0
833981, 3047424, 1, 0, 0
834231, 2293760, 1, 0, 0
834480, 2648417, 1, 0, 0
834730, 2621440, 1, 0, 0
834980, 2555904, 1, 0, 0
835230, 2949120, 1, 0, 0
835480, 2719744, 1, 0, 0
835730, 2293760, 1, 0, 0
835980, 3031040, 1, 0, 0
836231, 3260416, 1, 0, 0
836481, 2654208, 1, 0, 0
836731, 2736128, 1, 0, 0
836981, 3112960, 1, 0, 0
837231, 2605056, 1, 0, 0
837480, 3668305, 1, 0, 0
837730, 2752512, 1, 0, 0
837980, 2736128, 1, 0, 0
838230, 2375680, 1, 0, 0
838480, 2850816, 1, 0, 0
838730, 2392064, 1, 0, 0
838980, 2949120, 1, 0, 0
839230, 2736128, 1, 0, 0
839481, 3325952, 1, 0, 0
839731, 2523136, 1, 0, 0
839981, 2293760, 1, 0, 0
840231, 3309568, 1, 0, 0
840481, 2686976, 1, 0, 0
840730, 2812915, 1, 0, 0
840980, 2949120, 1, 0, 0
841230, 3096576, 1, 0, 0
841480, 2441216, 1, 0, 0
841730, 2572288, 1, 0, 0
841980, 2441216, 1, 0, 0
842230, 1687552, 1, 0, 0
842481, 1540096, 1, 0, 0
842731, 2686976, 1, 0, 0
842981, 3080192, 1, 0, 0
843231, 2097152, 1, 0, 0
843481, 1638400, 1, 0, 0
843730, 1546281, 1, 0, 0
843980, 2375680, 1, 0, 0
844230, 2555904, 1, 0, 0
844480, 1818624, 1, 0, 0
844730, 1998848, 1, 0, 0
844980, 2195456, 1, 0, 0
845231, 2326528, 1, 0, 0
845481, 2129920, 1, 0, 0
845731, 2195456, 1, 0, 0
845981, 2588672, 1, 0, 0
846230, 2549718, 1, 0, 0
846480, 2113536, 1, 0, 0
846730, 2260992, 1, 0, 0
846980, 2031616, 1, 0, 0
847230, 2113536, 1, 0, 0
847480, 2719744, 1, 0, 0
847730, 2555904, 1, 0, 0
847981, 2342912, 1, 0, 0
848231, 1572864, 1, 0, 0
848481, 2621440, 1, 0, 0
848731, 1867776, 1, 0, 0
848980, 2056224, 1, 0, 0
849230, 2408448, 1, 0, 0
849480, 1998848, 1, 0, 0
849730, 2801664, 1, 0, 0
849980, 2424832, 1, 0, 0
850230, 2867200, 1, 0, 0
850480, 2195456, 1, 0, 0
850731, 3112960, 1, 0, 0
850981, 2326528, 1, 0, 0
851231, 2375680, 1, 0, 0
851481, 2965504, 1, 0, 0
851731, 2965504, 1, 0, 0
851980, 2122024, 1, 0, 0
852230, 1802240, 1, 0, 0
852480, 2539520, 1, 0, 0
852730, 2293760, 1, 0, 0
852980, 2752512, 1, 0, 0
853230, 2375680, 1, 0, 0
853481, 2539520, 1, 0, 0
853731, 2457600, 1, 0, 0
853981, 2375680, 1, 0, 0
854231, 2310144, 1, 0, 0
854480, 2072674, 1, 0, 0
854730, 2228224, 1, 0, 0
854980, 2048000, 1, 0, 0
855230, 2179072, 1, 0, 0
855480, 2031616, 1, 0, 0
855730, 2310144, 1, 0, 0
855980, 2588672, 1, 0, 0
856231, 1884160, 1, 0, 0
856481, 1720320, 1, 0, 0
856731, 1687552, 1, 0, 0
856981, 2621440, 1, 0, 0
857230, 2862265, 1, 0, 0
857480, 2310144, 1, 0, 0
857730, 2146304, 1, 0, 0
857980, 2408448, 1, 0, 0
858230, 2572288, 1, 0, 0
858480, 2277376, 1, 0, 0
858731, 2211840, 1, 0, 0
858981, 2179072, 1, 0, 0
859231, 2621440, 1, 0, 0
859481, 2768896, 1, 0, 0
859731, 2670592, 1, 0, 0
859980, 2862265, 1, 0, 0
860230, 2457600, 1, 0, 0
860480, 2490368, 1, 0, 0
860730, 1703936, 1, 0, 0
860980, 2473984, 1, 0, 0
861230, 2637824, 1, 0, 0
861481, 2916352, 1, 0, 0
861731, 3080192, 1, 0, 0
861981, 2342912, 1, 0, 0
862231, 1540096, 1, 0, 0
862481, 2342912, 1, 0, 0
862730, 1694329, 1, 0, 0
862980, 1540096, 1, 0, 0
863230, 1933312, 1, 0, 0
863480, 2719744, 1, 0, 0
863730, 2572288, 1, 0, 0
863980, 2949120, 1, 0, 0
864231, 2818048, 1, 0, 0
864481, 2654208, 1, 0, 0
864731, 2539520, 1, 0, 0
864980, 2105574, 1, 0, 0
865230, 2621440, 1, 0, 0
865480, 2179072, 1, 0, 0
865730, 1441792, 1, 0, 0
865980, 2293760, 1, 0, 0
866230, 1900544, 1, 0, 0
866480, 2113536, 1, 0, 0
866731, 2359296, 1, 0, 0
866981, 2080768, 1, 0, 0
867231, 2392064, 1, 0, 0
867481, 2424832, 1, 0, 0
867730, 1776578, 1, 0, 0
867980, 2244608, 1, 0, 0
868230, 2146304, 1, 0, 0
868480, 2457600, 1, 0, 0
868730, 2965504, 1, 0, 0
868980, 2932736, 1, 0, 0
869230, 3063808, 1, 0, 0
869481, 2473984, 1, 0, 0
869731, 1245184, 1, 0, 0
869981, 2277376, 1, 0, 0
870231, 2064384, 1, 0, 0
870480, 2056224, 1, 0, 0
870730, 1966080, 1, 0, 0
870980, 1703936, 1, 0, 0
871230, 2080768, 1, 0, 0
871480, 2048000, 1, 0, 0
871730, 2686976, 1, 0, 0
871980, 1720320, 1, 0, 0
872231, 1884160, 1, 0, 0
872481, 2441216, 1, 0, 0
872731, 2441216, 1, 0, 0
872981, 1900544, 1, 0, 0
873231, 1982464, 1, 0, 0
873480, 2599068, 1, 0, 0
873730, 2670592, 1, 0, 0
873980, 2441216, 1, 0, 0
874230, 2097152, 1, 0, 0
874480, 2588672, 1, 0, 0
874730, 2457600, 1, 0, 0
874980, 2949120, 1, 0, 0
875231, 2637824, 1, 0, 0
875481, 2408448, 1, 0, 0
875731, 2555904, 1, 0, 0
875981, 2768896, 1, 0, 0
876230, 2385220, 1, 0, 0
876480, 3211264, 1, 0, 0
876730, 2916352, 1, 0, 0
876980, 2162688, 1, 0, 0
877230, 2703360, 1, 0, 0
877480, 2916352, 1, 0, 0
877730, 1933312, 1, 0, 0
877981, 2375680, 1, 0, 0
878231, 1769472, 1, 0, 0
878481, 2736128, 1, 0, 0
878731, 2457600, 1, 0, 0
878980, 2154923, 1, 0, 0
879230, 2424832, 1, 0, 0
879480, 2375680, 1, 0, 0
879730, 1966080, 1, 0, 0
879980, 2818048, 1, 0, 0
880230, 2326528, 1, 0, 0
880481, 1785856, 1, 0, 0
880731, 1949696, 1, 0, 0
880981, 2801664, 1, 0, 0
881231, 2719744, 1, 0, 0
881481, 2293760, 1, 0, 0
881730, 2845815, 1, 0, 0
881980, 1998848, 1, 0, 0
882230, 2637824, 1, 0, 0
882480, 2801664, 1, 0, 0
882730, 2654208, 1, 0, 0
882980, 2457600, 1, 0, 0
883230, 2949120, 1, 0, 0
883481, 2998272, 1, 0, 0
883731, 2654208, 1, 0, 0
883981, 2441216, 1, 0, 0
884231, 3014656, 1, 0, 0
884480, 3125461, 1, 0, 0
884730, 3063808, 1, 0, 0
884980, 2457600, 1, 0, 0
885230, 2146304, 1, 0, 0
885480, 2473984, 1, 0, 0
885730, 2539520, 1, 0, 0
885980, 2998272, 1, 0, 0
886231, 2981888, 1, 0, 0
886481, 2719744, 1, 0, 0
886731, 2752512, 1, 0, 0
886981, 2555904, 1, 0, 0
887230, 2056224, 1, 0, 0
887480, 2424832, 1, 0, 0
887730, 2621440, 1, 0, 0
887980, 1818624, 1, 0, 0
888230, 1769472, 1, 0, 0
888480, 2015232, 1, 0, 0
888730, 2588672, 1, 0, 0
888981, 2605056, 1, 0, 0
889231, 2785280, 1, 0, 0
889481, 2506752, 1, 0, 0
889731, 2457600, 1, 0, 0
889980, 2516819, 1, 0, 0
890230, 2572288, 1, 0, 0
890480, 2654208, 1, 0, 0
890730, 2080768, 1, 0, 0
890980, 2179072, 1, 0, 0
891230, 1540096, 1, 0, 0
891481, 2539520, 1, 0, 0
891731, 1769472, 1, 0, 0
891981, 1802240, 1, 0, 0
892231, 2015232, 1, 0, 0
892480, 2615518, 1, 0, 0
892730, 2572288, 1, 0, 0
892980, 1785856, 1, 0, 0
893230, 1835008, 1, 0, 0
893480, 2670592, 1, 0, 0
893730, 3014656, 1, 0, 0
893980, 3375104, 1, 0, 0
894231, 2801664, 1, 0, 0
894481, 3375104, 1, 0, 0
894731, 3162112, 1, 0, 0
894981, 3194880, 1, 0, 0
895231, 2998272, 1, 0, 0
895480, 3602506, 1, 0, 0
895730, 3178496, 1, 0, 0
895980, 2654208, 1, 0, 0
896230, 3014656, 1, 0, 0
896480, 3244032, 1, 0, 0
896730, 3096576, 1, 0, 0
896981, 2818048, 1, 0, 0
897231, 2736128, 1, 0, 0
897481, 3080192, 1, 0, 0
897731, 2949120, 1, 0, 0
897980, 1743678, 1, 0, 0
898230, 2932736, 1, 0, 0
898480, 2048000, 1, 0, 0
898730, 2260992, 1, 0, 0
898980, 2310144, 1, 0, 0
899230, 2048000, 1, 0, 0
899481, 2719744, 1, 0, 0
899731, 2473984, 1, 0, 0
899981, 2080768, 1, 0, 0
900231, 2867200, 1, 0, 0
900481, 2572288, 1, 0, 0
900730, 2418120, 1, 0, 0
900980, 2539520, 1, 0, 0
901230, 2883584, 1, 0, 0
901480, 2179072, 1, 0, 0
901730, 2605056, 1, 0, 0
901980, 2785280, 1, 0, 0
902231, 2572288, 1, 0, 0
902481, 1654784, 1, 0, 0
902731, 1802240, 1, 0, 0
902981, 2342912, 1, 0, 0
903231, 2244608, 1, 0, 0
903480, 2352321, 1, 0, 0
903730, 1671168, 1, 0, 0
903980, 2048000, 1, 0, 0
904230, 1703936, 1, 0, 0
904480, 1785856, 1, 0, 0
904730, 1916928, 1, 0, 0
904980, 2277376, 1, 0, 0
905231, 2588672, 1, 0, 0
905481, 1392640, 1, 0, 0
905731, 2195456, 1, 0, 0
905981, 2555904, 1, 0, 0
906230, 1957526, 1, 0, 0
906480, 1802240, 1, 0, 0
906730, 2818048, 1, 0, 0
906980, 2195456, 1, 0, 0
907230, 1884160, 1, 0, 0
907480, 2473984, 1, 0, 0
907730, 2211840, 1, 0, 0
907981, 2260992, 1, 0, 0
908231, 2326528, 1, 0, 0
908481, 2277376, 1, 0, 0
908731, 2736128, 1, 0, 0
908980, 2664867, 1, 0, 0
909230, 1998848, 1, 0, 0
909480, 2179072, 1, 0, 0
909730, 2670592, 1, 0, 0
909980, 2293760, 1, 0, 0
910230, 2375680, 1, 0, 0
910480, 2490368, 1, 0, 0
910731, 2834432, 1, 0, 0
910981, 2834432, 1, 0, 0
911231, 2129920, 1, 0, 0
911481, 2293760, 1, 0, 0
911731, 2686976, 1, 0, 0
911980, 1365333, 1, 0, 0
912230, 2473984, 1, 0, 0
912480, 2408448, 1, 0, 0
912730, 2326528, 1, 0, 0
912980, 2473984, 1, 0, 0
913231, 2785280, 1, 0, 0
913481, 2703360, 1, 0, 0
913731, 2572288, 1, 0, 0
913981, 2637824, 1, 0, 0
914230, 1825927, 1, 0, 0
914480, 2359296, 1, 0, 0
914730, 2375680, 1, 0, 0
914980, 2834432, 1, 0, 0
915230, 2555904, 1, 0, 0
915480, 2326528, 1, 0, 0
915730, 1687552, 1, 0, 0
915981, 2768896, 1, 0, 0
916231, 2932736, 1, 0, 0
916481, 3145728, 1, 0, 0
916731, 2048000, 1, 0, 0
916981, 2490368, 1, 0, 0
917230, 1842377, 1, 0, 0
917480, 1540096, 1, 0, 0
917730, 2113536, 1, 0, 0
917980, 1916928, 1, 0, 0
918230, 2555904, 1, 0, 0
918480, 1966080, 1, 0, 0
918730, 2572288, 1, 0, 0
918981, 2719744, 1, 0, 0
919231, 2621440, 1, 0, 0
919481, 1966080, 1, 0, 0
919731, 1671168, 1, 0, 0
919980, 2928064, 1, 0, 0
920230, 2342912, 1, 0, 0
920480, 2719744, 1, 0, 0
920730, 2588672, 1, 0, 0
920980, 2686976, 1, 0, 0
921230, 2424832, 1, 0, 0
921480, 2408448, 1, 0, 0
921731, 2490368, 1, 0, 0
921981, 2260992, 1, 0, 0
922231, 2441216, 1, 0, 0
922481, 2670592, 1, 0, 0
922730, 2944514, 1, 0, 0
922980, 2097152, 1, 0, 0
923230, 2162688, 1, 0, 0
923480, 2113536, 1, 0, 0
923730, 2850816, 1, 0, 0
923980, 2490368, 1, 0, 0
924230, 2310144, 1, 0, 0
924481, 2719744, 1, 0, 0
924731, 2228224, 1, 0, 0
924981, 2916352, 1, 0, 0
925231, 2457600, 1, 0, 0
925481, 2539520, 1, 0, 0
925730, 3043212, 1, 0, 0
925980, 2228224, 1, 0, 0
926230, 2719744, 1, 0, 0
926480, 2097152, 1, 0, 0
926730, 2097152, 1, 0, 0
926980, 2195456, 1, 0, 0
927231, 2523136, 1, 0, 0
927481, 2752512, 1, 0, 0
927731, 2621440, 1, 0, 0
927981, 2031616, 1, 0, 0
928231, 2031616, 1, 0, 0
928480, 1661429, 1, 0, 0
928730, 2654208, 1, 0, 0
928980, 2211840, 1, 0, 0
929230, 2129920, 1, 0, 0
929480, 2310144, 1, 0, 0
929730, 1933312, 1, 0, 0
929980, 2260992, 1, 0, 0
930231, 2441216, 1, 0, 0
930481, 2506752, 1, 0, 0
930731, 2228224, 1, 0, 0
930981, 2490368, 1, 0, 0
931231, 2818048, 1, 0, 0
931480, 2730666, 1, 0, 0
931730, 2768896, 1, 0, 0
931980, 2621440, 1, 0, 0
932230, 2588672, 1, 0, 0
932480, 2785280, 1, 0, 0
932730, 1310720, 1, 0, 0
932981, 1949696, 1, 0, 0
933231, 2097152, 1, 0, 0
933481, 2326528, 1, 0, 0
933731, 2670592, 1, 0, 0
933980, 2237172, 1, 0, 0
934230, 2424832, 1, 0, 0
934480, 2441216, 1, 0, 0
934730, 2342912, 1, 0, 0
934980, 2490368, 1, 0, 0
935230, 2392064, 1, 0, 0
935480, 2539520, 1, 0, 0
935731, 1982464, 1, 0, 0
935981, 2670592, 1, 0, 0
936231, 2818048, 1, 0, 0
936480, 1809477, 1, 0, 0
936730, 2899968, 1, 0, 0
936980, 3063808, 1, 0, 0
937230, 2572288, 1, 0, 0
937480, 2146304, 1, 0, 0
937730, 2392064, 1, 0, 0
937980, 2326528, 1, 0, 0
938231, 2195456, 1, 0, 0
938481, 2113536, 1, 0, 0
938731, 2916352, 1, 0, 0
938981, 2342912, 1, 0, 0
939231, 2981888, 1, 0, 0
939480, 2385220, 1, 0, 0
939730, 2719744, 1, 0, 0
939980, 2785280, 1, 0, 0
940230, 2621440, 1, 0, 0
940480, 2359296, 1, 0, 0
940730, 2080768, 1, 0, 0
940980, 2342912, 1, 0, 0
941231, 2686976, 1, 0, 0
941481, 2539520, 1, 0, 0
941731, 2506752, 1, 0, 0
941981, 2785280, 1, 0, 0
942230, 2631967, 1, 0, 0
942480, 2998272, 1, 0, 0
942730, 2768896, 1, 0, 0
942980, 2080768, 1, 0, 0
943230, 1818624, 1, 0, 0
943480, 2670592, 1, 0, 0
943730, 2129920, 1, 0, 0
943981, 2326528, 1, 0, 0
944231, 2244608, 1, 0, 0
944481, 2408448, 1, 0, 0
944731, 2473984, 1, 0, 0
944981, 2949120, 1, 0, 0
945230, 2977413, 1, 0, 0
945480, 1622016, 1, 0, 0
945730, 2457600, 1, 0, 0
945980, 2785280, 1, 0, 0
946230, 2916352, 1, 0, 0
946480, 2752512, 1, 0, 0
946730, 2670592, 1, 0, 0
946981, 2670592, 1, 0, 0
947231, 2916352, 1, 0, 0
947481, 2375680, 1, 0, 0
947731, 1654784, 1, 0, 0
947980, 1743678, 1, 0, 0
948230, 2211840, 1, 0, 0
948480, 2359296, 1, 0, 0
948730, 1720320, 1, 0, 0
948980, 2260992, 1, 0, 0
949230, 2342912, 1, 0, 0
949481, 1671168, 1, 0, 0
949731, 1884160, 1, 0, 0
949981, 2342912, 1, 0, 0
950231, 2064384, 1, 0, 0
950480, 2039775, 1, 0, 0
950730, 1703936, 1, 0, 0
950980, 1884160, 1, 0, 0
951230, 2113536, 1, 0, 0
951480, 2097152, 1, 0, 0
951730, 2359296, 1, 0, 0
951981, 2342912, 1, 0, 0
952231, 1998848, 1, 0, 0
952481, 2605056, 1, 0, 0
952731, 2293760, 1, 0, 0
952980, 2615518, 1, 0, 0
953230, 2031616, 1, 0, 0
953480, 1785856, 1, 0, 0
953730, 2408448, 1, 0, 0
953980, 2375680, 1, 0, 0
954230, 1851392, 1, 0, 0
954480, 2277376, 1, 0, 0
954731, 2326528, 1, 0, 0
954981, 2686976, 1, 0, 0
955231, 2359296, 1, 0, 0
955481, 3211264, 1, 0, 0
955730, 3125461, 1, 0, 0
955980, 3178496, 1, 0, 0
956230, 3063808, 1, 0, 0
956480, 2768896, 1, 0, 0
956730, 2736128, 1, 0, 0
956980, 1687552, 1, 0, 0
957230, 2621440, 1, 0, 0
957481, 2785280, 1, 0, 0
957731, 2932736, 1, 0, 0
957981, 2228224, 1, 0, 0
958231, 2736128, 1, 0, 0
958481, 1966080, 1, 0, 0
958730, 3158361, 1, 0, 0
958980, 2506752, 1, 0, 0
959230, 1835008, 1, 0, 0
959480, 2490368, 1, 0, 0
959730, 2981888, 1, 0, 0
959980, 3178496, 1, 0, 0
960231, 2473984, 1, 0, 0
960481, 2965504, 1, 0, 0
960731, 2359296, 1, 0, 0
960981, 2080768, 1, 0, 0
961231, 2260992, 1, 0, 0
961480, 1973975, 1, 0, 0
961730, 2326528, 1, 0, 0
961980, 2113536, 1, 0, 0
962230, 2048000, 1, 0, 0
962481, 2506752, 1, 0, 0
962731, 1327104, 1, 0, 0
962981, 1851392, 1, 0, 0
963231, 2834432, 1, 0, 0
963480, 2730666, 1, 0, 0
963730, 2031616, 1, 0, 0
963980, 2605056, 1, 0, 0
964230, 1916928, 1, 0, 0
964480, 2506752, 1, 0, 0
964730, 1851392, 1, 0, 0
964980, 1294336, 1, 0, 0
965231, 917504, 1, 0, 0
965481, 1966080, 1, 0, 0
965731, 1884160, 1, 0, 0
965981, 2015232, 1, 0, 0
966230, 1644979, 1, 0, 0
966480, 1458176, 1, 0, 0
966730, 1245184, 1, 0, 0
966980, 1228800, 1, 0, 0
967230, 1343488, 1, 0, 0
967480, 2080768, 1, 0, 0
967730, 2932736, 1, 0, 0
967981, 2637824, 1, 0, 0
968231, 2359296, 1, 0, 0
968481, 2129920, 1, 0, 0
968731, 2883584, 1, 0, 0
968981, 2654208, 1, 0, 0
969230, 2780016, 1, 0, 0
969480, 2752512, 1, 0, 0
969730, 2899968, 1, 0, 0
969980, 3391488, 1, 0, 0
970230, 3227648, 1, 0, 0
970480, 3309568, 1, 0, 0
970730, 3506176, 1, 0, 0
970980, 2965504, 1, 0, 0
971231, 3555328, 1, 0, 0
971481, 3489792, 1, 0, 0
971731, 3129344, 1, 0, 0
971981, 2801664, 1, 0, 0
972231, 3522560, 1, 0, 0
972480, 3421558, 1, 0, 0
972730, 3194880, 1, 0, 0
972980, 3096576, 1, 0, 0
973230, 3260416, 1, 0, 0
973480, 2883584, 1, 0, 0
973730, 2981888, 1, 0, 0
973980, 2785280, 1, 0, 0
974231, 3358720, 1, 0, 0
974481, 3440640, 1, 0, 0
974731, 2015232, 1, 0, 0
974981, 2260992, 1, 0, 0
975231, 2064384, 1, 0, 0
975480, 2105574, 1, 0, 0
975730, 2277376, 1, 0, 0
975980, 2162688, 1, 0, 0
976230, 2932736, 1, 0, 0
976481, 2342912, 1, 0, 0
976731, 2211840, 1, 0, 0
976981, 1687552, 1, 0, 0
977231, 2539520, 1, 0, 0
977480, 1496931, 1, 0, 0
977730, 2850816, 1, 0, 0
977980, 3129344, 1, 0, 0
978230, 2523136, 1, 0, 0
978480, 1949696, 1, 0, 0
978730, 3588096, 1, 0, 0
978981, 3244032, 1, 0, 0
979231, 2899968, 1, 0, 0
979481, 3178496, 1, 0, 0
979731, 3391488, 1, 0, 0
979981, 3244032, 1, 0, 0
980230, 3059662, 1, 0, 0
980480, 2916352, 1, 0, 0
980730, 3440640, 1, 0, 0
980980, 3244032, 1, 0, 0
981230, 3096576, 1, 0, 0
981480, 3227648, 1, 0, 0
981730, 3670016, 1, 0, 0
981980, 3457024, 1, 0, 0
982231, 3538944, 1, 0, 0
982481, 3555328, 1, 0, 0
982731, 2949120, 1, 0, 0
982981, 3440640, 1, 0, 0
983230, 3487357, 1, 0, 0
983480, 3129344, 1, 0, 0
983730, 3506176, 1, 0, 0
983980, 3457024, 1, 0, 0
984230, 3506176, 1, 0, 0
984480, 3309568, 1, 0, 0
984730, 3325952, 1, 0, 0
984980, 3457024, 1, 0, 0
985231, 3162112, 1, 0, 0
985481, 3276800, 1, 0, 0
985731, 2998272, 1, 0, 0
985981, 3063808, 1, 0, 0
986231, 2965504, 1, 0, 0
986480, 3421558, 1, 0, 0
986730, 3407872, 1, 0, 0
986980, 3096576, 1, 0, 0
987230, 3211264, 1, 0, 0
987480, 3014656, 1, 0, 0
987730, 3178496, 1, 0, 0
987980, 3506176, 1, 0, 0
988230, 3194880, 1, 0, 0
988481, 2719744, 1, 0, 0
988731, 3112960, 1, 0, 0
988981, 3293184, 1, 0, 0
989231, 3227648, 1, 0, 0
989481, 3342336, 1, 0, 0
989731, 3506176, 1, 0, 0
989980, 3191261, 1, 0, 0
990230, 3260416, 1, 0, 0
990480, 3162112, 1, 0, 0
990730, 2916352, 1, 0, 0
990980, 3080192, 1, 0, 0
991230, 3129344, 1, 0, 0
991480, 3014656, 1, 0, 0
991730, 3375104, 1, 0, 0
991981, 3145728, 1, 0, 0
992231, 3538944, 1, 0, 0
992481, 3670016, 1, 0, 0
992731, 3784704, 1, 0, 0
992981, 3538944, 1, 0, 0
993230, 3191261, 1, 0, 0
993480, 3473408, 1, 0, 0
993730, 3424256, 1, 0, 0
993980, 3342336, 1, 0, 0
994230, 3768320, 1, 0, 0
994480, 3653632, 1, 0, 0
994730, 3506176, 1, 0, 0
994980, 3440640, 1, 0, 0
995231, 3424256, 1, 0, 0
995481, 3538944, 1, 0, 0
995731, 3522560, 1, 0, 0
995981, 3391488, 1, 0, 0
996231, 3244032, 1, 0, 0
996480, 2089124, 1, 0, 0
996730, 1622016, 1, 0, 0
996980, 2654208, 1, 0, 0
997230, 3194880, 1, 0, 0
997480, 3260416, 1, 0, 0
997730, 2998272, 1, 0, 0
997980, 2719744, 1, 0, 0
998231, 1736704, 1, 0, 0
998481, 2228224, 1, 0, 0
998731, 2277376, 1, 0, 0
998981, 2539520, 1, 0, 0
999230, 2714216, 1, 0, 0
999480, 2621440, 1, 0, 0
999730, 2359296, 1, 0, 0
999980, 2883584, 1, 0, 0
1000230, 3129344, 1, 0, 0
1000480, 3276800, 1, 0, 0
1000730, 3391488, 1, 0, 0
1000981, 3080192, 1, 0, 0
1001231, 3309568, 1, 0, 0
1001481, 2949120, 1, 0, 0
1001731, 3588096, 1, 0, 0
1001981, 3227648, 1, 0, 0
1002230, 3174811, 1, 0, 0
1002480, 3276800, 1, 0, 0
1002730, 3440640, 1, 0, 0
1002980, 3309568, 1, 0, 0
1003230, 3457024, 1, 0, 0
1003480, 3194880, 1, 0, 0
1003731, 2359296, 1, 0, 0
1003981, 3358720, 1, 0, 0
1004231, 3620864, 1, 0, 0
1004480, 3174811, 1, 0, 0
1004731, 2965504, 1, 0, 0
1004981, 3555328, 1, 0, 0
1005231, 3047424, 1, 0, 0
1005480, 3109012, 1, 0, 0
1005731, 3473408, 1, 0, 0
1005981, 3031040, 1, 0, 0
1006231, 2605056, 1, 0, 0
1006481, 2549718, 1, 0, 0
1006731, 2801664, 1, 0, 0
1006981, 2195456, 1, 0, 0
1007230, 2500369, 1, 0, 0
1007481, 3276800, 1, 0, 0
1007731, 2408448, 1, 0, 0
1007981, 2228224, 1, 0, 0
1008231, 2195456, 1, 0, 0
1008481, 2850816, 1, 0, 0
1008730, 2401670, 1, 0, 0
1008980, 966656, 1, 0, 0
1009230, 1032192, 1, 0, 0
1009480, 1032192, 1, 0, 0
1009730, 1523712, 1, 0, 0
1009980, 2752512, 1, 0, 0
1010231, 2277376, 1, 0, 0
1010481, 1998848, 1, 0, 0
1010731, 2375680, 1, 0, 0
1010981, 2457600, 1, 0, 0
1011231, 2834432, 1, 0, 0
1011481, 2015232, 1, 0, 0
1011730, 1546281, 1, 0, 0
1011980, 1867776, 1, 0, 0
1012230, 2637824, 1, 0, 0
1012480, 2637824, 1, 0, 0
1012730, 2785280, 1, 0, 0
1012980, 2834432, 1, 0, 0
1013230, 2342912, 1, 0, 0
1013481, 2637824, 1, 0, 0
1013731, 2572288, 1, 0, 0
1013981, 2441216, 1, 0, 0
1014231, 2637824, 1, 0, 0
1014480, 2549718, 1, 0, 0
1014730, 2162688, 1, 0, 0
1014980, 2392064, 1, 0, 0
1015230, 2260992, 1, 0, 0
1015480, 3276800, 1, 0, 0
1015730, 1851392, 1, 0, 0
1015981, 2441216, 1, 0, 0
1016231, 2277376, 1, 0, 0
1016481, 2179072, 1, 0, 0
1016731, 2998272, 1, 0, 0
1016980, 2138473, 1, 0, 0
1017230, 2277376, 1, 0, 0
1017480, 2768896, 1, 0, 0
1017730, 3047424, 1, 0, 0
1017980, 2883584, 1, 0, 0
1018230, 2883584, 1, 0, 0
1018480, 3342336, 1, 0, 0
1018731, 3244032, 1, 0, 0
1018981, 2441216, 1, 0, 0
1019231, 3260416, 1, 0, 0
1019481, 3260416, 1, 0, 0
1019730, 2418120, 1, 0, 0
1019980, 3031040, 1, 0, 0
1020230, 2932736, 1, 0, 0
1020480, 3129344, 1, 0, 0
1020730, 3178496, 1, 0, 0
1020980, 3129344, 1, 0, 0
1021230, 3457024, 1, 0, 0
1021480, 3293184, 1, 0, 0
1021731, 2883584, 1, 0, 0
1021981, 3260416, 1, 0, 0
1022231, 3375104, 1, 0, 0
1022481, 1736704, 1, 0, 0
1022730, 1776578, 1, 0, 0
1022980, 2506752, 1, 0, 0
1023230, 3244032, 1, 0, 0
1023480, 1867776, 1, 0, 0
1023730, 2752512, 1, 0, 0
1023980, 1802240, 1, 0, 0
1024230, 2048000, 1, 0, 0
1024481, 2064384, 1, 0, 0
1024731, 1736704, 1, 0, 0
1024981, 2277376, 1, 0, 0
1025231, 2179072, 1, 0, 0
1025481, 2572288, 1, 0, 0
1025730, 3339309, 1, 0, 0
1025980, 2146304, 1, 0, 0
1026230, 2736128, 1, 0, 0
1026480, 2523136, 1, 0, 0
1026730, 2015232, 1, 0, 0
1026980, 2359296, 1, 0, 0
1027231, 2244608, 1, 0, 0
1027481, 2031616, 1, 0, 0
1027731, 1802240, 1, 0, 0
1027981, 2326528, 1, 0, 0
1028230, 2220722, 1, 0, 0
1028480, 2785280, 1, 0, 0
1028730, 2768896, 1, 0, 0
1028980, 2260992, 1, 0, 0
1029230, 1998848, 1, 0, 0
1029480, 1753088, 1, 0, 0
1029731, 2277376, 1, 0, 0
1029981, 2506752, 1, 0, 0
1030231, 2588672, 1, 0, 0
1030481, 2916352, 1, 0, 0
1030731, 2326528, 1, 0, 0
1030980, 2615518, 1, 0, 0
1031230, 2605056, 1, 0, 0
1031480, 2539520, 1, 0, 0
1031730, 2949120, 1, 0, 0
1031980, 2441216, 1, 0, 0
1032230, 2457600, 1, 0, 0
1032481, 2555904, 1, 0, 0
1032731, 2523136, 1, 0, 0
1032981, 2342912, 1, 0, 0
1033231, 2441216, 1, 0, 0
1033481, 3719168, 1, 0, 0
1033730, 3438008, 1, 0, 0
1033980, 2965504, 1, 0, 0
1034230, 2621440, 1, 0, 0
1034480, 2523136, 1, 0, 0
1034730, 2228224, 1, 0, 0
1034980, 2932736, 1, 0, 0
1035230, 2752512, 1, 0, 0
1035481, 2785280, 1, 0, 0
1035731, 1540096, 1, 0, 0
1035981, 1753088, 1, 0, 0
1036231, 1376256, 1, 0, 0
1036481, 2195456, 1, 0, 0
1036730, 2467469, 1, 0, 0
1036980, 2605056, 1, 0, 0
1037230, 1998848, 1, 0, 0
1037480, 2244608, 1, 0, 0
1037730, 2752512, 1, 0, 0
1037980, 3031040, 1, 0, 0
1038231, 2899968, 1, 0, 0
1038481, 2457600, 1, 0, 0
1038731, 2785280, 1, 0, 0
1038981, 3047424, 1, 0, 0
1039230, 2599068, 1, 0, 0
1039480, 2981888, 1, 0, 0
1039730, 3325952, 1, 0, 0
1039980, 3080192, 1, 0, 0
1040230, 2949120, 1, 0, 0
1040480, 3112960, 1, 0, 0
1040730, 3211264, 1, 0, 0
1040980, 2588672, 1, 0, 0
1041231, 2834432, 1, 0, 0
1041481, 2686976, 1, 0, 0
1041731, 2883584, 1, 0, 0
1041980, 3174811, 1, 0, 0
1042230, 2572288, 1, 0, 0
1042480, 3473408, 1, 0, 0
1042730, 3112960, 1, 0, 0
1042980, 1818624, 1, 0, 0
1043230, 1409024, 1, 0, 0
1043480, 2113536, 1, 0, 0
1043731, 2310144, 1, 0, 0
1043981, 2719744, 1, 0, 0
1044231, 2916352, 1, 0, 0
1044481, 2424832, 1, 0, 0
1044731, 2752512, 1, 0, 0
1044980, 2483919, 1, 0, 0
1045230, 2244608, 1, 0, 0
1045480, 1851392, 1, 0, 0
1045730, 2555904, 1, 0, 0
1045981, 2686976, 1, 0, 0
1046231, 2408448, 1, 0, 0
1046481, 2818048, 1, 0, 0
1046731, 2899968, 1, 0, 0
1046981, 2260992, 1, 0, 0
1047230, 2812915, 1, 0, 0
1047480, 2408448, 1, 0, 0
1047730, 3031040, 1, 0, 0
1047980, 2899968, 1, 0, 0
1048230, 1949696, 1, 0, 0
1048480, 2457600, 1, 0, 0
1048730, 2736128, 1, 0, 0
1048980, 2850816, 1, 0, 0
1049231, 2260992, 1, 0, 0
1049481, 1736704, 1, 0, 0
1049731, 3571712, 1, 0, 0
1049981, 3244032, 1, 0, 0
1050231, 2113536, 1, 0, 0
1050480, 1858827, 1, 0, 0
1050730, 1949696, 1, 0, 0
1050980, 1818624, 1, 0, 0
1051230, 1851392, 1, 0, 0
1051480, 1474560, 1, 0, 0
1051731, 1245184, 1, 0, 0
1051981, 2260992, 1, 0, 0
1052231, 1638400, 1, 0, 0
1052481, 2244608, 1, 0, 0
1052730, 2122024, 1, 0, 0
1052980, 2506752, 1, 0, 0
1053230, 2048000, 1, 0, 0
1053480, 2260992, 1, 0, 0
1053730, 2097152, 1, 0, 0
1053980, 1720320, 1, 0, 0
1054231, 1540096, 1, 0, 0
1054481, 2408448, 1, 0, 0
1054731, 2572288, 1, 0, 0
1054981, 2588672, 1, 0, 0
1055231, 2277376, 1, 0, 0
1055480, 2171373, 1, 0, 0
1055730, 1966080, 1, 0, 0
1055980, 2605056, 1, 0, 0
1056230, 2490368, 1, 0, 0
1056480, 2654208, 1, 0, 0
1056730, 2867200, 1, 0, 0
1056980, 3424256, 1, 0, 0
1057231, 2637824, 1, 0, 0
1057481, 2998272, 1, 0, 0
1057731, 2883584, 1, 0, 0
1057981, 3080192, 1, 0, 0
1058231, 3096576, 1, 0, 0
1058480, 3043212, 1, 0, 0
1058730, 2703360, 1, 0, 0
1058980, 2785280, 1, 0, 0
1059230, 2359296, 1, 0, 0
1059480, 2490368, 1, 0, 0
1059730, 1540096, 1, 0, 0
1059981, 1441792, 1, 0, 0
1060231, 2146304, 1, 0, 0
1060481, 966656, 1, 0, 0
1060730, 986987, 1, 0, 0
1060980, 3162112, 1, 0, 0
1061230, 2473984, 1, 0, 0
1061480, 2424832, 1, 0, 0
1061730, 2211840, 1, 0, 0
1061980, 2588672, 1, 0, 0
1062230, 2211840, 1, 0, 0
1062480, 2260992, 1, 0, 0
1062730, 1703936, 1, 0, 0
1062981, 3129344, 1, 0, 0
1063231, 3063808, 1, 0, 0
1063481, 1687552, 1, 0, 0
1063731, 1638400, 1, 0, 0
1063980, 2599068, 1, 0, 0
1064230, 3260416, 1, 0, 0
1064480, 1785856, 1, 0, 0
1064730, 2441216, 1, 0, 0
1064980, 2031616, 1, 0, 0
1065230, 2621440, 1, 0, 0
1065481, 1933312, 1, 0, 0
1065731, 2506752, 1, 0, 0
1065981, 1458176, 1, 0, 0
1066231, 1458176, 1, 0, 0
1066481, 2064384, 1, 0, 0
1066730, 2516819, 1, 0, 0
1066980, 1916928, 1, 0, 0
1067230, 3014656, 1, 0, 0
1067480, 2949120, 1, 0, 0
1067730, 1949696, 1, 0, 0
1067980, 2490368, 1, 0, 0
1068231, 2342912, 1, 0, 0
1068481, 2719744, 1, 0, 0
1068731, 1114112, 1, 0, 0
1068981, 1540096, 1, 0, 0
1069231, 2031616, 1, 0, 0
1069480, 2500369, 1, 0, 0
1069730, 2424832, 1, 0, 0
1069980, 2605056, 1, 0, 0
1070230, 3129344, 1, 0, 0
1070480, 2342912, 1, 0, 0
1070730, 3031040, 1, 0, 0
1070980, 3227648, 1, 0, 0
1071230, 3522560, 1, 0, 0
1071481, 2555904, 1, 0, 0
1071731, 2899968, 1, 0, 0
1071981, 2523136, 1, 0, 0
1072231, 1622016, 1, 0, 0
1072480, 2681317, 1, 0, 0
1072730, 442368, 1, 0, 0
1072980, 1277952, 1, 0, 0
1073230, 1605632, 1, 0, 0
1073480, 1802240, 1, 0, 0
1073730, 2555904, 1, 0, 0
1073980, 1998848, 1, 0, 0
1074231, 2031616, 1, 0, 0
1074481, 2326528, 1, 0, 0
1074731, 2605056, 1, 0, 0
1074981, 3080192, 1, 0, 0
1075230, 3355759, 1, 0, 0
1075480, 2523136, 1, 0, 0
1075730, 3047424, 1, 0, 0
1075980, 3129344, 1, 0, 0
1076230, 3211264, 1, 0, 0
1076480, 2850816, 1, 0, 0
1076730, 2392064, 1, 0, 0
1076980, 2981888, 1, 0, 0
1077231, 3145728, 1, 0, 0
1077481, 3129344, 1, 0, 0
1077731, 2539520, 1, 0, 0
1077981, 1982464, 1, 0, 0
1078230, 3076112, 1, 0, 0
1078480, 1654784, 1, 0, 0
1078730, 1605632, 1, 0, 0
1078980, 2572288, 1, 0, 0
1079230, 2670592, 1, 0, 0
1079480, 2588672, 1, 0, 0
1079730, 2408448, 1, 0, 0
1079980, 2768896, 1, 0, 0
1080231, 2179072, 1, 0, 0
1080481, 2752512, 1, 0, 0
1080731, 2211840, 1, 0, 0
1080981, 1687552, 1, 0, 0
1081230, 1628530, 1, 0, 0
1081480, 2719744, 1, 0, 0
1081730, 3129344, 1, 0, 0
1081980, 2768896, 1, 0, 0
1082230, 2850816, 1, 0, 0
1082480, 2703360, 1, 0, 0
1082730, 2867200, 1, 0, 0
1082980, 2195456, 1, 0, 0
1083230, 2244608, 1, 0, 0
1083481, 2621440, 1, 0, 0
1083731, 3063808, 1, 0, 0
1083981, 3063808, 1, 0, 0
1084231, 2883584, 1, 0, 0
1084480, 2895164, 1, 0, 0
1084730, 2736128, 1, 0, 0
1084981, 2260992, 1, 0, 0
1085231, 2539520, 1, 0, 0
1085481, 2719744, 1, 0, 0
1085731, 2812915, 1, 0, 0
1085981, 2260992, 1, 0, 0
1086231, 3129344, 1, 0, 0
1086481, 2533269, 1, 0, 0
1086731, 3473408, 1, 0, 0
1086981, 3522560, 1, 0, 0
1087231, 2582618, 1, 0, 0
1087481, 2342912, 1, 0, 0
1087731, 2588672, 1, 0, 0
1087981, 2483919, 1, 0, 0
1088231, 2048000, 1, 0, 0
1088481, 2408448, 1, 0, 0
1088730, 2862265, 1, 0, 0
1088981, 2867200, 1, 0, 0
1089231, 2654208, 1, 0, 0
1089480, 2105574, 1, 0, 0
1089731, 2916352, 1, 0, 0
1089981, 2572288, 1, 0, 0
1090231, 2883584, 1, 0, 0
1090480, 2697767, 1, 0, 0
1090731, 3178496, 1, 0, 0
1090981, 3424256, 1, 0, 0
1091231, 3162112, 1, 0, 0
1091481, 2385220, 1, 0, 0
1091731, 1703936, 1, 0, 0
1091981, 1982464, 1, 0, 0
1092230, 2418120, 1, 0, 0
1092481, 2785280, 1, 0, 0
1092731, 2850816, 1, 0, 0
1092980, 3010313, 1, 0, 0
1093231, 2703360, 1, 0, 0
1093481, 2883584, 1, 0, 0
1093731, 2080768, 1, 0, 0
1093980, 1200835, 1, 0, 0
1094231, 1703936, 1, 0, 0
1094481, 3162112, 1, 0, 0
1094731, 2064384, 1, 0, 0
1094980, 2089124, 1, 0, 0
1095231, 1900544, 1, 0, 0
1095481, 2260992, 1, 0, 0
1095730, 3076112, 1, 0, 0
1095981, 2899968, 1, 0, 0
1096231, 2818048, 1, 0, 0
1096481, 1867776, 1, 0, 0
1096731, 1776578, 1, 0, 0
1096981, 2195456, 1, 0, 0
1097231, 2326528, 1, 0, 0
1097481, 2960963, 1, 0, 0
1097731, 2850816, 1, 0, 0
1097981, 2523136, 1, 0, 0
1098231, 2500369, 1, 0, 0
1098481, 2818048, 1, 0, 0
1098731, 2981888, 1, 0, 0
1098981, 2302971, 1, 0, 0
1099231, 2260992, 1, 0, 0
1099481, 1916928, 1, 0, 0
1099730, 2862265, 1, 0, 0
1099981, 2834432, 1, 0, 0
1100231, 3473408, 1, 0, 0
1100480, 3141911, 1, 0, 0
1100731, 2703360, 1, 0, 0
1100981, 2785280, 1, 0, 0
1101231, 2637824, 1, 0, 0
1101481, 2549718, 1, 0, 0
1101731, 1916928, 1, 0, 0
1101981, 1736704, 1, 0, 0
1102230, 1793028, 1, 0, 0
1102481, 2310144, 1, 0, 0
1102731, 2310144, 1, 0, 0
1102981, 1638400, 1, 0, 0
1103231, 2434570, 1, 0, 0
1103481, 2080768, 1, 0, 0
1103731, 1540096, 1, 0, 0
1103980, 2253622, 1, 0, 0
1104231, 2048000, 1, 0, 0
1104481, 1703936, 1, 0, 0
1104730, 1825927, 1, 0, 0
1104981, 1687552, 1, 0, 0
1105231, 1736704, 1, 0, 0
1105481, 1490944, 1, 0, 0
1105730, 1891726, 1, 0, 0
1105981, 1425408, 1, 0, 0
1106231, 2359296, 1, 0, 0
1106480, 2171373, 1, 0, 0
1106731, 2392064, 1, 0, 0
1106981, 1982464, 1, 0, 0
1107230, 2237172, 1, 0, 0
1107481, 2572288, 1, 0, 0
1107731, 2293760, 1, 0, 0
1107981, 2703360, 1, 0, 0
1108231, 3273510, 1, 0, 0
1108481, 3145728, 1, 0, 0
1108731, 3080192, 1, 0, 0
1108981, 2648417, 1, 0, 0
1109231, 1933312, 1, 0, 0
1109480, 1825927, 1, 0, 0
1109731, 1835008, 1, 0, 0
1109981, 2703360, 1, 0, 0
1110230, 2006875, 1, 0, 0
1110481, 2670592, 1, 0, 0
1110731, 2752512, 1, 0, 0
1110980, 2829365, 1, 0, 0
1111231, 2539520, 1, 0, 0
1111481, 2949120, 1, 0, 0
1111731, 3145728, 1, 0, 0
1111981, 2566168, 1, 0, 0
1112231, 2768896, 1, 0, 0
1112481, 2490368, 1, 0, 0
1112731, 2171373, 1, 0, 0
1112981, 2293760, 1, 0, 0
1113231, 2441216, 1, 0, 0
1113480, 2483919, 1, 0, 0
1113731, 3047424, 1, 0, 0
1113981, 2375680, 1, 0, 0
1114231, 3194880, 1, 0, 0
1114481, 2697767, 1, 0, 0
1114731, 3489792, 1, 0, 0
1114981, 2916352, 1, 0, 0
1115230, 2220722, 1, 0, 0
1115481, 2441216, 1, 0, 0
1115731, 2506752, 1, 0, 0
1115981, 2605056, 1, 0, 0
1116230, 2500369, 1, 0, 0
1116481, 2080768, 1, 0, 0
1116731, 3129344, 1, 0, 0
1116981, 2483919, 1, 0, 0
1117231, 2981888, 1, 0, 0
1117481, 3342336, 1, 0, 0
1117731, 3454457, 1, 0, 0
1117981, 2555904, 1, 0, 0
1118230, 2829365, 1, 0, 0
1118481, 1933312, 1, 0, 0
1118731, 2015232, 1, 0, 0
1118980, 1743678, 1, 0, 0
1119231, 2621440, 1, 0, 0
1119481, 2932736, 1, 0, 0
1119730, 2187823, 1, 0, 0
1119981, 1916928, 1, 0, 0
1120231, 2588672, 1, 0, 0
1120481, 2179072, 1, 0, 0
1120731, 2993863, 1, 0, 0
1120981, 2342912, 1, 0, 0
1121231, 3325952, 1, 0, 0
1121480, 2681317, 1, 0, 0
1121731, 2211840, 1, 0, 0
1121981, 1228800, 1, 0, 0
1122231, 1392640, 1, 0, 0
1122481, 2006875, 1, 0, 0
1122731, 2179072, 1, 0, 0
1122981, 1982464, 1, 0, 0
1123231, 2204273, 1, 0, 0
1123481, 2588672, 1, 0, 0
1123730, 2483919, 1, 0, 0
1123981, 2244608, 1, 0, 0
1124231, 2916352, 1, 0, 0
1124480, 2220722, 1, 0, 0
1124731, 2146304, 1, 0, 0
1124981, 2949120, 1, 0, 0
1125231, 2899968, 1, 0, 0
1125481, 3010313, 1, 0, 0
1125731, 3227648, 1, 0, 0
1125981, 2490368, 1, 0, 0
1126230, 3207710, 1, 0, 0
1126481, 2768896, 1, 0, 0
1126731, 1753088, 1, 0, 0
1126981, 1884160, 1, 0, 0
1127231, 1891726, 1, 0, 0
1127481, 1277952, 1, 0, 0
1127731, 1474560, 1, 0, 0
1127980, 1973975, 1, 0, 0
1128231, 1572864, 1, 0, 0
1128481, 1605632, 1, 0, 0
1128730, 1825927, 1, 0, 0
1128981, 2375680, 1, 0, 0
1129231, 1441792, 1, 0, 0
1129480, 2122024, 1, 0, 0
1129731, 2621440, 1, 0, 0
1129981, 1982464, 1, 0, 0
1130231, 2260992, 1, 0, 0
1130481, 2253622, 1, 0, 0
1130731, 2342912, 1, 0, 0
1130981, 2146304, 1, 0, 0
1131231, 2878714, 1, 0, 0
1131481, 1720320, 1, 0, 0
1131731, 1720320, 1, 0, 0
1131981, 1694329, 1, 0, 0
1132231, 1081344, 1, 0, 0
1132481, 1727228, 1, 0, 0
1132731, 2048000, 1, 0, 0
1132981, 2424832, 1, 0, 0
1133231, 2138473, 1, 0, 0
1133481, 2260992, 1, 0, 0
1133731, 2490368, 1, 0, 0
1133981, 2451020, 1, 0, 0
1134231, 2621440, 1, 0, 0
1134481, 2686976, 1, 0, 0
1134731, 2714216, 1, 0, 0
1134981, 2441216, 1, 0, 0
1135231, 2506752, 1, 0, 0
1135481, 3026763, 1, 0, 0
1135731, 2785280, 1, 0, 0
1135981, 2441216, 1, 0, 0
1136231, 2467469, 1, 0, 0
1136481, 2080768, 1, 0, 0
1136731, 1703936, 1, 0, 0
1136980, 2500369, 1, 0, 0
1137231, 1687552, 1, 0, 0
1137481, 2097152, 1, 0, 0
1137730, 2368771, 1, 0, 0
1137981, 1769472, 1, 0, 0
1138231, 1392640, 1, 0, 0
1138480, 2072674, 1, 0, 0
1138731, 2080768, 1, 0, 0
1138981, 1556480, 1, 0, 0
1139231, 1228800, 1, 0, 0
1139481, 1628530, 1, 0, 0
1139731, 1097728, 1, 0, 0
1139981, 2048000, 1, 0, 0
1140230, 2631967, 1, 0, 0
1140481, 2572288, 1, 0, 0
1140731, 2457600, 1, 0, 0
1140980, 2319421, 1, 0, 0
1141231, 2129920, 1, 0, 0
1141481, 3276800, 1, 0, 0
1141730, 2385220, 1, 0, 0
1141981, 2457600, 1, 0, 0
1142231, 1933312, 1, 0, 0
1142480, 2072674, 1, 0, 0
1142731, 2064384, 1, 0, 0
1142981, 1818624, 1, 0, 0
1143231, 1540096, 1, 0, 0
1143481, 2089124, 1, 0, 0
1143731, 1851392, 1, 0, 0
1143981, 2883584, 1, 0, 0
1144231, 2533269, 1, 0, 0
1144481, 2654208, 1, 0, 0
1144730, 2895164, 1, 0, 0
1144981, 2703360, 1, 0, 0
1145231, 1966080, 1, 0, 0
1145480, 1727228, 1, 0, 0
1145731, 1835008, 1, 0, 0
1145981, 2539520, 1, 0, 0
1146231, 1802240, 1, 0, 0
1146481, 1842377, 1, 0, 0
1146731, 2310144, 1, 0, 0
1146981, 2187823, 1, 0, 0
1147231, 2162688, 1, 0, 0
1147481, 2981888, 1, 0, 0
1147731, 2944514, 1, 0, 0
1147981, 2539520, 1, 0, 0
1148231, 1973975, 1, 0, 0
1148481, 2654208, 1, 0, 0
1148731, 3162112, 1, 0, 0
1148981, 2747116, 1, 0, 0
1149231, 2605056, 1, 0, 0
1149481, 2572288, 1, 0, 0
1149731, 2812915, 1, 0, 0
1149981, 2195456, 1, 0, 0
1150231, 2048000, 1, 0, 0
1150481, 2862265, 1, 0, 0
1150731, 2260992, 1, 0, 0
1150981, 2048000, 1, 0, 0
1151231, 1973975, 1, 0, 0
1151481, 2408448, 1, 0, 0
1151731, 2310144, 1, 0, 0
1151981, 1233734, 1, 0, 0
1152231, 3293184, 1, 0, 0
1152481, 1245184, 1, 0, 0
1152731, 789590, 1, 0, 0
1152981, 1835008, 1, 0, 0
1153231, 723791, 1, 0, 0
1153481, 983040, 1, 0, 0
1153731, 851968, 1, 0, 0
1153981, 1085686, 1, 0, 0
1154231, 1310720, 1, 0, 0
1154481, 1998848, 1, 0, 0
1154731, 1480481, 1, 0, 0
1154981, 1556480, 1, 0, 0
1155231, 1785856, 1, 0, 0
1155481, 2154923, 1, 0, 0
1155731, 2113536, 1, 0, 0
1155981, 1327104, 1, 0, 0
1156231, 1579180, 1, 0, 0
1156481, 1769472, 1, 0, 0
1156731, 1622016, 1, 0, 0
1156981, 2714216, 1, 0, 0
1157231, 2457600, 1, 0, 0
1157481, 2113536, 1, 0, 0
1157731, 1677879, 1, 0, 0
1157981, 2015232, 1, 0, 0
1158231, 2064384, 1, 0, 0
1158481, 1941076, 1, 0, 0
1158731, 2015232, 1, 0, 0
1158981, 2064384, 1, 0, 0
1159231, 1809477, 1, 0, 0
1159481, 2539520, 1, 0, 0
1159731, 2048000, 1, 0, 0
1159981, 1299534, 1, 0, 0
1160231, 1654784, 1, 0, 0
1160481, 1490944, 1, 0, 0
1160731, 2319421, 1, 0, 0
1160981, 2621440, 1, 0, 0
1161231, 2916352, 1, 0, 0
1161481, 2895164, 1, 0, 0
1161731, 2768896, 1, 0, 0
1161981, 1908176, 1, 0, 0
1162231, 2408448, 1, 0, 0
1162481, 2310144, 1, 0, 0
1162731, 2599068, 1, 0, 0
1162981, 2801664, 1, 0, 0
1163231, 2162688, 1, 0, 0
1163481, 2796465, 1, 0, 0
1163731, 2605056, 1, 0, 0
1163981, 2451020, 1, 0, 0
1164231, 2801664, 1, 0, 0
1164481, 1392640, 1, 0, 0
1164731, 1217285, 1, 0, 0
1164981, 1064960, 1, 0, 0
1165231, 1425408, 1, 0, 0
1165481, 1348883, 1, 0, 0
1165731, 1212416, 1, 0, 0
1165981, 1179648, 1, 0, 0
1166231, 1825927, 1, 0, 0
1166481, 622592, 1, 0, 0
1166731, 1064960, 1, 0, 0
1166981, 1348883, 1, 0, 0
1167231, 2129920, 1, 0, 0
1167481, 1654784, 1, 0, 0
1167730, 2747116, 1, 0, 0
1167981, 2899968, 1, 0, 0
1168231, 2588672, 1, 0, 0
1168480, 3109012, 1, 0, 0
1168731, 3047424, 1, 0, 0
1168981, 2670592, 1, 0, 0
1169230, 2878714, 1, 0, 0
1169481, 2408448, 1, 0, 0
1169731, 2539520, 1, 0, 0
1169980, 2335871, 1, 0, 0
1170231, 1949696, 1, 0, 0
1170481, 1900544, 1, 0, 0
1170731, 2162688, 1, 0, 0
1170981, 1644979, 1, 0, 0
1171231, 1441792, 1, 0, 0
1171481, 1474560, 1, 0, 0
1171731, 1694329, 1, 0, 0
1171981, 1998848, 1, 0, 0
1172231, 2089124, 1, 0, 0
1172481, 2359296, 1, 0, 0
1172731, 2736128, 1, 0, 0
1172981, 1628530, 1, 0, 0
1173231, 2064384, 1, 0, 0
1173481, 2752512, 1, 0, 0
1173731, 2780016, 1, 0, 0
1173981, 2195456, 1, 0, 0
1174231, 2244608, 1, 0, 0
1174481, 2451020, 1, 0, 0
1174731, 2064384, 1, 0, 0
1174981, 1589248, 1, 0, 0
1175231, 2385220, 1, 0, 0
1175481, 1474560, 1, 0, 0
1175731, 2064384, 1, 0, 0
1175981, 822489, 1, 0, 0
1176231, 2572288, 1, 0, 0
1176481, 2015232, 1, 0, 0
1176731, 1875277, 1, 0, 0
1176981, 2555904, 1, 0, 0
1177231, 2605056, 1, 0, 0
1177481, 1760128, 1, 0, 0
1177731, 2490368, 1, 0, 0
1177981, 2441216, 1, 0, 0
1178231, 2286522, 1, 0, 0
1178481, 1114112, 1, 0, 0
1178731, 999424, 1, 0, 0
1178980, 1447582, 1, 0, 0
1179231, 1687552, 1, 0, 0
1179481, 1966080, 1, 0, 0
1179730, 1398232, 1, 0, 0
1179981, 1769472, 1, 0, 0
1180231, 1605632, 1, 0, 0
1180480, 1496931, 1, 0, 0
1180731, 1785856, 1, 0, 0
1180981, 1032192, 1, 0, 0
1181230, 1858827, 1, 0, 0
1181481, 933888, 1, 0, 0
1181731, 1359872, 1, 0, 0
1181981, 1941076, 1, 0, 0
1182231, 2375680, 1, 0, 0
1182481, 2375680, 1, 0, 0
1182731, 2105574, 1, 0, 0
1182981, 2015232, 1, 0, 0
1183231, 1785856, 1, 0, 0
1183481, 1315983, 1, 0, 0
1183731, 1851392, 1, 0, 0
1183980, 2154923, 1, 0, 0
1184231, 3260416, 1, 0, 0
1184481, 3112960, 1, 0, 0
1184730, 2467469, 1, 0, 0
1184981, 2703360, 1, 0, 0
1185231, 3063808, 1, 0, 0
1185480, 3257060, 1, 0, 0
1185731, 2867200, 1, 0, 0
1185981, 3211264, 1, 0, 0
1186231, 3227648, 1, 0, 0
1186481, 2928064, 1, 0, 0
1186731, 2867200, 1, 0, 0
1186981, 2588672, 1, 0, 0
1187231, 3322859, 1, 0, 0
1187481, 2768896, 1, 0, 0
1187731, 2670592, 1, 0, 0
1187980, 2714216, 1, 0, 0
1188231, 2588672, 1, 0, 0
1188481, 2949120, 1, 0, 0
1188730, 2648417, 1, 0, 0
1188981, 2834432, 1, 0, 0
1189231, 2998272, 1, 0, 0
1189480, 2681317, 1, 0, 0
1189731, 3211264, 1, 0, 0
1189981, 2195456, 1, 0, 0
1190231, 2457600, 1, 0, 0
1190481, 2451020, 1, 0, 0
1190731, 3047424, 1, 0, 0
1190981, 2162688, 1, 0, 0
1191230, 1973975, 1, 0, 0
1191481, 2326528, 1, 0, 0
1191731, 1916928, 1, 0, 0
1191981, 1891726, 1, 0, 0
1192231, 1605632, 1, 0, 0
1192481, 1261568, 1, 0, 0
1192731, 1776578, 1, 0, 0
1192981, 1835008, 1, 0, 0
1193231, 2319421, 1, 0, 0
1193481, 1818624, 1, 0, 0
1193731, 835584, 1, 0, 0
1193981, 2631967, 1, 0, 0
1194231, 2473984, 1, 0, 0
1194481, 1933312, 1, 0, 0
1194730, 2171373, 1, 0, 0
1194981, 2555904, 1, 0, 0
1195231, 2244608, 1, 0, 0
1195480, 2171373, 1, 0, 0
1195731, 3014656, 1, 0, 0
1195981, 3293184, 1, 0, 0
1196231, 3109012, 1, 0, 0
1196481, 1507328, 1, 0, 0
1196731, 2375680, 1, 0, 0
1196980, 1579180, 1, 0, 0
1197231, 1769472, 1, 0, 0
1197481, 1523712, 1, 0, 0
1197731, 2401670, 1, 0, 0
1197981, 1867776, 1, 0, 0
1198231, 2097152, 1, 0, 0
1198481, 2730666, 1, 0, 0
1198731, 3211264, 1, 0, 0
1198981, 2599068, 1, 0, 0
1199231, 2228224, 1, 0, 0
1199481, 2615518, 1, 0, 0
1199731, 1589248, 1, 0, 0
1199981, 2392064, 1, 0, 0
1200231, 1579180, 1, 0, 0
1200481, 1343488, 1, 0, 0
1200731, 1556480, 1, 0, 0
1200981, 1200835, 1, 0, 0
1201231, 2719744, 1, 0, 0
1201481, 2555904, 1, 0, 0
1201731, 1924626, 1, 0, 0
1201981, 1949696, 1, 0, 0
1202231, 1474560, 1, 0, 0
1202480, 1562730, 1, 0, 0
1202731, 917504, 1, 0, 0
1202981, 999424, 1, 0, 0
1203230, 2451020, 1, 0, 0
1203481, 2523136, 1, 0, 0
1203731, 1097728, 1, 0, 0
1203981, 1982464, 1, 0, 0
1204230, 1727228, 1, 0, 0
1204480, 1294336, 1, 0, 0
1204731, 1359872, 1, 0, 0
1204981, 1703936, 1, 0, 0
1205231, 1327104, 1, 0, 0
1205480, 1825927, 1, 0, 0
1205731, 1277952, 1, 0, 0
1205981, 1474560, 1, 0, 0
1206231, 1130496, 1, 0, 0
1206481, 2220722, 1, 0, 0
1206731, 1441792, 1, 0, 0
1206981, 1589248, 1, 0, 0
1207231, 2105574, 1, 0, 0
1207481, 1540096, 1, 0, 0
1207731, 2523136, 1, 0, 0
1207980, 2220722, 1, 0, 0
1208231, 2015232, 1, 0, 0
1208481, 2408448, 1, 0, 0
1208731, 2097152, 1, 0, 0
1208980, 3405108, 1, 0, 0
1209231, 2162688, 1, 0, 0
1209481, 2064384, 1, 0, 0
1209730, 1908176, 1, 0, 0
1209980, 2818048, 1, 0, 0
1210231, 2408448, 1, 0, 0
1210481, 1867776, 1, 0, 0
1210730, 1299534, 1, 0, 0
1210981, 1900544, 1, 0, 0
1211231, 2129920, 1, 0, 0
1211481, 2801664, 1, 0, 0
1211730, 2812915, 1, 0, 0
1211980, 2048000, 1, 0, 0
1212231, 2015232, 1, 0, 0
1212481, 2506752, 1, 0, 0
1212730, 1973975, 1, 0, 0
1212980, 2129920, 1, 0, 0
1213231, 2834432, 1, 0, 0
1213481, 1900544, 1, 0, 0
1213731, 1343488, 1, 0, 0
1213980, 1299534, 1, 0, 0
1214231, 1785856, 1, 0, 0
1214481, 999424, 1, 0, 0
1214731, 2834432, 1, 0, 0
1214980, 2878714, 1, 0, 0
1215230, 2277376, 1, 0, 0
1215481, 2457600, 1, 0, 0
1215731, 1048576, 1, 0, 0
1215981, 1343488, 1, 0, 0
1216230, 1250184, 1, 0, 0
1216481, 1835008, 1, 0, 0
1216731, 1589248, 1, 0, 0
1216980, 1727228, 1, 0, 0
1217231, 1327104, 1, 0, 0
1217481, 2211840, 1, 0, 0
1217730, 1414682, 1, 0, 0
1217981, 1458176, 1, 0, 0
1218231, 1785856, 1, 0, 0
1218481, 1327104, 1, 0, 0
1218730, 1612080, 1, 0, 0
1218981, 2408448, 1, 0, 0
1219231, 1015808, 1, 0, 0
1219481, 2015232, 1, 0, 0
1219730, 2467469, 1, 0, 0
1219981, 1277952, 1, 0, 0
1220231, 1900544, 1, 0, 0
1220481, 2228224, 1, 0, 0
1220730, 2451020, 1, 0, 0
1220981, 1982464, 1, 0, 0
1221231, 1654784, 1, 0, 0
1221480, 1431132, 1, 0, 0
1221730, 1277952, 1, 0, 0
1221981, 1310720, 1, 0, 0
1222231, 1081344, 1, 0, 0
1222480, 1858827, 1, 0, 0
1222731, 1736704, 1, 0, 0
1222981, 2031616, 1, 0, 0
1223231, 2277376, 1, 0, 0
1223480, 2056224, 1, 0, 0
1223731, 1327104, 1, 0, 0
1223981, 2506752, 1, 0, 0
1224231, 1671168, 1, 0, 0
1224480, 1348883, 1, 0, 0
1224731, 1245184, 1, 0, 0
1224981, 1409024, 1, 0, 0
1225231, 1212416, 1, 0, 0
1225480, 1283084, 1, 0, 0
1225731, 1409024, 1, 0, 0
1225981, 1900544, 1, 0, 0
1226231, 1802240, 1, 0, 0
1226481, 2270072, 1, 0, 0
1226731, 1916928, 1, 0, 0
1226981, 2244608, 1, 0, 0
1227230, 2023325, 1, 0, 0
1227480, 2293760, 1, 0, 0
1227731, 966656, 1, 0, 0
1227981, 2179072, 1, 0, 0
1228231, 1703936, 1, 0, 0
1228480, 1365333, 1, 0, 0
1228731, 1753088, 1, 0, 0
1228981, 1097728, 1, 0, 0
1229231, 1359872, 1, 0, 0
1229480, 1283084, 1, 0, 0
1229731, 1966080, 1, 0, 0
1229981, 2195456, 1, 0, 0
1230231, 2080768, 1, 0, 0
1230480, 2451020, 1, 0, 0
1230731, 2097152, 1, 0, 0
1230981, 1441792, 1, 0, 0
1231231, 999424, 1, 0, 0
1231480, 1612080, 1, 0, 0
1231730, 1032192, 1, 0, 0
1231981, 1753088, 1, 0, 0
1232231, 1327104, 1, 0, 0
1232481, 1949696, 1, 0, 0
1232730, 2319421, 1, 0, 0
1232981, 2473984, 1, 0, 0
1233231, 1228800, 1, 0, 0
1233481, 1703936, 1, 0, 0
1233731, 1546281, 1, 0, 0
1233981, 2293760, 1, 0, 0
1234231, 2097152, 1, 0, 0
1234480, 2220722, 1, 0, 0
1234731, 1703936, 1, 0, 0
1234981, 1245184, 1, 0, 0
1235231, 1294336, 1, 0, 0
1235480, 1085686, 1, 0, 0
1235731, 1228800, 1, 0, 0
1235981, 1671168, 1, 0, 0
1236231, 1769472, 1, 0, 0
1236480, 1513381, 1, 0, 0
1236731, 1687552, 1, 0, 0
1236981, 1638400, 1, 0, 0
1237231, 2080768, 1, 0, 0
1237480, 1579180, 1, 0, 0
1237731, 1703936, 1, 0, 0
1237981, 2424832, 1, 0, 0
1238231, 1900544, 1, 0, 0
1238480, 2319421, 1, 0, 0
1238731, 2523136, 1, 0, 0
1238981, 2277376, 1, 0, 0
1239231, 2195456, 1, 0, 0
1239480, 2467469, 1, 0, 0
1239730, 2015232, 1, 0, 0
1239981, 1507328, 1, 0, 0
1240231, 1638400, 1, 0, 0
1240480, 1464032, 1, 0, 0
1240730, 1835008, 1, 0, 0
1240981, 1785856, 1, 0, 0
1241231, 1589248, 1, 0, 0
1241480, 1447582, 1, 0, 0
1241730, 1245184, 1, 0, 0
1241981, 1294336, 1, 0, 0
1242231, 1376256, 1, 0, 0
1242481, 1376256, 1, 0, 0
1242730, 855389, 1, 0, 0
1242981, 1343488, 1, 0, 0
1243231, 1245184, 1, 0, 0
1243480, 1612080, 1, 0, 0
1243731, 1589248, 1, 0, 0
1243981, 1556480, 1, 0, 0
1244231, 2310144, 1, 0, 0
1244480, 1464032, 1, 0, 0
1244731, 1310720, 1, 0, 0
1244981, 1310720, 1, 0, 0
1245231, 1228800, 1, 0, 0
1245480, 1019887, 1, 0, 0
1245731, 2129920, 1, 0, 0
1245981, 1540096, 1, 0, 0
1246231, 901120, 1, 0, 0
1246480, 1447582, 1, 0, 0
1246731, 1097728, 1, 0, 0
1246981, 1572864, 1, 0, 0
1247230, 1167935, 1, 0, 0
1247481, 1097728, 1, 0, 0
1247731, 688128, 1, 0, 0
1247981, 835584, 1, 0, 0
1248230, 773140, 1, 0, 0
1248480, 1015808, 1, 0, 0
1248731, 1376256, 1, 0, 0
1248981, 1163264, 1, 0, 0
1249231, 753664, 1, 0, 0
1249480, 1266634, 1, 0, 0
1249731, 1785856, 1, 0, 0
1249981, 2244608, 1, 0, 0
1250231, 1392640, 1, 0, 0
1250480, 855389, 1, 0, 0
1250730, 1671168, 1, 0, 0
1250981, 851968, 1, 0, 0
1251231, 1179648, 1, 0, 0
1251481, 1146880, 1, 0, 0
1251731, 1431132, 1, 0, 0
1251981, 1409024, 1, 0, 0
1252231, 1785856, 1, 0, 0
1252481, 1595630, 1, 0, 0
1252731, 1376256, 1, 0, 0
1252981, 2293760, 1, 0, 0
1253231, 1908176, 1, 0, 0
1253481, 2195456, 1, 0, 0
1253731, 1753088, 1, 0, 0
1253980, 1184385, 1, 0, 0
1254231, 1261568, 1, 0, 0
1254481, 1261568, 1, 0, 0
1254731, 1409024, 1, 0, 0
1254980, 1776578, 1, 0, 0
1255231, 1048576, 1, 0, 0
1255481, 2375680, 1, 0, 0
1255731, 1228800, 1, 0, 0
1255980, 1644979, 1, 0, 0
1256231, 1867776, 1, 0, 0
1256481, 2015232, 1, 0, 0
1256731, 1982464, 1, 0, 0
1256980, 2122024, 1, 0, 0
1257231, 1523712, 1, 0, 0
1257481, 2031616, 1, 0, 0
1257731, 1884160, 1, 0, 0
1257980, 1809477, 1, 0, 0
1258230, 1392640, 1, 0, 0
1258481, 1736704, 1, 0, 0
1258731, 1884160, 1, 0, 0
1258980, 1118586, 1, 0, 0
1259230, 1884160, 1, 0, 0
1259481, 1196032, 1, 0, 0
1259731, 1048576, 1, 0, 0
1259980, 1217285, 1, 0, 0
1260230, 1376256, 1, 0, 0
1260481, 1458176, 1, 0, 0
1260731, 1163264, 1, 0, 0
1260981, 720896, 1, 0, 0
1261230, 1562730, 1, 0, 0
1261481, 1130496, 1, 0, 0
1261731, 2342912, 1, 0, 0
1261981, 851968, 1, 0, 0
1262231, 822489, 1, 0, 0
1262481, 0, 1, 0, 0
1262731, 950272, 1, 0, 0
1262980, 1250184, 1, 0, 0
1263231, 1376256, 1, 0, 0
1263481, 622592, 1, 0, 0
1263731, 1261568, 1, 0, 0
1263980, 1184385, 1, 0, 0
1264231, 1703936, 1, 0, 0
1264481, 1605632, 1, 0, 0
1264731, 1310720, 1, 0, 0
1264980, 2056224, 1, 0, 0
1265231, 1474560, 1, 0, 0
1265481, 2392064, 1, 0, 0
1265730, 1710779, 1, 0, 0
1265980, 1949696, 1, 0, 0
1266231, 1851392, 1, 0, 0
1266481, 1359872, 1, 0, 0
1266731, 933888, 1, 0, 0
1266980, 1760128, 1, 0, 0
1267231, 1638400, 1, 0, 0
1267481, 1982464, 1, 0, 0
1267731, 1523712, 1, 0, 0
1267980, 1776578, 1, 0, 0
1268231, 1884160, 1, 0, 0
1268481, 1294336, 1, 0, 0
1268731, 2441216, 1, 0, 0
1268980, 2056224, 1, 0, 0
1269231, 1490944, 1, 0, 0
1269481, 1245184, 1, 0, 0
1269731, 1425408, 1, 0, 0
1269980, 1924626, 1, 0, 0
1270231, 1753088, 1, 0, 0
1270481, 2031616, 1, 0, 0
1270731, 1703936, 1, 0, 0
1270980, 1990425, 1, 0, 0
1271230, 2326528, 1, 0, 0
1271481, 2015232, 1, 0, 0
1271731, 2359296, 1, 0, 0
1271980, 1875277, 1, 0, 0
1272231, 1228800, 1, 0, 0
1272481, 1900544, 1, 0, 0
1272731, 2408448, 1, 0, 0
1272980, 1628530, 1, 0, 0
1273231, 1900544, 1, 0, 0
1273481, 2097152, 1, 0, 0
1273731, 1638400, 1, 0, 0
1273980, 1842377, 1, 0, 0
1274231, 1916928, 1, 0, 0
1274481, 2359296, 1, 0, 0
1274731, 2031616, 1, 0, 0
1274980, 2089124, 1, 0, 0
1275230, 1523712, 1, 0, 0
1275481, 2162688, 1, 0, 0
1275731, 2818048, 1, 0, 0
1275981, 2277376, 1, 0, 0
1276230, 1809477, 1, 0, 0
1276481, 1966080, 1, 0, 0
1276731, 2277376, 1, 0, 0
1276981, 1703936, 1, 0, 0
1277230, 2648417, 1, 0, 0
1277481, 1884160, 1, 0, 0
1277731, 1687552, 1, 0, 0
1277981, 1785856, 1, 0, 0
1278230, 2483919, 1, 0, 0
1278481, 2457600, 1, 0, 0
1278731, 1835008, 1, 0, 0
1278981, 2244608, 1, 0, 0
1279230, 2171373, 1, 0, 0
1279480, 2228224, 1, 0, 0
1279731, 1376256, 1, 0, 0
1279981, 1589248, 1, 0, 0
1280231, 2342912, 1, 0, 0
1280480, 2862265, 1, 0, 0
1280731, 2850816, 1, 0, 0
1280981, 2293760, 1, 0, 0
1281231, 2113536, 1, 0, 0
1281480, 2286522, 1, 0, 0
1281731, 3063808, 1, 0, 0
1281981, 3145728, 1, 0, 0
1282231, 3244032, 1, 0, 0
1282480, 1332433, 1, 0, 0
1282731, 1802240, 1, 0, 0
1282981, 2392064, 1, 0, 0
1283230, 2237172, 1, 0, 0
1283481, 1474560, 1, 0, 0
1283731, 1343488, 1, 0, 0
1283981, 2539520, 1, 0, 0
1284230, 2056224, 1, 0, 0
1284481, 2179072, 1, 0, 0
1284731, 1818624, 1, 0, 0
1284981, 2064384, 1, 0, 0
1285230, 2385220, 1, 0, 0
1285481, 2195456, 1, 0, 0
1285731, 2818048, 1, 0, 0
1285981, 1703936, 1, 0, 0
1286230, 2352321, 1, 0, 0
1286481, 2129920, 1, 0, 0
1286731, 2408448, 1, 0, 0
1286981, 1769472, 1, 0, 0
1287230, 2220722, 1, 0, 0
1287481, 2359296, 1, 0, 0
1287731, 2228224, 1, 0, 0
1287981, 2326528, 1, 0, 0
1288230, 2862265, 1, 0, 0
1288481, 2441216, 1, 0, 0
1288731, 1572864, 1, 0, 0
1288981, 1916928, 1, 0, 0
1289230, 2944514, 1, 0, 0
1289481, 2293760, 1, 0, 0
1289731, 2375680, 1, 0, 0
1289981, 3080192, 1, 0, 0
1290230, 1957526, 1, 0, 0
1290481, 2539520, 1, 0, 0
1290731, 2326528, 1, 0, 0
1290981, 2342912, 1, 0, 0
1291230, 1957526, 1, 0, 0
1291481, 2670592, 1, 0, 0
1291731, 1933312, 1, 0, 0
1291981, 2195456, 1, 0, 0
1292230, 2072674, 1, 0, 0
1292481, 2473984, 1, 0, 0
1292731, 1998848, 1, 0, 0
1292981, 1212416, 1, 0, 0
1293230, 1743678, 1, 0, 0
1293481, 2359296, 1, 0, 0
1293731, 2326528, 1, 0, 0
1293981, 1867776, 1, 0, 0
1294230, 2270072, 1, 0, 0
1294480, 2097152, 1, 0, 0
1294731, 1654784, 1, 0, 0
1294981, 1671168, 1, 0, 0
1295231, 1277952, 1, 0, 0
1295480, 1908176, 1, 0, 0
1295731, 1130496, 1, 0, 0
1295981, 2179072, 1, 0, 0
1296231, 1867776, 1, 0, 0
1296480, 1710779, 1, 0, 0
1296731, 1064960, 1, 0, 0
1296981, 933888, 1, 0, 0
1297231, 1622016, 1, 0, 0
1297480, 1447582, 1, 0, 0
1297731, 1376256, 1, 0, 0
1297981, 1638400, 1, 0, 0
1298230, 2039775, 1, 0, 0
1298481, 1671168, 1, 0, 0
1298731, 1310720, 1, 0, 0
1298981, 1261568, 1, 0, 0
1299230, 1233734, 1, 0, 0
1299481, 1671168, 1, 0, 0
1299731, 2113536, 1, 0, 0
1299981, 2129920, 1, 0, 0
1300231, 2211840, 1, 0, 0
1300480, 1546281, 1, 0, 0
1300731, 1966080, 1, 0, 0
1300981, 1753088, 1, 0, 0
1301231, 1622016, 1, 0, 0
1301480, 1546281, 1, 0, 0
1301731, 1916928, 1, 0, 0
1301981, 1540096, 1, 0, 0
1302231, 2441216, 1, 0, 0
1302480, 1743678, 1, 0, 0
1302731, 983040, 1, 0, 0
1302981, 2015232, 1, 0, 0
1303231, 2162688, 1, 0, 0
1303480, 2549718, 1, 0, 0
1303730, 1884160, 1, 0, 0
1303981, 1458176, 1, 0, 0
1304231, 2031616, 1, 0, 0
1304481, 2064384, 1, 0, 0
1304730, 2582618, 1, 0, 0
1304981, 2146304, 1, 0, 0
1305231, 2326528, 1, 0, 0
1305481, 2539520, 1, 0, 0
1305730, 2039775, 1, 0, 0
1305980, 1605632, 1, 0, 0
1306231, 1966080, 1, 0, 0
1306481, 1687552, 1, 0, 0
1306730, 1365333, 1, 0, 0
1306981, 770048, 1, 0, 0
1307231, 1867776, 1, 0, 0
1307481, 1966080, 1, 0, 0
1307730, 1677879, 1, 0, 0
1307981, 1310720, 1, 0, 0
1308231, 1376256, 1, 0, 0
1308481, 1163264, 1, 0, 0
1308730, 1283084, 1, 0, 0
1308980, 1818624, 1, 0, 0
1309231, 1277952, 1, 0, 0
1309481, 1966080, 1, 0, 0
1309730, 2039775, 1, 0, 0
1309980, 2703360, 1, 0, 0
1310231, 2162688, 1, 0, 0
1310481, 2064384, 1, 0, 0
1310731, 1933312, 1, 0, 0
1310980, 1875277, 1, 0, 0
1311231, 1982464, 1, 0, 0
1311481, 2179072, 1, 0, 0
1311731, 1720320, 1, 0, 0
1311980, 2056224, 1, 0, 0
1312231, 2146304, 1, 0, 0
1312481, 2998272, 1, 0, 0
1312730, 2122024, 1, 0, 0
1312980, 2392064, 1, 0, 0
1313231, 1966080, 1, 0, 0
1313481, 2129920, 1, 0, 0
1313730, 1167935, 1, 0, 0
1313980, 1441792, 1, 0, 0
1314231, 1556480, 1, 0, 0
1314481, 2064384, 1, 0, 0
1314730, 1760128, 1, 0, 0
1314980, 1835008, 1, 0, 0
1315231, 1802240, 1, 0, 0
1315481, 1982464, 1, 0, 0
1315731, 1654784, 1, 0, 0
1315980, 1612080, 1, 0, 0
1316231, 1654784, 1, 0, 0
1316481, 1605632, 1, 0, 0
1316731, 1540096, 1, 0, 0
1316980, 1858827, 1, 0, 0
1317230, 1376256, 1, 0, 0
1317481, 1933312, 1, 0, 0
1317731, 2277376, 1, 0, 0
1317981, 1703936, 1, 0, 0
1318230, 1957526, 1, 0, 0
1318480, 1933312, 1, 0, 0
1318731, 2097152, 1, 0, 0
1318981, 1605632, 1, 0, 0
1319231, 1425408, 1, 0, 0
1319480, 1875277, 1, 0, 0
1319731, 2801664, 1, 0, 0
1319981, 2031616, 1, 0, 0
1320231, 1605632, 1, 0, 0
1320480, 1957526, 1, 0, 0
1320730, 2031616, 1, 0, 0
1320981, 1835008, 1, 0, 0
1321231, 1507328, 1, 0, 0
1321481, 1376256, 1, 0, 0
1321730, 1891726, 1, 0, 0
1321981, 1261568, 1, 0, 0
1322231, 1081344, 1, 0, 0
1322481, 1540096, 1, 0, 0
1322730, 1332433, 1, 0, 0
1322980, 1998848, 1, 0, 0
1323231, 1310720, 1, 0, 0
1323481, 1458176, 1, 0, 0
1323731, 1753088, 1, 0, 0
1323980, 2220722, 1, 0, 0
1324231, 1556480, 1, 0, 0
1324481, 1654784, 1, 0, 0
1324731, 884736, 1, 0, 0
1324980, 1365333, 1, 0, 0
1325230, 1261568, 1, 0, 0
1325481, 1343488, 1, 0, 0
1325731, 1425408, 1, 0, 0
1325981, 1802240, 1, 0, 0
1326230, 1579180, 1, 0, 0
1326480, 1998848, 1, 0, 0
1326731, 1589248, 1, 0, 0
1326981, 2375680, 1, 0, 0
1327230, 2451020, 1, 0, 0
1327481, 2113536, 1, 0, 0
1327731, 2310144, 1, 0, 0
1327981, 1572864, 1, 0, 0
1328230, 2105574, 1, 0, 0
1328481, 2555904, 1, 0, 0
1328731, 1998848, 1, 0, 0
1328981, 2605056, 1, 0, 0
1329230, 2714216, 1, 0, 0
1329481, 1589248, 1, 0, 0
1329731, 2310144, 1, 0, 0
1329981, 1933312, 1, 0, 0
1330230, 2895164, 1, 0, 0
1330480, 2867200, 1, 0, 0
1330731, 2981888, 1, 0, 0
1330981, 2523136, 1, 0, 0
1331231, 2899968, 1, 0, 0
1331480, 2204273, 1, 0, 0
1331731, 2998272, 1, 0, 0
1331981, 2637824, 1, 0, 0
1332231, 2588672, 1, 0, 0
1332480, 3010313, 1, 0, 0
1332731, 3309568, 1, 0, 0
1332981, 2670592, 1, 0, 0
1333231, 3211264, 1, 0, 0
1333480, 2154923, 1, 0, 0
1333731, 2408448, 1, 0, 0
1333981, 2850816, 1, 0, 0
1334231, 2965504, 1, 0, 0
1334481, 2483919, 1, 0, 0
1334731, 2785280, 1, 0, 0
1334981, 2293760, 1, 0, 0
1335230, 2302971, 1, 0, 0
1335481, 2818048, 1, 0, 0
1335731, 2457600, 1, 0, 0
1335981, 2572288, 1, 0, 0
1336231, 2582618, 1, 0, 0
1336481, 2670592, 1, 0, 0
1336731, 2605056, 1, 0, 0
1336981, 2928064, 1, 0, 0
1337231, 3227648, 1, 0, 0
1337481, 3112960, 1, 0, 0
1337731, 3109012, 1, 0, 0
1337981, 3112960, 1, 0, 0
1338231, 2932736, 1, 0, 0
1338480, 3388658, 1, 0, 0
1338731, 3211264, 1, 0, 0
1338981, 2801664, 1, 0, 0
1339231, 1654784, 1, 0, 0
1339481, 1875277, 1, 0, 0
1339731, 1032192, 1, 0, 0
1339981, 2129920, 1, 0, 0
1340231, 2253622, 1, 0, 0
1340481, 2031616, 1, 0, 0
1340730, 2747116, 1, 0, 0
1340981, 2621440, 1, 0, 0
1341231, 1572864, 1, 0, 0
1341480, 1776578, 1, 0, 0
1341731, 2211840, 1, 0, 0
1341981, 1966080, 1, 0, 0
1342231, 2072674, 1, 0, 0
1342481, 1228800, 1, 0, 0
1342731, 1867776, 1, 0, 0
1342981, 2911614, 1, 0, 0
1343231, 2244608, 1, 0, 0
1343480, 1842377, 1, 0, 0
1343731, 2359296, 1, 0, 0
1343981, 2785280, 1, 0, 0
1344231, 2796465, 1, 0, 0
1344481, 2441216, 1, 0, 0
1344731, 1818624, 1, 0, 0
1344981, 2730666, 1, 0, 0
1345231, 2129920, 1, 0, 0
1345481, 1474560, 1, 0, 0
1345731, 1644979, 1, 0, 0
1345981, 2015232, 1, 0, 0
1346231, 1277952, 1, 0, 0
1346481, 1743678, 1, 0, 0
1346731, 1753088, 1, 0, 0
1346980, 1858827, 1, 0, 0
1347231, 1048576, 1, 0, 0
1347481, 1540096, 1, 0, 0
1347731, 1310720, 1, 0, 0
1347981, 1644979, 1, 0, 0
1348231, 1556480, 1, 0, 0
1348481, 2122024, 1, 0, 0
1348731, 1359872, 1, 0, 0
1348981, 1638400, 1, 0, 0
1349231, 1167935, 1, 0, 0
1349481, 753664, 1, 0, 0
1349731, 1638400, 1, 0, 0
1349981, 1480481, 1, 0, 0
1350231, 1163264, 1, 0, 0
1350480, 1414682, 1, 0, 0
1350731, 1785856, 1, 0, 0
1350981, 1818624, 1, 0, 0
1351230, 986987, 1, 0, 0
1351481, 835584, 1, 0, 0
1351731, 1687552, 1, 0, 0
1351980, 1875277, 1, 0, 0
1352231, 2129920, 1, 0, 0
1352481, 1720320, 1, 0, 0
1352730, 1513381, 1, 0, 0
1352981, 1867776, 1, 0, 0
1353231, 1933312, 1, 0, 0
1353480, 2319421, 1, 0, 0
1353731, 1572864, 1, 0, 0
1353981, 1753088, 1, 0, 0
1354231, 622592, 1, 0, 0
1354481, 1875277, 1, 0, 0
1354731, 1622016, 1, 0, 0
1354980, 1776578, 1, 0, 0
1355231, 2048000, 1, 0, 0
1355481, 2539520, 1, 0, 0
1355730, 2023325, 1, 0, 0
1355981, 1605632, 1, 0, 0
1356231, 2146304, 1, 0, 0
1356482, 1245184, 1, 0, 0
1356731, 1562730, 1, 0, 0
1356981, 999424, 1, 0, 0
1357231, 1217285, 1, 0, 0
1357481, 2260992, 1, 0, 0
1357731, 2056224, 1, 0, 0
1357981, 1425408, 1, 0, 0
1358231, 1523712, 1, 0, 0
1358481, 1250184, 1, 0, 0
1358731, 1540096, 1, 0, 0
1358980, 2253622, 1, 0, 0
1359231, 2244608, 1, 0, 0
1359481, 2113536, 1, 0, 0
1359730, 1793028, 1, 0, 0
1359981, 1114112, 1, 0, 0
1360231, 1916928, 1, 0, 0
1360481, 2555904, 1, 0, 0
1360731, 1579180, 1, 0, 0
1360981, 1638400, 1, 0, 0
1361231, 1851392, 1, 0, 0
1361481, 1398232, 1, 0, 0
1361731, 1490944, 1, 0, 0
1361980, 2122024, 1, 0, 0
1362231, 2179072, 1, 0, 0
1362481, 1507328, 1, 0, 0
1362730, 1118586, 1, 0, 0
1362981, 1425408, 1, 0, 0
1363231, 1818624, 1, 0, 0
1363481, 1392640, 1, 0, 0
1363731, 1480481, 1, 0, 0
1363981, 2162688, 1, 0, 0
1364231, 1114112, 1, 0, 0
1364481, 2006875, 1, 0, 0
1364731, 1900544, 1, 0, 0
1364981, 1900544, 1, 0, 0
1365230, 1069236, 1, 0, 0
1365481, 1736704, 1, 0, 0
1365731, 1933312, 1, 0, 0
1365980, 2154923, 1, 0, 0
1366231, 2375680, 1, 0, 0
1366481, 2539520, 1, 0, 0
1366731, 2129920, 1, 0, 0
1366981, 1743678, 1, 0, 0
1367231, 2801664, 1, 0, 0
1367481, 1835008, 1, 0, 0
1367730, 1233734, 1, 0, 0
1367981, 1359872, 1, 0, 0
1368231, 2293760, 1, 0, 0
1368480, 1496931, 1, 0, 0
1368731, 1327104, 1, 0, 0
1368981, 1359872, 1, 0, 0
1369231, 1392640, 1, 0, 0
1369480, 1200835, 1, 0, 0
1369731, 1163264, 1, 0, 0
1369981, 1048576, 1, 0, 0
1370231, 999424, 1, 0, 0
1370480, 921188, 1, 0, 0
1370731, 1425408, 1, 0, 0
1370981, 983040, 1, 0, 0
1371231, 1982464, 1, 0, 0
1371481, 986987, 1, 0, 0
1371731, 1818624, 1, 0, 0
1371981, 1753088, 1, 0, 0
1372230, 2599068, 1, 0, 0
1372481, 2064384, 1, 0, 0
1372731, 2228224, 1, 0, 0
1372981, 1458176, 1, 0, 0
1373230, 1348883, 1, 0, 0
1373481, 2031616, 1, 0, 0
1373731, 1064960, 1, 0, 0
1373981, 1015808, 1, 0, 0
1374230, 1414682, 1, 0, 0
1374481, 1441792, 1, 0, 0
1374731, 1867776, 1, 0, 0
1374981, 1359872, 1, 0, 0
1375230, 1743678, 1, 0, 0
1375481, 1130496, 1, 0, 0
1375731, 557056, 1, 0, 0
1375981, 737280, 1, 0, 0
1376230, 1644979, 1, 0, 0
1376481, 1392640, 1, 0, 0
1376731, 1441792, 1, 0, 0
1376981, 1146880, 1, 0, 0
1377230, 1250184, 1, 0, 0
1377481, 966656, 1, 0, 0
1377731, 1359872, 1, 0, 0
1377981, 770048, 1, 0, 0
1378230, 822489, 1, 0, 0
1378480, 1458176, 1, 0, 0
1378731, 1835008, 1, 0, 0
1378981, 1015808, 1, 0, 0
1379231, 1130496, 1, 0, 0
1379480, 986987, 1, 0, 0
1379731, 2326528, 1, 0, 0
1379981, 2195456, 1, 0, 0
1380231, 1277952, 1, 0, 0
1380480, 1233734, 1, 0, 0
1380731, 1703936, 1, 0, 0
1380981, 1818624, 1, 0, 0
1381231, 1736704, 1, 0, 0
1381480, 1644979, 1, 0, 0
1381731, 1327104, 1, 0, 0
1381981, 1654784, 1, 0, 0
1382231, 1458176, 1, 0, 0
1382480, 1315983, 1, 0, 0
1382730, 1392640, 1, 0, 0
1382981, 1310720, 1, 0, 0
1383231, 999424, 1, 0, 0
1383480, 2253622, 1, 0, 0
1383730, 1392640, 1, 0, 0
1383981, 1622016, 1, 0, 0
1384231, 1310720, 1, 0, 0
1384481, 1654784, 1, 0, 0
1384730, 1513381, 1, 0, 0
1384981, 1343488, 1, 0, 0
1385231, 1769472, 1, 0, 0
1385481, 819200, 1, 0, 0
1385730, 1546281, 1, 0, 0
1385981, 1146880, 1, 0, 0
1386231, 1327104, 1, 0, 0
1386481, 1163264, 1, 0, 0
1386730, 1727228, 1, 0, 0
1386981, 1228800, 1, 0, 0
1387231, 1015808, 1, 0, 0
1387481, 589824, 1, 0, 0
1387730, 1398232, 1, 0, 0
1387980, 638976, 1, 0, 0
1388231, 1163264, 1, 0, 0
1388481, 2080768, 1, 0, 0
1388730, 1809477, 1, 0, 0
1388980, 1622016, 1, 0, 0
1389231, 1327104, 1, 0, 0
1389481, 1015808, 1, 0, 0
1389731, 1458176, 1, 0, 0
1389980, 2154923, 1, 0, 0
1390230, 1310720, 1, 0, 0
1390481, 1261568, 1, 0, 0
1390731, 917504, 1, 0, 0
1390981, 1310720, 1, 0, 0
1391230, 986987, 1, 0, 0
1391481, 1556480, 1, 0, 0
1391731, 655360, 1, 0, 0
1391981, 1425408, 1, 0, 0
1392231, 2187823, 1, 0, 0
1392481, 868352, 1, 0, 0
1392731, 704512, 1, 0, 0
1392980, 1595630, 1, 0, 0
1393231, 1228800, 1, 0, 0
1393481, 1409024, 1, 0, 0
1393731, 1802240, 1, 0, 0
1393980, 1052787, 1, 0, 0
1394231, 1245184, 1, 0, 0
1394481, 1490944, 1, 0, 0
1394731, 884736, 1, 0, 0
1394980, 1135036, 1, 0, 0
1395231, 1835008, 1, 0, 0
1395481, 1884160, 1, 0, 0
1395731, 1949696, 1, 0, 0
1395981, 901120, 1, 0, 0
1396230, 954088, 1, 0, 0
1396481, 851968, 1, 0, 0
1396731, 737280, 1, 0, 0
1396981, 819200, 1, 0, 0
1397230, 1266634, 1, 0, 0
1397481, 393216, 1, 0, 0
1397731, 884736, 1, 0, 0
1397981, 1425408, 1, 0, 0
1398230, 1628530, 1, 0, 0
1398481, 1540096, 1, 0, 0
1398731, 720896, 1, 0, 0
1398981, 1097728, 1, 0, 0
1399230, 1793028, 1, 0, 0
1399481, 1048576, 1, 0, 0
1399731, 1114112, 1, 0, 0
1399981, 1605632, 1, 0, 0
1400230, 921188, 1, 0, 0
1400481, 671744, 1, 0, 0
1400731, 950272, 1, 0, 0
1400981, 1277952, 1, 0, 0
1401230, 526393, 1, 0, 0
1401481, 950272, 1, 0, 0
1401731, 917504, 1, 0, 0
1401981, 1032192, 1, 0, 0
1402230, 1250184, 1, 0, 0
1402481, 1540096, 1, 0, 0
1402731, 1556480, 1, 0, 0
1402981, 1343488, 1, 0, 0
1403231, 1661429, 1, 0, 0
1403481, 1425408, 1, 0, 0
1403730, 2204273, 1, 0, 0
1403980, 1835008, 1, 0, 0
1404231, 1736704, 1, 0, 0
1404481, 1572864, 1, 0, 0
1404730, 2270072, 1, 0, 0
1404980, 2179072, 1, 0, 0
1405231, 1687552, 1, 0, 0
1405481, 1458176, 1, 0, 0
1405730, 1184385, 1, 0, 0
1405980, 901120, 1, 0, 0
1406231, 753664, 1, 0, 0
1406481, 1458176, 1, 0, 0
1406731, 1261568, 1, 0, 0
1406980, 2253622, 1, 0, 0
1407231, 1933312, 1, 0, 0
1407481, 2097152, 1, 0, 0
1407731, 1622016, 1, 0, 0
1407980, 1233734, 1, 0, 0
1408230, 1851392, 1, 0, 0
1408481, 1687552, 1, 0, 0
1408731, 638976, 1, 0, 0
1408981, 638976, 1, 0, 0
1409230, 1513381, 1, 0, 0
1409481, 1327104, 1, 0, 0
1409731, 753664, 1, 0, 0
1409981, 1589248, 1, 0, 0
1410230, 970538, 1, 0, 0
1410481, 1884160, 1, 0, 0
1410731, 1605632, 1, 0, 0
1410981, 1277952, 1, 0, 0
1411230, 937638, 1, 0, 0
1411480, 1933312, 1, 0, 0
1411731, 1376256, 1, 0, 0
1411981, 1884160, 1, 0, 0
1412231, 1687552, 1, 0, 0
1412480, 1283084, 1, 0, 0
1412731, 1441792, 1, 0, 0
1412981, 1671168, 1, 0, 0
1413231, 2179072, 1, 0, 0
1413480, 954088, 1, 0, 0
1413730, 1228800, 1, 0, 0
1413981, 1376256, 1, 0, 0
1414231, 704512, 1, 0, 0
1414481, 1851392, 1, 0, 0
1414730, 1431132, 1, 0, 0
1414980, 1540096, 1, 0, 0
1415231, 1589248, 1, 0, 0
1415481, 1048576, 1, 0, 0
1415731, 851968, 1, 0, 0
1415980, 1332433, 1, 0, 0
1416231, 1163264, 1, 0, 0
1416481, 1130496, 1, 0, 0
1416731, 950272, 1, 0, 0
1416980, 970538, 1, 0, 0
1417231, 1114112, 1, 0, 0
1417481, 1261568, 1, 0, 0
1417731, 819200, 1, 0, 0
1417980, 1414682, 1, 0, 0
1418231, 1409024, 1, 0, 0
1418481, 589824, 1, 0, 0
1418730, 427694, 1, 0, 0
1418980, 1998848, 1, 0, 0
1419231, 1474560, 1, 0, 0
1419481, 1081344, 1, 0, 0
1419730, 1217285, 1, 0, 0
1419980, 1146880, 1, 0, 0
1420231, 1425408, 1, 0, 0
1420481, 704512, 1, 0, 0
1420730, 871839, 1, 0, 0
1420980, 1835008, 1, 0, 0
1421231, 1130496, 1, 0, 0
1421481, 1556480, 1, 0, 0
1421731, 2080768, 1, 0, 0
1421980, 1628530, 1, 0, 0
1422231, 1507328, 1, 0, 0
1422481, 1900544, 1, 0, 0
1422731, 1916928, 1, 0, 0
1422981, 1102136, 1, 0, 0
1423231, 933888, 1, 0, 0
1423481, 1818624, 1, 0, 0
1423730, 1266634, 1, 0, 0
1423981, 1589248, 1, 0, 0
1424231, 917504, 1, 0, 0
1424481, 1703936, 1, 0, 0
1424730, 2335871, 1, 0, 0
1424981, 1425408, 1, 0, 0
1425231, 1916928, 1, 0, 0
1425480, 2056224, 1, 0, 0
1425731, 1605632, 1, 0, 0
1425981, 1228800, 1, 0, 0
1426231, 1703936, 1, 0, 0
1426480, 1579180, 1, 0, 0
1426731, 1327104, 1, 0, 0
1426981, 688128, 1, 0, 0
1427231, 1769472, 1, 0, 0
1427480, 1480481, 1, 0, 0
1427731, 1835008, 1, 0, 0
1427981, 2015232, 1, 0, 0
1428231, 1884160, 1, 0, 0
1428480, 1266634, 1, 0, 0
1428730, 1982464, 1, 0, 0
1428981, 1294336, 1, 0, 0
1429231, 1884160, 1, 0, 0
1429481, 1867776, 1, 0, 0
1429730, 1529831, 1, 0, 0
1429981, 1785856, 1, 0, 0
1430231, 1720320, 1, 0, 0
1430481, 1507328, 1, 0, 0
1430730, 1579180, 1, 0, 0
1430981, 1753088, 1, 0, 0
1431231, 753664, 1, 0, 0
1431481, 1589248, 1, 0, 0
1431731, 1677879, 1, 0, 0
1431981, 2342912, 1, 0, 0
1432231, 1622016, 1, 0, 0
1432480, 1825927, 1, 0, 0
1432731, 1785856, 1, 0, 0
1432981, 1392640, 1, 0, 0
1433231, 1474560, 1, 0, 0
1433480, 1875277, 1, 0, 0
1433731, 2375680, 1, 0, 0
1433981, 868352, 1, 0, 0
1434231, 1785856, 1, 0, 0
1434480, 1052787, 1, 0, 0
1434731, 1376256, 1, 0, 0
1434981, 1015808, 1, 0, 0
1435231, 1392640, 1, 0, 0
1435480, 1365333, 1, 0, 0
1435731, 819200, 1, 0, 0
1435981, 2146304, 1, 0, 0
1436231, 1654784, 1, 0, 0
1436480, 1644979, 1, 0, 0
1436731, 2637824, 1, 0, 0
1436981, 1703936, 1, 0, 0
1437231, 1441792, 1, 0, 0
1437480, 1612080, 1, 0, 0
1437730, 1966080, 1, 0, 0
1437981, 1638400, 1, 0, 0
1438231, 1753088, 1, 0, 0
1438480, 2187823, 1, 0, 0
1438730, 1327104, 1, 0, 0
1438981, 1359872, 1, 0, 0
1439231, 1277952, 1, 0, 0
1439481, 1310720, 1, 0, 0
1439730, 1612080, 1, 0, 0
1439981, 2048000, 1, 0, 0
1440231, 1277952, 1, 0, 0
1440481, 1015808, 1, 0, 0
1440730, 707341, 1, 0, 0
1440981, 1097728, 1, 0, 0
1441231, 999424, 1, 0, 0
1441481, 999424, 1, 0, 0
1441730, 838939, 1, 0, 0
1441981, 1425408, 1, 0, 0
1442231, 950272, 1, 0, 0
1442481, 802816, 1, 0, 0
1442730, 1250184, 1, 0, 0
1442981, 1605632, 1, 0, 0
1443231, 1163264, 1, 0, 0
1443481, 2703360, 1, 0, 0
1443730, 1842377, 1, 0, 0
1443980, 1277952, 1, 0, 0
1444231, 1654784, 1, 0, 0
1444481, 1392640, 1, 0, 0
1444731, 1327104, 1, 0, 0
1444980, 1513381, 1, 0, 0
1445231, 1458176, 1, 0, 0
1445481, 1572864, 1, 0, 0
1445731, 1900544, 1, 0, 0
1445980, 1743678, 1, 0, 0
1446230, 2408448, 1, 0, 0
1446481, 2195456, 1, 0, 0
1446731, 2834432, 1, 0, 0
1446981, 1245184, 1, 0, 0
1447231, 2286522, 1, 0, 0
1447481, 2441216, 1, 0, 0
1447731, 2162688, 1, 0, 0
1447980, 1250184, 1, 0, 0
1448231, 2244608, 1, 0, 0
1448481, 1179648, 1, 0, 0
1448731, 1654784, 1, 0, 0
1448980, 1332433, 1, 0, 0
1449231, 851968, 1, 0, 0
1449481, 2244608, 1, 0, 0
1449731, 540672, 1, 0, 0
1449980, 954088, 1, 0, 0
1450231, 1425408, 1, 0, 0
1450481, 1146880, 1, 0, 0
1450731, 1359872, 1, 0, 0
1450980, 1217285, 1, 0, 0
1451230, 1294336, 1, 0, 0
1451481, 917504, 1, 0, 0
1451731, 1097728, 1, 0, 0
1451981, 1359872, 1, 0, 0
1452230, 1184385, 1, 0, 0
1452481, 1245184, 1, 0, 0
1452731, 1081344, 1, 0, 0
1452981, 1196032, 1, 0, 0
1453230, 1315983, 1, 0, 0
1453480, 1343488, 1, 0, 0
1453731, 638976, 1, 0, 0
1453981, 1572864, 1, 0, 0
1454231, 1818624, 1, 0, 0
1454480, 1036337, 1, 0, 0
1454731, 1179648, 1, 0, 0
1454981, 933888, 1, 0, 0
1455231, 1474560, 1, 0, 0
1455480, 1135036, 1, 0, 0
1455731, 1998848, 1, 0, 0
1455981, 1933312, 1, 0, 0
1456231, 1490944, 1, 0, 0
1456480, 1644979, 1, 0, 0
1456730, 1474560, 1, 0, 0
1456981, 2031616, 1, 0, 0
1457231, 1032192, 1, 0, 0
1457481, 1409024, 1, 0, 0
1457730, 1496931, 1, 0, 0
1457980, 1572864, 1, 0, 0
1458231, 1785856, 1, 0, 0
1458481, 2539520, 1, 0, 0
1458730, 2122024, 1, 0, 0
1458980, 1720320, 1, 0, 0
1459231, 1343488, 1, 0, 0
1459481, 1572864, 1, 0, 0
1459730, 1447582, 1, 0, 0
1459980, 1884160, 1, 0, 0
1460231, 1916928, 1, 0, 0
1460481, 1015808, 1, 0, 0
1460731, 2179072, 1, 0, 0
1460980, 1151485, 1, 0, 0
1461231, 1064960, 1, 0, 0
1461481, 1146880, 1, 0, 0
1461731, 1392640, 1, 0, 0
1461980, 1250184, 1, 0, 0
1462231, 1835008, 1, 0, 0
1462481, 1556480, 1, 0, 0
1462731, 868352, 1, 0, 0
1462981, 1200835, 1, 0, 0
1463231, 1327104, 1, 0, 0
1463481, 720896, 1, 0, 0
1463730, 1299534, 1, 0, 0
1463981, 1523712, 1, 0, 0
1464231, 1048576, 1, 0, 0
1464481, 983040, 1, 0, 0
1464730, 1908176, 1, 0, 0
1464981, 393216, 1, 0, 0
1465231, 1114112, 1, 0, 0
1465481, 1130496, 1, 0, 0
1465730, 1496931, 1, 0, 0
1465980, 2834432, 1, 0, 0
1466231, 1376256, 1, 0, 0
1466481, 819200, 1, 0, 0
1466730, 509943, 1, 0, 0
1466980, 1490944, 1, 0, 0
1467231, 1245184, 1, 0, 0
1467481, 671744, 1, 0, 0
1467731, 1245184, 1, 0, 0
1467980, 1990425, 1, 0, 0
1468231, 1916928, 1, 0, 0
1468481, 1589248, 1, 0, 0
1468730, 1661429, 1, 0, 0
1468981, 1212416, 1, 0, 0
1469231, 1245184, 1, 0, 0
1469481, 1949696, 1, 0, 0
1469730, 2270072, 1, 0, 0
1469981, 2686976, 1, 0, 0
1470231, 1130496, 1, 0, 0
1470480, 608642, 1, 0, 0
1470731, 1179648, 1, 0, 0
1470981, 2113536, 1, 0, 0
1471231, 1277952, 1, 0, 0
1471480, 773140, 1, 0, 0
1471730, 557056, 1, 0, 0
1471981, 2359296, 1, 0, 0
1472231, 1916928, 1, 0, 0
1472481, 1490944, 1, 0, 0
1472730, 608642, 1, 0, 0
1472981, 1769472, 1, 0, 0
1473231, 2244608, 1, 0, 0
1473481, 1589248, 1, 0, 0
1473730, 1661429, 1, 0, 0
1473981, 1835008, 1, 0, 0
1474231, 2097152, 1, 0, 0
1474481, 1933312, 1, 0, 0
1474730, 2302971, 1, 0, 0
1474981, 1785856, 1, 0, 0
1475231, 1933312, 1, 0, 0
1475481, 1769472, 1, 0, 0
1475730, 1990425, 1, 0, 0
1475981, 1753088, 1, 0, 0
1476231, 1785856, 1, 0, 0
1476481, 1523712, 1, 0, 0
1476730, 1858827, 1, 0, 0
1476981, 1015808, 1, 0, 0
1477231, 966656, 1, 0, 0
1477481, 294912, 1, 0, 0
1477730, 855389, 1, 0, 0
1477981, 868352, 1, 0, 0
1478231, 1785856, 1, 0, 0
1478480, 1431132, 1, 0, 0
1478730, 1556480, 1, 0, 0
1478981, 2048000, 1, 0, 0
1479231, 1736704, 1, 0, 0
1479481, 1228800, 1, 0, 0
1479730, 1200835, 1, 0, 0
1479981, 1212416, 1, 0, 0
1480231, 753664, 1, 0, 0
1480481, 1671168, 1, 0, 0
1480730, 1414682, 1, 0, 0
1480981, 835584, 1, 0, 0
1481231, 1327104, 1, 0, 0
1481481, 1556480, 1, 0, 0
1481730, 1036337, 1, 0, 0
1481980, 1196032, 1, 0, 0
1482231, 1114112, 1, 0, 0
1482481, 1900544, 1, 0, 0
1482731, 1245184, 1, 0, 0
1482980, 1529831, 1, 0, 0
1483231, 770048, 1, 0, 0
1483481, 1720320, 1, 0, 0
1483731, 1114112, 1, 0, 0
1483980, 674441, 1, 0, 0
1484231, 1966080, 1, 0, 0
1484481, 851968, 1, 0, 0
1484731, 1474560, 1, 0, 0
1484980, 1348883, 1, 0, 0
1485230, 770048, 1, 0, 0
1485481, 606208, 1, 0, 0
1485731, 1654784, 1, 0, 0
1485981, 1064960, 1, 0, 0
1486230, 674441, 1, 0, 0
1486481, 557056, 1, 0, 0
1486731, 1294336, 1, 0, 0
1486981, 540672, 1, 0, 0
1487230, 542843, 1, 0, 0
1487481, 983040, 1, 0, 0
1487731, 1802240, 1, 0, 0
1487981, 1228800, 1, 0, 0
1488230, 954088, 1, 0, 0
1488480, 1032192, 1, 0, 0
1488731, 1556480, 1, 0, 0
1488981, 1196032, 1, 0, 0
1489231, 983040, 1, 0, 0
1489480, 1875277, 1, 0, 0
1489731, 1998848, 1, 0, 0
1489981, 1851392, 1, 0, 0
1490231, 1163264, 1, 0, 0
1490480, 690891, 1, 0, 0
1490730, 868352, 1, 0, 0
1490981, 999424, 1, 0, 0
1491231, 2097152, 1, 0, 0
1491481, 884736, 1, 0, 0
1491731, 1628530, 1, 0, 0
1491981, 770048, 1, 0, 0
1492231, 1556480, 1, 0, 0
1492480, 1513381, 1, 0, 0
1492731, 1146880, 1, 0, 0
1492981, 933888, 1, 0, 0
1493231, 1671168, 1, 0, 0
1493480, 921188, 1, 0, 0
1493731, 1703936, 1, 0, 0
1493981, 1294336, 1, 0, 0
1494231, 1638400, 1, 0, 0
1494480, 806040, 1, 0, 0
1494731, 1523712, 1, 0, 0
1494981, 1196032, 1, 0, 0
1495231, 786432, 1, 0, 0
1495481, 855389, 1, 0, 0
1495731, 1228800, 1, 0, 0
1495981, 1441792, 1, 0, 0
1496230, 1069236, 1, 0, 0
1496481, 1081344, 1, 0, 0
1496731, 1064960, 1, 0, 0
1496981, 1015808, 1, 0, 0
1497230, 822489, 1, 0, 0
1497481, 901120, 1, 0, 0
1497731, 1245184, 1, 0, 0
1497981, 1245184, 1, 0, 0
1498231, 1414682, 1, 0, 0
1498481, 475136, 1, 0, 0
1498730, 674441, 1, 0, 0
1498980, 671744, 1, 0, 0
1499231, 638976, 1, 0, 0
1499481, 1015808, 1, 0, 0
1499730, 1546281, 1, 0, 0
1499980, 1818624, 1, 0, 0
1500231, 1785856, 1, 0, 0
1500481, 1589248, 1, 0, 0
1500730, 1414682, 1, 0, 0
1500980, 1064960, 1, 0, 0
1501231, 1851392, 1, 0, 0
1501481, 1556480, 1, 0, 0
1501730, 279646, 1, 0, 0
1501980, 1212416, 1, 0, 0
1502231, 917504, 1, 0, 0
1502481, 589824, 1, 0, 0
1502731, 540672, 1, 0, 0
1502980, 756690, 1, 0, 0
1503231, 851968, 1, 0, 0
1503481, 622592, 1, 0, 0
1503731, 1294336, 1, 0, 0
1503980, 1118586, 1, 0, 0
1504231, 1196032, 1, 0, 0
1504481, 983040, 1, 0, 0
1504731, 638976, 1, 0, 0
1504980, 1579180, 1, 0, 0
1505231, 1392640, 1, 0, 0
1505481, 999424, 1, 0, 0
1505731, 1277952, 1, 0, 0
1505980, 1793028, 1, 0, 0
1506231, 1114112, 1, 0, 0
1506481, 1179648, 1, 0, 0
1506731, 1261568, 1, 0, 0
1506980, 1365333, 1, 0, 0
1507231, 524288, 1, 0, 0
1507481, 1540096, 1, 0, 0
1507731, 1540096, 1, 0, 0
1507980, 1381783, 1, 0, 0
1508231, 770048, 1, 0, 0
1508481, 1654784, 1, 0, 0
1508730, 1941076, 1, 0, 0
1508980, 1851392, 1, 0, 0
1509231, 1703936, 1, 0, 0
1509481, 1507328, 1, 0, 0
1509730, 1315983, 1, 0, 0
1509980, 2277376, 1, 0, 0
1510231, 1671168, 1, 0, 0
1510481, 2293760, 1, 0, 0
1510731, 1277952, 1, 0, 0
1510980, 1710779, 1, 0, 0
1511231, 1507328, 1, 0, 0
1511481, 1671168, 1, 0, 0
1511731, 1310720, 1, 0, 0
1511980, 2072674, 1, 0, 0
1512231, 1982464, 1, 0, 0
1512481, 2113536, 1, 0, 0
1512731, 2293760, 1, 0, 0
1512980, 1217285, 1, 0, 0
1513231, 1294336, 1, 0, 0
1513481, 688128, 1, 0, 0
1513731, 1622016, 1, 0, 0
1513980, 1315983, 1, 0, 0
1514231, 1179648, 1, 0, 0
1514481, 1703936, 1, 0, 0
1514731, 573440, 1, 0, 0
1514980, 1266634, 1, 0, 0
1515231, 1359872, 1, 0, 0
1515481, 212992, 1, 0, 0
1515731, 1015808, 1, 0, 0
1515980, 1496931, 1, 0, 0
1516231, 802816, 1, 0, 0
1516481, 1425408, 1, 0, 0
1516731, 622592, 1, 0, 0
1516981, 1644979, 1, 0, 0
1517231, 1015808, 1, 0, 0
1517481, 1720320, 1, 0, 0
1517730, 937638, 1, 0, 0
1517980, 1277952, 1, 0, 0
1518231, 1048576, 1, 0, 0
1518481, 1114112, 1, 0, 0
1518730, 740240, 1, 0, 0
1518980, 1196032, 1, 0, 0
1519231, 1228800, 1, 0, 0
1519481, 1409024, 1, 0, 0
1519730, 822489, 1, 0, 0
1519980, 950272, 1, 0, 0
1520231, 983040, 1, 0, 0
1520481, 573440, 1, 0, 0
1520731, 1015808, 1, 0, 0
1520980, 970538, 1, 0, 0
1521231, 1310720, 1, 0, 0
1521481, 1277952, 1, 0, 0
1521731, 1835008, 1, 0, 0
1521980, 1233734, 1, 0, 0
1522231, 638976, 1, 0, 0
1522481, 1179648, 1, 0, 0
1522730, 2006875, 1, 0, 0
1522980, 163840, 1, 0, 0
1523231, 1425408, 1, 0, 0
1523481, 1277952, 1, 0, 0
1523730, 1019887, 1, 0, 0
1523981, 1032192, 1, 0, 0
1524231, 442368, 1, 0, 0
1524481, 1523712, 1, 0, 0
1524730, 2418120, 1, 0, 0
1524980, 1458176, 1, 0, 0
1525231, 1015808, 1, 0, 0
1525481, 425984, 1, 0, 0
1525731, 475136, 1, 0, 0
1525980, 312546, 1, 0, 0
1526231, 704512, 1, 0, 0
1526481, 704512, 1, 0, 0
1526731, 409600, 1, 0, 0
1526980, 592192, 1, 0, 0
1527231, 851968, 1, 0, 0
1527481, 1327104, 1, 0, 0
1527731, 688128, 1, 0, 0
1527980, 328995, 1, 0, 0
1528231, 1638400, 1, 0, 0
1528481, 1163264, 1, 0, 0
1528731, 638976, 1, 0, 0
1528980, 1644979, 1, 0, 0
1529230, 1458176, 1, 0, 0
1529481, 1064960, 1, 0, 0
1529731, 1523712, 1, 0, 0
1529981, 1556480, 1, 0, 0
1530230, 625092, 1, 0, 0
1530481, 2015232, 1, 0, 0
1530731, 950272, 1, 0, 0
1530981, 376832, 1, 0, 0
1531230, 871839, 1, 0, 0
1531480, 1376256, 1, 0, 0
1531731, 1179648, 1, 0, 0
1531981, 1327104, 1, 0, 0
1532231, 1294336, 1, 0, 0
1532480, 1776578, 1, 0, 0
1532731, 1802240, 1, 0, 0
1532981, 262144, 1, 0, 0
1533231, 1998848, 1, 0, 0
1533481, 1727228, 1, 0, 0
1533731, 1507328, 1, 0, 0
1533981, 1064960, 1, 0, 0
1534230, 1644979, 1, 0, 0
1534480, 1409024, 1, 0, 0
1534731, 1277952, 1, 0, 0
1534981, 1785856, 1, 0, 0
1535231, 835584, 1, 0, 0
1535480, 1200835, 1, 0, 0
1535731, 1228800, 1, 0, 0
1535981, 573440, 1, 0, 0
1536230, 1727228, 1, 0, 0
1536480, 655360, 1, 0, 0
1536731, 1441792, 1, 0, 0
1536981, 1572864, 1, 0, 0
1537230, 806040, 1, 0, 0
1537480, 1294336, 1, 0, 0
1537731, 1343488, 1, 0, 0
1537981, 950272, 1, 0, 0
1538230, 986987, 1, 0, 0
1538481, 1212416, 1, 0, 0
1538731, 917504, 1, 0, 0
1538981, 1425408, 1, 0, 0
1539230, 1365333, 1, 0, 0
1539480, 1343488, 1, 0, 0
1539731, 1736704, 1, 0, 0
1539981, 704512, 1, 0, 0
1540231, 2015232, 1, 0, 0
1540480, 822489, 1, 0, 0
1540731, 1327104, 1, 0, 0
1540981, 1196032, 1, 0, 0
1541231, 1146880, 1, 0, 0
1541480, 822489, 1, 0, 0
1541731, 1556480, 1, 0, 0
1541981, 1097728, 1, 0, 0
1542231, 1228800, 1, 0, 0
1542481, 1546281, 1, 0, 0
1542731, 819200, 1, 0, 0
1542981, 1097728, 1, 0, 0
1543230, 1184385, 1, 0, 0
1543481, 1818624, 1, 0, 0
1543731, 851968, 1, 0, 0
1543981, 1638400, 1, 0, 0
1544230, 1414682, 1, 0, 0
1544481, 933888, 1, 0, 0
1544731, 671744, 1, 0, 0
1544981, 1228800, 1, 0, 0
1545230, 1381783, 1, 0, 0
1545481, 1245184, 1, 0, 0
1545731, 1507328, 1, 0, 0
1545981, 1179648, 1, 0, 0
1546230, 855389, 1, 0, 0
1546481, 1064960, 1, 0, 0
1546731, 1327104, 1, 0, 0
1546981, 1196032, 1, 0, 0
1547230, 575742, 1, 0, 0
1547481, 507904, 1, 0, 0
1547731, 1064960, 1, 0, 0
1547981, 442368, 1, 0, 0
1548230, 921188, 1, 0, 0
1548480, 311296, 1, 0, 0
1548731, 983040, 1, 0, 0
1548981, 1458176, 1, 0, 0
1549231, 1474560, 1, 0, 0
1549480, 1135036, 1, 0, 0
1549731, 1064960, 1, 0, 0
1549981, 1081344, 1, 0, 0
1550231, 671744, 1, 0, 0
1550480, 707341, 1, 0, 0
1550730, 901120, 1, 0, 0
1550981, 278528, 1, 0, 0
1551231, 1540096, 1, 0, 0
1551481, 966656, 1, 0, 0
1551730, 657991, 1, 0, 0
1551981, 557056, 1, 0, 0
1552231, 1884160, 1, 0, 0
1552481, 819200, 1, 0, 0
1552730, 970538, 1, 0, 0
1552981, 573440, 1, 0, 0
1553231, 737280, 1, 0, 0
1553481, 704512, 1, 0, 0
1553730, 1118586, 1, 0, 0
1553981, 1196032, 1, 0, 0
1554231, 1146880, 1, 0, 0
1554481, 1081344, 1, 0, 0
1554730, 1102136, 1, 0, 0
1554980, 688128, 1, 0, 0
1555231, 671744, 1, 0, 0
1555481, 1425408, 1, 0, 0
1555730, 1184385, 1, 0, 0
1555980, 1867776, 1, 0, 0
1556231, 1163264, 1, 0, 0
1556481, 1376256, 1, 0, 0
1556731, 1703936, 1, 0, 0
1556981, 773140, 1, 0, 0
1557231, 1835008, 1, 0, 0
1557481, 1376256, 1, 0, 0
1557730, 1315983, 1, 0, 0
1557981, 1146880, 1, 0, 0
1558231, 770048, 1, 0, 0
1558480, 1793028, 1, 0, 0
1558730, 1802240, 1, 0, 0
1558981, 1245184, 1, 0, 0
1559231, 1097728, 1, 0, 0
1559480, 1052787, 1, 0, 0
1559731, 507904, 1, 0, 0
1559981, 1048576, 1, 0, 0
1560231, 1261568, 1, 0, 0
1560480, 1250184, 1, 0, 0
1560731, 540672, 1, 0, 0
1560981, 917504, 1, 0, 0
1561231, 1392640, 1, 0, 0
1561481, 1727228, 1, 0, 0
1561731, 1294336, 1, 0, 0
1561981, 1359872, 1, 0, 0
1562230, 970538, 1, 0, 0
1562481, 475136, 1, 0, 0
1562731, 901120, 1, 0, 0
1562981, 1097728, 1, 0, 0
1563230, 954088, 1, 0, 0
1563481, 1179648, 1, 0, 0
1563731, 1228800, 1, 0, 0
1563981, 1327104, 1, 0, 0
1564230, 1233734, 1, 0, 0
1564481, 1212416, 1, 0, 0
1564731, 1032192, 1, 0, 0
1564981, 835584, 1, 0, 0
1565230, 1217285, 1, 0, 0
1565481, 1392640, 1, 0, 0
1565731, 851968, 1, 0, 0
1565981, 1441792, 1, 0, 0
1566230, 1776578, 1, 0, 0
1566481, 1703936, 1, 0, 0
1566731, 1523712, 1, 0, 0
1566981, 1277952, 1, 0, 0
1567231, 1118586, 1, 0, 0
1567481, 1228800, 1, 0, 0
1567731, 868352, 1, 0, 0
1567980, 542843, 1, 0, 0
1568231, 1343488, 1, 0, 0
1568481, 1114112, 1, 0, 0
1568730, 690891, 1, 0, 0
1568981, 1409024, 1, 0, 0
1569231, 1916928, 1, 0, 0
1569481, 1310720, 1, 0, 0
1569730, 1003437, 1, 0, 0
1569981, 1392640, 1, 0, 0
1570231, 1212416, 1, 0, 0
1570481, 1048576, 1, 0, 0
1570730, 1167935, 1, 0, 0
1570981, 1589248, 1, 0, 0
1571231, 737280, 1, 0, 0
1571480, 608642, 1, 0, 0
1571730, 688128, 1, 0, 0
1571981, 311296, 1, 0, 0
1572231, 802816, 1, 0, 0
1572481, 933888, 1, 0, 0
1572730, 707341, 1, 0, 0
1572981, 933888, 1, 0, 0
1573231, 311296, 1, 0, 0
1573480, 1069236, 1, 0, 0
1573730, 671744, 1, 0, 0
1573981, 1146880, 1, 0, 0
1574231, 606208, 1, 0, 0
1574480, 1019887, 1, 0, 0
1574730, 1032192, 1, 0, 0
1574981, 1376256, 1, 0, 0
1575231, 1114112, 1, 0, 0
1575480, 1200835, 1, 0, 0
1575730, 1032192, 1, 0, 0
1575981, 1179648, 1, 0, 0
1576231, 557056, 1, 0, 0
1576480, 904738, 1, 0, 0
1576731, 540672, 1, 0, 0
1576981, 1310720, 1, 0, 0
1577231, 1458176, 1, 0, 0
1577481, 1283084, 1, 0, 0
1577731, 1572864, 1, 0, 0
1577981, 1081344, 1, 0, 0
1578230, 1858827, 1, 0, 0
1578481, 1212416, 1, 0, 0
1578731, 1720320, 1, 0, 0
1578981, 524288, 1, 0, 0
1579230, 1431132, 1, 0, 0
1579481, 1605632, 1, 0, 0
1579731, 573440, 1, 0, 0
1579981, 442368, 1, 0, 0
1580230, 1694329, 1, 0, 0
1580480, 1097728, 1, 0, 0
1580731, 688128, 1, 0, 0
1580981, 1376256, 1, 0, 0
1581231, 1097728, 1, 0, 0
1581480, 1348883, 1, 0, 0
1581731, 1458176, 1, 0, 0
1581981, 950272, 1, 0, 0
1582231, 393216, 1, 0, 0
1582480, 921188, 1, 0, 0
1582731, 884736, 1, 0, 0
1582981, 1064960, 1, 0, 0
1583230, 855389, 1, 0, 0
1583480, 950272, 1, 0, 0
1583731, 589824, 1, 0, 0
1583981, 557056, 1, 0, 0
1584231, 884736, 1, 0, 0
1584480, 1496931, 1, 0, 0
1584731, 966656, 1, 0, 0
1584981, 1802240, 1, 0, 0
1585231, 851968, 1, 0, 0
1585480, 822489, 1, 0, 0
1585731, 770048, 1, 0, 0
1585981, 1097728, 1, 0, 0
1586231, 966656, 1, 0, 0
1586480, 542843, 1, 0, 0
1586730, 999424, 1, 0, 0
1586981, 1359872, 1, 0, 0
1587231, 442368, 1, 0, 0
1587481, 1261568, 1, 0, 0
1587730, 1151485, 1, 0, 0
1587980, 868352, 1, 0, 0
1588231, 704512, 1, 0, 0
1588481, 1097728, 1, 0, 0
1588730, 1036337, 1, 0, 0
1588981, 770048, 1, 0, 0
1589231, 393216, 1, 0, 0
1589481, 901120, 1, 0, 0
1589730, 1069236, 1, 0, 0
1589981, 1130496, 1, 0, 0
1590231, 1064960, 1, 0, 0
1590480, 1529831, 1, 0, 0
1590731, 655360, 1, 0, 0
1590981, 606208, 1, 0, 0
1591231, 950272, 1, 0, 0
1591480, 1052787, 1, 0, 0
1591731, 1196032, 1, 0, 0
1591981, 1359872, 1, 0, 0
1592231, 1097728, 1, 0, 0
1592480, 1809477, 1, 0, 0
1592731, 1310720, 1, 0, 0
1592981, 966656, 1, 0, 0
1593231, 1130496, 1, 0, 0
1593480, 427694, 1, 0, 0
1593731, 1064960, 1, 0, 0
1593981, 1310720, 1, 0, 0
1594231, 851968, 1, 0, 0
1594480, 296096, 1, 0, 0
1594731, 671744, 1, 0, 0
1594981, 720896, 1, 0, 0
1595231, 1179648, 1, 0, 0
1595480, 477044, 1, 0, 0
1595731, 770048, 1, 0, 0
1595981, 1097728, 1, 0, 0
1596231, 1490944, 1, 0, 0
1596480, 1233734, 1, 0, 0
1596731, 802816, 1, 0, 0
1596981, 1310720, 1, 0, 0
1597230, 460594, 1, 0, 0
1597481, 802816, 1, 0, 0
1597731, 393216, 1, 0, 0
1597981, 983040, 1, 0, 0
1598230, 2072674, 1, 0, 0
1598481, 294912, 1, 0, 0
1598731, 1310720, 1, 0, 0
1598981, 1163264, 1, 0, 0
1599230, 345445, 1, 0, 0
1599481, 1294336, 1, 0, 0
1599731, 1163264, 1, 0, 0
1599981, 1146880, 1, 0, 0
1600230, 1250184, 1, 0, 0
1600481, 1441792, 1, 0, 0
1600731, 1327104, 1, 0, 0
1600981, 1474560, 1, 0, 0
1601230, 1299534, 1, 0, 0
1601480, 1392640, 1, 0, 0
1601731, 638976, 1, 0, 0
1601981, 524288, 1, 0, 0
1602231, 1425408, 1, 0, 0
1602480, 1315983, 1, 0, 0
1602731, 1392640, 1, 0, 0
1602981, 1392640, 1, 0, 0
1603231, 1179648, 1, 0, 0
1603480, 756690, 1, 0, 0
1603731, 475136, 1, 0, 0
1603981, 835584, 1, 0, 0
1604231, 1835008, 1, 0, 0
1604480, 690891, 1, 0, 0
1604731, 1720320, 1, 0, 0
1604981, 622592, 1, 0, 0
1605231, 1540096, 1, 0, 0
1605480, 1283084, 1, 0, 0
1605731, 1261568, 1, 0, 0
1605981, 1277952, 1, 0, 0
1606231, 1638400, 1, 0, 0
1606480, 1036337, 1, 0, 0
1606731, 704512, 1, 0, 0
1606981, 671744, 1, 0, 0
1607231, 1163264, 1, 0, 0
1607480, 888289, 1, 0, 0
1607731, 999424, 1, 0, 0
1607981, 786432, 1, 0, 0
1608231, 1900544, 1, 0, 0
1608480, 1332433, 1, 0, 0
1608731, 737280, 1, 0, 0
1608981, 1376256, 1, 0, 0
1609231, 884736, 1, 0, 0
1609480, 641542, 1, 0, 0
1609731, 1228800, 1, 0, 0
1609981, 901120, 1, 0, 0
1610231, 425984, 1, 0, 0
1610480, 986987, 1, 0, 0
1610731, 344064, 1, 0, 0
1610981, 917504, 1, 0, 0
1611231, 950272, 1, 0, 0
1611480, 1217285, 1, 0, 0
1611731, 1277952, 1, 0, 0
1611981, 1327104, 1, 0, 0
1612231, 737280, 1, 0, 0
1612480, 1036337, 1, 0, 0
1612731, 393216, 1, 0, 0
1612981, 475136, 1, 0, 0
1613231, 737280, 1, 0, 0
1613480, 970538, 1, 0, 0
1613730, 688128, 1, 0, 0
1613981, 638976, 1, 0, 0
1614231, 589824, 1, 0, 0
1614480, 1135036, 1, 0, 0
1614730, 671744, 1, 0, 0
1614981, 851968, 1, 0, 0
1615231, 606208, 1, 0, 0
1615481, 1032192, 1, 0, 0
1615730, 1299534, 1, 0, 0
1615981, 1703936, 1, 0, 0
1616231, 311296, 1, 0, 0
1616481, 1179648, 1, 0, 0
1616730, 1464032, 1, 0, 0
1616981, 2129920, 1, 0, 0
1617231, 999424, 1, 0, 0
1617481, 1163264, 1, 0, 0
1617730, 1809477, 1, 0, 0
1617981, 1146880, 1, 0, 0
1618231, 1474560, 1, 0, 0
1618481, 1196032, 1, 0, 0
1618730, 838939, 1, 0, 0
1618981, 720896, 1, 0, 0
1619231, 1376256, 1, 0, 0
1619481, 1736704, 1, 0, 0
1619730, 690891, 1, 0, 0
1619981, 753664, 1, 0, 0
1620231, 1294336, 1, 0, 0
1620481, 1589248, 1, 0, 0
1620730, 1480481, 1, 0, 0
1620980, 1310720, 1, 0, 0
1621231, 966656, 1, 0, 0
1621481, 1622016, 1, 0, 0
1621730, 1924626, 1, 0, 0
1621980, 1343488, 1, 0, 0
1622231, 966656, 1, 0, 0
1622481, 1310720, 1, 0, 0
1622730, 756690, 1, 0, 0
1622980, 1392640, 1, 0, 0
1623231, 1490944, 1, 0, 0
1623481, 1359872, 1, 0, 0
1623730, 822489, 1, 0, 0
1623980, 589824, 1, 0, 0
1624231, 1605632, 1, 0, 0
1624481, 1163264, 1, 0, 0
1624731, 1146880, 1, 0, 0
1624980, 427694, 1, 0, 0
1625231, 1425408, 1, 0, 0
1625481, 753664, 1, 0, 0
1625731, 1605632, 1, 0, 0
1625980, 1184385, 1, 0, 0
1626231, 1458176, 1, 0, 0
1626481, 1769472, 1, 0, 0
1626731, 1146880, 1, 0, 0
1626980, 1447582, 1, 0, 0
1627231, 1179648, 1, 0, 0
1627481, 950272, 1, 0, 0
1627730, 1579180, 1, 0, 0
1627981, 1228800, 1, 0, 0
1628231, 1605632, 1, 0, 0
1628481, 884736, 1, 0, 0
1628730, 1332433, 1, 0, 0
1628981, 1589248, 1, 0, 0
1629231, 2113536, 1, 0, 0
1629481, 2375680, 1, 0, 0
1629730, 1464032, 1, 0, 0
1629981, 1359872, 1, 0, 0
1630231, 2097152, 1, 0, 0
1630481, 933888, 1, 0, 0
1630730, 509943, 1, 0, 0
1630981, 1343488, 1, 0, 0
1631231, 1835008, 1, 0, 0
1631480, 1464032, 1, 0, 0
1631731, 1114112, 1, 0, 0
1631981, 983040, 1, 0, 0
1632231, 2031616, 1, 0, 0
1632480, 1743678, 1, 0, 0
1632731, 1310720, 1, 0, 0
1632981, 1409024, 1, 0, 0
1633231, 1409024, 1, 0, 0
1633480, 789590, 1, 0, 0
1633731, 1638400, 1, 0, 0
1633981, 1081344, 1, 0, 0
1634231, 1638400, 1, 0, 0
1634480, 1398232, 1, 0, 0
1634730, 1081344, 1, 0, 0
1634981, 1114112, 1, 0, 0
1635231, 1523712, 1, 0, 0
1635481, 1359872, 1, 0, 0
1635730, 1233734, 1, 0, 0
1635981, 1343488, 1, 0, 0
1636231, 1097728, 1, 0, 0
1636481, 1556480, 1, 0, 0
1636731, 1743678, 1, 0, 0
1636981, 2310144, 1, 0, 0
1637231, 966656, 1, 0, 0
1637480, 1842377, 1, 0, 0
1637731, 1949696, 1, 0, 0
1637981, 1785856, 1, 0, 0
1638231, 2277376, 1, 0, 0
1638480, 1069236, 1, 0, 0
1638731, 1982464, 1, 0, 0
1638981, 2162688, 1, 0, 0
1639231, 1196032, 1, 0, 0
1639480, 723791, 1, 0, 0
1639731, 1556480, 1, 0, 0
1639981, 1507328, 1, 0, 0
1640231, 737280, 1, 0, 0
1640480, 1019887, 1, 0, 0
1640731, 1703936, 1, 0, 0
1640981, 1589248, 1, 0, 0
1641231, 1310720, 1, 0, 0
1641480, 1036337, 1, 0, 0
1641731, 1048576, 1, 0, 0
1641981, 1523712, 1, 0, 0
1642231, 1425408, 1, 0, 0
1642480, 1612080, 1, 0, 0
1642731, 1458176, 1, 0, 0
1642981, 1146880, 1, 0, 0
1643231, 1327104, 1, 0, 0
1643480, 1431132, 1, 0, 0
1643730, 1802240, 1, 0, 0
1643981, 1048576, 1, 0, 0
1644231, 360448, 1, 0, 0
1644481, 966656, 1, 0, 0
1644730, 1135036, 1, 0, 0
1644980, 311296, 1, 0, 0
1645231, 1802240, 1, 0, 0
1645481, 1130496, 1, 0, 0
1645730, 1677879, 1, 0, 0
1645980, 983040, 1, 0, 0
1646231, 1474560, 1, 0, 0
1646481, 1490944, 1, 0, 0
1646731, 1277952, 1, 0, 0
1646981, 1299534, 1, 0, 0
1647231, 983040, 1, 0, 0
1647481, 1507328, 1, 0, 0
1647730, 1250184, 1, 0, 0
1647981, 409600, 1, 0, 0
1648231, 1212416, 1, 0, 0
1648481, 1949696, 1, 0, 0
1648730, 1414682, 1, 0, 0
1648981, 1277952, 1, 0, 0
1649231, 540672, 1, 0, 0
1649481, 1343488, 1, 0, 0
1649730, 1135036, 1, 0, 0
1649981, 704512, 1, 0, 0
1650231, 950272, 1, 0, 0
1650481, 1540096, 1, 0, 0
1650730, 575742, 1, 0, 0
1650981, 884736, 1, 0, 0
1651231, 819200, 1, 0, 0
1651481, 1196032, 1, 0, 0
1651730, 460594, 1, 0, 0
1651981, 884736, 1, 0, 0
1652231, 458752, 1, 0, 0
1652481, 1441792, 1, 0, 0
1652730, 690891, 1, 0, 0
1652980, 1146880, 1, 0, 0
1653231, 671744, 1, 0, 0
1653481, 1785856, 1, 0, 0
1653730, 723791, 1, 0, 0
1653980, 1425408, 1, 0, 0
1654231, 1064960, 1, 0, 0
1654481, 557056, 1, 0, 0
1654731, 557056, 1, 0, 0
1654980, 871839, 1, 0, 0
1655231, 540672, 1, 0, 0
1655481, 1474560, 1, 0, 0
1655731, 540672, 1, 0, 0
1655980, 394795, 1, 0, 0
1656231, 1605632, 1, 0, 0
1656481, 835584, 1, 0, 0
1656731, 835584, 1, 0, 0
1656980, 921188, 1, 0, 0
1657231, 671744, 1, 0, 0
1657481, 1458176, 1, 0, 0
1657731, 1392640, 1, 0, 0
1657980, 1019887, 1, 0, 0
1658231, 1081344, 1, 0, 0
1658481, 1310720, 1, 0, 0
1658730, 1266634, 1, 0, 0
1658981, 999424, 1, 0, 0
1659231, 1277952, 1, 0, 0
1659481, 868352, 1, 0, 0
1659730, 1677879, 1, 0, 0
1659981, 1638400, 1, 0, 0
1660231, 1556480, 1, 0, 0
1660481, 1409024, 1, 0, 0
1660730, 937638, 1, 0, 0
1660981, 1556480, 1, 0, 0
1661231, 1441792, 1, 0, 0
1661481, 753664, 1, 0, 0
1661730, 394795, 1, 0, 0
1661980, 1130496, 1, 0, 0
1662231, 1327104, 1, 0, 0
1662481, 999424, 1, 0, 0
1662730, 509943, 1, 0, 0
1662980, 720896, 1, 0, 0
1663231, 1425408, 1, 0, 0
1663481, 933888, 1, 0, 0
1663730, 1480481, 1, 0, 0
1663980, 786432, 1, 0, 0
1664231, 720896, 1, 0, 0
1664481, 1753088, 1, 0, 0
1664730, 444144, 1, 0, 0
1664980, 1261568, 1, 0, 0
1665231, 1294336, 1, 0, 0
1665481, 1015808, 1, 0, 0
1665731, 917504, 1, 0, 0
1665980, 509943, 1, 0, 0
1666231, 507904, 1, 0, 0
1666481, 442368, 1, 0, 0
1666731, 1228800, 1, 0, 0
1666980, 1184385, 1, 0, 0
1667231, 458752, 1, 0, 0
1667481, 360448, 1, 0, 0
1667731, 688128, 1, 0, 0
1667981, 1097728, 1, 0, 0
1668231, 855389, 1, 0, 0
1668481, 1294336, 1, 0, 0
1668731, 1490944, 1, 0, 0
1668980, 1283084, 1, 0, 0
1669231, 2031616, 1, 0, 0
1669481, 999424, 1, 0, 0
1669730, 1365333, 1, 0, 0
1669981, 999424, 1, 0, 0
1670231, 1425408, 1, 0, 0
1670481, 327680, 1, 0, 0
1670730, 1348883, 1, 0, 0
1670981, 524288, 1, 0, 0
1671231, 966656, 1, 0, 0
1671481, 1245184, 1, 0, 0
1671730, 1447582, 1, 0, 0
1671981, 917504, 1, 0, 0
1672231, 1933312, 1, 0, 0
1672481, 589824, 1, 0, 0
1672730, 1612080, 1, 0, 0
1672980, 2113536, 1, 0, 0
1673231, 1523712, 1, 0, 0
1673481, 704512, 1, 0, 0
1673730, 1052787, 1, 0, 0
1673980, 1327104, 1, 0, 0
1674231, 802816, 1, 0, 0
1674481, 1392640, 1, 0, 0
1674730, 1793028, 1, 0, 0
1674980, 1900544, 1, 0, 0
1675231, 1818624, 1, 0, 0
1675481, 1703936, 1, 0, 0
1675730, 197397, 1, 0, 0
1675980, 1130496, 1, 0, 0
1676231, 1310720, 1, 0, 0
1676481, 1212416, 1, 0, 0
1676730, 921188, 1, 0, 0
1676981, 868352, 1, 0, 0
1677231, 851968, 1, 0, 0
1677480, 641542, 1, 0, 0
1677731, 1720320, 1, 0, 0
1677981, 1245184, 1, 0, 0
1678230, 1299534, 1, 0, 0
1678481, 1802240, 1, 0, 0
1678731, 851968, 1, 0, 0
1678981, 606208, 1, 0, 0
1679230, 1151485, 1, 0, 0
1679481, 1474560, 1, 0, 0
1679731, 1982464, 1, 0, 0
1679981, 1687552, 1, 0, 0
1680230, 1184385, 1, 0, 0
1680481, 1114112, 1, 0, 0
1680731, 458752, 1, 0, 0
1680981, 1556480, 1, 0, 0
1681230, 1908176, 1, 0, 0
1681481, 1359872, 1, 0, 0
1681731, 737280, 1, 0, 0
1681981, 1638400, 1, 0, 0
1682230, 1332433, 1, 0, 0
1682481, 655360, 1, 0, 0
1682731, 933888, 1, 0, 0
1682981, 999424, 1, 0, 0
1683230, 592192, 1, 0, 0
1683481, 1130496, 1, 0, 0
1683731, 409600, 1, 0, 0
1683981, 1785856, 1, 0, 0
1684230, 1776578, 1, 0, 0
1684481, 720896, 1, 0, 0
1684731, 1343488, 1, 0, 0
1684981, 311296, 1, 0, 0
1685230, 1809477, 1, 0, 0
1685481, 737280, 1, 0, 0
1685731, 1114112, 1, 0, 0
1685981, 1343488, 1, 0, 0
1686230, 1085686, 1, 0, 0
1686481, 1523712, 1, 0, 0
1686731, 1589248, 1, 0, 0
1686981, 1245184, 1, 0, 0
1687230, 822489, 1, 0, 0
1687481, 1343488, 1, 0, 0
1687731, 1048576, 1, 0, 0
1687981, 606208, 1, 0, 0
1688230, 1579180, 1, 0, 0
1688480, 1163264, 1, 0, 0
1688731, 2179072, 1, 0, 0
1688981, 1605632, 1, 0, 0
1689231, 1277952, 1, 0, 0
1689480, 608642, 1, 0, 0
1689731, 884736, 1, 0, 0
1689981, 999424, 1, 0, 0
1690231, 1064960, 1, 0, 0
1690480, 954088, 1, 0, 0
1690730, 1064960, 1, 0, 0
1690981, 1097728, 1, 0, 0
1691231, 1458176, 1, 0, 0
1691481, 966656, 1, 0, 0
1691731, 1562730, 1, 0, 0
1691981, 1097728, 1, 0, 0
1692231, 360448, 1, 0, 0
1692480, 1266634, 1, 0, 0
1692731, 1589248, 1, 0, 0
1692981, 1212416, 1, 0, 0
1693231, 933888, 1, 0, 0
1693480, 1118586, 1, 0, 0
1693731, 1261568, 1, 0, 0
1693981, 851968, 1, 0, 0
1694230, 1200835, 1, 0, 0
1694480, 1245184, 1, 0, 0
1694731, 917504, 1, 0, 0
1694981, 1507328, 1, 0, 0
1695231, 1376256, 1, 0, 0
1695480, 1019887, 1, 0, 0
1695731, 704512, 1, 0, 0
1695981, 1146880, 1, 0, 0
1696231, 1146880, 1, 0, 0
1696480, 888289, 1, 0, 0
1696731, 851968, 1, 0, 0
1696981, 917504, 1, 0, 0
1697231, 983040, 1, 0, 0
1697480, 411244, 1, 0, 0
1697730, 901120, 1, 0, 0
1697981, 770048, 1, 0, 0
1698231, 1327104, 1, 0, 0
1698481, 1228800, 1, 0, 0
1698730, 1381783, 1, 0, 0
1698980, 655360, 1, 0, 0
1699231, 1392640, 1, 0, 0
1699481, 573440, 1, 0, 0
1699730, 1628530, 1, 0, 0
1699980, 524288, 1, 0, 0
1700231, 1884160, 1, 0, 0
1700481, 1867776, 1, 0, 0
1700731, 1785856, 1, 0, 0
1700980, 822489, 1, 0, 0
1701231, 1589248, 1, 0, 0
1701481, 1048576, 1, 0, 0
1701731, 720896, 1, 0, 0
1701980, 756690, 1, 0, 0
1702231, 868352, 1, 0, 0
1702481, 720896, 1, 0, 0
1702730, 1793028, 1, 0, 0
1702980, 1114112, 1, 0, 0
1703231, 819200, 1, 0, 0
1703481, 1228800, 1, 0, 0
1703730, 723791, 1, 0, 0
1703981, 1081344, 1, 0, 0
1704231, 540672, 1, 0, 0
1704481, 1097728, 1, 0, 0
1704730, 1348883, 1, 0, 0
1704981, 917504, 1, 0, 0
1705231, 1114112, 1, 0, 0
1705481, 835584, 1, 0, 0
1705730, 1529831, 1, 0, 0
1705981, 1179648, 1, 0, 0
1706231, 1654784, 1, 0, 0
1706481, 458752, 1, 0, 0
1706730, 806040, 1, 0, 0
1706980, 1605632, 1, 0, 0
1707231, 1130496, 1, 0, 0
1707481, 1114112, 1, 0, 0
1707731, 2244608, 1, 0, 0
1707980, 1348883, 1, 0, 0
1708231, 1474560, 1, 0, 0
1708481, 2211840, 1, 0, 0
1708731, 1097728, 1, 0, 0
1708980, 1315983, 1, 0, 0
1709230, 1277952, 1, 0, 0
1709481, 1343488, 1, 0, 0
1709731, 1228800, 1, 0, 0
1709980, 1447582, 1, 0, 0
1710230, 1163264, 1, 0, 0
1710481, 1196032, 1, 0, 0
1710731, 1081344, 1, 0, 0
1710981, 622592, 1, 0, 0
1711230, 1644979, 1, 0, 0
1711481, 720896, 1, 0, 0
1711731, 983040, 1, 0, 0
1711981, 1097728, 1, 0, 0
1712230, 2089124, 1, 0, 0
1712481, 1703936, 1, 0, 0
1712731, 1376256, 1, 0, 0
1712981, 802816, 1, 0, 0
1713230, 1085686, 1, 0, 0
1713480, 1196032, 1, 0, 0
1713731, 1261568, 1, 0, 0
1713981, 1114112, 1, 0, 0
1714231, 1687552, 1, 0, 0
1714480, 1332433, 1, 0, 0
1714731, 1081344, 1, 0, 0
1714981, 786432, 1, 0, 0
1715231, 622592, 1, 0, 0
1715480, 2006875, 1, 0, 0
1715730, 1703936, 1, 0, 0
1715981, 901120, 1, 0, 0
1716231, 851968, 1, 0, 0
1716481, 540672, 1, 0, 0
1716731, 1348883, 1, 0, 0
1716981, 1310720, 1, 0, 0
1717231, 1179648, 1, 0, 0
1717480, 575742, 1, 0, 0
1717731, 901120, 1, 0, 0
1717981, 1261568, 1, 0, 0
1718230, 723791, 1, 0, 0
1718481, 851968, 1, 0, 0
1718731, 1130496, 1, 0, 0
1718981, 1179648, 1, 0, 0
1719230, 1069236, 1, 0, 0
1719481, 737280, 1, 0, 0
1719731, 1130496, 1, 0, 0
1719981, 1359872, 1, 0, 0
1720231, 344064, 1, 0, 0
1720480, 921188, 1, 0, 0
1720731, 770048, 1, 0, 0
1720981, 622592, 1, 0, 0
1721231, 933888, 1, 0, 0
1721480, 296096, 1, 0, 0
1721731, 1146880, 1, 0, 0
1721981, 1540096, 1, 0, 0
1722231, 983040, 1, 0, 0
1722480, 838939, 1, 0, 0
1722731, 2048000, 1, 0, 0
1722981, 868352, 1, 0, 0
1723231, 1064960, 1, 0, 0
1723480, 888289, 1, 0, 0
1723731, 606208, 1, 0, 0
1723981, 196608, 1, 0, 0
1724230, 871839, 1, 0, 0
1724481, 1507328, 1, 0, 0
1724731, 1638400, 1, 0, 0
1724981, 868352, 1, 0, 0
1725230, 608642, 1, 0, 0
1725481, 1277952, 1, 0, 0
1725731, 819200, 1, 0, 0
1725981, 933888, 1, 0, 0
1726230, 1102136, 1, 0, 0
1726481, 1540096, 1, 0, 0
1726731, 1196032, 1, 0, 0
1726981, 835584, 1, 0, 0
1727230, 937638, 1, 0, 0
1727481, 1736704, 1, 0, 0
1727731, 1425408, 1, 0, 0
1727981, 786432, 1, 0, 0
1728230, 1513381, 1, 0, 0
1728481, 1064960, 1, 0, 0
1728731, 1064960, 1, 0, 0
1728981, 1114112, 1, 0, 0
1729230, 1250184, 1, 0, 0
1729481, 1130496, 1, 0, 0
1729731, 1556480, 1, 0, 0
1729981, 622592, 1, 0, 0
1730230, 855389, 1, 0, 0
1730480, 917504, 1, 0, 0
1730731, 1097728, 1, 0, 0
1730981, 212992, 1, 0, 0
1731231, 786432, 1, 0, 0
1731481, 1019887, 1, 0, 0
1731731, 901120, 1, 0, 0
1731981, 1310720, 1, 0, 0
1732230, 1151485, 1, 0, 0
1732481, 835584, 1, 0, 0
1732731, 819200, 1, 0, 0
1732981, 868352, 1, 0, 0
1733230, 2352321, 1, 0, 0
1733481, 835584, 1, 0, 0
1733731, 1146880, 1, 0, 0
1733981, 1179648, 1, 0, 0
1734230, 1990425, 1, 0, 0
1734481, 1507328, 1, 0, 0
1734731, 999424, 1, 0, 0
1734981, 983040, 1, 0, 0
1735230, 1694329, 1, 0, 0
1735480, 1638400, 1, 0, 0
1735731, 1589248, 1, 0, 0
1735981, 999424, 1, 0, 0
1736230, 986987, 1, 0, 0
1736480, 950272, 1, 0, 0
1736731, 2244608, 1, 0, 0
1736981, 1474560, 1, 0, 0
1737231, 999424, 1, 0, 0
1737480, 1661429, 1, 0, 0
1737731, 1245184, 1, 0, 0
1737981, 1015808, 1, 0, 0
1738231, 770048, 1, 0, 0
1738480, 1809477, 1, 0, 0
1738731, 573440, 1, 0, 0
1738981, 1015808, 1, 0, 0
1739231, 1835008, 1, 0, 0
1739480, 1513381, 1, 0, 0
1739730, 1228800, 1, 0, 0
1739981, 1196032, 1, 0, 0
1740231, 1998848, 1, 0, 0
1740481, 1392640, 1, 0, 0
1740730, 1875277, 1, 0, 0
1740981, 475136, 1, 0, 0
1741231, 524288, 1, 0, 0
1741481, 1064960, 1, 0, 0
1741730, 1546281, 1, 0, 0
1741981, 1310720, 1, 0, 0
1742231, 966656, 1, 0, 0
1742480, 1250184, 1, 0, 0
1742731, 1376256, 1, 0, 0
1742981, 704512, 1, 0, 0
1743231, 1032192, 1, 0, 0
1743480, 1579180, 1, 0, 0
1743731, 1343488, 1, 0, 0
1743981, 1441792, 1, 0, 0
1744231, 540672, 1, 0, 0
1744480, 608642, 1, 0, 0
1744731, 999424, 1, 0, 0
1744981, 851968, 1, 0, 0
1745231, 1490944, 1, 0, 0
1745480, 1217285, 1, 0, 0
1745731, 1835008, 1, 0, 0
1745981, 638976, 1, 0, 0
1746231, 1540096, 1, 0, 0
1746480, 1908176, 1, 0, 0
1746731, 1130496, 1, 0, 0
1746981, 1769472, 1, 0, 0
1747231, 868352, 1, 0, 0
1747480, 1283084, 1, 0, 0
1747730, 1622016, 1, 0, 0
1747981, 1933312, 1, 0, 0
1748231, 1622016, 1, 0, 0
1748480, 740240, 1, 0, 0
1748730, 1032192, 1, 0, 0
1748981, 753664, 1, 0, 0
1749231, 1114112, 1, 0, 0
1749481, 966656, 1, 0, 0
1749730, 1579180, 1, 0, 0
1749980, 1343488, 1, 0, 0
1750231, 1261568, 1, 0, 0
1750481, 901120, 1, 0, 0
1750730, 509943, 1, 0, 0
1750980, 720896, 1, 0, 0
1751231, 901120, 1, 0, 0
1751481, 1802240, 1, 0, 0
1751730, 723791, 1, 0, 0
1751981, 606208, 1, 0, 0
1752231, 1114112, 1, 0, 0
1752481, 786432, 1, 0, 0
1752730, 1612080, 1, 0, 0
1752981, 638976, 1, 0, 0
1753231, 1540096, 1, 0, 0
1753481, 786432, 1, 0, 0
1753730, 1266634, 1, 0, 0
1753981, 294912, 1, 0, 0
1754231, 1343488, 1, 0, 0
1754481, 1540096, 1, 0, 0
1754730, 723791, 1, 0, 0
1754980, 1540096, 1, 0, 0
1755231, 1622016, 1, 0, 0
1755481, 1212416, 1, 0, 0
1755730, 1266634, 1, 0, 0
1755980, 704512, 1, 0, 0
1756231, 933888, 1, 0, 0
1756481, 1064960, 1, 0, 0
1756730, 1019887, 1, 0, 0
1756980, 950272, 1, 0, 0
1757231, 1556480, 1, 0, 0
1757481, 606208, 1, 0, 0
1757731, 524288, 1, 0, 0
1757980, 756690, 1, 0, 0
1758231, 1507328, 1, 0, 0
1758481, 1982464, 1, 0, 0
1758731, 1818624, 1, 0, 0
1758980, 1217285, 1, 0, 0
1759231, 1425408, 1, 0, 0
1759481, 1097728, 1, 0, 0
1759731, 1376256, 1, 0, 0
1759980, 1233734, 1, 0, 0
1760230, 655360, 1, 0, 0
1760481, 1376256, 1, 0, 0
1760731, 933888, 1, 0, 0
1760981, 1556480, 1, 0, 0
1761230, 904738, 1, 0, 0
1761481, 802816, 1, 0, 0
1761731, 999424, 1, 0, 0
1761981, 786432, 1, 0, 0
1762230, 1019887, 1, 0, 0
1762481, 1654784, 1, 0, 0
1762731, 1474560, 1, 0, 0
1762981, 671744, 1, 0, 0
1763230, 937638, 1, 0, 0
1763481, 524288, 1, 0, 0
1763731, 1245184, 1, 0, 0
1763981, 1146880, 1, 0, 0
1764230, 542843, 1, 0, 0
1764481, 622592, 1, 0, 0
1764731, 671744, 1, 0, 0
1764981, 1015808, 1, 0, 0
1765230, 394795, 1, 0, 0
1765481, 1540096, 1, 0, 0
1765731, 1277952, 1, 0, 0
1765981, 737280, 1, 0, 0
1766230, 1151485, 1, 0, 0
1766481, 819200, 1, 0, 0
1766731, 1622016, 1, 0, 0
1766981, 491520, 1, 0, 0
1767230, 657991, 1, 0, 0
1767480, 1409024, 1, 0, 0
1767731, 1212416, 1, 0, 0
1767981, 933888, 1, 0, 0
1768231, 1064960, 1, 0, 0
1768481, 806040, 1, 0, 0
1768731, 425984, 1, 0, 0
1768981, 901120, 1, 0, 0
1769230, 1299534, 1, 0, 0
1769481, 1261568, 1, 0, 0
1769731, 1523712, 1, 0, 0
1769981, 589824, 1, 0, 0
1770230, 1595630, 1, 0, 0
1770481, 1458176, 1, 0, 0
1770731, 819200, 1, 0, 0
1770981, 1114112, 1, 0, 0
1771230, 1118586, 1, 0, 0
1771480, 901120, 1, 0, 0
1771730, 1376256, 1, 0, 0
1771981, 1048576, 1, 0, 0
1772231, 950272, 1, 0, 0
1772481, 1179648, 1, 0, 0
1772731, 901120, 1, 0, 0
1772980, 690891, 1, 0, 0
1773231, 704512, 1, 0, 0
1773481, 1572864, 1, 0, 0
1773730, 1036337, 1, 0, 0
1773981, 1343488, 1, 0, 0
1774231, 655360, 1, 0, 0
1774480, 888289, 1, 0, 0
1774731, 933888, 1, 0, 0
1774981, 475136, 1, 0, 0
1775230, 855389, 1, 0, 0
1775481, 999424, 1, 0, 0
1775731, 1966080, 1, 0, 0
1775981, 1277952, 1, 0, 0
1776231, 1612080, 1, 0, 0
1776481, 1572864, 1, 0, 0
1776731, 1376256, 1, 0, 0
1776981, 1464032, 1, 0, 0
1777231, 966656, 1, 0, 0
1777481, 1612080, 1, 0, 0
1777731, 1097728, 1, 0, 0
1777981, 1835008, 1, 0, 0
1778231, 1431132, 1, 0, 0
1778481, 1540096, 1, 0, 0
1778731, 1556480, 1, 0, 0
1778981, 1052787, 1, 0, 0
1779231, 1130496, 1, 0, 0
1779481, 1671168, 1, 0, 0
1779731, 723791, 1, 0, 0
1779981, 1261568, 1, 0, 0
1780231, 1998848, 1, 0, 0
1780481, 773140, 1, 0, 0
1780731, 1359872, 1, 0, 0
1780980, 411244, 1, 0, 0
1781231, 671744, 1, 0, 0
1781481, 655360, 1, 0, 0
1781730, 1233734, 1, 0, 0
1781981, 802816, 1, 0, 0
1782231, 671744, 1, 0, 0
1782481, 1085686, 1, 0, 0
1782731, 1212416, 1, 0, 0
1782981, 1540096, 1, 0, 0
1783231, 1266634, 1, 0, 0
1783481, 933888, 1, 0, 0
1783731, 884736, 1, 0, 0
1783980, 1217285, 1, 0, 0
1784231, 1540096, 1, 0, 0
1784481, 622592, 1, 0, 0
1784730, 1315983, 1, 0, 0
1784981, 606208, 1, 0, 0
1785231, 671744, 1, 0, 0
1785480, 526393, 1, 0, 0
1785731, 720896, 1, 0, 0
1785981, 868352, 1, 0, 0
1786230, 559293, 1, 0, 0
1786481, 1572864, 1, 0, 0
1786731, 1769472, 1, 0, 0
1786980, 1184385, 1, 0, 0
1787231, 835584, 1, 0, 0
1787481, 1196032, 1, 0, 0
1787730, 641542, 1, 0, 0
1787981, 1245184, 1, 0, 0
1788231, 1490944, 1, 0, 0
1788480, 279646, 1, 0, 0
1788731, 704512, 1, 0, 0
1788981, 1081344, 1, 0, 0
1789230, 1496931, 1, 0, 0
1789481, 1032192, 1, 0, 0
1789731, 1523712, 1, 0, 0
1789980, 888289, 1, 0, 0
1790231, 1425408, 1, 0, 0
1790481, 933888, 1, 0, 0
1790730, 1529831, 1, 0, 0
1790981, 901120, 1, 0, 0
1791231, 950272, 1, 0, 0
1791481, 1118586, 1, 0, 0
1791731, 1785856, 1, 0, 0
1791981, 1163264, 1, 0, 0
1792231, 1365333, 1, 0, 0
1792481, 1458176, 1, 0, 0
1792731, 888289, 1, 0, 0
1792981, 835584, 1, 0, 0
1793231, 1540096, 1, 0, 0
1793481, 1546281, 1, 0, 0
1793731, 1392640, 1, 0, 0
1793981, 1381783, 1, 0, 0
1794231, 1081344, 1, 0, 0
1794481, 1523712, 1, 0, 0
1794731, 789590, 1, 0, 0
1794981, 1130496, 1, 0, 0
1795231, 1179648, 1, 0, 0
1795481, 921188, 1, 0, 0
1795731, 606208, 1, 0, 0
1795980, 1365333, 1, 0, 0
1796231, 376832, 1, 0, 0
1796481, 622592, 1, 0, 0
1796730, 1250184, 1, 0, 0
1796981, 1146880, 1, 0, 0
1797231, 950272, 1, 0, 0
1797481, 542843, 1, 0, 0
1797731, 786432, 1, 0, 0
1797981, 1769472, 1, 0, 0
1798231, 723791, 1, 0, 0
1798481, 1163264, 1, 0, 0
1798732, 2146304, 1, 0, 0
1798981, 1365333, 1, 0, 0
1799231, 851968, 1, 0, 0
1799481, 1644979, 1, 0, 0
1799731, 966656, 1, 0, 0
1799981, 1858827, 1, 0, 0
1800231, 1409024, 1, 0, 0
1800481, 1703936, 1, 0, 0
1800731, 592192, 1, 0, 0
1800981, 1114112, 1, 0, 0
1801231, 1998848, 1, 0, 0
1801481, 1381783, 1, 0, 0
1801731, 737280, 1, 0, 0
1801981, 884736, 1, 0, 0
1802231, 1529831, 1, 0, 0
1802481, 1163264, 1, 0, 0
1802731, 851968, 1, 0, 0
1802981, 197397, 1, 0, 0
1803231, 737280, 1, 0, 0
1803481, 1523712, 1, 0, 0
1803731, 1036337, 1, 0, 0
1803981, 1359872, 1, 0, 0
1804231, 1277952, 1, 0, 0
1804481, 1809477, 1, 0, 0
1804731, 2064384, 1, 0, 0
1804981, 1081344, 1, 0, 0
1805231, 526393, 1, 0, 0
1805481, 1376256, 1, 0, 0
1805731, 950272, 1, 0, 0
1805980, 970538, 1, 0, 0
1806231, 1277952, 1, 0, 0
1806481, 917504, 1, 0, 0
1806731, 756690, 1, 0, 0
1806981, 1671168, 1, 0, 0
1807231, 1212416, 1, 0, 0
1807481, 1332433, 1, 0, 0
1807731, 950272, 1, 0, 0
1807981, 789590, 1, 0, 0
1808231, 1327104, 1, 0, 0
1808481, 1490944, 1, 0, 0
1808731, 1036337, 1, 0, 0
1808981, 1622016, 1, 0, 0
1809231, 1196032, 1, 0, 0
1809481, 1414682, 1, 0, 0
1809731, 786432, 1, 0, 0
1809981, 950272, 1, 0, 0
1810231, 263196, 1, 0, 0
1810481, 901120, 1, 0, 0
1810731, 933888, 1, 0, 0
1810981, 723791, 1, 0, 0
1811231, 622592, 1, 0, 0
1811481, 1474560, 1, 0, 0
1811731, 1973975, 1, 0, 0
1811981, 1425408, 1, 0, 0
1812231, 1949696, 1, 0, 0
1812481, 1496931, 1, 0, 0
1812731, 1556480, 1, 0, 0
1812981, 851968, 1, 0, 0
1813231, 855389, 1, 0, 0
1813481, 1507328, 1, 0, 0
1813731, 1447582, 1, 0, 0
1813981, 1081344, 1, 0, 0
1814231, 328995, 1, 0, 0
1814481, 1032192, 1, 0, 0
1814731, 901120, 1, 0, 0
1814981, 1480481, 1, 0, 0
1815231, 770048, 1, 0, 0
1815481, 1081344, 1, 0, 0
1815731, 970538, 1, 0, 0
1815981, 1114112, 1, 0, 0
1816231, 393216, 1, 0, 0
1816481, 477044, 1, 0, 0
1816731, 425984, 1, 0, 0
1816981, 802816, 1, 0, 0
1817231, 394795, 1, 0, 0
1817481, 966656, 1, 0, 0
1817730, 1315983, 1, 0, 0
1817981, 622592, 1, 0, 0
1818231, 1212416, 1, 0, 0
1818481, 1048576, 1, 0, 0
1818731, 1003437, 1, 0, 0
1818981, 1490944, 1, 0, 0
1819230, 838939, 1, 0, 0
1819481, 1048576, 1, 0, 0
1819731, 1572864, 1, 0, 0
1819981, 589824, 1, 0, 0
1820231, 592192, 1, 0, 0
1820481, 999424, 1, 0, 0
1820730, 526393, 1, 0, 0
1820981, 1163264, 1, 0, 0
1821231, 819200, 1, 0, 0
1821481, 1381783, 1, 0, 0
1821731, 458752, 1, 0, 0
1821981, 641542, 1, 0, 0
1822231, 868352, 1, 0, 0
1822480, 608642, 1, 0, 0
1822731, 393216, 1, 0, 0
1822981, 475136, 1, 0, 0
1823230, 1003437, 1, 0, 0
1823481, 1474560, 1, 0, 0
1823731, 622592, 1, 0, 0
1823980, 1085686, 1, 0, 0
1824231, 851968, 1, 0, 0
1824481, 1277952, 1, 0, 0
1824730, 1250184, 1, 0, 0
1824981, 425984, 1, 0, 0
1825231, 950272, 1, 0, 0
1825481, 740240, 1, 0, 0
1825731, 131072, 1, 0, 0
1825981, 688128, 1, 0, 0
1826230, 822489, 1, 0, 0
1826481, 1179648, 1, 0, 0
1826731, 1032192, 1, 0, 0
1826980, 1019887, 1, 0, 0
1827231, 1048576, 1, 0, 0
1827481, 770048, 1, 0, 0
1827730, 1858827, 1, 0, 0
1827981, 786432, 1, 0, 0
1828231, 950272, 1, 0, 0
1828480, 1315983, 1, 0, 0
1828731, 1327104, 1, 0, 0
1828981, 933888, 1, 0, 0
1829231, 770048, 1, 0, 0
1829481, 411244, 1, 0, 0
1829731, 638976, 1, 0, 0
1829981, 409600, 1, 0, 0
1830231, 740240, 1, 0, 0
1830481, 704512, 1, 0, 0
1830731, 671744, 1, 0, 0
1830980, 493493, 1, 0, 0
1831231, 557056, 1, 0, 0
1831481, 573440, 1, 0, 0
1831730, 740240, 1, 0, 0
1831981, 1114112, 1, 0, 0
1832231, 1196032, 1, 0, 0
1832481, 723791, 1, 0, 0
1832731, 1261568, 1, 0, 0
1832981, 622592, 1, 0, 0
1833231, 625092, 1, 0, 0
1833481, 1015808, 1, 0, 0
1833730, 1085686, 1, 0, 0
1833981, 606208, 1, 0, 0
1834231, 819200, 1, 0, 0
1834481, 608642, 1, 0, 0
1834731, 704512, 1, 0, 0
1834981, 1032192, 1, 0, 0
1835231, 361895, 1, 0, 0
1835481, 819200, 1, 0, 0
1835731, 868352, 1, 0, 0
1835981, 1003437, 1, 0, 0
1836231, 1114112, 1, 0, 0
1836481, 294912, 1, 0, 0
1836731, 345445, 1, 0, 0
1836981, 458752, 1, 0, 0
1837231, 835584, 1, 0, 0
1837481, 625092, 1, 0, 0
1837731, 442368, 1, 0, 0
1837981, 1081344, 1, 0, 0
1838231, 657991, 1, 0, 0
1838481, 802816, 1, 0, 0
1838730, 509943, 1, 0, 0
1838981, 819200, 1, 0, 0
1839231, 983040, 1, 0, 0
1839480, 1414682, 1, 0, 0
1839731, 1687552, 1, 0, 0
1839981, 688128, 1, 0, 0
1840231, 1687552, 1, 0, 0
1840481, 1036337, 1, 0, 0
1840731, 917504, 1, 0, 0
1840980, 1135036, 1, 0, 0
1841231, 1032192, 1, 0, 0
1841481, 1425408, 1, 0, 0
1841731, 1710779, 1, 0, 0
1841981, 1212416, 1, 0, 0
1842231, 802816, 1, 0, 0
1842481, 707341, 1, 0, 0
1842731, 589824, 1, 0, 0
1842981, 625092, 1, 0, 0
1843231, 1179648, 1, 0, 0
1843481, 1097728, 1, 0, 0
1843731, 838939, 1, 0, 0
1843981, 950272, 1, 0, 0
1844231, 884736, 1, 0, 0
1844481, 690891, 1, 0, 0
1844731, 1015808, 1, 0, 0
1844981, 868352, 1, 0, 0
1845231, 279646, 1, 0, 0
1845481, 294912, 1, 0, 0
1845730, 1102136, 1, 0, 0
1845981, 458752, 1, 0, 0
1846231, 950272, 1, 0, 0
1846481, 789590, 1, 0, 0
1846731, 409600, 1, 0, 0
1846981, 786432, 1, 0, 0
1847231, 1019887, 1, 0, 0
1847481, 458752, 1, 0, 0
1847731, 917504, 1, 0, 0
1847980, 1315983, 1, 0, 0
1848231, 327680, 1, 0, 0
1848481, 1032192, 1, 0, 0
1848730, 723791, 1, 0, 0
1848981, 966656, 1, 0, 0
1849231, 1163264, 1, 0, 0
1849481, 1212416, 1, 0, 0
1849731, 1464032, 1, 0, 0
1849981, 1703936, 1, 0, 0
1850231, 1458176, 1, 0, 0
1850481, 575742, 1, 0, 0
1850731, 1228800, 1, 0, 0
1850981, 1310720, 1, 0, 0
1851231, 1842377, 1, 0, 0
1851481, 409600, 1, 0, 0
1851731, 1409024, 1, 0, 0
1851981, 674441, 1, 0, 0
1852231, 393216, 1, 0, 0
1852480, 1118586, 1, 0, 0
1852731, 262144, 1, 0, 0
1852981, 933888, 1, 0, 0
1853230, 1135036, 1, 0, 0
1853481, 819200, 1, 0, 0
1853731, 1458176, 1, 0, 0
1853981, 1661429, 1, 0, 0
1854231, 1179648, 1, 0, 0
1854481, 1032192, 1, 0, 0
1854731, 921188, 1, 0, 0
1854981, 1851392, 1, 0, 0
1855231, 1245184, 1, 0, 0
1855481, 707341, 1, 0, 0
1855731, 1228800, 1, 0, 0
1855981, 868352, 1, 0, 0
1856231, 1595630, 1, 0, 0
1856481, 1245184, 1, 0, 0
1856730, 1085686, 1, 0, 0
1856981, 655360, 1, 0, 0
1857231, 802816, 1, 0, 0
1857480, 1793028, 1, 0, 0
1857731, 1245184, 1, 0, 0
1857981, 475136, 1, 0, 0
1858231, 1381783, 1, 0, 0
1858481, 376832, 1, 0, 0
1858730, 756690, 1, 0, 0
1858981, 507904, 1, 0, 0
1859231, 966656, 1, 0, 0
1859481, 986987, 1, 0, 0
1859731, 524288, 1, 0, 0
1859981, 1966080, 1, 0, 0
1860231, 1167935, 1, 0, 0
1860481, 376832, 1, 0, 0
1860731, 835584, 1, 0, 0
1860981, 1118586, 1, 0, 0
1861231, 1523712, 1, 0, 0
1861481, 1032192, 1, 0, 0
1861731, 1694329, 1, 0, 0
1861981, 1179648, 1, 0, 0
1862231, 999424, 1, 0, 0
1862481, 411244, 1, 0, 0
1862731, 638976, 1, 0, 0
1862980, 740240, 1, 0, 0
1863231, 1196032, 1, 0, 0
1863481, 442368, 1, 0, 0
1863730, 1579180, 1, 0, 0
1863981, 1081344, 1, 0, 0
1864231, 720896, 1, 0, 0
1864481, 986987, 1, 0, 0
1864731, 1196032, 1, 0, 0
1864981, 983040, 1, 0, 0
1865230, 1299534, 1, 0, 0
1865481, 1064960, 1, 0, 0
1865731, 507904, 1, 0, 0
1865980, 986987, 1, 0, 0
1866231, 1081344, 1, 0, 0
1866481, 737280, 1, 0, 0
1866731, 806040, 1, 0, 0
1866981, 1507328, 1, 0, 0
1867231, 1949696, 1, 0, 0
1867481, 1332433, 1, 0, 0
1867731, 1048576, 1, 0, 0
1867981, 1365333, 1, 0, 0
1868231, 1556480, 1, 0, 0
1868481, 1507328, 1, 0, 0
1868731, 1299534, 1, 0, 0
1868981, 1032192, 1, 0, 0
1869231, 1802240, 1, 0, 0
1869481, 1118586, 1, 0, 0
1869731, 851968, 1, 0, 0
1869981, 1245184, 1, 0, 0
1870231, 1414682, 1, 0, 0
1870481, 638976, 1, 0, 0
1870731, 1245184, 1, 0, 0
1870981, 1036337, 1, 0, 0
1871231, 1310720, 1, 0, 0
1871481, 1507328, 1, 0, 0
1871731, 1628530, 1, 0, 0
1871981, 1392640, 1, 0, 0
1872231, 1196032, 1, 0, 0
1872481, 674441, 1, 0, 0
1872731, 688128, 1, 0, 0
1872981, 1654784, 1, 0, 0
1873231, 756690, 1, 0, 0
1873481, 950272, 1, 0, 0
1873730, 789590, 1, 0, 0
1873981, 606208, 1, 0, 0
1874231, 1343488, 1, 0, 0
1874480, 1809477, 1, 0, 0
1874731, 1523712, 1, 0, 0
1874981, 868352, 1, 0, 0
1875231, 1179648, 1, 0, 0
1875481, 1464032, 1, 0, 0
1875731, 819200, 1, 0, 0
1875981, 1802240, 1, 0, 0
1876231, 1250184, 1, 0, 0
1876481, 573440, 1, 0, 0
1876731, 540672, 1, 0, 0
1876981, 1019887, 1, 0, 0
1877231, 491520, 1, 0, 0
1877481, 493493, 1, 0, 0
1877731, 868352, 1, 0, 0
1877981, 819200, 1, 0, 0
1878231, 394795, 1, 0, 0
1878481, 589824, 1, 0, 0
1878731, 557056, 1, 0, 0
1878981, 822489, 1, 0, 0
1879231, 1179648, 1, 0, 0
1879481, 720896, 1, 0, 0
1879731, 1480481, 1, 0, 0
1879981, 1261568, 1, 0, 0
1880231, 524288, 1, 0, 0
1880480, 1003437, 1, 0, 0
1880731, 1507328, 1, 0, 0
1880981, 1277952, 1, 0, 0
1881230, 855389, 1, 0, 0
1881481, 1523712, 1, 0, 0
1881731, 1802240, 1, 0, 0
1881981, 458752, 1, 0, 0
1882231, 1184385, 1, 0, 0
1882481, 933888, 1, 0, 0
1882730, 1052787, 1, 0, 0
1882981, 1081344, 1, 0, 0
1883231, 868352, 1, 0, 0
1883480, 1102136, 1, 0, 0
1883731, 606208, 1, 0, 0
1883981, 524288, 1, 0, 0
1884231, 1523712, 1, 0, 0
1884480, 1167935, 1, 0, 0
1884731, 835584, 1, 0, 0
1884981, 1032192, 1, 0, 0
1885231, 688128, 1, 0, 0
1885480, 822489, 1, 0, 0
1885731, 1785856, 1, 0, 0
1885981, 917504, 1, 0, 0
1886231, 1376256, 1, 0, 0
1886480, 460594, 1, 0, 0
1886731, 1802240, 1, 0, 0
1886981, 1228800, 1, 0, 0
1887231, 1114112, 1, 0, 0
1887480, 1414682, 1, 0, 0
1887731, 1835008, 1, 0, 0
1887981, 1261568, 1, 0, 0
1888231, 1343488, 1, 0, 0
1888480, 1102136, 1, 0, 0
1888731, 1441792, 1, 0, 0
1888981, 1638400, 1, 0, 0
1889230, 1858827, 1, 0, 0
1889481, 524288, 1, 0, 0
1889731, 999424, 1, 0, 0
1889981, 1130496, 1, 0, 0
1890230, 838939, 1, 0, 0
1890481, 950272, 1, 0, 0
1890731, 901120, 1, 0, 0
1890981, 1097728, 1, 0, 0
1891230, 674441, 1, 0, 0
1891481, 1392640, 1, 0, 0
1891731, 704512, 1, 0, 0
1891981, 1228800, 1, 0, 0
1892230, 1085686, 1, 0, 0
1892481, 606208, 1, 0, 0
1892731, 868352, 1, 0, 0
1892980, 838939, 1, 0, 0
1893230, 884736, 1, 0, 0
1893481, 1032192, 1, 0, 0
1893731, 1720320, 1, 0, 0
1893981, 1327104, 1, 0, 0
1894230, 674441, 1, 0, 0
1894481, 622592, 1, 0, 0
1894731, 1310720, 1, 0, 0
1894981, 983040, 1, 0, 0
1895230, 1184385, 1, 0, 0
1895481, 1343488, 1, 0, 0
1895731, 999424, 1, 0, 0
1895981, 1671168, 1, 0, 0
1896230, 493493, 1, 0, 0
1896481, 360448, 1, 0, 0
1896731, 884736, 1, 0, 0
1896981, 901120, 1, 0, 0
1897230, 904738, 1, 0, 0
1897481, 1294336, 1, 0, 0
1897731, 606208, 1, 0, 0
1897981, 1015808, 1, 0, 0
1898231, 1431132, 1, 0, 0
1898481, 786432, 1, 0, 0
1898731, 1425408, 1, 0, 0
1898981, 1496931, 1, 0, 0
1899231, 491520, 1, 0, 0
1899481, 1327104, 1, 0, 0
1899730, 1200835, 1, 0, 0
1899981, 458752, 1, 0, 0
1900231, 720896, 1, 0, 0
1900481, 491520, 1, 0, 0
1900730, 1118586, 1, 0, 0
1900981, 688128, 1, 0, 0
1901231, 884736, 1, 0, 0
1901481, 1294336, 1, 0, 0
1901730, 871839, 1, 0, 0
1901981, 327680, 1, 0, 0
1902231, 327680, 1, 0, 0
1902481, 507904, 1, 0, 0
1902730, 970538, 1, 0, 0
1902981, 1277952, 1, 0, 0
1903231, 98304, 1, 0, 0
1903481, 1081344, 1, 0, 0
1903730, 723791, 1, 0, 0
1903980, 884736, 1, 0, 0
1904231, 1032192, 1, 0, 0
1904481, 884736, 1, 0, 0
1904731, 622592, 1, 0, 0
1904980, 1447582, 1, 0, 0
1905231, 557056, 1, 0, 0
1905481, 1081344, 1, 0, 0
1905730, 444144, 1, 0, 0
1905980, 1720320, 1, 0, 0
1906231, 737280, 1, 0, 0
1906481, 950272, 1, 0, 0
1906731, 1179648, 1, 0, 0
1906981, 723791, 1, 0, 0
1907231, 1064960, 1, 0, 0
1907481, 1114112, 1, 0, 0
1907730, 345445, 1, 0, 0
1907981, 802816, 1, 0, 0
1908231, 1261568, 1, 0, 0
1908480, 1200835, 1, 0, 0
1908731, 1441792, 1, 0, 0
1908981, 1359872, 1, 0, 0
1909231, 1048576, 1, 0, 0
1909480, 1233734, 1, 0, 0
1909731, 1687552, 1, 0, 0
1909981, 1130496, 1, 0, 0
1910231, 1097728, 1, 0, 0
1910480, 1941076, 1, 0, 0
1910731, 589824, 1, 0, 0
1910981, 1425408, 1, 0, 0
1911231, 1556480, 1, 0, 0
1911480, 707341, 1, 0, 0
1911731, 458752, 1, 0, 0
1911981, 589824, 1, 0, 0
1912231, 1081344, 1, 0, 0
1912480, 509943, 1, 0, 0
1912731, 1064960, 1, 0, 0
1912981, 737280, 1, 0, 0
1913231, 1048576, 1, 0, 0
1913480, 213847, 1, 0, 0
1913731, 573440, 1, 0, 0
1913981, 1146880, 1, 0, 0
1914231, 1015808, 1, 0, 0
1914480, 641542, 1, 0, 0
1914730, 1114112, 1, 0, 0
1914981, 229376, 1, 0, 0
1915231, 1245184, 1, 0, 0
1915480, 756690, 1, 0, 0
1915730, 786432, 1, 0, 0
1915981, 475136, 1, 0, 0
1916231, 1261568, 1, 0, 0
1916481, 704512, 1, 0, 0
1916730, 493493, 1, 0, 0
1916981, 1130496, 1, 0, 0
1917231, 557056, 1, 0, 0
1917480, 855389, 1, 0, 0
1917731, 688128, 1, 0, 0
1917981, 1196032, 1, 0, 0
1918231, 802816, 1, 0, 0
1918480, 707341, 1, 0, 0
1918731, 1114112, 1, 0, 0
1918981, 688128, 1, 0, 0
1919231, 262144, 1, 0, 0
1919480, 1184385, 1, 0, 0
1919731, 1015808, 1, 0, 0
1919981, 983040, 1, 0, 0
1920231, 1540096, 1, 0, 0
1920480, 1299534, 1, 0, 0
1920731, 753664, 1, 0, 0
1920981, 622592, 1, 0, 0
1921231, 753664, 1, 0, 0
1921480, 937638, 1, 0, 0
1921731, 655360, 1, 0, 0
1921981, 1015808, 1, 0, 0
1922231, 638976, 1, 0, 0
1922480, 608642, 1, 0, 0
1922730, 1409024, 1, 0, 0
1922981, 1015808, 1, 0, 0
1923231, 786432, 1, 0, 0
1923480, 411244, 1, 0, 0
1923730, 1032192, 1, 0, 0
1923981, 1146880, 1, 0, 0
1924231, 622592, 1, 0, 0
1924481, 540672, 1, 0, 0
1924730, 674441, 1, 0, 0
1924981, 884736, 1, 0, 0
1925231, 1179648, 1, 0, 0
1925481, 835584, 1, 0, 0
1925730, 707341, 1, 0, 0
1925980, 1703936, 1, 0, 0
1926231, 688128, 1, 0, 0
1926481, 720896, 1, 0, 0
1926731, 999424, 1, 0, 0
1926981, 542843, 1, 0, 0
1927231, 1540096, 1, 0, 0
1927481, 1425408, 1, 0, 0
1927730, 1398232, 1, 0, 0
1927981, 1409024, 1, 0, 0
1928231, 1048576, 1, 0, 0
1928481, 1507328, 1, 0, 0
1928730, 592192, 1, 0, 0
1928981, 1507328, 1, 0, 0
1929231, 950272, 1, 0, 0
1929480, 378345, 1, 0, 0
1929731, 917504, 1, 0, 0
1929981, 868352, 1, 0, 0
1930231, 524288, 1, 0, 0
1930480, 1266634, 1, 0, 0
1930730, 704512, 1, 0, 0
1930981, 1212416, 1, 0, 0
1931231, 802816, 1, 0, 0
1931481, 1228800, 1, 0, 0
1931730, 789590, 1, 0, 0
1931981, 1130496, 1, 0, 0
1932231, 1310720, 1, 0, 0
1932481, 1212416, 1, 0, 0
1932730, 954088, 1, 0, 0
1932981, 1474560, 1, 0, 0
1933231, 819200, 1, 0, 0
1933480, 921188, 1, 0, 0
1933731, 1605632, 1, 0, 0
1933981, 901120, 1, 0, 0
1934231, 1130496, 1, 0, 0
1934480, 1069236, 1, 0, 0
1934731, 786432, 1, 0, 0
1934981, 1523712, 1, 0, 0
1935231, 1409024, 1, 0, 0
1935480, 657991, 1, 0, 0
1935731, 933888, 1, 0, 0
1935981, 1064960, 1, 0, 0
1936231, 770048, 1, 0, 0
1936480, 1003437, 1, 0, 0
1936731, 671744, 1, 0, 0
1936981, 589824, 1, 0, 0
1937230, 1233734, 1, 0, 0
1937480, 1409024, 1, 0, 0
1937731, 1163264, 1, 0, 0
1937981, 655360, 1, 0, 0
1938230, 444144, 1, 0, 0
1938480, 983040, 1, 0, 0
1938731, 786432, 1, 0, 0
1938981, 753664, 1, 0, 0
1939231, 835584, 1, 0, 0
1939480, 855389, 1, 0, 0
1939730, 1015808, 1, 0, 0
1939981, 1015808, 1, 0, 0
1940231, 983040, 1, 0, 0
1940480, 394795, 1, 0, 0
1940730, 1015808, 1, 0, 0
1940981, 1753088, 1, 0, 0
1941231, 573440, 1, 0, 0
1941481, 393216, 1, 0, 0
1941731, 707341, 1, 0, 0
1941981, 147456, 1, 0, 0
1942231, 1392640, 1, 0, 0
1942481, 671744, 1, 0, 0
1942730, 707341, 1, 0, 0
1942981, 868352, 1, 0, 0
1943231, 573440, 1, 0, 0
1943480, 855389, 1, 0, 0
1943731, 409600, 1, 0, 0
1943981, 753664, 1, 0, 0
1944231, 901120, 1, 0, 0
1944480, 789590, 1, 0, 0
1944731, 851968, 1, 0, 0
1944981, 933888, 1, 0, 0
1945231, 1622016, 1, 0, 0
1945480, 740240, 1, 0, 0
1945731, 868352, 1, 0, 0
1945981, 1327104, 1, 0, 0
1946231, 1032192, 1, 0, 0
1946480, 954088, 1, 0, 0
1946731, 622592, 1, 0, 0
1946981, 1245184, 1, 0, 0
1947231, 1196032, 1, 0, 0
1947480, 657991, 1, 0, 0
1947731, 786432, 1, 0, 0
1947981, 671744, 1, 0, 0
1948231, 458752, 1, 0, 0
1948480, 1151485, 1, 0, 0
1948731, 1179648, 1, 0, 0
1948981, 704512, 1, 0, 0
1949231, 917504, 1, 0, 0
1949480, 575742, 1, 0, 0
1949730, 1294336, 1, 0, 0
1949981, 819200, 1, 0, 0
1950231, 786432, 1, 0, 0
1950480, 822489, 1, 0, 0
1950730, 1081344, 1, 0, 0
1950981, 1277952, 1, 0, 0
1951231, 901120, 1, 0, 0
1951481, 819200, 1, 0, 0
1951730, 1694329, 1, 0, 0
1951981, 1441792, 1, 0, 0
1952231, 1458176, 1, 0, 0
1952481, 950272, 1, 0, 0
1952730, 1052787, 1, 0, 0
1952981, 868352, 1, 0, 0
1953231, 1032192, 1, 0, 0
1953480, 608642, 1, 0, 0
1953730, 1114112, 1, 0, 0
1953981, 1261568, 1, 0, 0
1954231, 1540096, 1, 0, 0
1954481, 999424, 1, 0, 0
1954730, 1052787, 1, 0, 0
1954981, 1409024, 1, 0, 0
1955231, 1490944, 1, 0, 0
1955481, 1327104, 1, 0, 0
1955730, 1069236, 1, 0, 0
1955981, 1196032, 1, 0, 0
1956231, 1130496, 1, 0, 0
1956481, 950272, 1, 0, 0
1956730, 657991, 1, 0, 0
1956981, 524288, 1, 0, 0
1957231, 1179648, 1, 0, 0
1957481, 1097728, 1, 0, 0
1957730, 1052787, 1, 0, 0
1957980, 884736, 1, 0, 0
1958231, 1441792, 1, 0, 0
1958481, 983040, 1, 0, 0
1958730, 1283084, 1, 0, 0
1958980, 1015808, 1, 0, 0
1959231, 589824, 1, 0, 0
1959481, 737280, 1, 0, 0
1959731, 999424, 1, 0, 0
1959980, 1184385, 1, 0, 0
1960231, 1327104, 1, 0, 0
1960481, 1277952, 1, 0, 0
1960731, 671744, 1, 0, 0
1960980, 296096, 1, 0, 0
1961231, 950272, 1, 0, 0
1961481, 901120, 1, 0, 0
1961731, 999424, 1, 0, 0
1961980, 1036337, 1, 0, 0
1962231, 802816, 1, 0, 0
1962481, 1064960, 1, 0, 0
1962730, 1496931, 1, 0, 0
1962981, 1064960, 1, 0, 0
1963231, 1638400, 1, 0, 0
1963481, 851968, 1, 0, 0
1963730, 1398232, 1, 0, 0
1963981, 1064960, 1, 0, 0
1964231, 1392640, 1, 0, 0
1964480, 1167935, 1, 0, 0
1964730, 884736, 1, 0, 0
1964981, 475136, 1, 0, 0
1965231, 409600, 1, 0, 0
1965480, 1760128, 1, 0, 0
1965730, 196608, 1, 0, 0
1965981, 1540096, 1, 0, 0
1966231, 1277952, 1, 0, 0
1966481, 540672, 1, 0, 0
1966730, 690891, 1, 0, 0
1966981, 1703936, 1, 0, 0
1967231, 966656, 1, 0, 0
1967481, 753664, 1, 0, 0
1967730, 690891, 1, 0, 0
1967981, 1130496, 1, 0, 0
1968231, 786432, 1, 0, 0
1968481, 573440, 1, 0, 0
1968730, 1644979, 1, 0, 0
1968980, 704512, 1, 0, 0
1969231, 409600, 1, 0, 0
1969481, 835584, 1, 0, 0
1969730, 756690, 1, 0, 0
1969980, 1540096, 1, 0, 0
1970231, 753664, 1, 0, 0
1970481, 589824, 1, 0, 0
1970731, 983040, 1, 0, 0
1970980, 1546281, 1, 0, 0
1971231, 1146880, 1, 0, 0
1971481, 1622016, 1, 0, 0
1971730, 838939, 1, 0, 0
1971981, 819200, 1, 0, 0
1972231, 999424, 1, 0, 0
1972481, 950272, 1, 0, 0
1972731, 509943, 1, 0, 0
1972981, 1015808, 1, 0, 0
1973231, 1015808, 1, 0, 0
1973480, 378345, 1, 0, 0
1973731, 425984, 1, 0, 0
1973981, 1179648, 1, 0, 0
1974231, 491520, 1, 0, 0
1974480, 213847, 1, 0, 0
1974731, 671744, 1, 0, 0
1974981, 1294336, 1, 0, 0
1975231, 933888, 1, 0, 0
1975480, 460594, 1, 0, 0
1975731, 393216, 1, 0, 0
1975981, 1638400, 1, 0, 0
1976231, 1441792, 1, 0, 0
1976480, 806040, 1, 0, 0
1976731, 1163264, 1, 0, 0
1976981, 1392640, 1, 0, 0
1977231, 1032192, 1, 0, 0
1977480, 674441, 1, 0, 0
1977731, 966656, 1, 0, 0
1977981, 1409024, 1, 0, 0
1978231, 1114112, 1, 0, 0
1978480, 838939, 1, 0, 0
1978731, 524288, 1, 0, 0
1978981, 1261568, 1, 0, 0
1979230, 855389, 1, 0, 0
1979481, 1048576, 1, 0, 0
1979731, 131072, 1, 0, 0
1979981, 1458176, 1, 0, 0
1980230, 559293, 1, 0, 0
1980481, 1441792, 1, 0, 0
1980731, 1294336, 1, 0, 0
1980980, 1200835, 1, 0, 0
1981231, 933888, 1, 0, 0
1981481, 1327104, 1, 0, 0
1981731, 1097728, 1, 0, 0
1981980, 657991, 1, 0, 0
1982231, 671744, 1, 0, 0
1982481, 1196032, 1, 0, 0
1982731, 1064960, 1, 0, 0
1982980, 1365333, 1, 0, 0
1983231, 540672, 1, 0, 0
1983481, 720896, 1, 0, 0
1983731, 1638400, 1, 0, 0
1983980, 345445, 1, 0, 0
1984230, 1245184, 1, 0, 0
1984481, 589824, 1, 0, 0
1984731, 1048576, 1, 0, 0
1984981, 851968, 1, 0, 0
1985230, 723791, 1, 0, 0
1985481, 753664, 1, 0, 0
1985731, 688128, 1, 0, 0
1985981, 589824, 1, 0, 0
1986230, 1102136, 1, 0, 0
1986481, 835584, 1, 0, 0
1986731, 573440, 1, 0, 0
1986981, 1245184, 1, 0, 0
1987230, 1069236, 1, 0, 0
1987481, 1064960, 1, 0, 0
1987731, 507904, 1, 0, 0
1987981, 1146880, 1, 0, 0
1988230, 904738, 1, 0, 0
1988481, 966656, 1, 0, 0
1988731, 294912, 1, 0, 0
1988981, 999424, 1, 0, 0
1989230, 871839, 1, 0, 0
1989481, 933888, 1, 0, 0
1989731, 1310720, 1, 0, 0
1989981, 901120, 1, 0, 0
1990230, 1135036, 1, 0, 0
1990481, 1114112, 1, 0, 0
1990731, 1032192, 1, 0, 0
1990981, 704512, 1, 0, 0
1991230, 641542, 1, 0, 0
1991481, 720896, 1, 0, 0
1991731, 901120, 1, 0, 0
1991981, 999424, 1, 0, 0
1992230, 477044, 1, 0, 0
1992481, 999424, 1, 0, 0
1992731, 1081344, 1, 0, 0
1992981, 851968, 1, 0, 0
1993230, 345445, 1, 0, 0
1993480, 720896, 1, 0, 0
1993731, 1064960, 1, 0, 0
1993981, 524288, 1, 0, 0
1994231, 950272, 1, 0, 0
1994480, 477044, 1, 0, 0
1994731, 638976, 1, 0, 0
1994981, 1146880, 1, 0, 0
1995231, 573440, 1, 0, 0
1995480, 312546, 1, 0, 0
1995731, 1409024, 1, 0, 0
1995981, 1097728, 1, 0, 0
1996231, 1048576, 1, 0, 0
1996480, 592192, 1, 0, 0
1996731, 1163264, 1, 0, 0
1996981, 1572864, 1, 0, 0
1997231, 933888, 1, 0, 0
1997480, 361895, 1, 0, 0
1997731, 884736, 1, 0, 0
1997981, 1163264, 1, 0, 0
1998231, 1245184, 1, 0, 0
1998480, 690891, 1, 0, 0
1998731, 1687552, 1, 0, 0
1998981, 851968, 1, 0, 0
1999231, 1654784, 1, 0, 0
1999480, 1414682, 1, 0, 0
1999731, 1736704, 1, 0, 0
1999981, 1507328, 1, 0, 0
2000231, 1458176, 1, 0, 0
2000480, 1036337, 1, 0, 0
2000731, 933888, 1, 0, 0
2000981, 1310720, 1, 0, 0
2001231, 376832, 1, 0, 0
2001480, 806040, 1, 0, 0
2001731, 1015808, 1, 0, 0
2001981, 901120, 1, 0, 0
2002231, 966656, 1, 0, 0
2002480, 954088, 1, 0, 0
2002731, 1392640, 1, 0, 0
2002981, 1687552, 1, 0, 0
2003231, 1523712, 1, 0, 0
2003480, 1233734, 1, 0, 0
2003731, 1294336, 1, 0, 0
2003981, 1228800, 1, 0, 0
2004231, 1753088, 1, 0, 0
2004480, 1760128, 1, 0, 0
2004730, 1392640, 1, 0, 0
2004981, 1867776, 1, 0, 0
2005231, 1867776, 1, 0, 0
2005481, 1687552, 1, 0, 0
2005730, 1776578, 1, 0, 0
2005981, 622592, 1, 0, 0
2006231, 1769472, 1, 0, 0
2006481, 655360, 1, 0, 0
2006731, 2039775, 1, 0, 0
2006981, 1572864, 1, 0, 0
2007231, 1458176, 1, 0, 0
2007481, 1842377, 1, 0, 0
2007731, 1310720, 1, 0, 0
2007981, 1933312, 1, 0, 0
2008230, 1579180, 1, 0, 0
2008481, 1835008, 1, 0, 0
2008731, 1179648, 1, 0, 0
2008981, 589824, 1, 0, 0
2009230, 378345, 1, 0, 0
2009481, 1376256, 1, 0, 0
2009731, 786432, 1, 0, 0
2009981, 1146880, 1, 0, 0
2010230, 477044, 1, 0, 0
2010481, 737280, 1, 0, 0
2010731, 1261568, 1, 0, 0
2010981, 720896, 1, 0, 0
2011230, 954088, 1, 0, 0
2011480, 868352, 1, 0, 0
2011731, 1146880, 1, 0, 0
2011981, 1261568, 1, 0, 0
2012231, 966656, 1, 0, 0
2012480, 1464032, 1, 0, 0
2012731, 1425408, 1, 0, 0
2012981, 1769472, 1, 0, 0
2013231, 1703936, 1, 0, 0
2013480, 740240, 1, 0, 0
2013730, 1392640, 1, 0, 0
2013981, 753664, 1, 0, 0
2014231, 770048, 1, 0, 0
2014481, 1343488, 1, 0, 0
2014730, 855389, 1, 0, 0
2014981, 1523712, 1, 0, 0
2015231, 2031616, 1, 0, 0
2015481, 1212416, 1, 0, 0
2015730, 740240, 1, 0, 0
2015981, 1753088, 1, 0, 0
2016231, 1392640, 1, 0, 0
2016481, 1835008, 1, 0, 0
2016731, 1200835, 1, 0, 0
2016981, 1409024, 1, 0, 0
2017231, 1245184, 1, 0, 0
2017480, 1941076, 1, 0, 0
2017731, 1343488, 1, 0, 0
2017981, 1572864, 1, 0, 0
2018230, 1250184, 1, 0, 0
2018481, 1261568, 1, 0, 0
2018731, 1146880, 1, 0, 0
2018981, 638976, 1, 0, 0
2019230, 1562730, 1, 0, 0
2019481, 1196032, 1, 0, 0
2019731, 1163264, 1, 0, 0
2019981, 1949696, 1, 0, 0
2020230, 1891726, 1, 0, 0
2020481, 1114112, 1, 0, 0
2020731, 704512, 1, 0, 0
2020981, 1736704, 1, 0, 0
2021230, 1200835, 1, 0, 0
2021481, 589824, 1, 0, 0
2021731, 1146880, 1, 0, 0
2021981, 851968, 1, 0, 0
2022230, 822489, 1, 0, 0
2022481, 524288, 1, 0, 0
2022731, 753664, 1, 0, 0
2022981, 901120, 1, 0, 0
2023230, 1266634, 1, 0, 0
2023481, 1097728, 1, 0, 0
2023731, 1327104, 1, 0, 0
2023981, 671744, 1, 0, 0
2024230, 460594, 1, 0, 0
2024481, 851968, 1, 0, 0
2024731, 2031616, 1, 0, 0
2024981, 950272, 1, 0, 0
2025230, 1480481, 1, 0, 0
2025481, 1687552, 1, 0, 0
2025731, 1015808, 1, 0, 0
2025980, 954088, 1, 0, 0
2026231, 950272, 1, 0, 0
2026481, 1916928, 1, 0, 0
2026731, 1802240, 1, 0, 0
2026980, 838939, 1, 0, 0
2027231, 851968, 1, 0, 0
2027481, 622592, 1, 0, 0
2027731, 1081344, 1, 0, 0
2027980, 1875277, 1, 0, 0
2028231, 1277952, 1, 0, 0
2028481, 475136, 1, 0, 0
2028731, 1540096, 1, 0, 0
2028980, 954088, 1, 0, 0
2029230, 835584, 1, 0, 0
2029481, 1064960, 1, 0, 0
2029731, 1327104, 1, 0, 0
2029981, 1097728, 1, 0, 0
2030230, 921188, 1, 0, 0
2030481, 901120, 1, 0, 0
2030731, 802816, 1, 0, 0
2030981, 1343488, 1, 0, 0
2031230, 1200835, 1, 0, 0
2031481, 1523712, 1, 0, 0
2031731, 704512, 1, 0, 0
2031980, 1085686, 1, 0, 0
2032231, 1441792, 1, 0, 0
2032481, 917504, 1, 0, 0
2032730, 756690, 1, 0, 0
2032981, 1261568, 1, 0, 0
2033231, 786432, 1, 0, 0
2033481, 524288, 1, 0, 0
2033730, 674441, 1, 0, 0
2033981, 983040, 1, 0, 0
2034231, 688128, 1, 0, 0
2034481, 147456, 1, 0, 0
2034730, 1233734, 1, 0, 0
2034980, 1032192, 1, 0, 0
2035231, 1114112, 1, 0, 0
2035481, 770048, 1, 0, 0
2035731, 1032192, 1, 0, 0
2035980, 641542, 1, 0, 0
2036231, 1376256, 1, 0, 0
2036481, 1114112, 1, 0, 0
2036731, 1540096, 1, 0, 0
2036980, 1743678, 1, 0, 0
2037231, 1130496, 1, 0, 0
2037481, 1605632, 1, 0, 0
2037731, 933888, 1, 0, 0
2037980, 806040, 1, 0, 0
2038231, 1245184, 1, 0, 0
2038481, 1114112, 1, 0, 0
2038731, 1212416, 1, 0, 0
2038980, 986987, 1, 0, 0
2039231, 589824, 1, 0, 0
2039481, 753664, 1, 0, 0
2039731, 868352, 1, 0, 0
2039980, 1102136, 1, 0, 0
2040230, 786432, 1, 0, 0
2040481, 1163264, 1, 0, 0
2040731, 1409024, 1, 0, 0
2040981, 737280, 1, 0, 0
2041231, 378345, 1, 0, 0
2041481, 983040, 1, 0, 0
2041731, 1146880, 1, 0, 0
2041980, 970538, 1, 0, 0
2042231, 786432, 1, 0, 0
2042481, 819200, 1, 0, 0
2042730, 707341, 1, 0, 0
2042981, 1015808, 1, 0, 0
2043231, 1572864, 1, 0, 0
2043481, 720896, 1, 0, 0
2043730, 723791, 1, 0, 0
2043981, 933888, 1, 0, 0
2044231, 1589248, 1, 0, 0
2044481, 1048576, 1, 0, 0
2044730, 575742, 1, 0, 0
2044980, 786432, 1, 0, 0
2045231, 1081344, 1, 0, 0
2045481, 1212416, 1, 0, 0
2045730, 1546281, 1, 0, 0
2045980, 491520, 1, 0, 0
2046231, 1228800, 1, 0, 0
2046481, 1523712, 1, 0, 0
2046731, 1114112, 1, 0, 0
2046980, 1118586, 1, 0, 0
2047231, 835584, 1, 0, 0
2047481, 1654784, 1, 0, 0
2047731, 2473984, 1, 0, 0
2047980, 1019887, 1, 0, 0
2048231, 1146880, 1, 0, 0
2048481, 1671168, 1, 0, 0
2048731, 1032192, 1, 0, 0
2048980, 1200835, 1, 0, 0
2049230, 2637824, 1, 0, 0
2049481, 2326528, 1, 0, 0
2049731, 1081344, 1, 0, 0
2049981, 917504, 1, 0, 0
2050230, 1414682, 1, 0, 0
2050481, 1245184, 1, 0, 0
2050731, 1015808, 1, 0, 0
2050981, 1802240, 1, 0, 0
2051230, 1414682, 1, 0, 0
2051481, 1310720, 1, 0, 0
2051731, 622592, 1, 0, 0
2051981, 1097728, 1, 0, 0
2052231, 707341, 1, 0, 0
2052481, 606208, 1, 0, 0
2052731, 1294336, 1, 0, 0
2052980, 871839, 1, 0, 0
2053231, 1212416, 1, 0, 0
2053481, 1540096, 1, 0, 0
2053731, 1409024, 1, 0, 0
2053980, 838939, 1, 0, 0
2054231, 770048, 1, 0, 0
2054481, 1179648, 1, 0, 0
2054731, 819200, 1, 0, 0
2054980, 641542, 1, 0, 0
2055231, 1458176, 1, 0, 0
2055481, 1409024, 1, 0, 0
2055731, 1441792, 1, 0, 0
2055980, 1398232, 1, 0, 0
2056231, 1032192, 1, 0, 0
2056481, 475136, 1, 0, 0
2056731, 606208, 1, 0, 0
2056980, 1184385, 1, 0, 0
2057231, 983040, 1, 0, 0
2057481, 540672, 1, 0, 0
2057731, 868352, 1, 0, 0
2057980, 1513381, 1, 0, 0
2058230, 1409024, 1, 0, 0
2058481, 933888, 1, 0, 0
2058731, 1294336, 1, 0, 0
2058981, 1179648, 1, 0, 0
2059230, 756690, 1, 0, 0
2059481, 868352, 1, 0, 0
2059731, 622592, 1, 0, 0
2059981, 868352, 1, 0, 0
2060230, 608642, 1, 0, 0
2060481, 671744, 1, 0, 0
2060731, 688128, 1, 0, 0
2060981, 737280, 1, 0, 0
2061231, 901120, 1, 0, 0
2061480, 312546, 1, 0, 0
2061731, 1654784, 1, 0, 0
2061981, 1769472, 1, 0, 0
2062230, 1283084, 1, 0, 0
2062481, 720896, 1, 0, 0
2062731, 1196032, 1, 0, 0
2062981, 1507328, 1, 0, 0
2063230, 1052787, 1, 0, 0
2063481, 655360, 1, 0, 0
2063731, 1097728, 1, 0, 0
2063981, 327680, 1, 0, 0
2064230, 1579180, 1, 0, 0
2064481, 1081344, 1, 0, 0
2064731, 1310720, 1, 0, 0
2064981, 1064960, 1, 0, 0
2065230, 1332433, 1, 0, 0
2065481, 1114112, 1, 0, 0
2065731, 1196032, 1, 0, 0
2065981, 1425408, 1, 0, 0
2066230, 954088, 1, 0, 0
2066481, 1064960, 1, 0, 0
2066731, 819200, 1, 0, 0
2066981, 245760, 1, 0, 0
2067230, 1036337, 1, 0, 0
2067480, 606208, 1, 0, 0
2067731, 933888, 1, 0, 0
2067981, 851968, 1, 0, 0
2068230, 1019887, 1, 0, 0
2068481, 753664, 1, 0, 0
2068731, 802816, 1, 0, 0
2068981, 1343488, 1, 0, 0
2069231, 838939, 1, 0, 0
2069481, 802816, 1, 0, 0
2069731, 1081344, 1, 0, 0
2069980, 625092, 1, 0, 0
2070231, 589824, 1, 0, 0
2070481, 1097728, 1, 0, 0
2070731, 606208, 1, 0, 0
2070980, 1431132, 1, 0, 0
2071231, 688128, 1, 0, 0
2071481, 1015808, 1, 0, 0
2071730, 1283084, 1, 0, 0
2071981, 966656, 1, 0, 0
2072231, 868352, 1, 0, 0
2072481, 1507328, 1, 0, 0
2072730, 1266634, 1, 0, 0
2072980, 360448, 1, 0, 0
2073231, 999424, 1, 0, 0
2073481, 917504, 1, 0, 0
2073730, 822489, 1, 0, 0
2073980, 212992, 1, 0, 0
2074231, 131072, 1, 0, 0
2074481, 884736, 1, 0, 0
2074731, 933888, 1, 0, 0
2074980, 921188, 1, 0, 0
2075230, 180224, 1, 0, 0
2075481, 573440, 1, 0, 0
2075731, 671744, 1, 0, 0
2075981, 557056, 1, 0, 0
2076230, 345445, 1, 0, 0
2076481, 507904, 1, 0, 0
2076731, 1327104, 1, 0, 0
2076981, 491520, 1, 0, 0
2077231, 888289, 1, 0, 0
2077481, 1048576, 1, 0, 0
2077731, 983040, 1, 0, 0
2077980, 608642, 1, 0, 0
2078231, 1064960, 1, 0, 0
2078481, 524288, 1, 0, 0
2078731, 1114112, 1, 0, 0
2078980, 1102136, 1, 0, 0
2079231, 1261568, 1, 0, 0
2079481, 1048576, 1, 0, 0
2079731, 1589248, 1, 0, 0
2079980, 954088, 1, 0, 0
2080231, 704512, 1, 0, 0
2080481, 671744, 1, 0, 0
2080731, 1654784, 1, 0, 0
2080980, 1036337, 1, 0, 0
2081231, 835584, 1, 0, 0
2081481, 1097728, 1, 0, 0
2081731, 868352, 1, 0, 0
2081980, 707341, 1, 0, 0
2082231, 917504, 1, 0, 0
2082481, 983040, 1, 0, 0
2082731, 1982464, 1, 0, 0
2082980, 1250184, 1, 0, 0
2083231, 966656, 1, 0, 0
2083481, 851968, 1, 0, 0
2083731, 1064960, 1, 0, 0
2083980, 1200835, 1, 0, 0
2084231, 1261568, 1, 0, 0
2084481, 1441792, 1, 0, 0
2084731, 1032192, 1, 0, 0
2084980, 1348883, 1, 0, 0
2085231, 1556480, 1, 0, 0
2085481, 1212416, 1, 0, 0
2085731, 1163264, 1, 0, 0
2085980, 1217285, 1, 0, 0
2086231, 1212416, 1, 0, 0
2086481, 655360, 1, 0, 0
2086731, 1048576, 1, 0, 0
2086980, 1250184, 1, 0, 0
2087231, 393216, 1, 0, 0
2087481, 2572288, 1, 0, 0
2087731, 1245184, 1, 0, 0
2087980, 1990425, 1, 0, 0
2088231, 1605632, 1, 0, 0
2088481, 966656, 1, 0, 0
2088731, 1196032, 1, 0, 0
2088980, 1332433, 1, 0, 0
2089230, 802816, 1, 0, 0
2089481, 1163264, 1, 0, 0
2089731, 1785856, 1, 0, 0
2089981, 1490944, 1, 0, 0
2090230, 493493, 1, 0, 0
2090481, 884736, 1, 0, 0
2090731, 2080768, 1, 0, 0
2090981, 1572864, 1, 0, 0
2091230, 871839, 1, 0, 0
2091481, 1540096, 1, 0, 0
2091731, 770048, 1, 0, 0
2091981, 1048576, 1, 0, 0
2092231, 1480481, 1, 0, 0
2092481, 1638400, 1, 0, 0
2092731, 1359872, 1, 0, 0
2092980, 723791, 1, 0, 0
2093231, 1392640, 1, 0, 0
2093481, 573440, 1, 0, 0
2093731, 1933312, 1, 0, 0
2093980, 1612080, 1, 0, 0
2094231, 1720320, 1, 0, 0
2094481, 1589248, 1, 0, 0
2094731, 1425408, 1, 0, 0
2094980, 1233734, 1, 0, 0
2095231, 1818624, 1, 0, 0
2095481, 2555904, 1, 0, 0
2095731, 1638400, 1, 0, 0
2095980, 1118586, 1, 0, 0
2096231, 1966080, 1, 0, 0
2096481, 1409024, 1, 0, 0
2096731, 1687552, 1, 0, 0
2096980, 1595630, 1, 0, 0
2097231, 1441792, 1, 0, 0
2097481, 1523712, 1, 0, 0
2097731, 1327104, 1, 0, 0
2097980, 1052787, 1, 0, 0
2098231, 1523712, 1, 0, 0
2098481, 1163264, 1, 0, 0
2098731, 983040, 1, 0, 0
2098981, 921188, 1, 0, 0
2099231, 1769472, 1, 0, 0
2099481, 1327104, 1, 0, 0
2099730, 1233734, 1, 0, 0
2099981, 2097152, 1, 0, 0
2100231, 1081344, 1, 0, 0
2100481, 1114112, 1, 0, 0
2100730, 904738, 1, 0, 0
2100981, 2064384, 1, 0, 0
2101231, 1933312, 1, 0, 0
2101481, 2048000, 1, 0, 0
2101730, 1381783, 1, 0, 0
2101981, 1277952, 1, 0, 0
2102231, 1753088, 1, 0, 0
2102481, 1327104, 1, 0, 0
2102730, 937638, 1, 0, 0
2102981, 1441792, 1, 0, 0
2103231, 1540096, 1, 0, 0
2103481, 1032192, 1, 0, 0
2103730, 1283084, 1, 0, 0
2103981, 901120, 1, 0, 0
2104231, 819200, 1, 0, 0
2104481, 1228800, 1, 0, 0
2104730, 1464032, 1, 0, 0
2104981, 1196032, 1, 0, 0
2105231, 737280, 1, 0, 0
2105481, 1163264, 1, 0, 0
2105730, 1299534, 1, 0, 0
2105981, 983040, 1, 0, 0
2106231, 1228800, 1, 0, 0
2106481, 1425408, 1, 0, 0
2106730, 1036337, 1, 0, 0
2106981, 1212416, 1, 0, 0
2107231, 1867776, 1, 0, 0
2107480, 1809477, 1, 0, 0
2107731, 966656, 1, 0, 0
2107981, 1015808, 1, 0, 0
2108231, 884736, 1, 0, 0
2108480, 1875277, 1, 0, 0
2108731, 1228800, 1, 0, 0
2108981, 999424, 1, 0, 0
2109231, 901120, 1, 0, 0
2109480, 1052787, 1, 0, 0
2109731, 507904, 1, 0, 0
2109981, 1179648, 1, 0, 0
2110231, 589824, 1, 0, 0
2110480, 1151485, 1, 0, 0
2110731, 1490944, 1, 0, 0
2110981, 704512, 1, 0, 0
2111231, 1605632, 1, 0, 0
2111480, 1891726, 1, 0, 0
2111731, 1671168, 1, 0, 0
2111981, 1277952, 1, 0, 0
2112230, 773140, 1, 0, 0
2112480, 884736, 1, 0, 0
2112731, 507904, 1, 0, 0
2112981, 704512, 1, 0, 0
2113231, 1015808, 1, 0, 0
2113480, 1102136, 1, 0, 0
2113731, 770048, 1, 0, 0
2113981, 1245184, 1, 0, 0
2114231, 1327104, 1, 0, 0
2114480, 822489, 1, 0, 0
2114731, 753664, 1, 0, 0
2114981, 1097728, 1, 0, 0
2115231, 966656, 1, 0, 0
2115480, 756690, 1, 0, 0
2115731, 802816, 1, 0, 0
2115981, 1376256, 1, 0, 0
2116231, 1228800, 1, 0, 0
2116480, 1529831, 1, 0, 0
2116731, 1212416, 1, 0, 0
2116981, 655360, 1, 0, 0
2117230, 1842377, 1, 0, 0
2117481, 1212416, 1, 0, 0
2117731, 1228800, 1, 0, 0
2117980, 328995, 1, 0, 0
2118231, 770048, 1, 0, 0
2118481, 1048576, 1, 0, 0
2118731, 1490944, 1, 0, 0
2118980, 773140, 1, 0, 0
2119231, 1048576, 1, 0, 0
2119481, 1441792, 1, 0, 0
2119731, 1818624, 1, 0, 0
2119980, 1496931, 1, 0, 0
2120230, 1310720, 1, 0, 0
2120481, 1654784, 1, 0, 0
2120731, 2162688, 1, 0, 0
2120981, 589824, 1, 0, 0
2121231, 1135036, 1, 0, 0
2121481, 1392640, 1, 0, 0
2121731, 1425408, 1, 0, 0
2121980, 1661429, 1, 0, 0
2122231, 1064960, 1, 0, 0
2122481, 409600, 1, 0, 0
2122731, 1605632, 1, 0, 0
2122980, 1562730, 1, 0, 0
2123230, 802816, 1, 0, 0
2123481, 819200, 1, 0, 0
2123731, 819200, 1, 0, 0
2123981, 1212416, 1, 0, 0
2124230, 1118586, 1, 0, 0
2124481, 1228800, 1, 0, 0
2124731, 491520, 1, 0, 0
2124981, 1540096, 1, 0, 0
2125230, 1414682, 1, 0, 0
2125481, 409600, 1, 0, 0
2125731, 966656, 1, 0, 0
2125981, 1409024, 1, 0, 0
2126230, 1546281, 1, 0, 0
2126481, 1392640, 1, 0, 0
2126731, 327680, 1, 0, 0
2126981, 753664, 1, 0, 0
2127230, 970538, 1, 0, 0
2127481, 933888, 1, 0, 0
2127731, 1196032, 1, 0, 0
2127980, 1480481, 1, 0, 0
2128231, 786432, 1, 0, 0
2128481, 524288, 1, 0, 0
2128731, 819200, 1, 0, 0
2128980, 641542, 1, 0, 0
2129231, 1343488, 1, 0, 0
2129481, 1343488, 1, 0, 0
2129730, 1118586, 1, 0, 0
2129981, 1032192, 1, 0, 0
2130231, 737280, 1, 0, 0
2130481, 1540096, 1, 0, 0
2130730, 970538, 1, 0, 0
2130981, 1409024, 1, 0, 0
2131231, 1097728, 1, 0, 0
2131481, 1359872, 1, 0, 0
2131730, 1299534, 1, 0, 0
2131981, 1736704, 1, 0, 0
2132231, 1097728, 1, 0, 0
2132481, 770048, 1, 0, 0
2132730, 608642, 1, 0, 0
2132981, 1392640, 1, 0, 0
2133231, 868352, 1, 0, 0
2133481, 409600, 1, 0, 0
2133730, 2006875, 1, 0, 0
2133980, 901120, 1, 0, 0
2134231, 1294336, 1, 0, 0
2134481, 311296, 1, 0, 0
2134730, 1118586, 1, 0, 0
2134980, 1097728, 1, 0, 0
2135231, 1523712, 1, 0, 0
2135481, 950272, 1, 0, 0
2135731, 327680, 1, 0, 0
2135980, 723791, 1, 0, 0
2136231, 753664, 1, 0, 0
2136481, 917504, 1, 0, 0
2136730, 526393, 1, 0, 0
2136981, 1245184, 1, 0, 0
2137231, 1130496, 1, 0, 0
2137481, 458752, 1, 0, 0
2137730, 625092, 1, 0, 0
2137981, 1212416, 1, 0, 0
2138231, 1540096, 1, 0, 0
2138480, 1266634, 1, 0, 0
2138730, 884736, 1, 0, 0
2138981, 819200, 1, 0, 0
2139231, 540672, 1, 0, 0
2139480, 1612080, 1, 0, 0
2139730, 753664, 1, 0, 0
2139981, 1572864, 1, 0, 0
2140231, 606208, 1, 0, 0
2140481, 835584, 1, 0, 0
2140730, 1562730, 1, 0, 0
2140981, 655360, 1, 0, 0
2141231, 819200, 1, 0, 0
2141481, 557056, 1, 0, 0
2141730, 937638, 1, 0, 0
2141981, 884736, 1, 0, 0
2142231, 1163264, 1, 0, 0
2142480, 1200835, 1, 0, 0
2142731, 1032192, 1, 0, 0
2142981, 917504, 1, 0, 0
2143231, 1261568, 1, 0, 0
2143481, 822489, 1, 0, 0
2143731, 966656, 1, 0, 0
2143981, 917504, 1, 0, 0
2144230, 279646, 1, 0, 0
2144481, 737280, 1, 0, 0
2144731, 688128, 1, 0, 0
2144981, 1540096, 1, 0, 0
2145230, 1496931, 1, 0, 0
2145481, 1179648, 1, 0, 0
2145731, 770048, 1, 0, 0
2145981, 1212416, 1, 0, 0
2146230, 509943, 1, 0, 0
2146481, 966656, 1, 0, 0
2146731, 606208, 1, 0, 0
2146981, 1884160, 1, 0, 0
2147230, 773140, 1, 0, 0
2147480, 1097728, 1, 0, 0
2147731, 933888, 1, 0, 0
2147981, 1163264, 1, 0, 0
2148230, 1332433, 1, 0, 0
2148480, 1032192, 1, 0, 0
2148731, 1064960, 1, 0, 0
2148981, 753664, 1, 0, 0
2149231, 1589248, 1, 0, 0
2149480, 608642, 1, 0, 0
2149731, 491520, 1, 0, 0
2149981, 1572864, 1, 0, 0
2150231, 622592, 1, 0, 0
2150480, 1085686, 1, 0, 0
2150730, 1425408, 1, 0, 0
2150981, 802816, 1, 0, 0
2151231, 1359872, 1, 0, 0
2151480, 1332433, 1, 0, 0
2151731, 1720320, 1, 0, 0
2151981, 1359872, 1, 0, 0
2152231, 1310720, 1, 0, 0
2152480, 1381783, 1, 0, 0
2152731, 802816, 1, 0, 0
2152981, 1359872, 1, 0, 0
2153231, 1245184, 1, 0, 0
2153480, 1677879, 1, 0, 0
2153731, 1392640, 1, 0, 0
2153981, 901120, 1, 0, 0
2154231, 1114112, 1, 0, 0
2154480, 1036337, 1, 0, 0
2154731, 1277952, 1, 0, 0
2154981, 786432, 1, 0, 0
2155231, 688128, 1, 0, 0
2155480, 1924626, 1, 0, 0
2155731, 1523712, 1, 0, 0
2155981, 1671168, 1, 0, 0
2156231, 1392640, 1, 0, 0
2156480, 1036337, 1, 0, 0
2156730, 1032192, 1, 0, 0
2156981, 1163264, 1, 0, 0
2157231, 425984, 1, 0, 0
2157481, 688128, 1, 0, 0
2157730, 526393, 1, 0, 0
2157981, 1310720, 1, 0, 0
2158231, 1015808, 1, 0, 0
2158480, 1069236, 1, 0, 0
2158731, 1097728, 1, 0, 0
2158981, 1392640, 1, 0, 0
2159231, 1048576, 1, 0, 0
2159480, 1036337, 1, 0, 0
2159731, 1343488, 1, 0, 0
2159981, 901120, 1, 0, 0
2160230, 1184385, 1, 0, 0
2160481, 1179648, 1, 0, 0
2160731, 589824, 1, 0, 0
2160981, 1638400, 1, 0, 0
2161230, 1200835, 1, 0, 0
2161481, 1114112, 1, 0, 0
2161731, 1572864, 1, 0, 0
2161981, 1146880, 1, 0, 0
2162230, 1941076, 1, 0, 0
2162481, 393216, 1, 0, 0
2162731, 1015808, 1, 0, 0
2162981, 917504, 1, 0, 0
2163230, 1365333, 1, 0, 0
2163481, 655360, 1, 0, 0
2163731, 1327104, 1, 0, 0
2163981, 1032192, 1, 0, 0
2164230, 1529831, 1, 0, 0
2164480, 1523712, 1, 0, 0
2164731, 1032192, 1, 0, 0
2164981, 1359872, 1, 0, 0
2165230, 1118586, 1, 0, 0
2165480, 1130496, 1, 0, 0
2165731, 393216, 1, 0, 0
2165981, 1146880, 1, 0, 0
2166231, 1343488, 1, 0, 0
2166481, 789590, 1, 0, 0
2166731, 1032192, 1, 0, 0
2166981, 983040, 1, 0, 0
2167231, 1233734, 1, 0, 0
2167481, 1212416, 1, 0, 0
2167731, 1015808, 1, 0, 0
2167980, 608642, 1, 0, 0
2168231, 950272, 1, 0, 0
2168481, 737280, 1, 0, 0
2168731, 966656, 1, 0, 0
2168980, 1414682, 1, 0, 0
2169231, 753664, 1, 0, 0
2169481, 1114112, 1, 0, 0
2169731, 999424, 1, 0, 0
2169980, 1102136, 1, 0, 0
2170231, 180224, 1, 0, 0
2170481, 819200, 1, 0, 0
2170731, 1327104, 1, 0, 0
2170980, 608642, 1, 0, 0
2171231, 524288, 1, 0, 0
2171481, 1409024, 1, 0, 0
2171731, 884736, 1, 0, 0
2171980, 1069236, 1, 0, 0
2172231, 1425408, 1, 0, 0
2172481, 557056, 1, 0, 0
2172731, 573440, 1, 0, 0
2172980, 641542, 1, 0, 0
2173231, 901120, 1, 0, 0
2173481, 1490944, 1, 0, 0
2173731, 819200, 1, 0, 0
2173980, 477044, 1, 0, 0
2174231, 1015808, 1, 0, 0
2174481, 376832, 1, 0, 0
2174731, 737280, 1, 0, 0
2174980, 970538, 1, 0, 0
2175231, 1409024, 1, 0, 0
2175481, 1376256, 1, 0, 0
2175731, 720896, 1, 0, 0
2175980, 1941076, 1, 0, 0
2176230, 786432, 1, 0, 0
2176481, 1032192, 1, 0, 0
2176731, 589824, 1, 0, 0
2176980, 1217285, 1, 0, 0
2177231, 966656, 1, 0, 0
2177481, 753664, 1, 0, 0
2177731, 786432, 1, 0, 0
2177981, 871839, 1, 0, 0
2178231, 409600, 1, 0, 0
2178481, 868352, 1, 0, 0
2178730, 970538, 1, 0, 0
2178981, 1048576, 1, 0, 0
2179231, 671744, 1, 0, 0
2179480, 1036337, 1, 0, 0
2179730, 786432, 1, 0, 0
2179981, 901120, 1, 0, 0
2180231, 901120, 1, 0, 0
2180481, 294912, 1, 0, 0
2180730, 1266634, 1, 0, 0
2180981, 327680, 1, 0, 0
2181231, 1228800, 1, 0, 0
2181480, 1332433, 1, 0, 0
2181730, 884736, 1, 0, 0
2181981, 770048, 1, 0, 0
2182231, 475136, 1, 0, 0
2182481, 884736, 1, 0, 0
2182730, 1283084, 1, 0, 0
2182981, 1687552, 1, 0, 0
2183231, 606208, 1, 0, 0
2183481, 1884160, 1, 0, 0
2183730, 756690, 1, 0, 0
2183981, 1720320, 1, 0, 0
2184231, 884736, 1, 0, 0
2184481, 1081344, 1, 0, 0
2184730, 690891, 1, 0, 0
2184981, 737280, 1, 0, 0
2185231, 1032192, 1, 0, 0
2185481, 1245184, 1, 0, 0
2185730, 444144, 1, 0, 0
2185981, 1114112, 1, 0, 0
2186231, 753664, 1, 0, 0
2186481, 786432, 1, 0, 0
2186730, 592192, 1, 0, 0
2186981, 1343488, 1, 0, 0
2187231, 671744, 1, 0, 0
2187481, 753664, 1, 0, 0
2187730, 559293, 1, 0, 0
2187981, 1015808, 1, 0, 0
2188231, 966656, 1, 0, 0
2188481, 393216, 1, 0, 0
2188730, 526393, 1, 0, 0
2188981, 1179648, 1, 0, 0
2189231, 1146880, 1, 0, 0
2189480, 279646, 1, 0, 0
2189731, 606208, 1, 0, 0
2189981, 393216, 1, 0, 0
2190231, 475136, 1, 0, 0
2190480, 625092, 1, 0, 0
2190731, 1261568, 1, 0, 0
2190981, 327680, 1, 0, 0
2191231, 507904, 1, 0, 0
2191480, 213847, 1, 0, 0
2191731, 1114112, 1, 0, 0
2191981, 917504, 1, 0, 0
2192231, 950272, 1, 0, 0
2192480, 2138473, 1, 0, 0
2192731, 851968, 1, 0, 0
2192981, 507904, 1, 0, 0
2193231, 917504, 1, 0, 0
2193480, 674441, 1, 0, 0
2193731, 540672, 1, 0, 0
2193981, 1196032, 1, 0, 0
2194231, 835584, 1, 0, 0
2194480, 1529831, 1, 0, 0
2194730, 1310720, 1, 0, 0
2194981, 1343488, 1, 0, 0
2195231, 688128, 1, 0, 0
2195481, 1130496, 1, 0, 0
2195730, 526393, 1, 0, 0
2195981, 1032192, 1, 0, 0
2196231, 589824, 1, 0, 0
2196481, 1064960, 1, 0, 0
2196730, 723791, 1, 0, 0
2196981, 1540096, 1, 0, 0
2197231, 819200, 1, 0, 0
2197481, 819200, 1, 0, 0
2197730, 756690, 1, 0, 0
2197981, 1769472, 1, 0, 0
2198231, 1015808, 1, 0, 0
2198480, 1480481, 1, 0, 0
2198731, 1638400, 1, 0, 0
2198981, 786432, 1, 0, 0
2199231, 1097728, 1, 0, 0
2199480, 213847, 1, 0, 0
2199731, 540672, 1, 0, 0
2199981, 983040, 1, 0, 0
2200231, 1622016, 1, 0, 0
2200480, 1447582, 1, 0, 0
2200731, 1376256, 1, 0, 0
2200981, 1490944, 1, 0, 0
2201231, 638976, 1, 0, 0
2201480, 723791, 1, 0, 0
2201731, 933888, 1, 0, 0
2201981, 606208, 1, 0, 0
2202231, 524288, 1, 0, 0
2202480, 625092, 1, 0, 0
2202731, 425984, 1, 0, 0
2202981, 1359872, 1, 0, 0
2203231, 606208, 1, 0, 0
2203480, 493493, 1, 0, 0
2203731, 835584, 1, 0, 0
2203981, 1327104, 1, 0, 0
2204231, 835584, 1, 0, 0
2204480, 460594, 1, 0, 0
2204730, 1015808, 1, 0, 0
2204981, 983040, 1, 0, 0
2205231, 638976, 1, 0, 0
2205480, 690891, 1, 0, 0
2205730, 933888, 1, 0, 0
2205981, 393216, 1, 0, 0
2206231, 851968, 1, 0, 0
2206481, 950272, 1, 0, 0
2206731, 1151485, 1, 0, 0
2206981, 524288, 1, 0, 0
2207231, 671744, 1, 0, 0
2207480, 674441, 1, 0, 0
2207731, 1064960, 1, 0, 0
2207981, 638976, 1, 0, 0
2208231, 524288, 1, 0, 0
2208480, 1102136, 1, 0, 0
2208731, 1163264, 1, 0, 0
2208981, 376832, 1, 0, 0
2209231, 704512, 1, 0, 0
2209480, 542843, 1, 0, 0
2209730, 212992, 1, 0, 0
2209981, 557056, 1, 0, 0
2210231, 540672, 1, 0, 0
2210480, 740240, 1, 0, 0
2210730, 229376, 1, 0, 0
2210981, 671744, 1, 0, 0
2211231, 212992, 1, 0, 0
2211481, 294912, 1, 0, 0
2211730, 312546, 1, 0, 0
2211981, 1359872, 1, 0, 0
2212231, 573440, 1, 0, 0
2212481, 458752, 1, 0, 0
2212730, 608642, 1, 0, 0
2212981, 524288, 1, 0, 0
2213231, 1261568, 1, 0, 0
2213481, 1130496, 1, 0, 0
2213730, 921188, 1, 0, 0
2213980, 720896, 1, 0, 0
2214231, 688128, 1, 0, 0
2214481, 1196032, 1, 0, 0
2214731, 442368, 1, 0, 0
2214980, 954088, 1, 0, 0
2215231, 753664, 1, 0, 0
2215481, 999424, 1, 0, 0
2215731, 294912, 1, 0, 0
2215980, 575742, 1, 0, 0
2216230, 507904, 1, 0, 0
2216481, 851968, 1, 0, 0
2216731, 589824, 1, 0, 0
2216980, 1118586, 1, 0, 0
2217231, 753664, 1, 0, 0
2217481, 524288, 1, 0, 0
2217731, 573440, 1, 0, 0
2217980, 806040, 1, 0, 0
2218231, 1294336, 1, 0, 0
2218481, 868352, 1, 0, 0
2218731, 1064960, 1, 0, 0
2218980, 1118586, 1, 0, 0
2219231, 704512, 1, 0, 0
2219481, 327680, 1, 0, 0
2219731, 573440, 1, 0, 0
2219980, 1167935, 1, 0, 0
2220231, 901120, 1, 0, 0
2220481, 1277952, 1, 0, 0
2220731, 573440, 1, 0, 0
2220980, 822489, 1, 0, 0
2221231, 540672, 1, 0, 0
2221481, 491520, 1, 0, 0
2221731, 1163264, 1, 0, 0
2221980, 641542, 1, 0, 0
2222231, 983040, 1, 0, 0
2222481, 278528, 1, 0, 0
2222731, 1163264, 1, 0, 0
2222980, 1595630, 1, 0, 0
2223231, 819200, 1, 0, 0
2223481, 1343488, 1, 0, 0
2223731, 1310720, 1, 0, 0
2223980, 1151485, 1, 0, 0
2224230, 933888, 1, 0, 0
2224481, 1163264, 1, 0, 0
2224731, 770048, 1, 0, 0
2224981, 622592, 1, 0, 0
2225230, 838939, 1, 0, 0
2225481, 802816, 1, 0, 0
2225731, 344064, 1, 0, 0
2225981, 851968, 1, 0, 0
2226230, 197397, 1, 0, 0
2226481, 688128, 1, 0, 0
2226731, 688128, 1, 0, 0
2226981, 327680, 1, 0, 0
2227230, 493493, 1, 0, 0
2227481, 1032192, 1, 0, 0
2227731, 1146880, 1, 0, 0
2227981, 540672, 1, 0, 0
2228230, 822489, 1, 0, 0
2228481, 966656, 1, 0, 0
2228731, 491520, 1, 0, 0
2228980, 641542, 1, 0, 0
2229230, 917504, 1, 0, 0
2229481, 851968, 1, 0, 0
2229731, 491520, 1, 0, 0
2229981, 753664, 1, 0, 0
2230230, 559293, 1, 0, 0
2230481, 442368, 1, 0, 0
2230731, 688128, 1, 0, 0
2230981, 1081344, 1, 0, 0
2231230, 921188, 1, 0, 0
2231481, 491520, 1, 0, 0
2231731, 409600, 1, 0, 0
2231981, 278528, 1, 0, 0
2232230, 970538, 1, 0, 0
2232481, 458752, 1, 0, 0
2232731, 212992, 1, 0, 0
2232981, 901120, 1, 0, 0
2233230, 921188, 1, 0, 0
2233481, 933888, 1, 0, 0
2233731, 753664, 1, 0, 0
2233981, 819200, 1, 0, 0
2234230, 822489, 1, 0, 0
2234481, 524288, 1, 0, 0
2234731, 393216, 1, 0, 0
2234980, 937638, 1, 0, 0
2235231, 376832, 1, 0, 0
2235481, 638976, 1, 0, 0
2235731, 540672, 1, 0, 0
2235980, 312546, 1, 0, 0
2236231, 393216, 1, 0, 0
2236481, 950272, 1, 0, 0
2236731, 606208, 1, 0, 0
2236980, 921188, 1, 0, 0
2237231, 1032192, 1, 0, 0
2237481, 688128, 1, 0, 0
2237731, 1081344, 1, 0, 0
2237980, 625092, 1, 0, 0
2238231, 753664, 1, 0, 0
2238481, 1294336, 1, 0, 0
2238731, 1130496, 1, 0, 0
2238980, 1677879, 1, 0, 0
2239231, 851968, 1, 0, 0
2239481, 835584, 1, 0, 0
2239731, 1605632, 1, 0, 0
2239981, 1753088, 1, 0, 0
2240230, 1151485, 1, 0, 0
2240481, 1359872, 1, 0, 0
2240731, 409600, 1, 0, 0
2240981, 720896, 1, 0, 0
2241231, 2204273, 1, 0, 0
2241481, 1671168, 1, 0, 0
2241731, 1163264, 1, 0, 0
2241980, 1447582, 1, 0, 0
2242231, 1196032, 1, 0, 0
2242481, 671744, 1, 0, 0
2242730, 1694329, 1, 0, 0
2242981, 1097728, 1, 0, 0
2243231, 851968, 1, 0, 0
2243481, 770048, 1, 0, 0
2243730, 954088, 1, 0, 0
2243981, 851968, 1, 0, 0
2244231, 1392640, 1, 0, 0
2244481, 966656, 1, 0, 0
2244730, 1102136, 1, 0, 0
2244981, 819200, 1, 0, 0
2245231, 1032192, 1, 0, 0
2245481, 917504, 1, 0, 0
2245730, 1184385, 1, 0, 0
2245981, 835584, 1, 0, 0
2246231, 933888, 1, 0, 0
2246481, 393216, 1, 0, 0
2246730, 493493, 1, 0, 0
2246981, 638976, 1, 0, 0
2247231, 360448, 1, 0, 0
2247481, 786432, 1, 0, 0
2247730, 789590, 1, 0, 0
2247981, 491520, 1, 0, 0
2248231, 540672, 1, 0, 0
2248481, 1048576, 1, 0, 0
2248730, 723791, 1, 0, 0
2248981, 704512, 1, 0, 0
2249231, 491520, 1, 0, 0
2249481, 376832, 1, 0, 0
2249730, 1283084, 1, 0, 0
2249981, 802816, 1, 0, 0
2250231, 901120, 1, 0, 0
2250481, 737280, 1, 0, 0
2250730, 1085686, 1, 0, 0
2250981, 1359872, 1, 0, 0
2251231, 606208, 1, 0, 0
2251481, 999424, 1, 0, 0
2251730, 1069236, 1, 0, 0
2251981, 704512, 1, 0, 0
2252231, 999424, 1, 0, 0
2252480, 1398232, 1, 0, 0
2252731, 868352, 1, 0, 0
2252981, 1343488, 1, 0, 0
2253231, 1015808, 1, 0, 0
2253480, 1365333, 1, 0, 0
2253731, 1622016, 1, 0, 0
2253981, 1081344, 1, 0, 0
2254231, 1261568, 1, 0, 0
2254480, 1069236, 1, 0, 0
2254731, 770048, 1, 0, 0
2254981, 1261568, 1, 0, 0
2255231, 835584, 1, 0, 0
2255480, 1135036, 1, 0, 0
2255731, 606208, 1, 0, 0
2255981, 507904, 1, 0, 0
2256230, 1431132, 1, 0, 0
2256481, 720896, 1, 0, 0
2256731, 1310720, 1, 0, 0
2256981, 1146880, 1, 0, 0
2257230, 904738, 1, 0, 0
2257481, 1835008, 1, 0, 0
2257731, 1556480, 1, 0, 0
2257981, 1523712, 1, 0, 0
2258230, 1447582, 1, 0, 0
2258481, 1064960, 1, 0, 0
2258731, 1409024, 1, 0, 0
2258981, 2097152, 1, 0, 0
2259230, 954088, 1, 0, 0
2259481, 802816, 1, 0, 0
2259731, 1916928, 1, 0, 0
2259981, 1998848, 1, 0, 0
2260230, 888289, 1, 0, 0
2260480, 1900544, 1, 0, 0
2260731, 884736, 1, 0, 0
2260981, 770048, 1, 0, 0
2261231, 1409024, 1, 0, 0
2261481, 1644979, 1, 0, 0
2261731, 491520, 1, 0, 0
2261981, 983040, 1, 0, 0
2262230, 954088, 1, 0, 0
2262481, 933888, 1, 0, 0
2262731, 1212416, 1, 0, 0
2262980, 1266634, 1, 0, 0
2263231, 1081344, 1, 0, 0
2263481, 737280, 1, 0, 0
2263731, 1277952, 1, 0, 0
2263980, 740240, 1, 0, 0
2264231, 540672, 1, 0, 0
2264481, 999424, 1, 0, 0
2264731, 622592, 1, 0, 0
2264980, 970538, 1, 0, 0
2265231, 999424, 1, 0, 0
2265481, 704512, 1, 0, 0
2265731, 606208, 1, 0, 0
2265980, 904738, 1, 0, 0
2266231, 1097728, 1, 0, 0
2266481, 622592, 1, 0, 0
2266731, 671744, 1, 0, 0
2266980, 871839, 1, 0, 0
2267231, 1228800, 1, 0, 0
2267481, 950272, 1, 0, 0
2267731, 1556480, 1, 0, 0
2267980, 1200835, 1, 0, 0
2268231, 1638400, 1, 0, 0
2268481, 884736, 1, 0, 0
2268731, 1359872, 1, 0, 0
2268980, 1069236, 1, 0, 0
2269230, 1064960, 1, 0, 0
2269481, 1835008, 1, 0, 0
2269731, 1114112, 1, 0, 0
2269981, 1081344, 1, 0, 0
2270230, 1052787, 1, 0, 0
2270481, 327680, 1, 0, 0
2270731, 1294336, 1, 0, 0
2270981, 507904, 1, 0, 0
2271230, 1299534, 1, 0, 0
2271481, 1622016, 1, 0, 0
2271731, 524288, 1, 0, 0
2271981, 638976, 1, 0, 0
2272231, 871839, 1, 0, 0
2272481, 1261568, 1, 0, 0
2272731, 1114112, 1, 0, 0
2272981, 1052787, 1, 0, 0
2273231, 1572864, 1, 0, 0
2273481, 1277952, 1, 0, 0
2273730, 657991, 1, 0, 0
2273980, 1785856, 1, 0, 0
2274231, 1654784, 1, 0, 0
2274481, 1048576, 1, 0, 0
2274730, 1315983, 1, 0, 0
2274980, 884736, 1, 0, 0
2275231, 589824, 1, 0, 0
2275481, 606208, 1, 0, 0
2275730, 1052787, 1, 0, 0
2275980, 933888, 1, 0, 0
2276231, 1605632, 1, 0, 0
2276481, 1228800, 1, 0, 0
2276731, 196608, 1, 0, 0
2276980, 1217285, 1, 0, 0
2277231, 1490944, 1, 0, 0
2277481, 802816, 1, 0, 0
2277731, 1064960, 1, 0, 0
2277981, 904738, 1, 0, 0
2278231, 1064960, 1, 0, 0
2278481, 638976, 1, 0, 0
2278730, 1332433, 1, 0, 0
2278981, 704512, 1, 0, 0
2279231, 1130496, 1, 0, 0
2279480, 1085686, 1, 0, 0
2279730, 524288, 1, 0, 0
2279981, 638976, 1, 0, 0
2280231, 1228800, 1, 0, 0
2280480, 723791, 1, 0, 0
2280730, 1474560, 1, 0, 0
2280981, 655360, 1, 0, 0
2281231, 671744, 1, 0, 0
2281480, 838939, 1, 0, 0
2281731, 1081344, 1, 0, 0
2281981, 507904, 1, 0, 0
2282231, 1196032, 1, 0, 0
2282480, 1283084, 1, 0, 0
2282730, 1638400, 1, 0, 0
2282981, 1720320, 1, 0, 0
2283231, 917504, 1, 0, 0
2283481, 1212416, 1, 0, 0
2283730, 1447582, 1, 0, 0
2283981, 622592, 1, 0, 0
2284231, 1048576, 1, 0, 0
2284481, 851968, 1, 0, 0
2284730, 970538, 1, 0, 0
2284981, 409600, 1, 0, 0
2285231, 1490944, 1, 0, 0
2285481, 1163264, 1, 0, 0
2285730, 1036337, 1, 0, 0
2285981, 1638400, 1, 0, 0
2286231, 901120, 1, 0, 0
2286481, 1146880, 1, 0, 0
2286730, 855389, 1, 0, 0
2286981, 1146880, 1, 0, 0
2287231, 999424, 1, 0, 0
2287480, 1167935, 1, 0, 0
2287731, 901120, 1, 0, 0
2287981, 1097728, 1, 0, 0
2288231, 1425408, 1, 0, 0
2288480, 1135036, 1, 0, 0
2288731, 1310720, 1, 0, 0
2288981, 1015808, 1, 0, 0
2289231, 983040, 1, 0, 0
2289480, 1102136, 1, 0, 0
2289731, 1097728, 1, 0, 0
2289981, 1376256, 1, 0, 0
2290231, 688128, 1, 0, 0
2290480, 838939, 1, 0, 0
2290731, 1114112, 1, 0, 0
2290981, 1507328, 1, 0, 0
2291230, 937638, 1, 0, 0
2291481, 999424, 1, 0, 0
2291731, 1245184, 1, 0, 0
2291981, 1146880, 1, 0, 0
2292230, 2056224, 1, 0, 0
2292480, 999424, 1, 0, 0
2292731, 802816, 1, 0, 0
2292981, 1130496, 1, 0, 0
2293230, 1793028, 1, 0, 0
2293480, 1409024, 1, 0, 0
2293731, 802816, 1, 0, 0
2293981, 1261568, 1, 0, 0
2294230, 1200835, 1, 0, 0
2294480, 409600, 1, 0, 0
2294731, 1163264, 1, 0, 0
2294981, 1490944, 1, 0, 0
2295231, 933888, 1, 0, 0
2295480, 1085686, 1, 0, 0
2295731, 704512, 1, 0, 0
2295981, 1163264, 1, 0, 0
2296231, 540672, 1, 0, 0
2296480, 1102136, 1, 0, 0
2296731, 983040, 1, 0, 0
2296981, 1589248, 1, 0, 0
2297230, 1036337, 1, 0, 0
2297481, 1654784, 1, 0, 0
2297731, 983040, 1, 0, 0
2297981, 1114112, 1, 0, 0
2298230, 723791, 1, 0, 0
2298481, 802816, 1, 0, 0
2298731, 1605632, 1, 0, 0
2298981, 1245184, 1, 0, 0
2299231, 954088, 1, 0, 0
2299481, 1114112, 1, 0, 0
2299731, 999424, 1, 0, 0
2299980, 1464032, 1, 0, 0
2300231, 573440, 1, 0, 0
2300481, 1097728, 1, 0, 0
2300731, 704512, 1, 0, 0
2300980, 740240, 1, 0, 0
2301231, 458752, 1, 0, 0
2301481, 720896, 1, 0, 0
2301731, 753664, 1, 0, 0
2301980, 1513381, 1, 0, 0
2302231, 1032192, 1, 0, 0
2302481, 1671168, 1, 0, 0
2302731, 1081344, 1, 0, 0
2302980, 1102136, 1, 0, 0
2303231, 884736, 1, 0, 0
2303481, 1458176, 1, 0, 0
2303730, 937638, 1, 0, 0
2303981, 1261568, 1, 0, 0
2304231, 1654784, 1, 0, 0
2304481, 1589248, 1, 0, 0
2304730, 1299534, 1, 0, 0
2304981, 933888, 1, 0, 0
2305231, 1261568, 1, 0, 0
2305481, 1359872, 1, 0, 0
2305730, 1019887, 1, 0, 0
2305981, 229376, 1, 0, 0
2306231, 1474560, 1, 0, 0
2306481, 1343488, 1, 0, 0
2306730, 855389, 1, 0, 0
2306981, 966656, 1, 0, 0
2307231, 1015808, 1, 0, 0
2307481, 950272, 1, 0, 0
2307730, 756690, 1, 0, 0
2307981, 1507328, 1, 0, 0
2308231, 983040, 1, 0, 0
2308480, 509943, 1, 0, 0
2308730, 1179648, 1, 0, 0
2308981, 294912, 1, 0, 0
2309231, 966656, 1, 0, 0
2309481, 1294336, 1, 0, 0
2309730, 1036337, 1, 0, 0
2309981, 196608, 1, 0, 0
2310231, 917504, 1, 0, 0
2310481, 1261568, 1, 0, 0
2310730, 937638, 1, 0, 0
2310981, 1441792, 1, 0, 0
2311231, 1097728, 1, 0, 0
2311480, 1266634, 1, 0, 0
2311731, 933888, 1, 0, 0
2311981, 1064960, 1, 0, 0
2312231, 983040, 1, 0, 0
2312480, 1612080, 1, 0, 0
2312731, 983040, 1, 0, 0
2312981, 1490944, 1, 0, 0
2313230, 1200835, 1, 0, 0
2313481, 1327104, 1, 0, 0
2313731, 245760, 1, 0, 0
2313981, 0, 1, 0, 0
2314231, 32768, 1, 0, 0
2314480, 32899, 1, 0, 0
2314730, 1884160, 1, 0, 0
2314981, 1523712, 1, 0, 0
2315231, 1245184, 1, 0, 0
2315481, 1638400, 1, 0, 0
2315730, 1546281, 1, 0, 0
2315980, 1114112, 1, 0, 0
2316231, 1556480, 1, 0, 0
2316481, 1130496, 1, 0, 0
2316731, 770048, 1, 0, 0
2316980, 1118586, 1, 0, 0
2317231, 704512, 1, 0, 0
2317481, 1048576, 1, 0, 0
2317731, 425984, 1, 0, 0
2317980, 312546, 1, 0, 0
2318231, 966656, 1, 0, 0
2318481, 671744, 1, 0, 0
2318731, 720896, 1, 0, 0
2318980, 1365333, 1, 0, 0
2319231, 950272, 1, 0, 0
2319481, 622592, 1, 0, 0
2319731, 720896, 1, 0, 0
2319980, 1365333, 1, 0, 0
2320230, 540672, 1, 0, 0
2320481, 933888, 1, 0, 0
2320731, 917504, 1, 0, 0
2320981, 1409024, 1, 0, 0
2321230, 871839, 1, 0, 0
2321481, 753664, 1, 0, 0
2321731, 606208, 1, 0, 0
2321981, 1622016, 1, 0, 0
2322230, 1793028, 1, 0, 0
2322480, 376832, 1, 0, 0
2322731, 1425408, 1, 0, 0
2322981, 1196032, 1, 0, 0
2323230, 1529831, 1, 0, 0
2323481, 901120, 1, 0, 0
2323731, 622592, 1, 0, 0
2323981, 1015808, 1, 0, 0
2324230, 674441, 1, 0, 0
2324481, 1048576, 1, 0, 0
2324731, 294912, 1, 0, 0
2324981, 1441792, 1, 0, 0
2325230, 690891, 1, 0, 0
2325481, 1425408, 1, 0, 0
2325731, 1179648, 1, 0, 0
2325981, 475136, 1, 0, 0
2326230, 1102136, 1, 0, 0
2326481, 557056, 1, 0, 0
2326731, 1392640, 1, 0, 0
2326981, 1245184, 1, 0, 0
2327230, 477044, 1, 0, 0
2327481, 622592, 1, 0, 0
2327731, 1212416, 1, 0, 0
2327981, 606208, 1, 0, 0
2328230, 954088, 1, 0, 0
2328481, 573440, 1, 0, 0
2328731, 966656, 1, 0, 0
2328981, 720896, 1, 0, 0
2329230, 986987, 1, 0, 0
2329481, 540672, 1, 0, 0
2329731, 524288, 1, 0, 0
2329981, 819200, 1, 0, 0
2330230, 460594, 1, 0, 0
2330480, 933888, 1, 0, 0
2330731, 573440, 1, 0, 0
2330981, 868352, 1, 0, 0
2331231, 1163264, 1, 0, 0
2331481, 1332433, 1, 0, 0
2331731, 344064, 1, 0, 0
2331981, 770048, 1, 0, 0
2332230, 789590, 1, 0, 0
2332481, 1081344, 1, 0, 0
2332731, 606208, 1, 0, 0
2332981, 786432, 1, 0, 0
2333230, 888289, 1, 0, 0
2333481, 622592, 1, 0, 0
2333731, 901120, 1, 0, 0
2333981, 901120, 1, 0, 0
2334230, 1036337, 1, 0, 0
2334481, 1114112, 1, 0, 0
2334731, 1097728, 1, 0, 0
2334981, 606208, 1, 0, 0
2335230, 1036337, 1, 0, 0
2335481, 622592, 1, 0, 0
2335731, 983040, 1, 0, 0
2335981, 606208, 1, 0, 0
2336230, 1447582, 1, 0, 0
2336481, 1392640, 1, 0, 0
2336731, 966656, 1, 0, 0
2336981, 704512, 1, 0, 0
2337230, 1102136, 1, 0, 0
2337481, 884736, 1, 0, 0
2337731, 1277952, 1, 0, 0
2337981, 868352, 1, 0, 0
2338230, 1135036, 1, 0, 0
2338481, 2064384, 1, 0, 0
2338731, 737280, 1, 0, 0
2338981, 1130496, 1, 0, 0
2339230, 1496931, 1, 0, 0
2339481, 1114112, 1, 0, 0
2339731, 311296, 1, 0, 0
2339981, 835584, 1, 0, 0
2340230, 1266634, 1, 0, 0
2340480, 835584, 1, 0, 0
2340731, 1622016, 1, 0, 0
2340981, 835584, 1, 0, 0
2341230, 954088, 1, 0, 0
2341481, 1032192, 1, 0, 0
2341731, 1163264, 1, 0, 0
2341981, 1245184, 1, 0, 0
2342230, 575742, 1, 0, 0
2342481, 1458176, 1, 0, 0
2342731, 573440, 1, 0, 0
2342981, 835584, 1, 0, 0
2343230, 509943, 1, 0, 0
2343481, 622592, 1, 0, 0
2343731, 933888, 1, 0, 0
2343981, 638976, 1, 0, 0
2344231, 1299534, 1, 0, 0
2344481, 1130496, 1, 0, 0
2344731, 393216, 1, 0, 0
2344980, 411244, 1, 0, 0
2345231, 1212416, 1, 0, 0
2345481, 311296, 1, 0, 0
2345731, 851968, 1, 0, 0
2345980, 1003437, 1, 0, 0
2346231, 262144, 1, 0, 0
2346481, 983040, 1, 0, 0
2346731, 720896, 1, 0, 0
2346980, 1052787, 1, 0, 0
2347231, 1032192, 1, 0, 0
2347481, 573440, 1, 0, 0
2347730, 197397, 1, 0, 0
2347980, 622592, 1, 0, 0
2348231, 540672, 1, 0, 0
2348481, 442368, 1, 0, 0
2348730, 263196, 1, 0, 0
2348980, 442368, 1, 0, 0
2349231, 1261568, 1, 0, 0
2349481, 671744, 1, 0, 0
2349731, 393216, 1, 0, 0
2349980, 296096, 1, 0, 0
2350230, 409600, 1, 0, 0
2350481, 835584, 1, 0, 0
2350731, 376832, 1, 0, 0
2350981, 1048576, 1, 0, 0
2351230, 1019887, 1, 0, 0
2351481, 540672, 1, 0, 0
2351731, 786432, 1, 0, 0
2351980, 806040, 1, 0, 0
2352231, 393216, 1, 0, 0
2352481, 1064960, 1, 0, 0
2352731, 1179648, 1, 0, 0
2352980, 296096, 1, 0, 0
2353231, 688128, 1, 0, 0
2353481, 1114112, 1, 0, 0
2353730, 740240, 1, 0, 0
2353981, 966656, 1, 0, 0
2354231, 507904, 1, 0, 0
2354481, 786432, 1, 0, 0
2354730, 608642, 1, 0, 0
2354981, 770048, 1, 0, 0
2355231, 868352, 1, 0, 0
2355481, 671744, 1, 0, 0
2355730, 1003437, 1, 0, 0
2355981, 376832, 1, 0, 0
2356231, 1114112, 1, 0, 0
2356480, 394795, 1, 0, 0
2356731, 737280, 1, 0, 0
2356981, 786432, 1, 0, 0
2357231, 442368, 1, 0, 0
2357480, 904738, 1, 0, 0
2357731, 606208, 1, 0, 0
2357981, 720896, 1, 0, 0
2358231, 376832, 1, 0, 0
2358480, 559293, 1, 0, 0
2358730, 262144, 1, 0, 0
2358981, 622592, 1, 0, 0
2359231, 622592, 1, 0, 0
2359480, 328995, 1, 0, 0
2359730, 720896, 1, 0, 0
2359981, 327680, 1, 0, 0
2360231, 622592, 1, 0, 0
2360481, 933888, 1, 0, 0
2360730, 526393, 1, 0, 0
2360980, 589824, 1, 0, 0
2361231, 1228800, 1, 0, 0
2361481, 1130496, 1, 0, 0
2361730, 559293, 1, 0, 0
2361981, 720896, 1, 0, 0
2362231, 704512, 1, 0, 0
2362481, 688128, 1, 0, 0
2362731, 427694, 1, 0, 0
2362981, 688128, 1, 0, 0
2363231, 868352, 1, 0, 0
2363480, 608642, 1, 0, 0
2363731, 1179648, 1, 0, 0
2363981, 999424, 1, 0, 0
2364230, 625092, 1, 0, 0
2364480, 1048576, 1, 0, 0
2364731, 1048576, 1, 0, 0
2364981, 851968, 1, 0, 0
2365231, 311296, 1, 0, 0
2365481, 888289, 1, 0, 0
2365731, 507904, 1, 0, 0
2365981, 1048576, 1, 0, 0
2366230, 575742, 1, 0, 0
2366481, 868352, 1, 0, 0
2366731, 1228800, 1, 0, 0
2366981, 409600, 1, 0, 0
2367230, 296096, 1, 0, 0
2367481, 1163264, 1, 0, 0
2367731, 589824, 1, 0, 0
2367981, 606208, 1, 0, 0
2368230, 838939, 1, 0, 0
2368481, 491520, 1, 0, 0
2368731, 851968, 1, 0, 0
2368980, 740240, 1, 0, 0
2369231, 786432, 1, 0, 0
2369481, 1081344, 1, 0, 0
2369731, 983040, 1, 0, 0
2369980, 1135036, 1, 0, 0
2370231, 1196032, 1, 0, 0
2370481, 933888, 1, 0, 0
2370731, 475136, 1, 0, 0
2370980, 641542, 1, 0, 0
2371231, 901120, 1, 0, 0
2371481, 1409024, 1, 0, 0
2371731, 933888, 1, 0, 0
2371980, 1069236, 1, 0, 0
2372231, 65536, 1, 0, 0
2372481, 1310720, 1, 0, 0
2372731, 491520, 1, 0, 0
2372980, 871839, 1, 0, 0
2373230, 1458176, 1, 0, 0
2373481, 720896, 1, 0, 0
2373731, 1163264, 1, 0, 0
2373981, 1212416, 1, 0, 0
2374230, 1315983, 1, 0, 0
2374481, 245760, 1, 0, 0
2374731, 1032192, 1, 0, 0
2374981, 884736, 1, 0, 0
2375230, 493493, 1, 0, 0
2375481, 802816, 1, 0, 0
2375731, 950272, 1, 0, 0
2375981, 884736, 1, 0, 0
2376230, 1019887, 1, 0, 0
2376481, 1064960, 1, 0, 0
2376731, 688128, 1, 0, 0
2376981, 966656, 1, 0, 0
2377231, 575742, 1, 0, 0
2377481, 1146880, 1, 0, 0
2377731, 901120, 1, 0, 0
2377980, 937638, 1, 0, 0
2378231, 1261568, 1, 0, 0
2378481, 393216, 1, 0, 0
2378730, 296096, 1, 0, 0
2378980, 1146880, 1, 0, 0
2379231, 1327104, 1, 0, 0
2379481, 819200, 1, 0, 0
2379731, 917504, 1, 0, 0
2379980, 1496931, 1, 0, 0
2380231, 1245184, 1, 0, 0
2380481, 1048576, 1, 0, 0
2380731, 1196032, 1, 0, 0
2380980, 131598, 1, 0, 0
2381231, 376832, 1, 0, 0
2381481, 1261568, 1, 0, 0
2381731, 1277952, 1, 0, 0
2381980, 822489, 1, 0, 0
2382231, 1146880, 1, 0, 0
2382481, 901120, 1, 0, 0
2382731, 688128, 1, 0, 0
2382980, 641542, 1, 0, 0
2383231, 1163264, 1, 0, 0
2383481, 1064960, 1, 0, 0
2383731, 1507328, 1, 0, 0
2383980, 740240, 1, 0, 0
2384230, 835584, 1, 0, 0
2384481, 835584, 1, 0, 0
2384731, 933888, 1, 0, 0
2384981, 1261568, 1, 0, 0
2385230, 1052787, 1, 0, 0
2385481, 851968, 1, 0, 0
2385731, 1900544, 1, 0, 0
2385981, 1359872, 1, 0, 0
2386230, 1036337, 1, 0, 0
2386481, 1212416, 1, 0, 0
2386731, 1196032, 1, 0, 0
2386981, 606208, 1, 0, 0
2387230, 756690, 1, 0, 0
2387480, 950272, 1, 0, 0
2387731, 1048576, 1, 0, 0
2387981, 589824, 1, 0, 0
2388231, 966656, 1, 0, 0
2388480, 921188, 1, 0, 0
2388731, 1327104, 1, 0, 0
2388981, 786432, 1, 0, 0
2389231, 1179648, 1, 0, 0
2389480, 904738, 1, 0, 0
2389731, 1097728, 1, 0, 0
2389981, 1015808, 1, 0, 0
2390231, 1458176, 1, 0, 0
2390480, 986987, 1, 0, 0
2390730, 917504, 1, 0, 0
2390981, 294912, 1, 0, 0
2391231, 2113536, 1, 0, 0
2391480, 1184385, 1, 0, 0
2391731, 557056, 1, 0, 0
2391981, 491520, 1, 0, 0
2392231, 1414682, 1, 0, 0
2392481, 606208, 1, 0, 0
2392731, 294912, 1, 0, 0
2392980, 1052787, 1, 0, 0
2393231, 884736, 1, 0, 0
2393481, 671744, 1, 0, 0
2393730, 1167935, 1, 0, 0
2393981, 507904, 1, 0, 0
2394231, 1327104, 1, 0, 0
2394481, 1114112, 1, 0, 0
2394730, 477044, 1, 0, 0
2394981, 1179648, 1, 0, 0
2395231, 917504, 1, 0, 0
2395481, 1179648, 1, 0, 0
2395730, 1019887, 1, 0, 0
2395981, 1114112, 1, 0, 0
2396231, 1343488, 1, 0, 0
2396481, 507904, 1, 0, 0
2396730, 1496931, 1, 0, 0
2396981, 819200, 1, 0, 0
2397231, 622592, 1, 0, 0
2397481, 819200, 1, 0, 0
2397730, 575742, 1, 0, 0
2397981, 1376256, 1, 0, 0
2398231, 491520, 1, 0, 0
2398481, 950272, 1, 0, 0
2398730, 789590, 1, 0, 0
2398980, 573440, 1, 0, 0
2399231, 425984, 1, 0, 0
2399481, 688128, 1, 0, 0
2399730, 1003437, 1, 0, 0
2399981, 1048576, 1, 0, 0
2400231, 376832, 1, 0, 0
2400481, 573440, 1, 0, 0
2400730, 1069236, 1, 0, 0
2400981, 720896, 1, 0, 0
2401231, 1867776, 1, 0, 0
2401481, 917504, 1, 0, 0
2401730, 1085686, 1, 0, 0
2401980, 2228224, 1, 0, 0
2402231, 786432, 1, 0, 0
2402481, 983040, 1, 0, 0
2402730, 1464032, 1, 0, 0
2402980, 1540096, 1, 0, 0
2403231, 999424, 1, 0, 0
2403481, 753664, 1, 0, 0
2403731, 950272, 1, 0, 0
2403980, 1184385, 1, 0, 0
2404231, 638976, 1, 0, 0
2404481, 1048576, 1, 0, 0
2404731, 589824, 1, 0, 0
2404980, 937638, 1, 0, 0
2405230, 753664, 1, 0, 0
2405481, 851968, 1, 0, 0
2405731, 114688, 1, 0, 0
2405981, 606208, 1, 0, 0
2406230, 674441, 1, 0, 0
2406481, 409600, 1, 0, 0
2406731, 671744, 1, 0, 0
2406981, 622592, 1, 0, 0
2407230, 1167935, 1, 0, 0
2407481, 704512, 1, 0, 0
2407731, 720896, 1, 0, 0
2407981, 589824, 1, 0, 0
2408230, 740240, 1, 0, 0
2408481, 557056, 1, 0, 0
2408731, 704512, 1, 0, 0
2408980, 411244, 1, 0, 0
2409230, 884736, 1, 0, 0
2409481, 1277952, 1, 0, 0
2409731, 294912, 1, 0, 0
2409981, 311296, 1, 0, 0
2410230, 542843, 1, 0, 0
2410481, 802816, 1, 0, 0
2410731, 1376256, 1, 0, 0
2410981, 704512, 1, 0, 0
2411230, 707341, 1, 0, 0
2411481, 638976, 1, 0, 0
2411731, 573440, 1, 0, 0
2411981, 376832, 1, 0, 0
2412230, 871839, 1, 0, 0
2412481, 802816, 1, 0, 0
2412731, 589824, 1, 0, 0
2412981, 704512, 1, 0, 0
2413231, 904738, 1, 0, 0
2413481, 1376256, 1, 0, 0
2413731, 917504, 1, 0, 0
2413980, 1217285, 1, 0, 0
2414231, 1048576, 1, 0, 0
2414481, 753664, 1, 0, 0
2414730, 904738, 1, 0, 0
2414981, 1736704, 1, 0, 0
2415231, 933888, 1, 0, 0
2415481, 1130496, 1, 0, 0
2415731, 1085686, 1, 0, 0
2415981, 1261568, 1, 0, 0
2416231, 1327104, 1, 0, 0
2416480, 559293, 1, 0, 0
2416731, 1851392, 1, 0, 0
2416981, 409600, 1, 0, 0
2417231, 835584, 1, 0, 0
2417480, 1348883, 1, 0, 0
2417731, 753664, 1, 0, 0
2417981, 1130496, 1, 0, 0
2418231, 1261568, 1, 0, 0
2418480, 657991, 1, 0, 0
2418731, 1032192, 1, 0, 0
2418981, 1196032, 1, 0, 0
2419231, 1310720, 1, 0, 0
2419480, 723791, 1, 0, 0
2419731, 1720320, 1, 0, 0
2419981, 1294336, 1, 0, 0
2420231, 933888, 1, 0, 0
2420480, 1151485, 1, 0, 0
2420731, 1392640, 1, 0, 0
2420981, 720896, 1, 0, 0
2421231, 671744, 1, 0, 0
2421480, 1546281, 1, 0, 0
2421731, 835584, 1, 0, 0
2421981, 327680, 1, 0, 0
2422230, 1365333, 1, 0, 0
2422481, 1212416, 1, 0, 0
2422731, 475136, 1, 0, 0
2422981, 1130496, 1, 0, 0
2423230, 1167935, 1, 0, 0
2423481, 1376256, 1, 0, 0
2423731, 1490944, 1, 0, 0
2423981, 1294336, 1, 0, 0
2424230, 740240, 1, 0, 0
2424481, 1163264, 1, 0, 0
2424731, 1048576, 1, 0, 0
2424981, 1196032, 1, 0, 0
2425230, 1217285, 1, 0, 0
2425480, 1146880, 1, 0, 0
2425731, 1474560, 1, 0, 0
2425981, 1589248, 1, 0, 0
2426231, 1032192, 1, 0, 0
2426480, 328995, 1, 0, 0
2426731, 999424, 1, 0, 0
2426981, 720896, 1, 0, 0
2427230, 723791, 1, 0, 0
2427480, 1163264, 1, 0, 0
2427731, 1245184, 1, 0, 0
2427981, 1736704, 1, 0, 0
2428231, 933888, 1, 0, 0
2428480, 1332433, 1, 0, 0
2428731, 933888, 1, 0, 0
2428981, 868352, 1, 0, 0
2429231, 1392640, 1, 0, 0
2429480, 970538, 1, 0, 0
2429731, 1228800, 1, 0, 0
2429981, 1114112, 1, 0, 0
2430231, 1032192, 1, 0, 0
2430480, 986987, 1, 0, 0
2430731, 1015808, 1, 0, 0
2430981, 901120, 1, 0, 0
2431231, 1703936, 1, 0, 0
2431480, 1628530, 1, 0, 0
2431731, 1179648, 1, 0, 0
2431981, 950272, 1, 0, 0
2432231, 1589248, 1, 0, 0
2432480, 954088, 1, 0, 0
2432731, 1114112, 1, 0, 0
2432981, 671744, 1, 0, 0
2433231, 983040, 1, 0, 0
2433480, 1365333, 1, 0, 0
2433731, 1196032, 1, 0, 0
2433981, 1196032, 1, 0, 0
2434231, 393216, 1, 0, 0
2434480, 1546281, 1, 0, 0
2434730, 851968, 1, 0, 0
2434981, 1196032, 1, 0, 0
2435231, 1228800, 1, 0, 0
2435480, 1628530, 1, 0, 0
2435730, 1048576, 1, 0, 0
2435981, 802816, 1, 0, 0
2436231, 819200, 1, 0, 0
2436481, 671744, 1, 0, 0
2436731, 707341, 1, 0, 0
2436981, 1163264, 1, 0, 0
2437231, 1064960, 1, 0, 0
2437480, 1529831, 1, 0, 0
2437731, 1359872, 1, 0, 0
2437981, 1523712, 1, 0, 0
2438231, 1343488, 1, 0, 0
2438480, 1825927, 1, 0, 0
2438731, 1654784, 1, 0, 0
2438981, 1343488, 1, 0, 0
2439231, 688128, 1, 0, 0
2439480, 608642, 1, 0, 0
2439731, 1376256, 1, 0, 0
2439981, 1228800, 1, 0, 0
2440231, 1736704, 1, 0, 0
2440480, 1398232, 1, 0, 0
2440731, 819200, 1, 0, 0
2440981, 868352, 1, 0, 0
2441231, 1310720, 1, 0, 0
2441480, 756690, 1, 0, 0
2441731, 1359872, 1, 0, 0
2441981, 1703936, 1, 0, 0
2442231, 901120, 1, 0, 0
2442480, 822489, 1, 0, 0
2442731, 1490944, 1, 0, 0
2442981, 1310720, 1, 0, 0
2443230, 937638, 1, 0, 0
2443481, 901120, 1, 0, 0
2443731, 1245184, 1, 0, 0
2443981, 983040, 1, 0, 0
2444230, 1365333, 1, 0, 0
2444481, 819200, 1, 0, 0
2444731, 1212416, 1, 0, 0
2444981, 638976, 1, 0, 0
2445230, 1398232, 1, 0, 0
2445481, 1130496, 1, 0, 0
2445731, 1966080, 1, 0, 0
2445981, 1409024, 1, 0, 0
2446230, 1529831, 1, 0, 0
2446481, 884736, 1, 0, 0
2446731, 425984, 1, 0, 0
2446981, 1671168, 1, 0, 0
2447230, 986987, 1, 0, 0
2447481, 1310720, 1, 0, 0
2447731, 835584, 1, 0, 0
2447981, 1179648, 1, 0, 0
2448231, 1842377, 1, 0, 0
2448481, 1064960, 1, 0, 0
2448731, 1048576, 1, 0, 0
2448981, 1447582, 1, 0, 0
2449231, 1114112, 1, 0, 0
2449481, 1348883, 1, 0, 0
2449731, 835584, 1, 0, 0
2449981, 1998848, 1, 0, 0
2450231, 2023325, 1, 0, 0
2450481, 819200, 1, 0, 0
2450731, 1163264, 1, 0, 0
2450980, 970538, 1, 0, 0
2451231, 1163264, 1, 0, 0
2451481, 1212416, 1, 0, 0
2451731, 1332433, 1, 0, 0
2451981, 622592, 1, 0, 0
2452230, 1677879, 1, 0, 0
2452481, 1884160, 1, 0, 0
2452731, 557056, 1, 0, 0
2452980, 773140, 1, 0, 0
2453231, 1294336, 1, 0, 0
2453481, 2310144, 1, 0, 0
2453731, 1540096, 1, 0, 0
2453980, 2154923, 1, 0, 0
2454231, 1376256, 1, 0, 0
2454481, 704512, 1, 0, 0
2454731, 2064384, 1, 0, 0
2454981, 1299534, 1, 0, 0
2455231, 802816, 1, 0, 0
2455481, 819200, 1, 0, 0
2455731, 822489, 1, 0, 0
2455981, 2031616, 1, 0, 0
2456231, 1540096, 1, 0, 0
2456481, 1398232, 1, 0, 0
2456731, 1081344, 1, 0, 0
2456981, 1277952, 1, 0, 0
2457231, 1036337, 1, 0, 0
2457481, 704512, 1, 0, 0
2457731, 1163264, 1, 0, 0
2457981, 1381783, 1, 0, 0
2458231, 524288, 1, 0, 0
2458481, 802816, 1, 0, 0
2458731, 1464032, 1, 0, 0
2458981, 966656, 1, 0, 0
2459231, 789590, 1, 0, 0
2459481, 671744, 1, 0, 0
2459731, 1884160, 1, 0, 0
2459981, 954088, 1, 0, 0
2460231, 819200, 1, 0, 0
2460481, 1612080, 1, 0, 0
2460731, 868352, 1, 0, 0
2460981, 212992, 1, 0, 0
2461231, 526393, 1, 0, 0
2461481, 1785856, 1, 0, 0
2461731, 1048576, 1, 0, 0
2461981, 806040, 1, 0, 0
2462231, 1245184, 1, 0, 0
2462481, 773140, 1, 0, 0
2462731, 704512, 1, 0, 0
2462981, 1179648, 1, 0, 0
2463231, 493493, 1, 0, 0
2463481, 720896, 1, 0, 0
2463731, 671744, 1, 0, 0
2463980, 1102136, 1, 0, 0
2464231, 606208, 1, 0, 0
2464481, 589824, 1, 0, 0
2464730, 230297, 1, 0, 0
2464981, 98304, 1, 0, 0
2465231, 933888, 1, 0, 0
2465480, 296096, 1, 0, 0
2465731, 802816, 1, 0, 0
2465981, 507904, 1, 0, 0
2466231, 311296, 1, 0, 0
2466481, 509943, 1, 0, 0
2466731, 1032192, 1, 0, 0
2466981, 921188, 1, 0, 0
2467231, 753664, 1, 0, 0
2467481, 1540096, 1, 0, 0
2467731, 674441, 1, 0, 0
2467981, 1310720, 1, 0, 0
2468231, 1474560, 1, 0, 0
2468481, 1135036, 1, 0, 0
2468731, 1015808, 1, 0, 0
2468981, 1064960, 1, 0, 0
2469231, 773140, 1, 0, 0
2469481, 1359872, 1, 0, 0
2469731, 1474560, 1, 0, 0
2469981, 954088, 1, 0, 0
2470231, 1490944, 1, 0, 0
2470481, 1458176, 1, 0, 0
2470731, 1102136, 1, 0, 0
2470981, 1392640, 1, 0, 0
2471231, 1720320, 1, 0, 0
2471481, 970538, 1, 0, 0
2471731, 1048576, 1, 0, 0
2471981, 704512, 1, 0, 0
2472231, 1052787, 1, 0, 0
2472481, 376832, 1, 0, 0
2472731, 1409024, 1, 0, 0
2472981, 1003437, 1, 0, 0
2473231, 1507328, 1, 0, 0
2473481, 819200, 1, 0, 0
2473731, 740240, 1, 0, 0
2473981, 901120, 1, 0, 0
2474231, 737280, 1, 0, 0
2474481, 740240, 1, 0, 0
2474731, 1163264, 1, 0, 0
2474981, 507904, 1, 0, 0
2475231, 2039775, 1, 0, 0
2475481, 2179072, 1, 0, 0
2475731, 966656, 1, 0, 0
2475981, 1365333, 1, 0, 0
2476231, 1294336, 1, 0, 0
2476481, 1097728, 1, 0, 0
2476731, 1431132, 1, 0, 0
2476981, 868352, 1, 0, 0
2477231, 1064960, 1, 0, 0
2477481, 1003437, 1, 0, 0
2477731, 1114112, 1, 0, 0
2477981, 1727228, 1, 0, 0
2478231, 1376256, 1, 0, 0
2478481, 1835008, 1, 0, 0
2478731, 1315983, 1, 0, 0
2478981, 884736, 1, 0, 0
2479231, 1184385, 1, 0, 0
2479481, 1179648, 1, 0, 0
2479731, 1102136, 1, 0, 0
2479981, 376832, 1, 0, 0
2480231, 114688, 1, 0, 0
2480480, 1414682, 1, 0, 0
2480731, 1048576, 1, 0, 0
2480981, 393216, 1, 0, 0
2481231, 657991, 1, 0, 0
2481481, 819200, 1, 0, 0
2481731, 1458176, 1, 0, 0
2481981, 871839, 1, 0, 0
2482231, 16384, 1, 0, 0
2482481, 1064960, 1, 0, 0
2482730, 2039775, 1, 0, 0
2482981, 1540096, 1, 0, 0
2483231, 1966080, 1, 0, 0
2483480, 1299534, 1, 0, 0
2483731, 1884160, 1, 0, 0
2483981, 1523712, 1, 0, 0
2484231, 1200835, 1, 0, 0
2484481, 1032192, 1, 0, 0
2484730, 1315983, 1, 0, 0
2484981, 1835008, 1, 0, 0
2485231, 999424, 1, 0, 0
2485481, 1266634, 1, 0, 0
2485731, 1441792, 1, 0, 0
2485981, 1294336, 1, 0, 0
2486231, 822489, 1, 0, 0
2486481, 950272, 1, 0, 0
2486731, 411244, 1, 0, 0
2486981, 524288, 1, 0, 0
2487231, 1490944, 1, 0, 0
2487481, 1398232, 1, 0, 0
2487731, 1277952, 1, 0, 0
2487980, 1809477, 1, 0, 0
2488231, 1196032, 1, 0, 0
2488481, 1490944, 1, 0, 0
2488731, 1118586, 1, 0, 0
2488981, 1114112, 1, 0, 0
2489231, 1146880, 1, 0, 0
2489481, 822489, 1, 0, 0
2489731, 1179648, 1, 0, 0
2489981, 1753088, 1, 0, 0
2490231, 1496931, 1, 0, 0
2490481, 737280, 1, 0, 0
2490731, 690891, 1, 0, 0
2490981, 1130496, 1, 0, 0
2491231, 884736, 1, 0, 0
2491481, 2006875, 1, 0, 0
2491731, 1015808, 1, 0, 0
2491981, 1605632, 1, 0, 0
2492231, 1151485, 1, 0, 0
2492481, 999424, 1, 0, 0
2492731, 311296, 1, 0, 0
2492980, 921188, 1, 0, 0
2493231, 917504, 1, 0, 0
2493481, 1359872, 1, 0, 0
2493730, 1118586, 1, 0, 0
2493981, 966656, 1, 0, 0
2494231, 704512, 1, 0, 0
2494481, 1694329, 1, 0, 0
2494731, 1507328, 1, 0, 0
2494981, 1048576, 1, 0, 0
2495231, 937638, 1, 0, 0
2495481, 737280, 1, 0, 0
2495731, 1638400, 1, 0, 0
2495981, 1036337, 1, 0, 0
2496231, 1081344, 1, 0, 0
2496481, 704512, 1, 0, 0
2496731, 1579180, 1, 0, 0
2496981, 1032192, 1, 0, 0
2497231, 526393, 1, 0, 0
2497481, 704512, 1, 0, 0
2497731, 2064384, 1, 0, 0
2497981, 921188, 1, 0, 0
2498231, 1064960, 1, 0, 0
2498481, 789590, 1, 0, 0
2498731, 393216, 1, 0, 0
2498981, 1294336, 1, 0, 0
2499231, 1184385, 1, 0, 0
2499481, 1179648, 1, 0, 0
2499731, 1703936, 1, 0, 0
2499981, 1135036, 1, 0, 0
2500231, 1359872, 1, 0, 0
2500481, 868352, 1, 0, 0
2500731, 855389, 1, 0, 0
2500981, 1900544, 1, 0, 0
2501231, 1802240, 1, 0, 0
2501481, 1332433, 1, 0, 0
2501731, 1540096, 1, 0, 0
2501981, 1327104, 1, 0, 0
2502231, 1299534, 1, 0, 0
2502481, 1048576, 1, 0, 0
2502731, 1196032, 1, 0, 0
2502981, 707341, 1, 0, 0
2503231, 983040, 1, 0, 0
2503481, 1266634, 1, 0, 0
2503731, 1359872, 1, 0, 0
2503981, 524288, 1, 0, 0
2504231, 1480481, 1, 0, 0
2504481, 1540096, 1, 0, 0
2504731, 1589248, 1, 0, 0
2504981, 1628530, 1, 0, 0
2505231, 1032192, 1, 0, 0
2505480, 871839, 1, 0, 0
2505731, 933888, 1, 0, 0
2505981, 655360, 1, 0, 0
2506231, 1036337, 1, 0, 0
2506481, 1376256, 1, 0, 0
2506731, 868352, 1, 0, 0
2506981, 855389, 1, 0, 0
2507231, 819200, 1, 0, 0
2507481, 1474560, 1, 0, 0
2507731, 477044, 1, 0, 0
2507981, 573440, 1, 0, 0
2508231, 1130496, 1, 0, 0
2508481, 1102136, 1, 0, 0
2508731, 851968, 1, 0, 0
2508981, 1523712, 1, 0, 0
2509231, 1562730, 1, 0, 0
2509481, 835584, 1, 0, 0
2509730, 855389, 1, 0, 0
2509981, 753664, 1, 0, 0
2510231, 1048576, 1, 0, 0
2510481, 1425408, 1, 0, 0
2510731, 838939, 1, 0, 0
2510981, 1589248, 1, 0, 0
2511231, 884736, 1, 0, 0
2511481, 1003437, 1, 0, 0
2511731, 1228800, 1, 0, 0
2511981, 937638, 1, 0, 0
2512231, 884736, 1, 0, 0
2512481, 756690, 1, 0, 0
2512731, 884736, 1, 0, 0
2512981, 753664, 1, 0, 0
2513231, 1283084, 1, 0, 0
2513481, 1081344, 1, 0, 0
2513730, 1036337, 1, 0, 0
2513981, 540672, 1, 0, 0
2514231, 983040, 1, 0, 0
2514480, 559293, 1, 0, 0
2514731, 1474560, 1, 0, 0
2514981, 1572864, 1, 0, 0
2515230, 1398232, 1, 0, 0
2515481, 884736, 1, 0, 0
2515731, 1998848, 1, 0, 0
2515980, 1135036, 1, 0, 0
2516231, 557056, 1, 0, 0
2516481, 1605632, 1, 0, 0
2516730, 954088, 1, 0, 0
2516981, 1015808, 1, 0, 0
2517231, 1179648, 1, 0, 0
2517480, 789590, 1, 0, 0
2517731, 1015808, 1, 0, 0
2517981, 1622016, 1, 0, 0
2518231, 737280, 1, 0, 0
2518481, 559293, 1, 0, 0
2518731, 1032192, 1, 0, 0
2518981, 1736704, 1, 0, 0
2519231, 1727228, 1, 0, 0
2519481, 540672, 1, 0, 0
2519731, 1228800, 1, 0, 0
2519981, 296096, 1, 0, 0
2520231, 540672, 1, 0, 0
2520481, 524288, 1, 0, 0
2520731, 921188, 1, 0, 0
2520981, 507904, 1, 0, 0
2521231, 1359872, 1, 0, 0
2521481, 1464032, 1, 0, 0
2521731, 1327104, 1, 0, 0
2521981, 884736, 1, 0, 0
2522231, 888289, 1, 0, 0
2522481, 1015808, 1, 0, 0
2522731, 1966080, 1, 0, 0
2522981, 1003437, 1, 0, 0
2523231, 933888, 1, 0, 0
2523480, 1447582, 1, 0, 0
2523731, 1507328, 1, 0, 0
2523981, 1572864, 1, 0, 0
2524231, 1130496, 1, 0, 0
2524481, 2220722, 1, 0, 0
2524731, 1359872, 1, 0, 0
2524981, 1032192, 1, 0, 0
2525231, 723791, 1, 0, 0
2525481, 1179648, 1, 0, 0
2525730, 542843, 1, 0, 0
2525981, 409600, 1, 0, 0
2526231, 491520, 1, 0, 0
2526481, 753664, 1, 0, 0
2526731, 197397, 1, 0, 0
2526981, 262144, 1, 0, 0
2527231, 674441, 1, 0, 0
2527481, 573440, 1, 0, 0
2527731, 1064960, 1, 0, 0
2527981, 740240, 1, 0, 0
2528231, 491520, 1, 0, 0
2528480, 1233734, 1, 0, 0
2528731, 507904, 1, 0, 0
2528981, 1130496, 1, 0, 0
2529230, 789590, 1, 0, 0
2529481, 1294336, 1, 0, 0
2529731, 671744, 1, 0, 0
2529981, 589824, 1, 0, 0
2530231, 641542, 1, 0, 0
2530481, 491520, 1, 0, 0
2530731, 294912, 1, 0, 0
2530981, 773140, 1, 0, 0
2531231, 1130496, 1, 0, 0
2531481, 950272, 1, 0, 0
2531731, 477044, 1, 0, 0
2531981, 1310720, 1, 0, 0
2532231, 819200, 1, 0, 0
2532481, 411244, 1, 0, 0
2532731, 835584, 1, 0, 0
2532981, 954088, 1, 0, 0
2533231, 1409024, 1, 0, 0
2533481, 163840, 1, 0, 0
2533731, 1019887, 1, 0, 0
2533981, 327680, 1, 0, 0
2534231, 756690, 1, 0, 0
2534481, 901120, 1, 0, 0
2534731, 524288, 1, 0, 0
2534981, 592192, 1, 0, 0
2535231, 835584, 1, 0, 0
2535481, 851968, 1, 0, 0
2535731, 378345, 1, 0, 0
2535981, 540672, 1, 0, 0
2536231, 540672, 1, 0, 0
2536481, 723791, 1, 0, 0
2536731, 409600, 1, 0, 0
2536981, 360448, 1, 0, 0
2537231, 625092, 1, 0, 0
2537481, 393216, 1, 0, 0
2537731, 868352, 1, 0, 0
2537980, 1167935, 1, 0, 0
2538231, 1097728, 1, 0, 0
2538481, 819200, 1, 0, 0
2538730, 575742, 1, 0, 0
2538981, 589824, 1, 0, 0
2539231, 409600, 1, 0, 0
2539481, 1114112, 1, 0, 0
2539731, 493493, 1, 0, 0
2539981, 425984, 1, 0, 0
2540231, 442368, 1, 0, 0
2540481, 970538, 1, 0, 0
2540731, 573440, 1, 0, 0
2540981, 851968, 1, 0, 0
2541231, 986987, 1, 0, 0
2541481, 1146880, 1, 0, 0
2541731, 509943, 1, 0, 0
2541981, 606208, 1, 0, 0
2542231, 98304, 1, 0, 0
2542481, 921188, 1, 0, 0
2542731, 983040, 1, 0, 0
2542981, 1343488, 1, 0, 0
2543231, 822489, 1, 0, 0
2543481, 901120, 1, 0, 0
2543730, 1151485, 1, 0, 0
2543981, 1507328, 1, 0, 0
2544231, 1114112, 1, 0, 0
2544481, 1365333, 1, 0, 0
2544731, 835584, 1, 0, 0
2544981, 1277952, 1, 0, 0
2545231, 1299534, 1, 0, 0
2545481, 770048, 1, 0, 0
2545731, 1687552, 1, 0, 0
2545981, 740240, 1, 0, 0
2546231, 1064960, 1, 0, 0
2546481, 2080768, 1, 0, 0
2546731, 1233734, 1, 0, 0
2546981, 1392640, 1, 0, 0
2547230, 1315983, 1, 0, 0
2547481, 1228800, 1, 0, 0
2547731, 671744, 1, 0, 0
2547980, 1924626, 1, 0, 0
2548231, 1146880, 1, 0, 0
2548481, 1458176, 1, 0, 0
2548730, 1546281, 1, 0, 0
2548981, 1081344, 1, 0, 0
2549231, 655360, 1, 0, 0
2549480, 1365333, 1, 0, 0
2549731, 1114112, 1, 0, 0
2549981, 524288, 1, 0, 0
2550230, 1743678, 1, 0, 0
2550481, 1212416, 1, 0, 0
2550731, 1605632, 1, 0, 0
2550980, 904738, 1, 0, 0
2551231, 868352, 1, 0, 0
2551481, 1064960, 1, 0, 0
2551731, 1135036, 1, 0, 0
2551981, 557056, 1, 0, 0
2552231, 802816, 1, 0, 0
2552481, 937638, 1, 0, 0
2552731, 1294336, 1, 0, 0
2552980, 838939, 1, 0, 0
2553231, 1228800, 1, 0, 0
2553481, 1507328, 1, 0, 0
2553730, 608642, 1, 0, 0
2553981, 1294336, 1, 0, 0
2554231, 393216, 1, 0, 0
2554480, 838939, 1, 0, 0
2554731, 966656, 1, 0, 0
2554981, 1359872, 1, 0, 0
2555230, 1036337, 1, 0, 0
2555481, 1261568, 1, 0, 0
2555731, 1294336, 1, 0, 0
2555981, 1003437, 1, 0, 0
2556231, 1572864, 1, 0, 0
2556481, 1409024, 1, 0, 0
2556731, 871839, 1, 0, 0
2556981, 1359872, 1, 0, 0
2557231, 1720320, 1, 0, 0
2557481, 509943, 1, 0, 0
2557731, 802816, 1, 0, 0
2557981, 966656, 1, 0, 0
2558231, 509943, 1, 0, 0
2558481, 1081344, 1, 0, 0
2558731, 393216, 1, 0, 0
2558981, 1102136, 1, 0, 0
2559231, 638976, 1, 0, 0
2559481, 737280, 1, 0, 0
2559731, 1036337, 1, 0, 0
2559981, 1163264, 1, 0, 0
2560231, 770048, 1, 0, 0
2560481, 1118586, 1, 0, 0
2560731, 950272, 1, 0, 0
2560981, 1146880, 1, 0, 0
2561231, 1529831, 1, 0, 0
2561481, 868352, 1, 0, 0
2561731, 1003437, 1, 0, 0
2561981, 1048576, 1, 0, 0
2562231, 1081344, 1, 0, 0
2562481, 1464032, 1, 0, 0
2562731, 704512, 1, 0, 0
2562981, 1032192, 1, 0, 0
2563231, 1266634, 1, 0, 0
2563481, 1409024, 1, 0, 0
2563731, 1167935, 1, 0, 0
2563981, 1392640, 1, 0, 0
2564231, 1703936, 1, 0, 0
2564481, 1315983, 1, 0, 0
2564731, 1245184, 1, 0, 0
2564981, 1163264, 1, 0, 0
2565231, 1200835, 1, 0, 0
2565481, 786432, 1, 0, 0
2565731, 1015808, 1, 0, 0
2565981, 1118586, 1, 0, 0
2566231, 1146880, 1, 0, 0
2566481, 1867776, 1, 0, 0
2566731, 1529831, 1, 0, 0
2566981, 1949696, 1, 0, 0
2567231, 655360, 1, 0, 0
2567481, 1381783, 1, 0, 0
2567731, 1540096, 1, 0, 0
2567981, 1310720, 1, 0, 0
2568231, 1036337, 1, 0, 0
2568481, 1474560, 1, 0, 0
2568731, 950272, 1, 0, 0
2568981, 1464032, 1, 0, 0
2569231, 819200, 1, 0, 0
2569481, 1212416, 1, 0, 0
2569731, 1233734, 1, 0, 0
2569981, 491520, 1, 0, 0
2570231, 1228800, 1, 0, 0
2570481, 608642, 1, 0, 0
2570731, 966656, 1, 0, 0
2570981, 786432, 1, 0, 0
2571231, 1315983, 1, 0, 0
2571481, 802816, 1, 0, 0
2571732, 1015808, 1, 0, 0
2571981, 296096, 1, 0, 0
2572231, 540672, 1, 0, 0
2572481, 740240, 1, 0, 0
2572731, 1015808, 1, 0, 0
2572981, 871839, 1, 0, 0
2573231, 409600, 1, 0, 0
2573481, 1835008, 1, 0, 0
2573731, 509943, 1, 0, 0
2573981, 1146880, 1, 0, 0
2574231, 1835008, 1, 0, 0
2574481, 937638, 1, 0, 0
2574731, 1130496, 1, 0, 0
2574981, 1081344, 1, 0, 0
2575231, 1332433, 1, 0, 0
2575481, 606208, 1, 0, 0
2575731, 1294336, 1, 0, 0
2575981, 1250184, 1, 0, 0
2576231, 1163264, 1, 0, 0
2576481, 1015808, 1, 0, 0
2576731, 1513381, 1, 0, 0
2576981, 1654784, 1, 0, 0
2577231, 1540096, 1, 0, 0
2577481, 1332433, 1, 0, 0
2577731, 1032192, 1, 0, 0
2577981, 573440, 1, 0, 0
2578231, 1102136, 1, 0, 0
2578481, 638976, 1, 0, 0
2578730, 789590, 1, 0, 0
2578981, 1294336, 1, 0, 0
2579231, 671744, 1, 0, 0
2579481, 1431132, 1, 0, 0
2579731, 1376256, 1, 0, 0
2579981, 884736, 1, 0, 0
2580231, 1332433, 1, 0, 0
2580481, 1114112, 1, 0, 0
2580731, 921188, 1, 0, 0
2580981, 507904, 1, 0, 0
2581231, 917504, 1, 0, 0
2581481, 542843, 1, 0, 0
2581731, 688128, 1, 0, 0
2581981, 966656, 1, 0, 0
2582231, 822489, 1, 0, 0
2582481, 606208, 1, 0, 0
2582731, 901120, 1, 0, 0
2582981, 1167935, 1, 0, 0
2583231, 1228800, 1, 0, 0
2583481, 1261568, 1, 0, 0
2583731, 1644979, 1, 0, 0
2583981, 458752, 1, 0, 0
2584232, 917504, 1, 0, 0
2584481, 723791, 1, 0, 0
2584731, 868352, 1, 0, 0
2584980, 954088, 1, 0, 0
2585231, 802816, 1, 0, 0
2585481, 786432, 1, 0, 0
2585730, 493493, 1, 0, 0
2585981, 1097728, 1, 0, 0
2586231, 917504, 1, 0, 0
2586482, 999424, 1, 0, 0
2586731, 986987, 1, 0, 0
2586981, 753664, 1, 0, 0
2587231, 773140, 1, 0, 0
2587481, 1376256, 1, 0, 0
2587731, 1069236, 1, 0, 0
2587981, 606208, 1, 0, 0
2588231, 1474560, 1, 0, 0
2588481, 937638, 1, 0, 0
2588731, 917504, 1, 0, 0
2588980, 1447582, 1, 0, 0
2589231, 409600, 1, 0, 0
2589481, 2080768, 1, 0, 0
2589731, 1431132, 1, 0, 0
2589981, 1261568, 1, 0, 0
2590231, 1261568, 1, 0, 0
2590481, 1069236, 1, 0, 0
2590731, 1081344, 1, 0, 0
2590981, 376832, 1, 0, 0
2591231, 1431132, 1, 0, 0
2591481, 1081344, 1, 0, 0
2591731, 884736, 1, 0, 0
2591980, 838939, 1, 0, 0
2592231, 540672, 1, 0, 0
2592481, 1114112, 1, 0, 0
2592730, 707341, 1, 0, 0
2592981, 901120, 1, 0, 0
2593231, 1015808, 1, 0, 0
2593480, 1315983, 1, 0, 0
2593731, 802816, 1, 0, 0
2593981, 1228800, 1, 0, 0
2594230, 493493, 1, 0, 0
2594481, 606208, 1, 0, 0
2594731, 1163264, 1, 0, 0
2594981, 1015808, 1, 0, 0
2595231, 592192, 1, 0, 0
2595481, 507904, 1, 0, 0
2595731, 933888, 1, 0, 0
2595981, 871839, 1, 0, 0
2596231, 835584, 1, 0, 0
2596482, 1490944, 1, 0, 0
2596731, 1151485, 1, 0, 0
2596981, 1114112, 1, 0, 0
2597231, 1019887, 1, 0, 0
2597481, 753664, 1, 0, 0
2597730, 904738, 1, 0, 0
2597981, 409600, 1, 0, 0
2598231, 245760, 1, 0, 0
2598480, 904738, 1, 0, 0
2598731, 901120, 1, 0, 0
2598981, 2080768, 1, 0, 0
2599231, 999424, 1, 0, 0
2599481, 855389, 1, 0, 0
2599731, 245760, 1, 0, 0
2599981, 868352, 1, 0, 0
2600230, 526393, 1, 0, 0
2600481, 425984, 1, 0, 0
2600731, 1097728, 1, 0, 0
2600981, 1266634, 1, 0, 0
2601231, 966656, 1, 0, 0
2601481, 868352, 1, 0, 0
2601731, 427694, 1, 0, 0
2601981, 1556480, 1, 0, 0
2602231, 1425408, 1, 0, 0
2602481, 1348883, 1, 0, 0
2602731, 1458176, 1, 0, 0
2602981, 655360, 1, 0, 0
2603230, 1102136, 1, 0, 0
2603481, 786432, 1, 0, 0
2603731, 737280, 1, 0, 0
2603980, 1250184, 1, 0, 0
2604231, 1622016, 1, 0, 0
2604481, 1114112, 1, 0, 0
2604730, 1118586, 1, 0, 0
2604981, 835584, 1, 0, 0
2605231, 1196032, 1, 0, 0
2605480, 838939, 1, 0, 0
2605731, 1490944, 1, 0, 0
2605981, 1392640, 1, 0, 0
2606231, 1546281, 1, 0, 0
2606481, 475136, 1, 0, 0
2606731, 1589248, 1, 0, 0
2606981, 904738, 1, 0, 0
2607232, 1425408, 1, 0, 0
2607481, 921188, 1, 0, 0
2607731, 1998848, 1, 0, 0
2607981, 756690, 1, 0, 0
2608231, 688128, 1, 0, 0
2608481, 954088, 1, 0, 0
2608731, 311296, 1, 0, 0
2608981, 557056, 1, 0, 0
2609231, 1595630, 1, 0, 0
2609481, 688128, 1, 0, 0
2609731, 704512, 1, 0, 0
2609981, 970538, 1, 0, 0
2610231, 655360, 1, 0, 0
2610481, 1146880, 1, 0, 0
2610731, 230297, 1, 0, 0
2610981, 622592, 1, 0, 0
2611231, 524288, 1, 0, 0
2611480, 230297, 1, 0, 0
2611731, 1671168, 1, 0, 0
2611981, 507904, 1, 0, 0
2612231, 740240, 1, 0, 0
2612481, 1507328, 1, 0, 0
2612731, 655360, 1, 0, 0
2612981, 1069236, 1, 0, 0
2613231, 737280, 1, 0, 0
2613480, 888289, 1, 0, 0
2613731, 1048576, 1, 0, 0
2613981, 1179648, 1, 0, 0
2614230, 608642, 1, 0, 0
2614481, 425984, 1, 0, 0
2614731, 1032192, 1, 0, 0
2614981, 1359872, 1, 0, 0
2615231, 592192, 1, 0, 0
2615481, 1359872, 1, 0, 0
2615731, 1720320, 1, 0, 0
2615981, 921188, 1, 0, 0
2616231, 1081344, 1, 0, 0
2616481, 786432, 1, 0, 0
2616731, 1135036, 1, 0, 0
2616981, 491520, 1, 0, 0
2617231, 1277952, 1, 0, 0
2617481, 345445, 1, 0, 0
2617731, 1097728, 1, 0, 0
2617981, 737280, 1, 0, 0
2618231, 1233734, 1, 0, 0
2618481, 524288, 1, 0, 0
2618731, 1480481, 1, 0, 0
2618981, 671744, 1, 0, 0
2619231, 950272, 1, 0, 0
2619481, 822489, 1, 0, 0
2619731, 1392640, 1, 0, 0
2619980, 1250184, 1, 0, 0
2620231, 770048, 1, 0, 0
2620481, 1179648, 1, 0, 0
2620730, 822489, 1, 0, 0
2620981, 606208, 1, 0, 0
2621231, 458752, 1, 0, 0
2621480, 674441, 1, 0, 0
2621731, 655360, 1, 0, 0
2621981, 688128, 1, 0, 0
2622230, 98698, 1, 0, 0
2622481, 1245184, 1, 0, 0
2622731, 868352, 1, 0, 0
2622980, 657991, 1, 0, 0
2623231, 655360, 1, 0, 0
2623481, 1359872, 1, 0, 0
2623731, 1019887, 1, 0, 0
2623981, 557056, 1, 0, 0
2624230, 115148, 1, 0, 0
2624481, 622592, 1, 0, 0
2624731, 1114112, 1, 0, 0
2624981, 786432, 1, 0, 0
2625231, 1036337, 1, 0, 0
2625481, 802816, 1, 0, 0
2625731, 589824, 1, 0, 0
2625981, 855389, 1, 0, 0
2626231, 835584, 1, 0, 0
2626481, 884736, 1, 0, 0
2626731, 986987, 1, 0, 0
2626981, 1409024, 1, 0, 0
2627231, 674441, 1, 0, 0
2627481, 409600, 1, 0, 0
2627731, 933888, 1, 0, 0
2627981, 773140, 1, 0, 0
2628231, 901120, 1, 0, 0
2628481, 674441, 1, 0, 0
2628731, 606208, 1, 0, 0
2628981, 606208, 1, 0, 0
2629231, 740240, 1, 0, 0
2629481, 688128, 1, 0, 0
2629731, 1097728, 1, 0, 0
2629981, 559293, 1, 0, 0
2630231, 835584, 1, 0, 0
2630480, 871839, 1, 0, 0
2630731, 999424, 1, 0, 0
2630981, 376832, 1, 0, 0
2631231, 1081344, 1, 0, 0
2631481, 1069236, 1, 0, 0
2631731, 294912, 1, 0, 0
2631981, 1572864, 1, 0, 0
2632231, 1332433, 1, 0, 0
2632481, 704512, 1, 0, 0
2632731, 1048576, 1, 0, 0
2632980, 855389, 1, 0, 0
2633231, 1015808, 1, 0, 0
2633481, 720896, 1, 0, 0
2633730, 904738, 1, 0, 0
2633981, 688128, 1, 0, 0
2634231, 425984, 1, 0, 0
2634481, 983040, 1, 0, 0
2634731, 1283084, 1, 0, 0
2634981, 966656, 1, 0, 0
2635231, 294912, 1, 0, 0
2635481, 1250184, 1, 0, 0
2635731, 655360, 1, 0, 0
2635981, 704512, 1, 0, 0
2636231, 411244, 1, 0, 0
2636481, 622592, 1, 0, 0
2636731, 509943, 1, 0, 0
2636981, 1359872, 1, 0, 0
2637231, 344064, 1, 0, 0
2637481, 509943, 1, 0, 0
2637731, 999424, 1, 0, 0
2637981, 674441, 1, 0, 0
2638231, 638976, 1, 0, 0
2638481, 1228800, 1, 0, 0
2638731, 871839, 1, 0, 0
2638981, 655360, 1, 0, 0
2639231, 1562730, 1, 0, 0
2639481, 622592, 1, 0, 0
2639731, 868352, 1, 0, 0
2639981, 1842377, 1, 0, 0
2640231, 1114112, 1, 0, 0
2640481, 1589248, 1, 0, 0
2640731, 1529831, 1, 0, 0
2640981, 1081344, 1, 0, 0
2641231, 1233734, 1, 0, 0
2641481, 1294336, 1, 0, 0
2641731, 2080768, 1, 0, 0
2641981, 1743678, 1, 0, 0
2642231, 1130496, 1, 0, 0
2642481, 819200, 1, 0, 0
2642730, 328995, 1, 0, 0
2642981, 1048576, 1, 0, 0
2643231, 1163264, 1, 0, 0
2643480, 427694, 1, 0, 0
2643731, 622592, 1, 0, 0
2643981, 1048576, 1, 0, 0
2644231, 1032192, 1, 0, 0
2644481, 1332433, 1, 0, 0
2644731, 475136, 1, 0, 0
2644981, 311296, 1, 0, 0
2645231, 1135036, 1, 0, 0
2645481, 573440, 1, 0, 0
2645731, 737280, 1, 0, 0
2645981, 1266634, 1, 0, 0
2646231, 786432, 1, 0, 0
2646481, 884736, 1, 0, 0
2646731, 1464032, 1, 0, 0
2646981, 1081344, 1, 0, 0
2647231, 888289, 1, 0, 0
2647481, 1081344, 1, 0, 0
2647731, 1966080, 1, 0, 0
2647981, 1217285, 1, 0, 0
2648231, 851968, 1, 0, 0
2648481, 871839, 1, 0, 0
2648731, 475136, 1, 0, 0
2648981, 540672, 1, 0, 0
2649231, 328995, 1, 0, 0
2649481, 1015808, 1, 0, 0
2649731, 737280, 1, 0, 0
2649981, 460594, 1, 0, 0
2650231, 1654784, 1, 0, 0
2650481, 868352, 1, 0, 0
2650731, 1332433, 1, 0, 0
2650981, 1212416, 1, 0, 0
2651231, 1146880, 1, 0, 0
2651481, 542843, 1, 0, 0
2651731, 966656, 1, 0, 0
2651981, 1146880, 1, 0, 0
2652231, 625092, 1, 0, 0
2652481, 638976, 1, 0, 0
2652731, 1048576, 1, 0, 0
2652980, 789590, 1, 0, 0
2653231, 98304, 1, 0, 0
2653481, 507904, 1, 0, 0
2653731, 1277952, 1, 0, 0
2653981, 1102136, 1, 0, 0
2654231, 1146880, 1, 0, 0
2654481, 1163264, 1, 0, 0
2654731, 937638, 1, 0, 0
2654981, 933888, 1, 0, 0
2655231, 425984, 1, 0, 0
2655481, 493493, 1, 0, 0
2655731, 491520, 1, 0, 0
2655981, 1048576, 1, 0, 0
2656231, 296096, 1, 0, 0
2656481, 737280, 1, 0, 0
2656731, 638976, 1, 0, 0
2656981, 328995, 1, 0, 0
2657231, 573440, 1, 0, 0
2657481, 1097728, 1, 0, 0
2657731, 822489, 1, 0, 0
2657981, 770048, 1, 0, 0
2658231, 311296, 1, 0, 0
2658480, 871839, 1, 0, 0
2658731, 655360, 1, 0, 0
2658981, 1343488, 1, 0, 0
2659230, 526393, 1, 0, 0
2659481, 720896, 1, 0, 0
2659731, 868352, 1, 0, 0
2659981, 1032192, 1, 0, 0
2660230, 394795, 1, 0, 0
2660481, 1572864, 1, 0, 0
2660731, 868352, 1, 0, 0
2660980, 542843, 1, 0, 0
2661231, 573440, 1, 0, 0
2661481, 1048576, 1, 0, 0
2661731, 1052787, 1, 0, 0
2661981, 819200, 1, 0, 0
2662232, 1638400, 1, 0, 0
2662481, 822489, 1, 0, 0
2662731, 1003437, 1, 0, 0
2662981, 688128, 1, 0, 0
2663231, 524288, 1, 0, 0
2663481, 625092, 1, 0, 0
2663731, 655360, 1, 0, 0
2663981, 740240, 1, 0, 0
2664231, 1605632, 1, 0, 0
2664481, 1196032, 1, 0, 0
2664731, 1579180, 1, 0, 0
2664981, 1572864, 1, 0, 0
2665231, 655360, 1, 0, 0
2665481, 921188, 1, 0, 0
2665731, 868352, 1, 0, 0
2665981, 1097728, 1, 0, 0
2666231, 1283084, 1, 0, 0
2666481, 1081344, 1, 0, 0
2666731, 1048576, 1, 0, 0
2666980, 806040, 1, 0, 0
2667231, 491520, 1, 0, 0
2667481, 999424, 1, 0, 0
2667730, 559293, 1, 0, 0
2667981, 950272, 1, 0, 0
2668231, 524288, 1, 0, 0
2668480, 822489, 1, 0, 0
2668731, 917504, 1, 0, 0
2668981, 720896, 1, 0, 0
2669231, 1085686, 1, 0, 0
2669481, 278528, 1, 0, 0
2669731, 638976, 1, 0, 0
2669980, 921188, 1, 0, 0
2670231, 327680, 1, 0, 0
2670481, 524288, 1, 0, 0
2670730, 625092, 1, 0, 0
2670981, 376832, 1, 0, 0
2671231, 704512, 1, 0, 0
2671480, 197397, 1, 0, 0
2671731, 278528, 1, 0, 0
2671981, 491520, 1, 0, 0
2672231, 98304, 1, 0, 0
2672481, 838939, 1, 0, 0
2672731, 704512, 1, 0, 0
2672981, 540672, 1, 0, 0
2673231, 690891, 1, 0, 0
2673481, 557056, 1, 0, 0
2673731, 114688, 1, 0, 0
2673980, 657991, 1, 0, 0
2674231, 606208, 1, 0, 0
2674481, 950272, 1, 0, 0
2674731, 1130496, 1, 0, 0
2674981, 855389, 1, 0, 0
2675231, 655360, 1, 0, 0
2675481, 458752, 1, 0, 0
2675731, 559293, 1, 0, 0
2675981, 606208, 1, 0, 0
2676231, 1310720, 1, 0, 0
2676481, 921188, 1, 0, 0
2676731, 1294336, 1, 0, 0
2676981, 707341, 1, 0, 0
2677231, 376832, 1, 0, 0
2677481, 1332433, 1, 0, 0
2677731, 1032192, 1, 0, 0
2677981, 393216, 1, 0, 0
2678231, 411244, 1, 0, 0
2678481, 786432, 1, 0, 0
2678731, 507904, 1, 0, 0
2678981, 674441, 1, 0, 0
2679231, 966656, 1, 0, 0
2679480, 509943, 1, 0, 0
2679731, 1638400, 1, 0, 0
2679981, 1261568, 1, 0, 0
2680231, 491520, 1, 0, 0
2680481, 1381783, 1, 0, 0
2680731, 1720320, 1, 0, 0
2680981, 1179648, 1, 0, 0
2681231, 1283084, 1, 0, 0
2681481, 819200, 1, 0, 0
2681731, 819200, 1, 0, 0
2681981, 378345, 1, 0, 0
2682231, 737280, 1, 0, 0
2682480, 789590, 1, 0, 0
2682731, 704512, 1, 0, 0
2682981, 557056, 1, 0, 0
2683230, 1447582, 1, 0, 0
2683481, 802816, 1, 0, 0
2683731, 1163264, 1, 0, 0
2683980, 806040, 1, 0, 0
2684231, 1409024, 1, 0, 0
2684481, 1294336, 1, 0, 0
2684730, 855389, 1, 0, 0
2684981, 1523712, 1, 0, 0
2685231, 1196032, 1, 0, 0
2685480, 773140, 1, 0, 0
2685731, 311296, 1, 0, 0
2685981, 917504, 1, 0, 0
2686230, 838939, 1, 0, 0
2686481, 1048576, 1, 0, 0
2686731, 524288, 1, 0, 0
2686980, 904738, 1, 0, 0
2687231, 409600, 1, 0, 0
2687481, 1097728, 1, 0, 0
2687731, 641542, 1, 0, 0
2687981, 786432, 1, 0, 0
2688231, 819200, 1, 0, 0
2688481, 296096, 1, 0, 0
2688731, 753664, 1, 0, 0
2688981, 196608, 1, 0, 0
2689231, 641542, 1, 0, 0
2689481, 671744, 1, 0, 0
2689731, 737280, 1, 0, 0
2689980, 197397, 1, 0, 0
2690231, 360448, 1, 0, 0
2690481, 425984, 1, 0, 0
2690730, 690891, 1, 0, 0
2690981, 638976, 1, 0, 0
2691231, 475136, 1, 0, 0
2691480, 625092, 1, 0, 0
2691731, 360448, 1, 0, 0
2691981, 720896, 1, 0, 0
2692231, 655360, 1, 0, 0
2692481, 657991, 1, 0, 0
2692731, 835584, 1, 0, 0
2692981, 573440, 1, 0, 0
2693231, 526393, 1, 0, 0
2693481, 1343488, 1, 0, 0
2693731, 1130496, 1, 0, 0
2693981, 1052787, 1, 0, 0
2694231, 868352, 1, 0, 0
2694480, 1266634, 1, 0, 0
2694731, 1097728, 1, 0, 0
2694981, 868352, 1, 0, 0
2695231, 1114112, 1, 0, 0
2695481, 1266634, 1, 0, 0
2695731, 1228800, 1, 0, 0
2695981, 802816, 1, 0, 0
2696231, 641542, 1, 0, 0
2696481, 425984, 1, 0, 0
2696731, 901120, 1, 0, 0
2696981, 1233734, 1, 0, 0
2697231, 376832, 1, 0, 0
2697481, 1661429, 1, 0, 0
2697731, 1163264, 1, 0, 0
2697981, 720896, 1, 0, 0
2698231, 707341, 1, 0, 0
2698481, 1343488, 1, 0, 0
2698731, 1250184, 1, 0, 0
2698981, 753664, 1, 0, 0
2699231, 425984, 1, 0, 0
2699481, 1200835, 1, 0, 0
2699731, 720896, 1, 0, 0
2699981, 278528, 1, 0, 0
2700231, 937638, 1, 0, 0
2700481, 671744, 1, 0, 0
2700731, 1458176, 1, 0, 0
2700980, 361895, 1, 0, 0
2701231, 524288, 1, 0, 0
2701481, 606208, 1, 0, 0
2701730, 641542, 1, 0, 0
2701981, 1425408, 1, 0, 0
2702231, 1376256, 1, 0, 0
2702481, 855389, 1, 0, 0
2702731, 704512, 1, 0, 0
2702981, 1048576, 1, 0, 0
2703231, 509943, 1, 0, 0
2703481, 901120, 1, 0, 0
2703731, 835584, 1, 0, 0
2703981, 1036337, 1, 0, 0
2704231, 966656, 1, 0, 0
2704481, 131072, 1, 0, 0
2704731, 789590, 1, 0, 0
2704981, 671744, 1, 0, 0
2705231, 1064960, 1, 0, 0
2705481, 657991, 1, 0, 0
2705731, 1703936, 1, 0, 0
2705981, 1425408, 1, 0, 0
2706231, 1003437, 1, 0, 0
2706481, 1146880, 1, 0, 0
2706731, 671744, 1, 0, 0
2706981, 1858827, 1, 0, 0
2707231, 606208, 1, 0, 0
2707481, 2056224, 1, 0, 0
2707731, 1867776, 1, 0, 0
2707981, 1572864, 1, 0, 0
2708231, 1069236, 1, 0, 0
2708481, 1359872, 1, 0, 0
2708730, 1299534, 1, 0, 0
2708981, 884736, 1, 0, 0
2709231, 835584, 1, 0, 0
2709480, 657991, 1, 0, 0
2709731, 1032192, 1, 0, 0
2709981, 884736, 1, 0, 0
2710230, 1283084, 1, 0, 0
2710481, 786432, 1, 0, 0
2710731, 1032192, 1, 0, 0
2710981, 559293, 1, 0, 0
2711231, 917504, 1, 0, 0
2711481, 1228800, 1, 0, 0
2711731, 822489, 1, 0, 0
2711981, 1327104, 1, 0, 0
2712231, 1015808, 1, 0, 0
2712481, 921188, 1, 0, 0
2712731, 819200, 1, 0, 0
2712981, 542843, 1, 0, 0
2713231, 917504, 1, 0, 0
2713481, 1464032, 1, 0, 0
2713731, 1622016, 1, 0, 0
2713981, 966656, 1, 0, 0
2714231, 1381783, 1, 0, 0
2714481, 933888, 1, 0, 0
2714731, 1332433, 1, 0, 0
2714981, 901120, 1, 0, 0
2715231, 999424, 1, 0, 0
2715481, 888289, 1, 0, 0
2715731, 507904, 1, 0, 0
2715981, 491520, 1, 0, 0
2716231, 526393, 1, 0, 0
2716481, 737280, 1, 0, 0
2716731, 409600, 1, 0, 0
2716981, 509943, 1, 0, 0
2717231, 524288, 1, 0, 0
2717481, 327680, 1, 0, 0
2717731, 954088, 1, 0, 0
2717981, 458752, 1, 0, 0
2718230, 1200835, 1, 0, 0
2718481, 884736, 1, 0, 0
2718731, 1212416, 1, 0, 0
2718980, 806040, 1, 0, 0
2719231, 507904, 1, 0, 0
2719481, 786432, 1, 0, 0
2719731, 1513381, 1, 0, 0
2719981, 1032192, 1, 0, 0
2720231, 1163264, 1, 0, 0
2720481, 1102136, 1, 0, 0
2720731, 1277952, 1, 0, 0
2720981, 835584, 1, 0, 0
2721231, 1233734, 1, 0, 0
2721481, 655360, 1, 0, 0
2721731, 999424, 1, 0, 0
2721981, 1151485, 1, 0, 0
2722231, 1441792, 1, 0, 0
2722481, 806040, 1, 0, 0
2722731, 901120, 1, 0, 0
2722981, 917504, 1, 0, 0
2723231, 1167935, 1, 0, 0
2723481, 1458176, 1, 0, 0
2723730, 855389, 1, 0, 0
2723981, 671744, 1, 0, 0
2724231, 786432, 1, 0, 0
2724480, 1135036, 1, 0, 0
2724731, 688128, 1, 0, 0
2724981, 1753088, 1, 0, 0
2725231, 1135036, 1, 0, 0
2725481, 753664, 1, 0, 0
2725730, 1184385, 1, 0, 0
2725981, 720896, 1, 0, 0
2726231, 835584, 1, 0, 0
2726480, 1447582, 1, 0, 0
2726731, 622592, 1, 0, 0
2726981, 786432, 1, 0, 0
2727231, 1064960, 1, 0, 0
2727481, 740240, 1, 0, 0
2727731, 950272, 1, 0, 0
2727981, 1818624, 1, 0, 0
2728231, 625092, 1, 0, 0
2728481, 671744, 1, 0, 0
2728730, 1036337, 1, 0, 0
2728981, 573440, 1, 0, 0
2729231, 786432, 1, 0, 0
2729481, 753664, 1, 0, 0
2729731, 773140, 1, 0, 0
2729981, 475136, 1, 0, 0
2730231, 655360, 1, 0, 0
2730481, 312546, 1, 0, 0
2730731, 212992, 1, 0, 0
2730981, 376832, 1, 0, 0
2731230, 230297, 1, 0, 0
2731481, 1146880, 1, 0, 0
2731731, 671744, 1, 0, 0
2731981, 592192, 1, 0, 0
2732231, 573440, 1, 0, 0
2732481, 1064960, 1, 0, 0
2732731, 312546, 1, 0, 0
2732981, 1343488, 1, 0, 0
2733231, 1064960, 1, 0, 0
2733481, 1250184, 1, 0, 0
2733731, 327680, 1, 0, 0
2733981, 835584, 1, 0, 0
2734230, 937638, 1, 0, 0
2734481, 737280, 1, 0, 0
2734731, 1130496, 1, 0, 0
2734980, 625092, 1, 0, 0
2735231, 458752, 1, 0, 0
2735481, 950272, 1, 0, 0
2735730, 394795, 1, 0, 0
2735981, 819200, 1, 0, 0
2736231, 147456, 1, 0, 0
2736481, 983040, 1, 0, 0
2736731, 937638, 1, 0, 0
2736981, 933888, 1, 0, 0
2737231, 622592, 1, 0, 0
2737481, 1398232, 1, 0, 0
2737731, 1130496, 1, 0, 0
2737981, 789590, 1, 0, 0
2738231, 704512, 1, 0, 0
2738481, 1212416, 1, 0, 0
2738731, 871839, 1, 0, 0
2738981, 901120, 1, 0, 0
2739231, 1540096, 1, 0, 0
2739481, 608642, 1, 0, 0
2739731, 638976, 1, 0, 0
2739980, 1019887, 1, 0, 0
2740231, 688128, 1, 0, 0
2740481, 1064960, 1, 0, 0
2740730, 937638, 1, 0, 0
2740981, 999424, 1, 0, 0
2741231, 540672, 1, 0, 0
2741481, 901120, 1, 0, 0
2741731, 1381783, 1, 0, 0
2741981, 688128, 1, 0, 0
2742231, 1277952, 1, 0, 0
2742481, 1085686, 1, 0, 0
2742731, 999424, 1, 0, 0
2742981, 1151485, 1, 0, 0
2743231, 1163264, 1, 0, 0
2743481, 855389, 1, 0, 0
2743731, 1245184, 1, 0, 0
2743981, 720896, 1, 0, 0
2744231, 1315983, 1, 0, 0
2744481, 786432, 1, 0, 0
2744730, 509943, 1, 0, 0
2744981, 835584, 1, 0, 0
2745231, 966656, 1, 0, 0
2745480, 855389, 1, 0, 0
2745731, 1654784, 1, 0, 0
2745981, 999424, 1, 0, 0
2746230, 756690, 1, 0, 0
2746481, 409600, 1, 0, 0
2746731, 933888, 1, 0, 0
2746980, 904738, 1, 0, 0
2747231, 1130496, 1, 0, 0
2747481, 622592, 1, 0, 0
2747731, 819200, 1, 0, 0
2747981, 1398232, 1, 0, 0
2748231, 753664, 1, 0, 0
2748480, 871839, 1, 0, 0
2748731, 1097728, 1, 0, 0
2748981, 573440, 1, 0, 0
2749230, 723791, 1, 0, 0
2749481, 1081344, 1, 0, 0
2749731, 1114112, 1, 0, 0
2749981, 983040, 1, 0, 0
2750231, 822489, 1, 0, 0
2750481, 1064960, 1, 0, 0
2750731, 1458176, 1, 0, 0
2750980, 1167935, 1, 0, 0
2751231, 933888, 1, 0, 0
2751481, 1130496, 1, 0, 0
2751731, 1019887, 1, 0, 0
2751981, 966656, 1, 0, 0
2752231, 986987, 1, 0, 0
2752481, 917504, 1, 0, 0
2752731, 311296, 1, 0, 0
2752981, 1266634, 1, 0, 0
2753231, 966656, 1, 0, 0
2753480, 526393, 1, 0, 0
2753731, 966656, 1, 0, 0
2753981, 802816, 1, 0, 0
2754230, 1135036, 1, 0, 0
2754481, 1163264, 1, 0, 0
2754731, 1949696, 1, 0, 0
2754981, 888289, 1, 0, 0
2755231, 1163264, 1, 0, 0
2755481, 1359872, 1, 0, 0
2755731, 1102136, 1, 0, 0
2755981, 1966080, 1, 0, 0
2756231, 1392640, 1, 0, 0
2756481, 1266634, 1, 0, 0
2756731, 557056, 1, 0, 0
2756980, 1102136, 1, 0, 0
2757231, 704512, 1, 0, 0
2757481, 1490944, 1, 0, 0
2757730, 2072674, 1, 0, 0
2757981, 1245184, 1, 0, 0
2758231, 1130496, 1, 0, 0
2758481, 888289, 1, 0, 0
2758731, 720896, 1, 0, 0
2758981, 786432, 1, 0, 0
2759231, 1842377, 1, 0, 0
2759481, 983040, 1, 0, 0
2759731, 460594, 1, 0, 0
2759981, 1146880, 1, 0, 0
2760232, 1638400, 1, 0, 0
2760481, 838939, 1, 0, 0
2760731, 1376256, 1, 0, 0
2760981, 1184385, 1, 0, 0
2761231, 983040, 1, 0, 0
2761481, 1146880, 1, 0, 0
2761731, 937638, 1, 0, 0
2761981, 1114112, 1, 0, 0
2762230, 1036337, 1, 0, 0
2762481, 835584, 1, 0, 0
2762731, 819200, 1, 0, 0
2762981, 1036337, 1, 0, 0
2763231, 950272, 1, 0, 0
2763481, 491520, 1, 0, 0
2763730, 740240, 1, 0, 0
2763981, 704512, 1, 0, 0
2764231, 507904, 1, 0, 0
2764480, 509943, 1, 0, 0
2764731, 491520, 1, 0, 0
2764981, 524288, 1, 0, 0
2765231, 442368, 1, 0, 0
2765481, 723791, 1, 0, 0
2765731, 1048576, 1, 0, 0
2765981, 884736, 1, 0, 0
2766231, 1233734, 1, 0, 0
2766481, 1146880, 1, 0, 0
2766731, 954088, 1, 0, 0
2766981, 1130496, 1, 0, 0
2767231, 1179648, 1, 0, 0
2767481, 1529831, 1, 0, 0
2767731, 1392640, 1, 0, 0
2767981, 822489, 1, 0, 0
2768231, 753664, 1, 0, 0
2768481, 1064960, 1, 0, 0
2768731, 1595630, 1, 0, 0
2768981, 376832, 1, 0, 0
2769231, 1441792, 1, 0, 0
2769481, 1085686, 1, 0, 0
2769731, 1572864, 1, 0, 0
2769980, 1135036, 1, 0, 0
2770231, 1916928, 1, 0, 0
2770481, 1146880, 1, 0, 0
2770731, 1628530, 1, 0, 0
2770981, 1736704, 1, 0, 0
2771231, 1064960, 1, 0, 0
2771481, 822489, 1, 0, 0
2771731, 655360, 1, 0, 0
2771981, 966656, 1, 0, 0
2772231, 1217285, 1, 0, 0
2772481, 1081344, 1, 0, 0
2772731, 606208, 1, 0, 0
2772981, 1135036, 1, 0, 0
2773231, 573440, 1, 0, 0
2773481, 1114112, 1, 0, 0
2773731, 1102136, 1, 0, 0
2773981, 802816, 1, 0, 0
2774231, 1032192, 1, 0, 0
2774481, 756690, 1, 0, 0
2774731, 524288, 1, 0, 0
2774981, 901120, 1, 0, 0
2775230, 1431132, 1, 0, 0
2775481, 1032192, 1, 0, 0
2775731, 851968, 1, 0, 0
2775980, 559293, 1, 0, 0
2776231, 1196032, 1, 0, 0
2776481, 573440, 1, 0, 0
2776730, 1398232, 1, 0, 0
2776981, 819200, 1, 0, 0
2777231, 1343488, 1, 0, 0
2777481, 1513381, 1, 0, 0
2777731, 1048576, 1, 0, 0
2777981, 1299534, 1, 0, 0
2778231, 1490944, 1, 0, 0
2778481, 1228800, 1, 0, 0
2778731, 1661429, 1, 0, 0
2778981, 1146880, 1, 0, 0
2779231, 1710779, 1, 0, 0
2779481, 1081344, 1, 0, 0
2779731, 966656, 1, 0, 0
2779981, 1529831, 1, 0, 0
2780231, 901120, 1, 0, 0
2780481, 1130496, 1, 0, 0
2780731, 1102136, 1, 0, 0
2780981, 1933312, 1, 0, 0
2781231, 1825927, 1, 0, 0
2781481, 1097728, 1, 0, 0
2781731, 966656, 1, 0, 0
2781980, 1431132, 1, 0, 0
2782231, 884736, 1, 0, 0
2782481, 557056, 1, 0, 0
2782730, 871839, 1, 0, 0
2782981, 1343488, 1, 0, 0
2783231, 671744, 1, 0, 0
2783481, 1891726, 1, 0, 0
2783731, 409600, 1, 0, 0
2783981, 1294336, 1, 0, 0
2784231, 888289, 1, 0, 0
2784481, 770048, 1, 0, 0
2784730, 1299534, 1, 0, 0
2784981, 1622016, 1, 0, 0
2785231, 1409024, 1, 0, 0
2785480, 1019887, 1, 0, 0
2785731, 1228800, 1, 0, 0
2785981, 999424, 1, 0, 0
2786231, 327680, 1, 0, 0
2786481, 1069236, 1, 0, 0
2786731, 1114112, 1, 0, 0
2786981, 921188, 1, 0, 0
2787231, 1294336, 1, 0, 0
2787480, 822489, 1, 0, 0
2787731, 655360, 1, 0, 0
2787981, 524288, 1, 0, 0
2788231, 1266634, 1, 0, 0
2788481, 786432, 1, 0, 0
2788731, 1015808, 1, 0, 0
2788981, 575742, 1, 0, 0
2789231, 212992, 1, 0, 0
2789481, 573440, 1, 0, 0
2789731, 559293, 1, 0, 0
2789981, 1097728, 1, 0, 0
2790231, 475136, 1, 0, 0
2790481, 773140, 1, 0, 0
2790731, 770048, 1, 0, 0
2790981, 425984, 1, 0, 0
2791230, 592192, 1, 0, 0
2791481, 737280, 1, 0, 0
2791731, 917504, 1, 0, 0
2791981, 786432, 1, 0, 0
2792231, 312546, 1, 0, 0
2792481, 704512, 1, 0, 0
2792730, 1414682, 1, 0, 0
2792981, 933888, 1, 0, 0
2793231, 786432, 1, 0, 0
2793481, 819200, 1, 0, 0
2793731, 509943, 1, 0, 0
2793981, 868352, 1, 0, 0
2794231, 802816, 1, 0, 0
2794480, 1315983, 1, 0, 0
2794731, 1048576, 1, 0, 0
2794981, 1015808, 1, 0, 0
2795230, 2023325, 1, 0, 0
2795481, 999424, 1, 0, 0
2795731, 1277952, 1, 0, 0
2795981, 1572864, 1, 0, 0
2796231, 2056224, 1, 0, 0
2796481, 1015808, 1, 0, 0
2796731, 1677879, 1, 0, 0
2796981, 901120, 1, 0, 0
2797232, 1507328, 1, 0, 0
2797481, 1546281, 1, 0, 0
2797731, 1507328, 1, 0, 0
2797981, 592192, 1, 0, 0
2798231, 1179648, 1, 0, 0
2798480, 822489, 1, 0, 0
2798731, 1032192, 1, 0, 0
2798981, 704512, 1, 0, 0
2799231, 1299534, 1, 0, 0
2799481, 884736, 1, 0, 0
2799731, 1703936, 1, 0, 0
2799981, 625092, 1, 0, 0
2800231, 1441792, 1, 0, 0
2800481, 1348883, 1, 0, 0
2800731, 1130496, 1, 0, 0
2800981, 638976, 1, 0, 0
2801231, 871839, 1, 0, 0
2801481, 163840, 1, 0, 0
2801731, 917504, 1, 0, 0
2801980, 1299534, 1, 0, 0
2802231, 720896, 1, 0, 0
2802481, 212992, 1, 0, 0
2802730, 921188, 1, 0, 0
2802981, 884736, 1, 0, 0
2803231, 655360, 1, 0, 0
2803481, 1332433, 1, 0, 0
2803731, 540672, 1, 0, 0
2803981, 1167935, 1, 0, 0
2804231, 1097728, 1, 0, 0
2804481, 671744, 1, 0, 0
2804731, 526393, 1, 0, 0
2804981, 671744, 1, 0, 0
2805231, 606208, 1, 0, 0
2805481, 690891, 1, 0, 0
2805731, 704512, 1, 0, 0
2805981, 573440, 1, 0, 0
2806231, 444144, 1, 0, 0
2806481, 1212416, 1, 0, 0
2806731, 1163264, 1, 0, 0
2806981, 394795, 1, 0, 0
2807231, 999424, 1, 0, 0
2807481, 1294336, 1, 0, 0
2807731, 444144, 1, 0, 0
2807981, 933888, 1, 0, 0
2808231, 1048576, 1, 0, 0
2808481, 559293, 1, 0, 0
2808731, 1261568, 1, 0, 0
2808980, 328995, 1, 0, 0
2809231, 1343488, 1, 0, 0
2809481, 933888, 1, 0, 0
2809730, 1546281, 1, 0, 0
2809981, 1064960, 1, 0, 0
2810231, 983040, 1, 0, 0
2810480, 937638, 1, 0, 0
2810731, 393216, 1, 0, 0
2810981, 802816, 1, 0, 0
2811230, 986987, 1, 0, 0
2811481, 901120, 1, 0, 0
2811731, 1933312, 1, 0, 0
2811981, 986987, 1, 0, 0
2812231, 638976, 1, 0, 0
2812480, 1496931, 1, 0, 0
2812731, 1294336, 1, 0, 0
2812981, 901120, 1, 0, 0
2813231, 1167935, 1, 0, 0
2813481, 983040, 1, 0, 0
2813730, 592192, 1, 0, 0
2813981, 606208, 1, 0, 0
2814231, 1146880, 1, 0, 0
2814481, 773140, 1, 0, 0
2814731, 737280, 1, 0, 0
2814981, 1441792, 1, 0, 0
2815231, 1480481, 1, 0, 0
2815481, 1179648, 1, 0, 0
2815731, 1458176, 1, 0, 0
2815981, 1052787, 1, 0, 0
2816231, 1458176, 1, 0, 0
2816481, 1135036, 1, 0, 0
2816731, 901120, 1, 0, 0
2816981, 835584, 1, 0, 0
2817231, 773140, 1, 0, 0
2817481, 671744, 1, 0, 0
2817731, 786432, 1, 0, 0
2817981, 427694, 1, 0, 0
2818231, 688128, 1, 0, 0
2818481, 966656, 1, 0, 0
2818731, 1217285, 1, 0, 0
2818981, 704512, 1, 0, 0
2819231, 1212416, 1, 0, 0
2819481, 773140, 1, 0, 0
2819731, 393216, 1, 0, 0
2819981, 1458176, 1, 0, 0
2820231, 1513381, 1, 0, 0
2820481, 950272, 1, 0, 0
2820731, 1048576, 1, 0, 0
2820981, 411244, 1, 0, 0
2821231, 1441792, 1, 0, 0
2821482, 1146880, 1, 0, 0
2821731, 1579180, 1, 0, 0
2821981, 1200835, 1, 0, 0
2822231, 1228800, 1, 0, 0
2822481, 1376256, 1, 0, 0
2822731, 493493, 1, 0, 0
2822981, 999424, 1, 0, 0
2823231, 2039775, 1, 0, 0
2823481, 1622016, 1, 0, 0
2823731, 1228800, 1, 0, 0
2823981, 1431132, 1, 0, 0
2824231, 2048000, 1, 0, 0
2824481, 1802240, 1, 0, 0
2824731, 690891, 1, 0, 0
2824981, 1081344, 1, 0, 0
2825231, 1130496, 1, 0, 0
2825481, 1546281, 1, 0, 0
2825731, 327680, 1, 0, 0
2825981, 1490944, 1, 0, 0
2826231, 1464032, 1, 0, 0
2826481, 999424, 1, 0, 0
2826731, 1146880, 1, 0, 0
2826981, 1085686, 1, 0, 0
2827231, 983040, 1, 0, 0
2827481, 770048, 1, 0, 0
2827731, 838939, 1, 0, 0
2827981, 1163264, 1, 0, 0
2828230, 1464032, 1, 0, 0
2828481, 868352, 1, 0, 0
2828731, 1130496, 1, 0, 0
2828980, 954088, 1, 0, 0
2829231, 983040, 1, 0, 0
2829481, 1835008, 1, 0, 0
2829731, 1365333, 1, 0, 0
2829981, 802816, 1, 0, 0
2830231, 622592, 1, 0, 0
2830480, 592192, 1, 0, 0
2830731, 983040, 1, 0, 0
2830981, 983040, 1, 0, 0
2831230, 1612080, 1, 0, 0
2831481, 737280, 1, 0, 0
2831731, 1671168, 1, 0, 0
2831981, 2171373, 1, 0, 0
2832231, 1130496, 1, 0, 0
2832481, 1409024, 1, 0, 0
2832731, 1332433, 1, 0, 0
2832981, 720896, 1, 0, 0
2833231, 1507328, 1, 0, 0
2833481, 921188, 1, 0, 0
2833731, 1179648, 1, 0, 0
2833981, 542843, 1, 0, 0
2834231, 2523136, 1, 0, 0
2834481, 1703936, 1, 0, 0
2834731, 1085686, 1, 0, 0
2834981, 1097728, 1, 0, 0
2835231, 1003437, 1, 0, 0
2835481, 1228800, 1, 0, 0
2835731, 1212416, 1, 0, 0
2835981, 888289, 1, 0, 0
2836231, 1032192, 1, 0, 0
2836480, 526393, 1, 0, 0
2836731, 622592, 1, 0, 0
2836981, 1376256, 1, 0, 0
2837231, 986987, 1, 0, 0
2837481, 1376256, 1, 0, 0
2837731, 622592, 1, 0, 0
2837981, 855389, 1, 0, 0
2838231, 950272, 1, 0, 0
2838481, 573440, 1, 0, 0
2838731, 1217285, 1, 0, 0
2838981, 1245184, 1, 0, 0
2839231, 1064960, 1, 0, 0
2839481, 1151485, 1, 0, 0
2839731, 1376256, 1, 0, 0
2839981, 753664, 1, 0, 0
2840231, 756690, 1, 0, 0
2840481, 1097728, 1, 0, 0
2840731, 1966080, 1, 0, 0
2840981, 740240, 1, 0, 0
2841231, 1048576, 1, 0, 0
2841482, 966656, 1, 0, 0
2841731, 1496931, 1, 0, 0
2841981, 1146880, 1, 0, 0
2842231, 904738, 1, 0, 0
2842481, 1228800, 1, 0, 0
2842731, 1842377, 1, 0, 0
2842981, 835584, 1, 0, 0
2843231, 2129920, 1, 0, 0
2843481, 1694329, 1, 0, 0
2843731, 1392640, 1, 0, 0
2843981, 1359872, 1, 0, 0
2844231, 1233734, 1, 0, 0
2844481, 753664, 1, 0, 0
2844730, 592192, 1, 0, 0
2844981, 1179648, 1, 0, 0
2845231, 835584, 1, 0, 0
2845481, 1283084, 1, 0, 0
2845731, 1622016, 1, 0, 0
2845981, 1884160, 1, 0, 0
2846231, 1381783, 1, 0, 0
2846481, 1212416, 1, 0, 0
2846730, 1102136, 1, 0, 0
2846981, 622592, 1, 0, 0
2847231, 1064960, 1, 0, 0
2847481, 1612080, 1, 0, 0
2847731, 1228800, 1, 0, 0
2847981, 1376256, 1, 0, 0
2848231, 1644979, 1, 0, 0
2848481, 786432, 1, 0, 0
2848731, 789590, 1, 0, 0
2848981, 901120, 1, 0, 0
2849231, 1130496, 1, 0, 0
2849481, 707341, 1, 0, 0
2849731, 786432, 1, 0, 0
2849981, 884736, 1, 0, 0
2850231, 1069236, 1, 0, 0
2850481, 671744, 1, 0, 0
2850731, 542843, 1, 0, 0
2850981, 1622016, 1, 0, 0
2851231, 1196032, 1, 0, 0
2851481, 1118586, 1, 0, 0
2851731, 1261568, 1, 0, 0
2851980, 641542, 1, 0, 0
2852231, 1097728, 1, 0, 0
2852481, 1425408, 1, 0, 0
2852730, 2039775, 1, 0, 0
2852981, 1114112, 1, 0, 0
2853231, 1638400, 1, 0, 0
2853481, 690891, 1, 0, 0
2853731, 1540096, 1, 0, 0
2853981, 1490944, 1, 0, 0
2854231, 1348883, 1, 0, 0
2854481, 1032192, 1, 0, 0
2854731, 1409024, 1, 0, 0
2854980, 822489, 1, 0, 0
2855231, 1687552, 1, 0, 0
2855481, 1359872, 1, 0, 0
2855730, 1151485, 1, 0, 0
2855981, 1310720, 1, 0, 0
2856231, 1638400, 1, 0, 0
2856481, 674441, 1, 0, 0
2856731, 2031616, 1, 0, 0
2856981, 770048, 1, 0, 0
2857231, 1743678, 1, 0, 0
2857481, 1277952, 1, 0, 0
2857731, 2122024, 1, 0, 0
2857981, 1884160, 1, 0, 0
2858231, 1785856, 1, 0, 0
2858481, 707341, 1, 0, 0
2858731, 1441792, 1, 0, 0
2858980, 1562730, 1, 0, 0
2859231, 573440, 1, 0, 0
2859481, 1048576, 1, 0, 0
2859731, 707341, 1, 0, 0
2859981, 524288, 1, 0, 0
2860232, 1048576, 1, 0, 0
2860481, 2319421, 1, 0, 0
2860731, 1589248, 1, 0, 0
2860981, 1299534, 1, 0, 0
2861231, 573440, 1, 0, 0
2861481, 999424, 1, 0, 0
2861731, 1595630, 1, 0, 0
2861981, 1081344, 1, 0, 0
2862231, 802816, 1, 0, 0
2862481, 1102136, 1, 0, 0
2862731, 1441792, 1, 0, 0
2862981, 1523712, 1, 0, 0
2863231, 1727228, 1, 0, 0
2863481, 1327104, 1, 0, 0
2863731, 1835008, 1, 0, 0
2863980, 592192, 1, 0, 0
2864231, 835584, 1, 0, 0
2864481, 1376256, 1, 0, 0
2864730, 1135036, 1, 0, 0
2864981, 1245184, 1, 0, 0
2865231, 1114112, 1, 0, 0
2865480, 1858827, 1, 0, 0
2865731, 1343488, 1, 0, 0
2865981, 1343488, 1, 0, 0
2866230, 740240, 1, 0, 0
2866481, 589824, 1, 0, 0
2866731, 1802240, 1, 0, 0
2866980, 1217285, 1, 0, 0
2867231, 966656, 1, 0, 0
2867481, 475136, 1, 0, 0
2867730, 838939, 1, 0, 0
2867981, 1736704, 1, 0, 0
2868231, 851968, 1, 0, 0
2868480, 575742, 1, 0, 0
2868731, 737280, 1, 0, 0
2868981, 1425408, 1, 0, 0
2869231, 1081344, 1, 0, 0
2869481, 986987, 1, 0, 0
2869731, 737280, 1, 0, 0
2869980, 411244, 1, 0, 0
2870231, 1359872, 1, 0, 0
2870481, 557056, 1, 0, 0
2870731, 393216, 1, 0, 0
2870981, 888289, 1, 0, 0
2871231, 573440, 1, 0, 0
2871482, 1064960, 1, 0, 0
2871731, 1151485, 1, 0, 0
2871981, 278528, 1, 0, 0
2872231, 904738, 1, 0, 0
2872481, 786432, 1, 0, 0
2872731, 1283084, 1, 0, 0
2872981, 1605632, 1, 0, 0
2873231, 917504, 1, 0, 0
2873481, 625092, 1, 0, 0
2873731, 638976, 1, 0, 0
2873981, 884736, 1, 0, 0
2874231, 855389, 1, 0, 0
2874481, 376832, 1, 0, 0
2874731, 688128, 1, 0, 0
2874981, 1710779, 1, 0, 0
2875231, 1556480, 1, 0, 0
2875480, 1595630, 1, 0, 0
2875731, 655360, 1, 0, 0
2875981, 688128, 1, 0, 0
2876230, 1003437, 1, 0, 0
2876481, 2113536, 1, 0, 0
2876731, 1425408, 1, 0, 0
2876980, 1398232, 1, 0, 0
2877231, 1507328, 1, 0, 0
2877481, 1097728, 1, 0, 0
2877731, 657991, 1, 0, 0
2877981, 884736, 1, 0, 0
2878231, 1414682, 1, 0, 0
2878481, 884736, 1, 0, 0
2878731, 1310720, 1, 0, 0
2878981, 1480481, 1, 0, 0
2879231, 1835008, 1, 0, 0
2879481, 1003437, 1, 0, 0
2879731, 1310720, 1, 0, 0
2879981, 1179648, 1, 0, 0
2880231, 1398232, 1, 0, 0
2880481, 1851392, 1, 0, 0
2880731, 884736, 1, 0, 0
2880981, 592192, 1, 0, 0
2881231, 819200, 1, 0, 0
2881480, 1052787, 1, 0, 0
2881731, 1146880, 1, 0, 0
2881981, 409600, 1, 0, 0
2882230, 213847, 1, 0, 0
2882481, 655360, 1, 0, 0
2882731, 1064960, 1, 0, 0
2882980, 806040, 1, 0, 0
2883231, 901120, 1, 0, 0
2883481, 1081344, 1, 0, 0
2883730, 1398232, 1, 0, 0
2883981, 1540096, 1, 0, 0
2884231, 1196032, 1, 0, 0
2884481, 1414682, 1, 0, 0
2884731, 573440, 1, 0, 0
2884981, 1179648, 1, 0, 0
2885231, 1579180, 1, 0, 0
2885481, 409600, 1, 0, 0
2885731, 819200, 1, 0, 0
2885981, 608642, 1, 0, 0
2886231, 1097728, 1, 0, 0
2886481, 802816, 1, 0, 0
2886731, 756690, 1, 0, 0
2886981, 1277952, 1, 0, 0
2887231, 2105574, 1, 0, 0
2887481, 1064960, 1, 0, 0
2887732, 1081344, 1, 0, 0
2887981, 954088, 1, 0, 0
2888231, 1015808, 1, 0, 0
2888481, 2138473, 1, 0, 0
2888731, 1048576, 1, 0, 0
2888980, 756690, 1, 0, 0
2889231, 573440, 1, 0, 0
2889481, 1277952, 1, 0, 0
2889730, 625092, 1, 0, 0
2889981, 507904, 1, 0, 0
2890231, 344064, 1, 0, 0
2890480, 460594, 1, 0, 0
2890731, 1097728, 1, 0, 0
2890981, 753664, 1, 0, 0
2891231, 674441, 1, 0, 0
2891481, 442368, 1, 0, 0
2891731, 81920, 1, 0, 0
2891980, 970538, 1, 0, 0
2892231, 196608, 1, 0, 0
2892481, 868352, 1, 0, 0
2892730, 838939, 1, 0, 0
2892981, 1015808, 1, 0, 0
2893231, 524288, 1, 0, 0
2893481, 344064, 1, 0, 0
2893731, 65799, 1, 0, 0
2893981, 376832, 1, 0, 0
2894231, 884736, 1, 0, 0
2894480, 296096, 1, 0, 0
2894731, 49152, 1, 0, 0
2894981, 589824, 1, 0, 0
2895231, 1032192, 1, 0, 0
2895481, 723791, 1, 0, 0
2895731, 1048576, 1, 0, 0
2895981, 524288, 1, 0, 0
2896231, 477044, 1, 0, 0
2896481, 491520, 1, 0, 0
2896731, 622592, 1, 0, 0
2896981, 773140, 1, 0, 0
2897231, 294912, 1, 0, 0
2897480, 921188, 1, 0, 0
2897731, 704512, 1, 0, 0
2897981, 933888, 1, 0, 0
2898231, 230297, 1, 0, 0
2898481, 770048, 1, 0, 0
2898731, 622592, 1, 0, 0
2898981, 296096, 1, 0, 0
2899231, 344064, 1, 0, 0
2899481, 180224, 1, 0, 0
2899730, 279646, 1, 0, 0
2899981, 507904, 1, 0, 0
2900231, 409600, 1, 0, 0
2900481, 835584, 1, 0, 0
2900731, 937638, 1, 0, 0
2900981, 720896, 1, 0, 0
2901230, 1283084, 1, 0, 0
2901481, 983040, 1, 0, 0
2901731, 737280, 1, 0, 0
2901980, 509943, 1, 0, 0
2902231, 589824, 1, 0, 0
2902481, 688128, 1, 0, 0
2902730, 789590, 1, 0, 0
2902981, 622592, 1, 0, 0
2903231, 950272, 1, 0, 0
2903480, 740240, 1, 0, 0
2903731, 622592, 1, 0, 0
2903981, 507904, 1, 0, 0
2904231, 1146880, 1, 0, 0
2904481, 460594, 1, 0, 0
2904731, 802816, 1, 0, 0
2904981, 933888, 1, 0, 0
2905231, 411244, 1, 0, 0
2905481, 638976, 1, 0, 0
2905731, 393216, 1, 0, 0
2905981, 838939, 1, 0, 0
2906231, 1032192, 1, 0, 0
2906482, 868352, 1, 0, 0
2906731, 641542, 1, 0, 0
2906981, 835584, 1, 0, 0
2907231, 871839, 1, 0, 0
2907481, 638976, 1, 0, 0
2907731, 674441, 1, 0, 0
2907981, 655360, 1, 0, 0
2908231, 786432, 1, 0, 0
2908481, 625092, 1, 0, 0
2908731, 1114112, 1, 0, 0
2908981, 720896, 1, 0, 0
2909231, 427694, 1, 0, 0
2909481, 294912, 1, 0, 0
2909730, 394795, 1, 0, 0
2909981, 901120, 1, 0, 0
2910231, 704512, 1, 0, 0
2910481, 573440, 1, 0, 0
2910731, 575742, 1, 0, 0
2910981, 196608, 1, 0, 0
2911231, 458752, 1, 0, 0
2911481, 806040, 1, 0, 0
2911731, 98304, 1, 0, 0
2911981, 294912, 1, 0, 0
2912230, 98698, 1, 0, 0
2912481, 688128, 1, 0, 0
2912731, 212992, 1, 0, 0
2912981, 376832, 1, 0, 0
2913231, 608642, 1, 0, 0
2913481, 311296, 1, 0, 0
2913731, 360448, 1, 0, 0
2913980, 657991, 1, 0, 0
2914231, 311296, 1, 0, 0
2914481, 409600, 1, 0, 0
2914730, 641542, 1, 0, 0
2914981, 196608, 1, 0, 0
2915231, 409600, 1, 0, 0
2915481, 753664, 1, 0, 0
2915730, 460594, 1, 0, 0
2915981, 835584, 1, 0, 0
2916231, 917504, 1, 0, 0
2916481, 526393, 1, 0, 0
2916731, 212992, 1, 0, 0
2916981, 493493, 1, 0, 0
2917231, 671744, 1, 0, 0
2917481, 573440, 1, 0, 0
2917731, 657991, 1, 0, 0
2917981, 1097728, 1, 0, 0
2918231, 526393, 1, 0, 0
2918481, 1081344, 1, 0, 0
2918731, 196608, 1, 0, 0
2918981, 806040, 1, 0, 0
2919231, 671744, 1, 0, 0
2919481, 1015808, 1, 0, 0
2919731, 986987, 1, 0, 0
2919981, 327680, 1, 0, 0
2920230, 707341, 1, 0, 0
2920481, 655360, 1, 0, 0
2920731, 229376, 1, 0, 0
2920980, 575742, 1, 0, 0
2921231, 835584, 1, 0, 0
2921481, 409600, 1, 0, 0
2921730, 608642, 1, 0, 0
2921981, 589824, 1, 0, 0
2922231, 753664, 1, 0, 0
2922480, 608642, 1, 0, 0
2922731, 425984, 1, 0, 0
2922981, 278528, 1, 0, 0
2923231, 884736, 1, 0, 0
2923481, 1036337, 1, 0, 0
2923731, 884736, 1, 0, 0
2923981, 802816, 1, 0, 0
2924231, 740240, 1, 0, 0
2924481, 1081344, 1, 0, 0
2924731, 819200, 1, 0, 0
2924981, 1480481, 1, 0, 0
2925231, 655360, 1, 0, 0
2925481, 1097728, 1, 0, 0
2925730, 1398232, 1, 0, 0
2925981, 917504, 1, 0, 0
2926231, 966656, 1, 0, 0
2926481, 838939, 1, 0, 0
2926731, 1048576, 1, 0, 0
2926981, 1097728, 1, 0, 0
2927231, 1562730, 1, 0, 0
2927481, 1245184, 1, 0, 0
2927731, 1069236, 1, 0, 0
2927981, 868352, 1, 0, 0
2928231, 802816, 1, 0, 0
2928481, 1315983, 1, 0, 0
2928731, 1179648, 1, 0, 0
2928981, 475136, 1, 0, 0
2929231, 806040, 1, 0, 0
2929481, 950272, 1, 0, 0
2929730, 477044, 1, 0, 0
2929981, 491520, 1, 0, 0
2930231, 786432, 1, 0, 0
2930481, 720896, 1, 0, 0
2930731, 592192, 1, 0, 0
2930981, 606208, 1, 0, 0
2931231, 622592, 1, 0, 0
2931481, 180947, 1, 0, 0
2931731, 688128, 1, 0, 0
2931981, 425984, 1, 0, 0
2932231, 312546, 1, 0, 0
2932481, 573440, 1, 0, 0
2932731, 327680, 1, 0, 0
2932980, 378345, 1, 0, 0
2933231, 917504, 1, 0, 0
2933481, 1064960, 1, 0, 0
2933730, 477044, 1, 0, 0
2933981, 1081344, 1, 0, 0
2934231, 557056, 1, 0, 0
2934481, 690891, 1, 0, 0
2934731, 819200, 1, 0, 0
2934981, 212992, 1, 0, 0
2935230, 460594, 1, 0, 0
2935481, 671744, 1, 0, 0
2935731, 704512, 1, 0, 0
2935980, 756690, 1, 0, 0
2936231, 638976, 1, 0, 0
2936481, 540672, 1, 0, 0
2936731, 690891, 1, 0, 0
2936981, 1048576, 1, 0, 0
2937231, 409600, 1, 0, 0
2937481, 1102136, 1, 0, 0
2937731, 835584, 1, 0, 0
2937980, 855389, 1, 0, 0
2938231, 737280, 1, 0, 0
2938481, 1179648, 1, 0, 0
2938730, 1793028, 1, 0, 0
2938981, 753664, 1, 0, 0
2939231, 294912, 1, 0, 0
2939480, 1233734, 1, 0, 0
2939731, 933888, 1, 0, 0
2939981, 360448, 1, 0, 0
2940231, 622592, 1, 0, 0
2940481, 657991, 1, 0, 0
2940731, 393216, 1, 0, 0
2940981, 802816, 1, 0, 0
2941231, 477044, 1, 0, 0
2941481, 311296, 1, 0, 0
2941731, 540672, 1, 0, 0
2941981, 296096, 1, 0, 0
2942231, 524288, 1, 0, 0
2942481, 442368, 1, 0, 0
2942731, 1085686, 1, 0, 0
2942981, 983040, 1, 0, 0
2943231, 655360, 1, 0, 0
2943481, 1069236, 1, 0, 0
2943731, 1196032, 1, 0, 0
2943980, 509943, 1, 0, 0
2944231, 1245184, 1, 0, 0
2944481, 1245184, 1, 0, 0
2944730, 1085686, 1, 0, 0
2944981, 573440, 1, 0, 0
2945231, 917504, 1, 0, 0
2945481, 819200, 1, 0, 0
2945731, 197397, 1, 0, 0
2945981, 114688, 1, 0, 0
2946231, 491520, 1, 0, 0
2946480, 986987, 1, 0, 0
2946731, 212992, 1, 0, 0
2946981, 196608, 1, 0, 0
2947231, 427694, 1, 0, 0
2947481, 999424, 1, 0, 0
2947731, 720896, 1, 0, 0
2947981, 641542, 1, 0, 0
2948231, 770048, 1, 0, 0
2948481, 917504, 1, 0, 0
2948731, 838939, 1, 0, 0
2948981, 737280, 1, 0, 0
2949230, 378345, 1, 0, 0
2949481, 720896, 1, 0, 0
2949731, 819200, 1, 0, 0
2949980, 674441, 1, 0, 0
2950231, 589824, 1, 0, 0
2950481, 524288, 1, 0, 0
2950730, 871839, 1, 0, 0
2950981, 868352, 1, 0, 0
2951231, 1212416, 1, 0, 0
2951480, 1315983, 1, 0, 0
2951731, 1835008, 1, 0, 0
2951981, 1261568, 1, 0, 0
2952231, 411244, 1, 0, 0
2952481, 1294336, 1, 0, 0
2952731, 884736, 1, 0, 0
2952981, 1003437, 1, 0, 0
2953231, 1310720, 1, 0, 0
2953481, 458752, 1, 0, 0
2953730, 871839, 1, 0, 0
2953981, 802816, 1, 0, 0
2954231, 393216, 1, 0, 0
2954480, 723791, 1, 0, 0
2954731, 524288, 1, 0, 0
2954981, 1064960, 1, 0, 0
2955230, 592192, 1, 0, 0
2955481, 720896, 1, 0, 0
2955731, 720896, 1, 0, 0
2955981, 753664, 1, 0, 0
2956231, 1118586, 1, 0, 0
2956481, 835584, 1, 0, 0
2956731, 753664, 1, 0, 0
2956981, 559293, 1, 0, 0
2957231, 933888, 1, 0, 0
2957481, 526393, 1, 0, 0
2957731, 294912, 1, 0, 0
2957981, 819200, 1, 0, 0
2958231, 493493, 1, 0, 0
2958481, 720896, 1, 0, 0
2958730, 1019887, 1, 0, 0
2958981, 393216, 1, 0, 0
2959231, 1048576, 1, 0, 0
2959480, 625092, 1, 0, 0
2959731, 409600, 1, 0, 0
2959981, 753664, 1, 0, 0
2960230, 394795, 1, 0, 0
2960481, 1343488, 1, 0, 0
2960731, 983040, 1, 0, 0
2960980, 822489, 1, 0, 0
2961231, 983040, 1, 0, 0
2961481, 1081344, 1, 0, 0
2961730, 115148, 1, 0, 0
2961981, 704512, 1, 0, 0
2962231, 1376256, 1, 0, 0
2962481, 999424, 1, 0, 0
2962731, 1167935, 1, 0, 0
2962981, 655360, 1, 0, 0
2963231, 458752, 1, 0, 0
2963481, 526393, 1, 0, 0
2963731, 868352, 1, 0, 0
2963981, 458752, 1, 0, 0
2964230, 592192, 1, 0, 0
2964481, 606208, 1, 0, 0
2964731, 212992, 1, 0, 0
2964980, 921188, 1, 0, 0
2965231, 606208, 1, 0, 0
2965481, 507904, 1, 0, 0
2965730, 740240, 1, 0, 0
2965981, 933888, 1, 0, 0
2966231, 1474560, 1, 0, 0
2966480, 1381783, 1, 0, 0
2966731, 671744, 1, 0, 0
2966981, 294912, 1, 0, 0
2967231, 622592, 1, 0, 0
2967481, 1052787, 1, 0, 0
2967731, 196608, 1, 0, 0
2967980, 312546, 1, 0, 0
2968231, 458752, 1, 0, 0
2968481, 720896, 1, 0, 0
2968731, 197397, 1, 0, 0
2968981, 950272, 1, 0, 0
2969231, 147456, 1, 0, 0
2969481, 1365333, 1, 0, 0
2969731, 868352, 1, 0, 0
2969981, 475136, 1, 0, 0
2970231, 575742, 1, 0, 0
2970481, 737280, 1, 0, 0
2970730, 641542, 1, 0, 0
2970981, 475136, 1, 0, 0
2971231, 557056, 1, 0, 0
2971481, 180947, 1, 0, 0
2971731, 622592, 1, 0, 0
2971981, 409600, 1, 0, 0
2972230, 296096, 1, 0, 0
2972481, 409600, 1, 0, 0
2972731, 606208, 1, 0, 0
2972981, 361895, 1, 0, 0
2973231, 393216, 1, 0, 0
2973481, 524288, 1, 0, 0
2973731, 378345, 1, 0, 0
2973981, 606208, 1, 0, 0
2974231, 524288, 1, 0, 0
2974481, 444144, 1, 0, 0
2974731, 704512, 1, 0, 0
2974981, 737280, 1, 0, 0
2975231, 246746, 1, 0, 0
2975481, 704512, 1, 0, 0
2975731, 212992, 1, 0, 0
2975981, 592192, 1, 0, 0
2976231, 753664, 1, 0, 0
2976481, 524288, 1, 0, 0
2976731, 82248, 1, 0, 0
2976981, 475136, 1, 0, 0
2977230, 740240, 1, 0, 0
2977481, 262144, 1, 0, 0
2977731, 720896, 1, 0, 0
2977980, 575742, 1, 0, 0
2978231, 524288, 1, 0, 0
2978481, 589824, 1, 0, 0
2978731, 394795, 1, 0, 0
2978981, 540672, 1, 0, 0
2979231, 589824, 1, 0, 0
2979480, 394795, 1, 0, 0
2979731, 409600, 1, 0, 0
2979981, 409600, 1, 0, 0
2980230, 542843, 1, 0, 0
2980481, 393216, 1, 0, 0
2980731, 1228800, 1, 0, 0
2980980, 296096, 1, 0, 0
2981231, 507904, 1, 0, 0
2981481, 409600, 1, 0, 0
2981730, 263196, 1, 0, 0
2981981, 557056, 1, 0, 0
2982231, 573440, 1, 0, 0
2982481, 737280, 1, 0, 0
2982731, 213847, 1, 0, 0
2982981, 688128, 1, 0, 0
2983231, 409600, 1, 0, 0
2983481, 625092, 1, 0, 0
2983731, 671744, 1, 0, 0
2983981, 606208, 1, 0, 0
2984230, 740240, 1, 0, 0
2984481, 376832, 1, 0, 0
2984731, 131072, 1, 0, 0
2984980, 411244, 1, 0, 0
2985231, 704512, 1, 0, 0
2985481, 458752, 1, 0, 0
2985731, 557056, 1, 0, 0
2985981, 921188, 1, 0, 0
2986231, 720896, 1, 0, 0
2986481, 475136, 1, 0, 0
2986731, 493493, 1, 0, 0
2986981, 475136, 1, 0, 0
2987231, 444144, 1, 0, 0
2987481, 802816, 1, 0, 0
2987732, 983040, 1, 0, 0
2987981, 526393, 1, 0, 0
2988231, 458752, 1, 0, 0
2988481, 296096, 1, 0, 0
2988731, 229376, 1, 0, 0
2988981, 524288, 1, 0, 0
2989230, 427694, 1, 0, 0
2989481, 524288, 1, 0, 0
2989731, 704512, 1, 0, 0
2989981, 851968, 1, 0, 0
2990231, 1085686, 1, 0, 0
2990481, 671744, 1, 0, 0
2990730, 1052787, 1, 0, 0
2990981, 901120, 1, 0, 0
2991231, 1048576, 1, 0, 0
2991480, 575742, 1, 0, 0
2991731, 507904, 1, 0, 0
2991981, 491520, 1, 0, 0
2992230, 542843, 1, 0, 0
2992481, 851968, 1, 0, 0
2992731, 606208, 1, 0, 0
2992980, 608642, 1, 0, 0
2993231, 196608, 1, 0, 0
2993481, 212992, 1, 0, 0
2993730, 493493, 1, 0, 0
2993981, 786432, 1, 0, 0
2994231, 1064960, 1, 0, 0
2994481, 720896, 1, 0, 0
2994731, 361895, 1, 0, 0
2994981, 1032192, 1, 0, 0
2995231, 1359872, 1, 0, 0
2995481, 1661429, 1, 0, 0
2995731, 671744, 1, 0, 0
2995981, 917504, 1, 0, 0
2996231, 1431132, 1, 0, 0
2996481, 1245184, 1, 0, 0
2996731, 1097728, 1, 0, 0
2996981, 657991, 1, 0, 0
2997231, 491520, 1, 0, 0
2997480, 1069236, 1, 0, 0
2997731, 294912, 1, 0, 0
2997981, 360448, 1, 0, 0
2998231, 1496931, 1, 0, 0
2998481, 753664, 1, 0, 0
2998731, 704512, 1, 0, 0
2998981, 657991, 1, 0, 0
2999231, 671744, 1, 0, 0
2999481, 819200, 1, 0, 0
2999730, 509943, 1, 0, 0
2999981, 311296, 1, 0, 0
3000231, 344064, 1, 0, 0
3000480, 493493, 1, 0, 0
3000731, 688128, 1, 0, 0
3000981, 1097728, 1, 0, 0
3001231, 427694, 1, 0, 0
3001481, 507904, 1, 0, 0
3001731, 409600, 1, 0, 0
3001980, 460594, 1, 0, 0
3002231, 884736, 1, 0, 0
3002481, 409600, 1, 0, 0
3002730, 838939, 1, 0, 0
3002981, 868352, 1, 0, 0
3003231, 557056, 1, 0, 0
3003481, 753664, 1, 0, 0
3003731, 838939, 1, 0, 0
3003981, 1048576, 1, 0, 0
3004231, 589824, 1, 0, 0
3004480, 493493, 1, 0, 0
3004731, 442368, 1, 0, 0
3004981, 1032192, 1, 0, 0
3005230, 411244, 1, 0, 0
3005481, 196608, 1, 0, 0
3005731, 540672, 1, 0, 0
3005980, 1299534, 1, 0, 0
3006231, 1163264, 1, 0, 0
3006481, 409600, 1, 0, 0
3006731, 641542, 1, 0, 0
3006981, 589824, 1, 0, 0
3007231, 411244, 1, 0, 0
3007481, 524288, 1, 0, 0
3007731, 442368, 1, 0, 0
3007981, 164497, 1, 0, 0
3008231, 1015808, 1, 0, 0
3008481, 376832, 1, 0, 0
3008731, 328995, 1, 0, 0
3008981, 1146880, 1, 0, 0
3009231, 1048576, 1, 0, 0
3009481, 657991, 1, 0, 0
3009731, 507904, 1, 0, 0
3009981, 393216, 1, 0, 0
3010231, 954088, 1, 0, 0
3010481, 966656, 1, 0, 0
3010731, 475136, 1, 0, 0
3010981, 509943, 1, 0, 0
3011231, 999424, 1, 0, 0
3011481, 1179648, 1, 0, 0
3011731, 1036337, 1, 0, 0
3011981, 458752, 1, 0, 0
3012231, 1015808, 1, 0, 0
3012481, 625092, 1, 0, 0
3012731, 622592, 1, 0, 0
3012981, 786432, 1, 0, 0
3013231, 509943, 1, 0, 0
3013481, 966656, 1, 0, 0
3013731, 1842377, 1, 0, 0
3013981, 1114112, 1, 0, 0
3014231, 655360, 1, 0, 0
3014481, 1233734, 1, 0, 0
3014731, 1277952, 1, 0, 0
3014980, 690891, 1, 0, 0
3015231, 704512, 1, 0, 0
3015481, 1490944, 1, 0, 0
3015730, 822489, 1, 0, 0
3015981, 884736, 1, 0, 0
3016231, 655360, 1, 0, 0
3016480, 542843, 1, 0, 0
3016731, 491520, 1, 0, 0
3016981, 327680, 1, 0, 0
3017230, 773140, 1, 0, 0
3017481, 966656, 1, 0, 0
3017731, 638976, 1, 0, 0
3017981, 475136, 1, 0, 0
3018231, 1036337, 1, 0, 0
3018481, 638976, 1, 0, 0
3018730, 575742, 1, 0, 0
3018981, 1032192, 1, 0, 0
3019231, 983040, 1, 0, 0
3019480, 674441, 1, 0, 0
3019731, 524288, 1, 0, 0
3019981, 327680, 1, 0, 0
3020231, 786432, 1, 0, 0
3020481, 1266634, 1, 0, 0
3020731, 1048576, 1, 0, 0
3020981, 868352, 1, 0, 0
3021231, 822489, 1, 0, 0
3021481, 851968, 1, 0, 0
3021731, 1431132, 1, 0, 0
3021981, 524288, 1, 0, 0
3022231, 625092, 1, 0, 0
3022481, 1097728, 1, 0, 0
3022731, 1441792, 1, 0, 0
3022981, 1332433, 1, 0, 0
3023231, 1589248, 1, 0, 0
3023481, 868352, 1, 0, 0
3023731, 1908176, 1, 0, 0
3023981, 950272, 1, 0, 0
3024231, 819200, 1, 0, 0
3024480, 954088, 1, 0, 0
3024731, 1228800, 1, 0, 0
3024981, 1064960, 1, 0, 0
3025230, 986987, 1, 0, 0
3025481, 540672, 1, 0, 0
3025731, 1392640, 1, 0, 0
3025980, 871839, 1, 0, 0
3026231, 802816, 1, 0, 0
3026481, 2097152, 1, 0, 0
3026730, 723791, 1, 0, 0
3026981, 917504, 1, 0, 0
3027231, 704512, 1, 0, 0
3027480, 690891, 1, 0, 0
3027731, 1114112, 1, 0, 0
3027981, 1064960, 1, 0, 0
3028230, 641542, 1, 0, 0
3028481, 491520, 1, 0, 0
3028731, 983040, 1, 0, 0
3028980, 674441, 1, 0, 0
3029231, 442368, 1, 0, 0
3029481, 819200, 1, 0, 0
3029730, 312546, 1, 0, 0
3029981, 868352, 1, 0, 0
3030231, 589824, 1, 0, 0
3030481, 868352, 1, 0, 0
3030731, 608642, 1, 0, 0
3030981, 802816, 1, 0, 0
3031231, 376832, 1, 0, 0
3031481, 575742, 1, 0, 0
3031731, 688128, 1, 0, 0
3031981, 950272, 1, 0, 0
3032230, 394795, 1, 0, 0
3032481, 393216, 1, 0, 0
3032731, 819200, 1, 0, 0
3032980, 1184385, 1, 0, 0
3033231, 1327104, 1, 0, 0
3033481, 966656, 1, 0, 0
3033730, 740240, 1, 0, 0
3033981, 1425408, 1, 0, 0
3034231, 475136, 1, 0, 0
3034481, 933888, 1, 0, 0
3034731, 690891, 1, 0, 0
3034981, 1015808, 1, 0, 0
3035231, 1409024, 1, 0, 0
3035481, 773140, 1, 0, 0
3035731, 770048, 1, 0, 0
3035981, 1048576, 1, 0, 0
3036230, 1085686, 1, 0, 0
3036481, 704512, 1, 0, 0
3036731, 770048, 1, 0, 0
3036981, 888289, 1, 0, 0
3037231, 622592, 1, 0, 0
3037481, 311296, 1, 0, 0
3037731, 838939, 1, 0, 0
3037981, 917504, 1, 0, 0
3038231, 1184385, 1, 0, 0
3038481, 1261568, 1, 0, 0
3038730, 394795, 1, 0, 0
3038981, 196608, 1, 0, 0
3039231, 720896, 1, 0, 0
3039481, 327680, 1, 0, 0
3039731, 411244, 1, 0, 0
3039981, 950272, 1, 0, 0
3040232, 540672, 1, 0, 0
3040481, 641542, 1, 0, 0
3040731, 802816, 1, 0, 0
3040981, 493493, 1, 0, 0
3041231, 1425408, 1, 0, 0
3041481, 901120, 1, 0, 0
3041731, 756690, 1, 0, 0
3041981, 540672, 1, 0, 0
3042230, 723791, 1, 0, 0
3042481, 1032192, 1, 0, 0
3042731, 999424, 1, 0, 0
3042980, 296096, 1, 0, 0
3043231, 1196032, 1, 0, 0
3043481, 770048, 1, 0, 0
3043730, 1036337, 1, 0, 0
3043981, 1359872, 1, 0, 0
3044231, 999424, 1, 0, 0
3044481, 1277952, 1, 0, 0
3044731, 921188, 1, 0, 0
3044981, 1081344, 1, 0, 0
3045231, 1130496, 1, 0, 0
3045481, 838939, 1, 0, 0
3045731, 409600, 1, 0, 0
3045981, 671744, 1, 0, 0
3046231, 1299534, 1, 0, 0
3046481, 950272, 1, 0, 0
3046731, 1277952, 1, 0, 0
3046981, 970538, 1, 0, 0
3047231, 1097728, 1, 0, 0
3047482, 1261568, 1, 0, 0
3047731, 542843, 1, 0, 0
3047981, 475136, 1, 0, 0
3048231, 1184385, 1, 0, 0
3048481, 983040, 1, 0, 0
3048730, 263196, 1, 0, 0
3048981, 557056, 1, 0, 0
3049231, 704512, 1, 0, 0
3049481, 1167935, 1, 0, 0
3049731, 606208, 1, 0, 0
3049981, 802816, 1, 0, 0
3050231, 1414682, 1, 0, 0
3050481, 557056, 1, 0, 0
3050731, 606208, 1, 0, 0
3050981, 690891, 1, 0, 0
3051231, 901120, 1, 0, 0
3051481, 786432, 1, 0, 0
3051731, 1348883, 1, 0, 0
3051981, 622592, 1, 0, 0
3052231, 1245184, 1, 0, 0
3052481, 1496931, 1, 0, 0
3052731, 1146880, 1, 0, 0
3052981, 1228800, 1, 0, 0
3053231, 822489, 1, 0, 0
3053481, 720896, 1, 0, 0
3053730, 641542, 1, 0, 0
3053981, 622592, 1, 0, 0
3054231, 983040, 1, 0, 0
3054480, 822489, 1, 0, 0
3054731, 409600, 1, 0, 0
3054981, 589824, 1, 0, 0
3055230, 740240, 1, 0, 0
3055481, 1556480, 1, 0, 0
3055731, 1146880, 1, 0, 0
3055982, 1097728, 1, 0, 0
3056231, 921188, 1, 0, 0
3056481, 1048576, 1, 0, 0
3056731, 838939, 1, 0, 0
3056981, 1130496, 1, 0, 0
3057230, 509943, 1, 0, 0
3057481, 622592, 1, 0, 0
3057731, 688128, 1, 0, 0
3057980, 773140, 1, 0, 0
3058231, 704512, 1, 0, 0
3058481, 720896, 1, 0, 0
3058730, 312546, 1, 0, 0
3058981, 425984, 1, 0, 0
3059231, 966656, 1, 0, 0
3059480, 378345, 1, 0, 0
3059731, 933888, 1, 0, 0
3059981, 278528, 1, 0, 0
3060230, 444144, 1, 0, 0
3060481, 294912, 1, 0, 0
3060731, 114688, 1, 0, 0
3060980, 575742, 1, 0, 0
3061231, 0, 1, 0, 0
3061481, 524288, 1, 0, 0
3061731, 311296, 1, 0, 0
3061980, 937638, 1, 0, 0
3062231, 393216, 1, 0, 0
3062481, 606208, 1, 0, 0
3062730, 0, 1, 0, 0
3062981, 507904, 1, 0, 0
3063231, 524288, 1, 0, 0
3063481, 409600, 1, 0, 0
3063730, 115148, 1, 0, 0
3063981, 802816, 1, 0, 0
3064231, 638976, 1, 0, 0
3064480, 131598, 1, 0, 0
3064731, 376832, 1, 0, 0
3064981, 606208, 1, 0, 0
3065231, 688128, 1, 0, 0
3065481, 460594, 1, 0, 0
3065731, 442368, 1, 0, 0
3065981, 606208, 1, 0, 0
3066231, 740240, 1, 0, 0
3066481, 589824, 1, 0, 0
3066731, 1299534, 1, 0, 0
3066981, 180224, 1, 0, 0
3067231, 802816, 1, 0, 0
3067481, 1052787, 1, 0, 0
3067731, 425984, 1, 0, 0
3067980, 279646, 1, 0, 0
3068231, 753664, 1, 0, 0
3068481, 786432, 1, 0, 0
3068731, 937638, 1, 0, 0
3068981, 475136, 1, 0, 0
3069231, 1163264, 1, 0, 0
3069481, 871839, 1, 0, 0
3069731, 638976, 1, 0, 0
3069981, 361895, 1, 0, 0
3070231, 802816, 1, 0, 0
3070481, 294912, 1, 0, 0
3070731, 542843, 1, 0, 0
3070981, 442368, 1, 0, 0
3071230, 394795, 1, 0, 0
3071481, 786432, 1, 0, 0
3071731, 524288, 1, 0, 0
3071981, 540672, 1, 0, 0
3072231, 509943, 1, 0, 0
3072481, 131072, 1, 0, 0
3072730, 509943, 1, 0, 0
3072981, 409600, 1, 0, 0
3073231, 589824, 1, 0, 0
3073481, 606208, 1, 0, 0
3073731, 806040, 1, 0, 0
3073981, 819200, 1, 0, 0
3074231, 606208, 1, 0, 0
3074480, 674441, 1, 0, 0
3074731, 622592, 1, 0, 0
3074981, 638976, 1, 0, 0
3075231, 690891, 1, 0, 0
3075481, 704512, 1, 0, 0
3075731, 524288, 1, 0, 0
3075981, 723791, 1, 0, 0
3076231, 704512, 1, 0, 0
3076481, 835584, 1, 0, 0
3076731, 526393, 1, 0, 0
3076981, 491520, 1, 0, 0
3077231, 720896, 1, 0, 0
3077481, 657991, 1, 0, 0
3077731, 573440, 1, 0, 0
3077980, 345445, 1, 0, 0
3078231, 655360, 1, 0, 0
3078481, 294912, 1, 0, 0
3078730, 1085686, 1, 0, 0
3078981, 671744, 1, 0, 0
3079231, 294912, 1, 0, 0
3079481, 819200, 1, 0, 0
3079731, 1036337, 1, 0, 0
3079981, 851968, 1, 0, 0
3080231, 442368, 1, 0, 0
3080481, 1381783, 1, 0, 0
3080731, 688128, 1, 0, 0
3080981, 1409024, 1, 0, 0
3081231, 1184385, 1, 0, 0
3081481, 1163264, 1, 0, 0
3081731, 917504, 1, 0, 0
3081981, 1332433, 1, 0, 0
3082231, 671744, 1, 0, 0
3082480, 1283084, 1, 0, 0
3082731, 802816, 1, 0, 0
3082981, 1294336, 1, 0, 0
3083231, 707341, 1, 0, 0
3083481, 606208, 1, 0, 0
3083731, 507904, 1, 0, 0
3083981, 427694, 1, 0, 0
3084231, 950272, 1, 0, 0
3084481, 1003437, 1, 0, 0
3084731, 688128, 1, 0, 0
3084981, 933888, 1, 0, 0
3085231, 493493, 1, 0, 0
3085481, 638976, 1, 0, 0
3085730, 1381783, 1, 0, 0
3085981, 1081344, 1, 0, 0
3086231, 589824, 1, 0, 0
3086480, 378345, 1, 0, 0
3086731, 409600, 1, 0, 0
3086981, 950272, 1, 0, 0
3087231, 851968, 1, 0, 0
3087481, 904738, 1, 0, 0
3087731, 933888, 1, 0, 0
3087982, 737280, 1, 0, 0
3088231, 1151485, 1, 0, 0
3088481, 966656, 1, 0, 0
3088731, 0, 1, 0, 0
3088981, 638976, 1, 0, 0
3089231, 1097728, 1, 0, 0
3089481, 954088, 1, 0, 0
3089731, 753664, 1, 0, 0
3089981, 493493, 1, 0, 0
3090231, 294912, 1, 0, 0
3090481, 655360, 1, 0, 0
3090731, 806040, 1, 0, 0
3090981, 802816, 1, 0, 0
3091231, 114688, 1, 0, 0
3091481, 246746, 1, 0, 0
3091731, 770048, 1, 0, 0
3091981, 425984, 1, 0, 0
3092230, 411244, 1, 0, 0
3092481, 376832, 1, 0, 0
3092731, 540672, 1, 0, 0
3092980, 296096, 1, 0, 0
3093231, 458752, 1, 0, 0
3093481, 212992, 1, 0, 0
3093730, 246746, 1, 0, 0
3093981, 622592, 1, 0, 0
3094231, 393216, 1, 0, 0
3094481, 294912, 1, 0, 0
3094731, 937638, 1, 0, 0
3094981, 507904, 1, 0, 0
3095231, 589824, 1, 0, 0
3095480, 477044, 1, 0, 0
3095731, 491520, 1, 0, 0
3095981, 294912, 1, 0, 0
3096230, 411244, 1, 0, 0
3096481, 98304, 1, 0, 0
3096731, 409600, 1, 0, 0
3096981, 921188, 1, 0, 0
3097231, 835584, 1, 0, 0
3097481, 328995, 1, 0, 0
3097731, 147456, 1, 0, 0
3097981, 98304, 1, 0, 0
3098230, 427694, 1, 0, 0
3098481, 573440, 1, 0, 0
3098731, 49152, 1, 0, 0
3098981, 559293, 1, 0, 0
3099231, 229376, 1, 0, 0
3099481, 606208, 1, 0, 0
3099730, 444144, 1, 0, 0
3099981, 917504, 1, 0, 0
3100231, 1196032, 1, 0, 0
3100480, 328995, 1, 0, 0
3100731, 507904, 1, 0, 0
3100981, 114688, 1, 0, 0
3101231, 819200, 1, 0, 0
3101480, 888289, 1, 0, 0
3101731, 458752, 1, 0, 0
3101981, 819200, 1, 0, 0
3102231, 789590, 1, 0, 0
3102481, 1015808, 1, 0, 0
3102731, 1261568, 1, 0, 0
3102981, 411244, 1, 0, 0
3103231, 737280, 1, 0, 0
3103481, 786432, 1, 0, 0
3103731, 608642, 1, 0, 0
3103981, 507904, 1, 0, 0
3104231, 294912, 1, 0, 0
3104481, 592192, 1, 0, 0
3104731, 573440, 1, 0, 0
3104981, 345445, 1, 0, 0
3105231, 606208, 1, 0, 0
3105481, 740240, 1, 0, 0
3105731, 704512, 1, 0, 0
3105981, 983040, 1, 0, 0
3106231, 493493, 1, 0, 0
3106481, 327680, 1, 0, 0
3106731, 704512, 1, 0, 0
3106981, 411244, 1, 0, 0
3107231, 868352, 1, 0, 0
3107481, 491520, 1, 0, 0
3107731, 493493, 1, 0, 0
3107981, 1015808, 1, 0, 0
3108231, 671744, 1, 0, 0
3108481, 82248, 1, 0, 0
3108731, 393216, 1, 0, 0
3108981, 507904, 1, 0, 0
3109231, 1250184, 1, 0, 0
3109481, 638976, 1, 0, 0
3109731, 311296, 1, 0, 0
3109980, 328995, 1, 0, 0
3110231, 688128, 1, 0, 0
3110481, 393216, 1, 0, 0
3110730, 477044, 1, 0, 0
3110981, 212992, 1, 0, 0
3111231, 524288, 1, 0, 0
3111480, 197397, 1, 0, 0
3111731, 229376, 1, 0, 0
3111981, 196608, 1, 0, 0
3112231, 114688, 1, 0, 0
3112480, 230297, 1, 0, 0
3112731, 638976, 1, 0, 0
3112981, 524288, 1, 0, 0
3113231, 229376, 1, 0, 0
3113481, 279646, 1, 0, 0
3113731, 98304, 1, 0, 0
3113981, 212992, 1, 0, 0
3114230, 773140, 1, 0, 0
3114481, 737280, 1, 0, 0
3114731, 311296, 1, 0, 0
3114981, 475136, 1, 0, 0
3115231, 427694, 1, 0, 0
3115481, 0, 1, 0, 0
3115731, 180224, 1, 0, 0
3115980, 115148, 1, 0, 0
3116231, 376832, 1, 0, 0
3116481, 573440, 1, 0, 0
3116731, 704512, 1, 0, 0
3116980, 1118586, 1, 0, 0
3117231, 851968, 1, 0, 0
3117481, 753664, 1, 0, 0
3117730, 625092, 1, 0, 0
3117981, 1081344, 1, 0, 0
3118231, 622592, 1, 0, 0
3118480, 98698, 1, 0, 0
3118731, 802816, 1, 0, 0
3118981, 409600, 1, 0, 0
3119231, 507904, 1, 0, 0
3119480, 477044, 1, 0, 0
3119731, 622592, 1, 0, 0
3119981, 786432, 1, 0, 0
3120230, 937638, 1, 0, 0
3120481, 1261568, 1, 0, 0
3120731, 540672, 1, 0, 0
3120980, 197397, 1, 0, 0
3121231, 1015808, 1, 0, 0
3121481, 1409024, 1, 0, 0
3121731, 888289, 1, 0, 0
3121981, 327680, 1, 0, 0
3122231, 1015808, 1, 0, 0
3122481, 723791, 1, 0, 0
3122731, 507904, 1, 0, 0
3122981, 493493, 1, 0, 0
3123231, 1048576, 1, 0, 0
3123481, 737280, 1, 0, 0
3123731, 328995, 1, 0, 0
3123981, 802816, 1, 0, 0
3124230, 98698, 1, 0, 0
3124481, 671744, 1, 0, 0
3124731, 737280, 1, 0, 0
3124980, 477044, 1, 0, 0
3125231, 1163264, 1, 0, 0
3125481, 868352, 1, 0, 0
3125731, 589824, 1, 0, 0
3125981, 970538, 1, 0, 0
3126231, 606208, 1, 0, 0
3126481, 688128, 1, 0, 0
3126731, 526393, 1, 0, 0
3126981, 770048, 1, 0, 0
3127231, 458752, 1, 0, 0
3127481, 723791, 1, 0, 0
3127731, 802816, 1, 0, 0
3127981, 212992, 1, 0, 0
3128230, 838939, 1, 0, 0
3128481, 376832, 1, 0, 0
3128731, 475136, 1, 0, 0
3128980, 312546, 1, 0, 0
3129231, 409600, 1, 0, 0
3129481, 212992, 1, 0, 0
3129731, 688128, 1, 0, 0
3129981, 756690, 1, 0, 0
3130231, 1032192, 1, 0, 0
3130481, 524288, 1, 0, 0
3130731, 1052787, 1, 0, 0
3130981, 393216, 1, 0, 0
3131231, 311296, 1, 0, 0
3131481, 773140, 1, 0, 0
3131731, 524288, 1, 0, 0
3131981, 557056, 1, 0, 0
3132231, 509943, 1, 0, 0
3132481, 540672, 1, 0, 0
3132731, 196608, 1, 0, 0
3132981, 888289, 1, 0, 0
3133231, 884736, 1, 0, 0
3133481, 1048576, 1, 0, 0
3133731, 1003437, 1, 0, 0
3133981, 589824, 1, 0, 0
3134231, 557056, 1, 0, 0
3134481, 838939, 1, 0, 0
3134731, 786432, 1, 0, 0
3134981, 773140, 1, 0, 0
3135231, 507904, 1, 0, 0
3135481, 802816, 1, 0, 0
3135731, 641542, 1, 0, 0
3135981, 589824, 1, 0, 0
3136231, 557056, 1, 0, 0
3136481, 608642, 1, 0, 0
3136731, 622592, 1, 0, 0
3136981, 1032192, 1, 0, 0
3137231, 954088, 1, 0, 0
3137481, 311296, 1, 0, 0
3137731, 507904, 1, 0, 0
3137981, 312546, 1, 0, 0
3138231, 507904, 1, 0, 0
3138481, 688128, 1, 0, 0
3138730, 542843, 1, 0, 0
3138981, 622592, 1, 0, 0
3139231, 196608, 1, 0, 0
3139480, 312546, 1, 0, 0
3139731, 524288, 1, 0, 0
3139981, 688128, 1, 0, 0
3140231, 917504, 1, 0, 0
3140481, 180947, 1, 0, 0
3140731, 131072, 1, 0, 0
3140981, 819200, 1, 0, 0
3141231, 608642, 1, 0, 0
3141481, 147456, 1, 0, 0
3141732, 802816, 1, 0, 0
3141981, 246746, 1, 0, 0
3142231, 311296, 1, 0, 0
3142481, 608642, 1, 0, 0
3142731, 1409024, 1, 0, 0
3142981, 262144, 1, 0, 0
3143231, 904738, 1, 0, 0
3143481, 917504, 1, 0, 0
3143731, 937638, 1, 0, 0
3143981, 983040, 1, 0, 0
3144231, 835584, 1, 0, 0
3144480, 838939, 1, 0, 0
3144731, 540672, 1, 0, 0
3144981, 557056, 1, 0, 0
3145230, 789590, 1, 0, 0
3145481, 1081344, 1, 0, 0
3145731, 884736, 1, 0, 0
3145980, 526393, 1, 0, 0
3146231, 819200, 1, 0, 0
3146481, 507904, 1, 0, 0
3146731, 557056, 1, 0, 0
3146981, 444144, 1, 0, 0
3147231, 524288, 1, 0, 0
3147481, 753664, 1, 0, 0
3147731, 756690, 1, 0, 0
3147981, 1015808, 1, 0, 0
3148231, 855389, 1, 0, 0
3148481, 688128, 1, 0, 0
3148731, 1032192, 1, 0, 0
3148981, 641542, 1, 0, 0
3149231, 638976, 1, 0, 0
3149481, 1464032, 1, 0, 0
3149731, 704512, 1, 0, 0
3149981, 1556480, 1, 0, 0
3150231, 641542, 1, 0, 0
3150481, 1228800, 1, 0, 0
3150731, 376832, 1, 0, 0
3150981, 1019887, 1, 0, 0
3151231, 507904, 1, 0, 0
3151481, 1283084, 1, 0, 0
3151731, 868352, 1, 0, 0
3151981, 720896, 1, 0, 0
3152231, 559293, 1, 0, 0
3152481, 147456, 1, 0, 0
3152731, 327680, 1, 0, 0
3152980, 230297, 1, 0, 0
3153231, 540672, 1, 0, 0
3153481, 491520, 1, 0, 0
3153730, 378345, 1, 0, 0
3153981, 409600, 1, 0, 0
3154231, 376832, 1, 0, 0
3154480, 213847, 1, 0, 0
3154731, 212992, 1, 0, 0
3154981, 294912, 1, 0, 0
3155231, 294912, 1, 0, 0
3155480, 444144, 1, 0, 0
3155731, 557056, 1, 0, 0
3155981, 573440, 1, 0, 0
3156231, 509943, 1, 0, 0
3156481, 573440, 1, 0, 0
3156731, 491520, 1, 0, 0
3156981, 509943, 1, 0, 0
3157231, 458752, 1, 0, 0
3157481, 638976, 1, 0, 0
3157731, 509943, 1, 0, 0
3157981, 819200, 1, 0, 0
3158231, 393216, 1, 0, 0
3158481, 1513381, 1, 0, 0
3158731, 901120, 1, 0, 0
3158981, 786432, 1, 0, 0
3159231, 625092, 1, 0, 0
3159481, 491520, 1, 0, 0
3159731, 425984, 1, 0, 0
3159981, 707341, 1, 0, 0
3160231, 573440, 1, 0, 0
3160481, 589824, 1, 0, 0
3160731, 477044, 1, 0, 0
3160981, 933888, 1, 0, 0
3161231, 917504, 1, 0, 0
3161481, 378345, 1, 0, 0
3161731, 507904, 1, 0, 0
3161981, 425984, 1, 0, 0
3162230, 1085686, 1, 0, 0
3162481, 475136, 1, 0, 0
3162731, 1605632, 1, 0, 0
3162980, 1398232, 1, 0, 0
3163231, 688128, 1, 0, 0
3163481, 1048576, 1, 0, 0
3163730, 1151485, 1, 0, 0
3163981, 1048576, 1, 0, 0
3164231, 1589248, 1, 0, 0
3164481, 1628530, 1, 0, 0
3164731, 507904, 1, 0, 0
3164981, 901120, 1, 0, 0
3165231, 1250184, 1, 0, 0
3165481, 573440, 1, 0, 0
3165731, 1212416, 1, 0, 0
3165981, 838939, 1, 0, 0
3166231, 999424, 1, 0, 0
3166481, 720896, 1, 0, 0
3166731, 2023325, 1, 0, 0
3166981, 1163264, 1, 0, 0
3167230, 871839, 1, 0, 0
3167481, 425984, 1, 0, 0
3167731, 655360, 1, 0, 0
3167980, 493493, 1, 0, 0
3168231, 851968, 1, 0, 0
3168481, 737280, 1, 0, 0
3168731, 1217285, 1, 0, 0
3168981, 638976, 1, 0, 0
3169231, 950272, 1, 0, 0
3169480, 986987, 1, 0, 0
3169731, 802816, 1, 0, 0
3169981, 786432, 1, 0, 0
3170231, 723791, 1, 0, 0
3170481, 573440, 1, 0, 0
3170731, 851968, 1, 0, 0
3170980, 625092, 1, 0, 0
3171231, 344064, 1, 0, 0
3171481, 458752, 1, 0, 0
3171731, 756690, 1, 0, 0
3171981, 671744, 1, 0, 0
3172231, 855389, 1, 0, 0
3172481, 655360, 1, 0, 0
3172731, 720896, 1, 0, 0
3172981, 723791, 1, 0, 0
3173231, 1327104, 1, 0, 0
3173481, 773140, 1, 0, 0
3173731, 737280, 1, 0, 0
3173981, 917504, 1, 0, 0
3174231, 674441, 1, 0, 0
3174481, 884736, 1, 0, 0
3174731, 638976, 1, 0, 0
3174981, 921188, 1, 0, 0
3175231, 737280, 1, 0, 0
3175481, 507904, 1, 0, 0
3175730, 1233734, 1, 0, 0
3175981, 1048576, 1, 0, 0
3176231, 999424, 1, 0, 0
3176481, 937638, 1, 0, 0
3176731, 851968, 1, 0, 0
3176981, 409600, 1, 0, 0
3177230, 1529831, 1, 0, 0
3177481, 868352, 1, 0, 0
3177731, 557056, 1, 0, 0
3177981, 1825927, 1, 0, 0
3178231, 1376256, 1, 0, 0
3178481, 1250184, 1, 0, 0
3178731, 1015808, 1, 0, 0
3178981, 1474560, 1, 0, 0
3179231, 1677879, 1, 0, 0
3179481, 950272, 1, 0, 0
3179731, 1102136, 1, 0, 0
3179981, 1392640, 1, 0, 0
3180231, 671744, 1, 0, 0
3180481, 1743678, 1, 0, 0
3180731, 1064960, 1, 0, 0
3180980, 1052787, 1, 0, 0
3181231, 868352, 1, 0, 0
3181481, 1376256, 1, 0, 0
3181730, 921188, 1, 0, 0
3181981, 1212416, 1, 0, 0
3182231, 1540096, 1, 0, 0
3182480, 1233734, 1, 0, 0
3182731, 245760, 1, 0, 0
3182981, 1064960, 1, 0, 0
3183230, 1036337, 1, 0, 0
3183481, 1196032, 1, 0, 0
3183731, 638976, 1, 0, 0
3183981, 1015808, 1, 0, 0
3184231, 1052787, 1, 0, 0
3184481, 835584, 1, 0, 0
3184731, 720896, 1, 0, 0
3184981, 937638, 1, 0, 0
3185231, 1179648, 1, 0, 0
3185480, 707341, 1, 0, 0
3185731, 409600, 1, 0, 0
3185981, 655360, 1, 0, 0
3186230, 559293, 1, 0, 0
3186481, 720896, 1, 0, 0
3186731, 245760, 1, 0, 0
3186981, 756690, 1, 0, 0
3187231, 442368, 1, 0, 0
3187480, 246746, 1, 0, 0
3187731, 999424, 1, 0, 0
3187981, 1146880, 1, 0, 0
3188231, 394795, 1, 0, 0
3188481, 884736, 1, 0, 0
3188731, 819200, 1, 0, 0
3188981, 296096, 1, 0, 0
3189231, 393216, 1, 0, 0
3189481, 1003437, 1, 0, 0
3189731, 901120, 1, 0, 0
3189981, 1261568, 1, 0, 0
3190231, 806040, 1, 0, 0
3190481, 507904, 1, 0, 0
3190732, 1425408, 1, 0, 0
3190981, 1085686, 1, 0, 0
3191231, 1015808, 1, 0, 0
3191481, 1299534, 1, 0, 0
3191731, 671744, 1, 0, 0
3191981, 753664, 1, 0, 0
3192231, 115148, 1, 0, 0
3192481, 786432, 1, 0, 0
3192731, 2015232, 1, 0, 0
3192981, 888289, 1, 0, 0
3193231, 1507328, 1, 0, 0
3193481, 1212416, 1, 0, 0
3193730, 1036337, 1, 0, 0
3193981, 2179072, 1, 0, 0
3194231, 1228800, 1, 0, 0
3194480, 986987, 1, 0, 0
3194731, 1310720, 1, 0, 0
3194981, 1654784, 1, 0, 0
3195231, 1605632, 1, 0, 0
3195481, 1266634, 1, 0, 0
3195731, 1277952, 1, 0, 0
3195981, 1605632, 1, 0, 0
3196231, 1727228, 1, 0, 0
3196481, 1343488, 1, 0, 0
3196731, 917504, 1, 0, 0
3196981, 1069236, 1, 0, 0
3197231, 491520, 1, 0, 0
3197481, 575742, 1, 0, 0
3197731, 1130496, 1, 0, 0
3197981, 1015808, 1, 0, 0
3198231, 1266634, 1, 0, 0
3198481, 524288, 1, 0, 0
3198730, 1184385, 1, 0, 0
3198981, 770048, 1, 0, 0
3199231, 933888, 1, 0, 0
3199480, 164497, 1, 0, 0
3199731, 1441792, 1, 0, 0
3199981, 819200, 1, 0, 0
3200230, 1513381, 1, 0, 0
3200481, 1425408, 1, 0, 0
3200731, 1196032, 1, 0, 0
3200981, 1941076, 1, 0, 0
3201231, 770048, 1, 0, 0
3201481, 638976, 1, 0, 0
3201731, 1973975, 1, 0, 0
3201981, 1359872, 1, 0, 0
3202231, 1769472, 1, 0, 0
3202480, 246746, 1, 0, 0
3202731, 802816, 1, 0, 0
3202981, 1392640, 1, 0, 0
3203231, 1151485, 1, 0, 0
3203481, 933888, 1, 0, 0
3203731, 1884160, 1, 0, 0
3203981, 1299534, 1, 0, 0
3204231, 360448, 1, 0, 0
3204481, 524288, 1, 0, 0
3204731, 197397, 1, 0, 0
3204981, 999424, 1, 0, 0
3205231, 1261568, 1, 0, 0
3205481, 1151485, 1, 0, 0
3205731, 884736, 1, 0, 0
3205981, 770048, 1, 0, 0
3206231, 1217285, 1, 0, 0
3206481, 1212416, 1, 0, 0
3206730, 296096, 1, 0, 0
3206981, 1064960, 1, 0, 0
3207231, 589824, 1, 0, 0
3207481, 1710779, 1, 0, 0
3207731, 1277952, 1, 0, 0
3207981, 1114112, 1, 0, 0
3208231, 1135036, 1, 0, 0
3208481, 786432, 1, 0, 0
3208731, 1114112, 1, 0, 0
3208981, 1200835, 1, 0, 0
3209231, 819200, 1, 0, 0
3209481, 1425408, 1, 0, 0
3209731, 822489, 1, 0, 0
3209981, 311296, 1, 0, 0
3210231, 1294336, 1, 0, 0
3210481, 641542, 1, 0, 0
3210731, 868352, 1, 0, 0
3210981, 1507328, 1, 0, 0
3211231, 1250184, 1, 0, 0
3211481, 901120, 1, 0, 0
3211731, 1019887, 1, 0, 0
3211981, 802816, 1, 0, 0
3212231, 868352, 1, 0, 0
3212481, 707341, 1, 0, 0
3212731, 770048, 1, 0, 0
3212981, 425984, 1, 0, 0
3213231, 806040, 1, 0, 0
3213481, 688128, 1, 0, 0
3213731, 507904, 1, 0, 0
3213981, 806040, 1, 0, 0
3214231, 1310720, 1, 0, 0
3214481, 557056, 1, 0, 0
3214731, 1447582, 1, 0, 0
3214981, 884736, 1, 0, 0
3215231, 1490944, 1, 0, 0
3215481, 986987, 1, 0, 0
3215731, 851968, 1, 0, 0
3215981, 819200, 1, 0, 0
3216230, 970538, 1, 0, 0
3216481, 999424, 1, 0, 0
3216731, 1540096, 1, 0, 0
3216981, 1135036, 1, 0, 0
3217231, 1540096, 1, 0, 0
3217481, 1081344, 1, 0, 0
3217731, 1135036, 1, 0, 0
3217981, 999424, 1, 0, 0
3218231, 1163264, 1, 0, 0
3218481, 1381783, 1, 0, 0
3218731, 1441792, 1, 0, 0
3218981, 1315983, 1, 0, 0
3219231, 1327104, 1, 0, 0
3219481, 1048576, 1, 0, 0
3219731, 855389, 1, 0, 0
3219981, 622592, 1, 0, 0
3220230, 1513381, 1, 0, 0
3220481, 901120, 1, 0, 0
3220731, 1720320, 1, 0, 0
3220980, 1019887, 1, 0, 0
3221231, 1015808, 1, 0, 0
3221481, 622592, 1, 0, 0
3221730, 1398232, 1, 0, 0
3221981, 720896, 1, 0, 0
3222231, 835584, 1, 0, 0
3222481, 954088, 1, 0, 0
3222731, 999424, 1, 0, 0
3222981, 740240, 1, 0, 0
3223231, 638976, 1, 0, 0
3223480, 1644979, 1, 0, 0
3223731, 1114112, 1, 0, 0
3223981, 1359872, 1, 0, 0
3224230, 1891726, 1, 0, 0
3224481, 1409024, 1, 0, 0
3224731, 1261568, 1, 0, 0
3224981, 871839, 1, 0, 0
3225231, 1064960, 1, 0, 0
3225481, 999424, 1, 0, 0
3225731, 1398232, 1, 0, 0
3225981, 1884160, 1, 0, 0
3226231, 1414682, 1, 0, 0
3226481, 950272, 1, 0, 0
3226731, 1327104, 1, 0, 0
3226981, 674441, 1, 0, 0
3227231, 311296, 1, 0, 0
3227481, 1671168, 1, 0, 0
3227731, 871839, 1, 0, 0
3227981, 294912, 1, 0, 0
3228231, 1507328, 1, 0, 0
3228481, 477044, 1, 0, 0
3228731, 753664, 1, 0, 0
3228980, 1332433, 1, 0, 0
3229231, 1638400, 1, 0, 0
3229481, 802816, 1, 0, 0
3229730, 937638, 1, 0, 0
3229981, 786432, 1, 0, 0
3230231, 884736, 1, 0, 0
3230480, 2187823, 1, 0, 0
3230731, 917504, 1, 0, 0
3230981, 1277952, 1, 0, 0
3231231, 1299534, 1, 0, 0
3231481, 1130496, 1, 0, 0
3231731, 1933312, 1, 0, 0
3231981, 789590, 1, 0, 0
3232231, 1376256, 1, 0, 0
3232481, 888289, 1, 0, 0
3232731, 983040, 1, 0, 0
3232981, 888289, 1, 0, 0
3233231, 1097728, 1, 0, 0
3233481, 1245184, 1, 0, 0
3233731, 1167935, 1, 0, 0
3233981, 1097728, 1, 0, 0
3234230, 723791, 1, 0, 0
3234481, 720896, 1, 0, 0
3234731, 1409024, 1, 0, 0
3234981, 1196032, 1, 0, 0
3235231, 1431132, 1, 0, 0
3235481, 1048576, 1, 0, 0
3235730, 1496931, 1, 0, 0
3235981, 1589248, 1, 0, 0
3236231, 1818624, 1, 0, 0
3236481, 559293, 1, 0, 0
3236731, 966656, 1, 0, 0
3236981, 1130496, 1, 0, 0
3237231, 1200835, 1, 0, 0
3237481, 950272, 1, 0, 0
3237731, 983040, 1, 0, 0
3237981, 493493, 1, 0, 0
3238231, 802816, 1, 0, 0
3238480, 608642, 1, 0, 0
3238731, 1310720, 1, 0, 0
3238981, 1032192, 1, 0, 0
3239230, 740240, 1, 0, 0
3239481, 999424, 1, 0, 0
3239731, 1163264, 1, 0, 0
3239980, 871839, 1, 0, 0
3240231, 1179648, 1, 0, 0
3240481, 983040, 1, 0, 0
3240730, 1167935, 1, 0, 0
3240981, 1146880, 1, 0, 0
3241231, 966656, 1, 0, 0
3241482, 1245184, 1, 0, 0
3241731, 1036337, 1, 0, 0
3241981, 770048, 1, 0, 0
3242231, 1464032, 1, 0, 0
3242481, 1310720, 1, 0, 0
3242731, 360448, 1, 0, 0
3242981, 937638, 1, 0, 0
3243231, 1441792, 1, 0, 0
3243481, 707341, 1, 0, 0
3243731, 950272, 1, 0, 0
3243981, 1671168, 1, 0, 0
3244231, 1612080, 1, 0, 0
3244481, 966656, 1, 0, 0
3244731, 1458176, 1, 0, 0
3244981, 1052787, 1, 0, 0
3245231, 1523712, 1, 0, 0
3245481, 1441792, 1, 0, 0
3245731, 789590, 1, 0, 0
3245981, 1032192, 1, 0, 0
3246231, 884736, 1, 0, 0
3246481, 1003437, 1, 0, 0
3246731, 1966080, 1, 0, 0
3246981, 540672, 1, 0, 0
3247231, 1102136, 1, 0, 0
3247481, 1392640, 1, 0, 0
3247731, 1589248, 1, 0, 0
3247981, 526393, 1, 0, 0
3248231, 2064384, 1, 0, 0
3248481, 526393, 1, 0, 0
3248731, 1654784, 1, 0, 0
3248982, 1572864, 1, 0, 0
3249231, 2385220, 1, 0, 0
3249481, 1654784, 1, 0, 0
3249731, 1315983, 1, 0, 0
3249981, 1900544, 1, 0, 0
3250230, 575742, 1, 0, 0
3250481, 1228800, 1, 0, 0
3250731, 1523712, 1, 0, 0
3250980, 1266634, 1, 0, 0
3251231, 1753088, 1, 0, 0
3251481, 1343488, 1, 0, 0
3251731, 2171373, 1, 0, 0
3251981, 1736704, 1, 0, 0
3252231, 1081344, 1, 0, 0
3252481, 937638, 1, 0, 0
3252731, 1277952, 1, 0, 0
3252981, 1720320, 1, 0, 0
3253231, 1661429, 1, 0, 0
3253481, 1163264, 1, 0, 0
3253731, 1458176, 1, 0, 0
3253981, 1233734, 1, 0, 0
3254231, 819200, 1, 0, 0
3254481, 1605632, 1, 0, 0
3254731, 1480481, 1, 0, 0
3254981, 1720320, 1, 0, 0
3255231, 1250184, 1, 0, 0
3255481, 802816, 1, 0, 0
3255731, 1687552, 1, 0, 0
3255981, 1644979, 1, 0, 0
3256231, 2719744, 1, 0, 0
3256481, 1727228, 1, 0, 0
3256731, 1802240, 1, 0, 0
3256981, 1556480, 1, 0, 0
3257231, 1842377, 1, 0, 0
3257481, 1851392, 1, 0, 0
3257731, 1562730, 1, 0, 0
3257981, 2015232, 1, 0, 0
3258231, 1245184, 1, 0, 0
3258481, 559293, 1, 0, 0
3258731, 1654784, 1, 0, 0
3258980, 1365333, 1, 0, 0
3259231, 1933312, 1, 0, 0
3259481, 2048000, 1, 0, 0
3259730, 2056224, 1, 0, 0
3259981, 2048000, 1, 0, 0
3260231, 1146880, 1, 0, 0
3260481, 1628530, 1, 0, 0
3260731, 1212416, 1, 0, 0
3260981, 819200, 1, 0, 0
3261231, 1036337, 1, 0, 0
3261481, 1441792, 1, 0, 0
3261731, 901120, 1, 0, 0
3261981, 937638, 1, 0, 0
3262231, 1359872, 1, 0, 0
3262481, 1556480, 1, 0, 0
3262731, 1036337, 1, 0, 0
3262981, 1130496, 1, 0, 0
3263230, 1595630, 1, 0, 0
3263481, 901120, 1, 0, 0
3263731, 212992, 1, 0, 0
3263980, 1052787, 1, 0, 0
3264231, 720896, 1, 0, 0
3264481, 770048, 1, 0, 0
3264730, 575742, 1, 0, 0
3264981, 1409024, 1, 0, 0
3265231, 1687552, 1, 0, 0
3265481, 1085686, 1, 0, 0
3265731, 933888, 1, 0, 0
3265981, 1081344, 1, 0, 0
3266230, 1167935, 1, 0, 0
3266481, 1605632, 1, 0, 0
3266731, 1949696, 1, 0, 0
3266981, 1048576, 1, 0, 0
3267231, 1135036, 1, 0, 0
3267481, 1409024, 1, 0, 0
3267732, 1327104, 1, 0, 0
3267981, 1842377, 1, 0, 0
3268232, 1589248, 1, 0, 0
3268481, 1661429, 1, 0, 0
3268731, 1179648, 1, 0, 0
3268981, 1661429, 1, 0, 0
3269231, 2244608, 1, 0, 0
3269481, 1687552, 1, 0, 0
3269731, 1776578, 1, 0, 0
3269981, 1605632, 1, 0, 0
3270230, 1365333, 1, 0, 0
3270481, 2572288, 1, 0, 0
3270731, 2211840, 1, 0, 0
3270981, 2730666, 1, 0, 0
3271231, 2408448, 1, 0, 0
3271481, 1736704, 1, 0, 0
3271731, 1710779, 1, 0, 0
3271981, 1556480, 1, 0, 0
3272231, 1019887, 1, 0, 0
3272481, 1458176, 1, 0, 0
3272731, 1785856, 1, 0, 0
3272981, 1710779, 1, 0, 0
3273231, 2048000, 1, 0, 0
3273481, 1835008, 1, 0, 0
3273730, 2418120, 1, 0, 0
3273981, 1671168, 1, 0, 0
3274231, 1556480, 1, 0, 0
3274480, 1102136, 1, 0, 0
3274731, 1327104, 1, 0, 0
3274981, 1622016, 1, 0, 0
3275231, 921188, 1, 0, 0
3275481, 1458176, 1, 0, 0
3275731, 1343488, 1, 0, 0
3275981, 1348883, 1, 0, 0
3276231, 1376256, 1, 0, 0
3276481, 1081344, 1, 0, 0
3276731, 1595630, 1, 0, 0
3276981, 1835008, 1, 0, 0
3277231, 1529831, 1, 0, 0
3277481, 1818624, 1, 0, 0
3277731, 1825927, 1, 0, 0
3277981, 1376256, 1, 0, 0
3278231, 1638400, 1, 0, 0
3278481, 1447582, 1, 0, 0
3278731, 1310720, 1, 0, 0
3278981, 1809477, 1, 0, 0
3279231, 1425408, 1, 0, 0
3279481, 1228800, 1, 0, 0
3279731, 1546281, 1, 0, 0
3279981, 1671168, 1, 0, 0
3280231, 2097152, 1, 0, 0
3280481, 1973975, 1, 0, 0
3280731, 1654784, 1, 0, 0
3280981, 1687552, 1, 0, 0
3281231, 1842377, 1, 0, 0
3281481, 1228800, 1, 0, 0
3281731, 2064384, 1, 0, 0
3281981, 1875277, 1, 0, 0
3282231, 1540096, 1, 0, 0
3282481, 1085686, 1, 0, 0
3282731, 1753088, 1, 0, 0
3282981, 1802240, 1, 0, 0
3283231, 1612080, 1, 0, 0
3283481, 688128, 1, 0, 0
3283731, 1081344, 1, 0, 0
3283981, 1644979, 1, 0, 0
3284231, 1015808, 1, 0, 0
3284481, 966656, 1, 0, 0
3284731, 1085686, 1, 0, 0
3284981, 1736704, 1, 0, 0
3285231, 1900544, 1, 0, 0
3285481, 1036337, 1, 0, 0
3285731, 1622016, 1, 0, 0
3285981, 1261568, 1, 0, 0
3286231, 1612080, 1, 0, 0
3286481, 1425408, 1, 0, 0
3286731, 740240, 1, 0, 0
3286981, 1097728, 1, 0, 0
3287232, 1228800, 1, 0, 0
3287481, 1200835, 1, 0, 0
3287731, 1540096, 1, 0, 0
3287981, 1875277, 1, 0, 0
3288231, 1277952, 1, 0, 0
3288481, 1431132, 1, 0, 0
3288731, 1261568, 1, 0, 0
3288981, 835584, 1, 0, 0
3289231, 1052787, 1, 0, 0
3289481, 983040, 1, 0, 0
3289730, 871839, 1, 0, 0
3289981, 950272, 1, 0, 0
3290231, 901120, 1, 0, 0
3290481, 1036337, 1, 0, 0
3290731, 1146880, 1, 0, 0
3290981, 1736704, 1, 0, 0
3291230, 1381783, 1, 0, 0
3291481, 1425408, 1, 0, 0
3291731, 1294336, 1, 0, 0
3291981, 1332433, 1, 0, 0
3292231, 1458176, 1, 0, 0
3292481, 2064384, 1, 0, 0
3292731, 1151485, 1, 0, 0
3292981, 1163264, 1, 0, 0
3293231, 2113536, 1, 0, 0
3293481, 1677879, 1, 0, 0
3293731, 1835008, 1, 0, 0
3293981, 1365333, 1, 0, 0
3294231, 819200, 1, 0, 0
3294481, 1736704, 1, 0, 0
3294731, 1809477, 1, 0, 0
3294981, 1507328, 1, 0, 0
3295231, 1458176, 1, 0, 0
3295480, 1167935, 1, 0, 0
3295731, 1556480, 1, 0, 0
3295981, 1409024, 1, 0, 0
3296231, 806040, 1, 0, 0
3296481, 1409024, 1, 0, 0
3296731, 1622016, 1, 0, 0
3296981, 1151485, 1, 0, 0
3297231, 1851392, 1, 0, 0
3297481, 1743678, 1, 0, 0
3297731, 1097728, 1, 0, 0
3297981, 1212416, 1, 0, 0
3298231, 1562730, 1, 0, 0
3298481, 1589248, 1, 0, 0
3298731, 1261568, 1, 0, 0
3298981, 1085686, 1, 0, 0
3299231, 1343488, 1, 0, 0
3299480, 1579180, 1, 0, 0
3299731, 1523712, 1, 0, 0
3299981, 1638400, 1, 0, 0
3300231, 1114112, 1, 0, 0
3300481, 1908176, 1, 0, 0
3300731, 1114112, 1, 0, 0
3300981, 1327104, 1, 0, 0
3301231, 1694329, 1, 0, 0
3301481, 1703936, 1, 0, 0
3301731, 1835008, 1, 0, 0
3301981, 1924626, 1, 0, 0
3302231, 2342912, 1, 0, 0
3302480, 1809477, 1, 0, 0
3302731, 2064384, 1, 0, 0
3302981, 1458176, 1, 0, 0
3303230, 986987, 1, 0, 0
3303481, 1409024, 1, 0, 0
3303731, 720896, 1, 0, 0
3303980, 1200835, 1, 0, 0
3304231, 1638400, 1, 0, 0
3304481, 1261568, 1, 0, 0
3304730, 756690, 1, 0, 0
3304981, 1277952, 1, 0, 0
3305231, 1130496, 1, 0, 0
3305480, 1447582, 1, 0, 0
3305731, 1605632, 1, 0, 0
3305981, 1245184, 1, 0, 0
3306231, 1736704, 1, 0, 0
3306481, 1957526, 1, 0, 0
3306731, 1130496, 1, 0, 0
3306981, 1151485, 1, 0, 0
3307231, 835584, 1, 0, 0
3307481, 819200, 1, 0, 0
3307731, 608642, 1, 0, 0
3307981, 1540096, 1, 0, 0
3308231, 1628530, 1, 0, 0
3308481, 1081344, 1, 0, 0
3308731, 1064960, 1, 0, 0
3308981, 1891726, 1, 0, 0
3309231, 2015232, 1, 0, 0
3309481, 2129920, 1, 0, 0
3309731, 1694329, 1, 0, 0
3309981, 1671168, 1, 0, 0
3310231, 720896, 1, 0, 0
3310481, 723791, 1, 0, 0
3310731, 901120, 1, 0, 0
3310981, 1671168, 1, 0, 0
3311231, 1924626, 1, 0, 0
3311481, 1392640, 1, 0, 0
3311731, 1540096, 1, 0, 0
3311981, 2237172, 1, 0, 0
3312231, 2834432, 1, 0, 0
3312481, 3047424, 1, 0, 0
3312731, 3092562, 1, 0, 0
3312981, 2719744, 1, 0, 0
3313231, 2719744, 1, 0, 0
3313481, 3224160, 1, 0, 0
3313731, 3014656, 1, 0, 0
3313981, 2286522, 1, 0, 0
3314231, 2621440, 1, 0, 0
3314481, 2162688, 1, 0, 0
3314731, 2780016, 1, 0, 0
3314981, 2752512, 1, 0, 0
3315230, 2878714, 1, 0, 0
3315481, 2146304, 1, 0, 0
3315731, 2244608, 1, 0, 0
3315980, 2385220, 1, 0, 0
3316231, 3145728, 1, 0, 0
3316481, 2768896, 1, 0, 0
3316730, 3289959, 1, 0, 0
3316981, 3047424, 1, 0, 0
3317231, 2031616, 1, 0, 0
3317480, 2237172, 1, 0, 0
3317731, 2441216, 1, 0, 0
3317981, 1654784, 1, 0, 0
3318230, 1250184, 1, 0, 0
3318481, 1245184, 1, 0, 0
3318731, 1409024, 1, 0, 0
3318980, 1891726, 1, 0, 0
3319231, 1900544, 1, 0, 0
3319481, 1753088, 1, 0, 0
3319730, 1677879, 1, 0, 0
3319981, 2129920, 1, 0, 0
3320231, 2146304, 1, 0, 0
3320481, 1294336, 1, 0, 0
3320731, 707341, 1, 0, 0
3320981, 1589248, 1, 0, 0
3321231, 1622016, 1, 0, 0
3321481, 1973975, 1, 0, 0
3321731, 2228224, 1, 0, 0
3321981, 2072674, 1, 0, 0
3322231, 3096576, 1, 0, 0
3322481, 1579180, 1, 0, 0
3322731, 1523712, 1, 0, 0
3322981, 2392064, 1, 0, 0
3323231, 1085686, 1, 0, 0
3323481, 1785856, 1, 0, 0
3323731, 1654784, 1, 0, 0
3323981, 937638, 1, 0, 0
3324231, 1507328, 1, 0, 0
3324481, 2473984, 1, 0, 0
3324731, 1924626, 1, 0, 0
3324981, 1474560, 1, 0, 0
3325231, 655360, 1, 0, 0
3325481, 1217285, 1, 0, 0
3325731, 1556480, 1, 0, 0
3325981, 1458176, 1, 0, 0
3326231, 1398232, 1, 0, 0
3326481, 2228224, 1, 0, 0
3326730, 1513381, 1, 0, 0
3326981, 1376256, 1, 0, 0
3327231, 2555904, 1, 0, 0
3327480, 1447582, 1, 0, 0
3327731, 1523712, 1, 0, 0
3327981, 1572864, 1, 0, 0
3328230, 1546281, 1, 0, 0
3328481, 2048000, 1, 0, 0
3328731, 1720320, 1, 0, 0
3328980, 1315983, 1, 0, 0
3329231, 1310720, 1, 0, 0
3329481, 1196032, 1, 0, 0
3329730, 986987, 1, 0, 0
3329981, 1441792, 1, 0, 0
3330231, 1736704, 1, 0, 0
3330481, 1283084, 1, 0, 0
3330731, 1359872, 1, 0, 0
3330981, 1884160, 1, 0, 0
3331231, 2204273, 1, 0, 0
3331481, 2359296, 1, 0, 0
3331731, 1654784, 1, 0, 0
3331981, 1447582, 1, 0, 0
3332231, 1376256, 1, 0, 0
3332481, 1825927, 1, 0, 0
3332731, 1097728, 1, 0, 0
3332981, 1572864, 1, 0, 0
3333231, 1513381, 1, 0, 0
3333481, 1196032, 1, 0, 0
3333731, 1687552, 1, 0, 0
3333980, 1677879, 1, 0, 0
3334231, 1490944, 1, 0, 0
3334481, 1196032, 1, 0, 0
3334731, 1513381, 1, 0, 0
3334981, 1294336, 1, 0, 0
3335231, 2064384, 1, 0, 0
3335481, 2237172, 1, 0, 0
3335731, 1048576, 1, 0, 0
3335981, 1671168, 1, 0, 0
3336231, 2023325, 1, 0, 0
3336481, 1867776, 1, 0, 0
3336731, 1966080, 1, 0, 0
3336981, 937638, 1, 0, 0
3337231, 2031616, 1, 0, 0
3337480, 2500369, 1, 0, 0
3337731, 2506752, 1, 0, 0
3337981, 2621440, 1, 0, 0
3338231, 1990425, 1, 0, 0
3338481, 2244608, 1, 0, 0
3338730, 1924626, 1, 0, 0
3338981, 1572864, 1, 0, 0
3339231, 1835008, 1, 0, 0
3339481, 1381783, 1, 0, 0
3339731, 1687552, 1, 0, 0
3339981, 1638400, 1, 0, 0
3340231, 2171373, 1, 0, 0
3340481, 1245184, 1, 0, 0
3340730, 1595630, 1, 0, 0
3340981, 1392640, 1, 0, 0
3341231, 1933312, 1, 0, 0
3341481, 1562730, 1, 0, 0
3341731, 917504, 1, 0, 0
3341981, 1343488, 1, 0, 0
3342231, 1990425, 1, 0, 0
3342481, 2015232, 1, 0, 0
3342731, 2048000, 1, 0, 0
3342981, 1661429, 1, 0, 0
3343231, 2342912, 1, 0, 0
3343481, 3129344, 1, 0, 0
3343731, 2714216, 1, 0, 0
3343981, 2293760, 1, 0, 0
3344230, 2138473, 1, 0, 0
3344481, 2572288, 1, 0, 0
3344731, 3014656, 1, 0, 0
3344980, 2467469, 1, 0, 0
3345231, 2129920, 1, 0, 0
3345481, 2686976, 1, 0, 0
3345731, 2998272, 1, 0, 0
3345981, 2615518, 1, 0, 0
3346231, 2752512, 1, 0, 0
3346480, 2237172, 1, 0, 0
3346731, 2703360, 1, 0, 0
3346981, 2834432, 1, 0, 0
3347231, 2352321, 1, 0, 0
3347481, 2506752, 1, 0, 0
3347731, 2113536, 1, 0, 0
3347981, 2714216, 1, 0, 0
3348231, 2506752, 1, 0, 0
3348481, 2277376, 1, 0, 0
3348731, 2171373, 1, 0, 0
3348981, 2195456, 1, 0, 0
3349231, 2441216, 1, 0, 0
3349481, 2237172, 1, 0, 0
3349731, 2998272, 1, 0, 0
3349981, 3014656, 1, 0, 0
3350231, 1924626, 1, 0, 0
3350481, 2359296, 1, 0, 0
3350731, 2539520, 1, 0, 0
3350980, 1973975, 1, 0, 0
3351231, 2736128, 1, 0, 0
3351482, 1359872, 1, 0, 0
3351731, 2253622, 1, 0, 0
3351981, 2260992, 1, 0, 0
3352231, 2352321, 1, 0, 0
3352481, 2621440, 1, 0, 0
3352731, 2253622, 1, 0, 0
3352981, 2113536, 1, 0, 0
3353231, 2473984, 1, 0, 0
3353481, 2187823, 1, 0, 0
3353731, 1966080, 1, 0, 0
3353981, 2204273, 1, 0, 0
3354231, 1916928, 1, 0, 0
3354481, 2244608, 1, 0, 0
3354731, 1694329, 1, 0, 0
3354981, 2179072, 1, 0, 0
3355231, 1884160, 1, 0, 0
3355481, 2039775, 1, 0, 0
3355731, 1720320, 1, 0, 0
3355980, 2171373, 1, 0, 0
3356231, 1622016, 1, 0, 0
3356481, 2703360, 1, 0, 0
3356731, 1809477, 1, 0, 0
3356981, 1720320, 1, 0, 0
3357231, 2686976, 1, 0, 0
3357481, 1710779, 1, 0, 0
3357731, 1818624, 1, 0, 0
3357981, 1793028, 1, 0, 0
3358231, 2621440, 1, 0, 0
3358481, 2204273, 1, 0, 0
3358731, 1916928, 1, 0, 0
3358980, 1924626, 1, 0, 0
3359231, 2473984, 1, 0, 0
3359481, 2441216, 1, 0, 0
3359731, 3125461, 1, 0, 0
3359981, 2424832, 1, 0, 0
3360231, 2457600, 1, 0, 0
3360481, 2385220, 1, 0, 0
3360731, 2048000, 1, 0, 0
3360980, 1990425, 1, 0, 0
3361231, 2310144, 1, 0, 0
3361481, 1572864, 1, 0, 0
3361731, 3158361, 1, 0, 0
3361981, 2572288, 1, 0, 0
3362232, 1933312, 1, 0, 0
3362481, 2089124, 1, 0, 0
3362730, 2105574, 1, 0, 0
3362981, 2113536, 1, 0, 0
3363231, 2228224, 1, 0, 0
3363481, 1727228, 1, 0, 0
3363731, 2195456, 1, 0, 0
3363981, 2605056, 1, 0, 0
3364231, 2911614, 1, 0, 0
3364481, 2359296, 1, 0, 0
3364731, 1425408, 1, 0, 0
3364980, 1891726, 1, 0, 0
3365231, 1998848, 1, 0, 0
3365481, 1900544, 1, 0, 0
3365730, 2911614, 1, 0, 0
3365981, 2506752, 1, 0, 0
3366231, 2359296, 1, 0, 0
3366481, 2533269, 1, 0, 0
3366731, 1998848, 1, 0, 0
3366981, 1769472, 1, 0, 0
3367231, 2730666, 1, 0, 0
3367481, 1441792, 1, 0, 0
3367731, 1546281, 1, 0, 0
3367981, 2162688, 1, 0, 0
3368231, 2015232, 1, 0, 0
3368481, 1052787, 1, 0, 0
3368731, 1802240, 1, 0, 0
3368980, 2006875, 1, 0, 0
3369231, 2326528, 1, 0, 0
3369481, 2146304, 1, 0, 0
3369731, 1579180, 1, 0, 0
3369981, 2375680, 1, 0, 0
3370231, 2834432, 1, 0, 0
3370481, 2631967, 1, 0, 0
3370731, 2670592, 1, 0, 0
3370981, 2228224, 1, 0, 0
3371231, 2549718, 1, 0, 0
3371481, 2768896, 1, 0, 0
3371731, 2483919, 1, 0, 0
3371981, 1933312, 1, 0, 0
3372231, 2473984, 1, 0, 0
3372481, 2944514, 1, 0, 0
3372731, 2883584, 1, 0, 0
3372981, 2293760, 1, 0, 0
3373231, 1496931, 1, 0, 0
3373481, 3096576, 1, 0, 0
3373731, 2572288, 1, 0, 0
3373981, 1842377, 1, 0, 0
3374231, 2850816, 1, 0, 0
3374481, 2211840, 1, 0, 0
3374731, 1793028, 1, 0, 0
3374981, 2293760, 1, 0, 0
3375230, 2763566, 1, 0, 0
3375481, 2424832, 1, 0, 0
3375731, 2539520, 1, 0, 0
3375981, 2228224, 1, 0, 0
3376231, 2105574, 1, 0, 0
3376481, 2342912, 1, 0, 0
3376730, 1710779, 1, 0, 0
3376981, 2277376, 1, 0, 0
3377231, 2277376, 1, 0, 0
3377481, 3224160, 1, 0, 0
3377731, 3112960, 1, 0, 0
3377981, 2998272, 1, 0, 0
3378231, 3109012, 1, 0, 0
3378481, 2326528, 1, 0, 0
3378731, 3047424, 1, 0, 0
3378981, 2187823, 1, 0, 0
3379231, 3080192, 1, 0, 0
3379481, 2768896, 1, 0, 0
3379731, 3092562, 1, 0, 0
3379981, 2113536, 1, 0, 0
3380231, 2023325, 1, 0, 0
3380481, 2113536, 1, 0, 0
3380731, 3145728, 1, 0, 0
3380980, 2401670, 1, 0, 0
3381231, 1212416, 1, 0, 0
3381481, 2080768, 1, 0, 0
3381731, 2451020, 1, 0, 0
3381981, 3080192, 1, 0, 0
3382231, 1612080, 1, 0, 0
3382481, 1359872, 1, 0, 0
3382731, 773140, 1, 0, 0
3382981, 1605632, 1, 0, 0
3383231, 1842377, 1, 0, 0
3383481, 1556480, 1, 0, 0
3383731, 2342912, 1, 0, 0
3383981, 2401670, 1, 0, 0
3384231, 1753088, 1, 0, 0
3384480, 1793028, 1, 0, 0
3384731, 1310720, 1, 0, 0
3384981, 1654784, 1, 0, 0
3385230, 1595630, 1, 0, 0
3385481, 1359872, 1, 0, 0
3385731, 557056, 1, 0, 0
3385980, 1266634, 1, 0, 0
3386231, 1572864, 1, 0, 0
3386481, 1310720, 1, 0, 0
3386731, 888289, 1, 0, 0
3386981, 1032192, 1, 0, 0
3387231, 1507328, 1, 0, 0
3387481, 1398232, 1, 0, 0
3387731, 1261568, 1, 0, 0
3387980, 1348883, 1, 0, 0
3388231, 1474560, 1, 0, 0
3388481, 819200, 1, 0, 0
3388730, 822489, 1, 0, 0
3388981, 1376256, 1, 0, 0
3389231, 1835008, 1, 0, 0
3389480, 1644979, 1, 0, 0
3389731, 1605632, 1, 0, 0
3389981, 1900544, 1, 0, 0
3390231, 1916928, 1, 0, 0
3390481, 1710779, 1, 0, 0
3390731, 2097152, 1, 0, 0
3390980, 1941076, 1, 0, 0
3391231, 1228800, 1, 0, 0
3391481, 2162688, 1, 0, 0
3391731, 1414682, 1, 0, 0
3391981, 1622016, 1, 0, 0
3392230, 2220722, 1, 0, 0
3392481, 1622016, 1, 0, 0
3392731, 2277376, 1, 0, 0
3392981, 1546281, 1, 0, 0
3393231, 2424832, 1, 0, 0
3393480, 1447582, 1, 0, 0
3393731, 1294336, 1, 0, 0
3393981, 1310720, 1, 0, 0
3394230, 1447582, 1, 0, 0
3394481, 1769472, 1, 0, 0
3394731, 1490944, 1, 0, 0
3394980, 1793028, 1, 0, 0
3395231, 1114112, 1, 0, 0
3395481, 1359872, 1, 0, 0
3395730, 1858827, 1, 0, 0
3395981, 1736704, 1, 0, 0
3396231, 1130496, 1, 0, 0
3396480, 625092, 1, 0, 0
3396731, 1097728, 1, 0, 0
3396981, 1900544, 1, 0, 0
3397230, 1283084, 1, 0, 0
3397481, 901120, 1, 0, 0
3397731, 868352, 1, 0, 0
3397980, 1612080, 1, 0, 0
3398231, 1638400, 1, 0, 0
3398481, 2097152, 1, 0, 0
3398731, 1496931, 1, 0, 0
3398981, 1490944, 1, 0, 0
3399231, 1802240, 1, 0, 0
3399481, 1464032, 1, 0, 0
3399731, 884736, 1, 0, 0
3399980, 526393, 1, 0, 0
3400231, 999424, 1, 0, 0
3400481, 1556480, 1, 0, 0
3400731, 1671168, 1, 0, 0
3400981, 1579180, 1, 0, 0
3401231, 1572864, 1, 0, 0
3401481, 2031616, 1, 0, 0
3401731, 1480481, 1, 0, 0
3401981, 1982464, 1, 0, 0
3402230, 1842377, 1, 0, 0
3402481, 1409024, 1, 0, 0
3402731, 1835008, 1, 0, 0
3402981, 2401670, 1, 0, 0
3403231, 1425408, 1, 0, 0
3403481, 2072674, 1, 0, 0
3403731, 2048000, 1, 0, 0
3403981, 1703936, 1, 0, 0
3404231, 1464032, 1, 0, 0
3404481, 1884160, 1, 0, 0
3404731, 1720320, 1, 0, 0
3404981, 1760128, 1, 0, 0
3405231, 2523136, 1, 0, 0
3405481, 1458176, 1, 0, 0
3405730, 1414682, 1, 0, 0
3405981, 1032192, 1, 0, 0
3406231, 1867776, 1, 0, 0
3406481, 1327104, 1, 0, 0
3406730, 2352321, 1, 0, 0
3406981, 2260992, 1, 0, 0
3407231, 1130496, 1, 0, 0
3407480, 1019887, 1, 0, 0
3407730, 1507328, 1, 0, 0
3407981, 1490944, 1, 0, 0
3408231, 1343488, 1, 0, 0
3408480, 937638, 1, 0, 0
3408731, 868352, 1, 0, 0
3408981, 819200, 1, 0, 0
3409231, 1196032, 1, 0, 0
3409480, 592192, 1, 0, 0
3409731, 1310720, 1, 0, 0
3409981, 966656, 1, 0, 0
3410231, 1327104, 1, 0, 0
3410480, 625092, 1, 0, 0
3410730, 901120, 1, 0, 0
3410981, 1277952, 1, 0, 0
3411231, 1261568, 1, 0, 0
3411480, 1842377, 1, 0, 0
3411731, 1179648, 1, 0, 0
3411981, 2392064, 1, 0, 0
3412231, 950272, 1, 0, 0
3412481, 690891, 1, 0, 0
3412731, 1884160, 1, 0, 0
3412981, 1851392, 1, 0, 0
3413230, 888289, 1, 0, 0
3413481, 1605632, 1, 0, 0
3413731, 884736, 1, 0, 0
3413981, 720896, 1, 0, 0
3414230, 1381783, 1, 0, 0
3414481, 1245184, 1, 0, 0
3414731, 950272, 1, 0, 0
3414981, 1900544, 1, 0, 0
3415230, 2122024, 1, 0, 0
3415481, 1376256, 1, 0, 0
3415731, 1228800, 1, 0, 0
3415981, 1867776, 1, 0, 0
3416230, 345445, 1, 0, 0
3416481, 1507328, 1, 0, 0
3416731, 884736, 1, 0, 0
3416981, 1015808, 1, 0, 0
3417230, 2187823, 1, 0, 0
3417481, 1327104, 1, 0, 0
3417731, 802816, 1, 0, 0
3417981, 1867776, 1, 0, 0
3418230, 2780016, 1, 0, 0
3418481, 2080768, 1, 0, 0
3418731, 2392064, 1, 0, 0
3418981, 2195456, 1, 0, 0
3419230, 1529831, 1, 0, 0
3419480, 1425408, 1, 0, 0
3419731, 1146880, 1, 0, 0
3419981, 966656, 1, 0, 0
3420231, 2418120, 1, 0, 0
3420481, 3047424, 1, 0, 0
3420731, 2932736, 1, 0, 0
3420981, 3141911, 1, 0, 0
3421231, 2768896, 1, 0, 0
3421481, 2457600, 1, 0, 0
3421731, 2747116, 1, 0, 0
3421981, 3162112, 1, 0, 0
3422231, 2588672, 1, 0, 0
3422480, 1858827, 1, 0, 0
3422731, 2883584, 1, 0, 0
3422981, 2916352, 1, 0, 0
3423231, 3026763, 1, 0, 0
3423481, 3194880, 1, 0, 0
3423731, 3339309, 1, 0, 0
3423981, 3162112, 1, 0, 0
3424231, 2747116, 1, 0, 0
3424481, 3244032, 1, 0, 0
3424731, 2621440, 1, 0, 0
3424981, 2845815, 1, 0, 0
3425231, 3162112, 1, 0, 0
3425481, 2621440, 1, 0, 0
3425731, 2631967, 1, 0, 0
3425981, 2441216, 1, 0, 0
3426230, 2681317, 1, 0, 0
3426481, 3031040, 1, 0, 0
3426731, 2686976, 1, 0, 0
3426981, 3240610, 1, 0, 0
3427231, 2932736, 1, 0, 0
3427481, 3178496, 1, 0, 0
3427731, 3174811, 1, 0, 0
3427981, 2310144, 1, 0, 0
3428231, 2539520, 1, 0, 0
3428481, 2845815, 1, 0, 0
3428731, 3047424, 1, 0, 0
3428981, 2834432, 1, 0, 0
3429231, 2960963, 1, 0, 0
3429481, 3031040, 1, 0, 0
3429731, 3174811, 1, 0, 0
3429981, 3358720, 1, 0, 0
3430231, 3096576, 1, 0, 0
3430481, 2418120, 1, 0, 0
3430731, 2211840, 1, 0, 0
3430981, 2441216, 1, 0, 0
3431231, 2582618, 1, 0, 0
3431481, 1703936, 1, 0, 0
3431732, 1425408, 1, 0, 0
3431981, 1562730, 1, 0, 0
3432231, 2342912, 1, 0, 0
3432481, 1612080, 1, 0, 0
3432731, 1703936, 1, 0, 0
3432981, 1266634, 1, 0, 0
3433231, 1835008, 1, 0, 0
3433481, 1753088, 1, 0, 0
3433731, 477044, 1, 0, 0
3433981, 1196032, 1, 0, 0
3434231, 1622016, 1, 0, 0
3434481, 1825927, 1, 0, 0
3434731, 1851392, 1, 0, 0
3434981, 1802240, 1, 0, 0
3435231, 1464032, 1, 0, 0
3435481, 1769472, 1, 0, 0
3435731, 1200835, 1, 0, 0
3435981, 1998848, 1, 0, 0
3436231, 1032192, 1, 0, 0
3436481, 1431132, 1, 0, 0
3436731, 1277952, 1, 0, 0
3436981, 1572864, 1, 0, 0
3437231, 1414682, 1, 0, 0
3437481, 1556480, 1, 0, 0
3437731, 1851392, 1, 0, 0
3437981, 1546281, 1, 0, 0
3438231, 1425408, 1, 0, 0
3438481, 2048000, 1, 0, 0
3438731, 1496931, 1, 0, 0
3438981, 1753088, 1, 0, 0
3439231, 2228224, 1, 0, 0
3439481, 1941076, 1, 0, 0
3439731, 1753088, 1, 0, 0
3439981, 1769472, 1, 0, 0
3440231, 1562730, 1, 0, 0
3440481, 2375680, 1, 0, 0
3440731, 1835008, 1, 0, 0
3440981, 2105574, 1, 0, 0
3441231, 2048000, 1, 0, 0
3441481, 2654208, 1, 0, 0
3441731, 2368771, 1, 0, 0
3441982, 2424832, 1, 0, 0
3442231, 2911614, 1, 0, 0
3442481, 2555904, 1, 0, 0
3442731, 1924626, 1, 0, 0
3442981, 2097152, 1, 0, 0
3443231, 1694329, 1, 0, 0
3443481, 1212416, 1, 0, 0
3443731, 1851392, 1, 0, 0
3443981, 1677879, 1, 0, 0
3444231, 1064960, 1, 0, 0
3444480, 1283084, 1, 0, 0
3444731, 1359872, 1, 0, 0
3444981, 1572864, 1, 0, 0
3445231, 1332433, 1, 0, 0
3445481, 1802240, 1, 0, 0
3445731, 1638400, 1, 0, 0
3445981, 1217285, 1, 0, 0
3446231, 1228800, 1, 0, 0
3446480, 1743678, 1, 0, 0
3446731, 622592, 1, 0, 0
3446981, 1556480, 1, 0, 0
3447231, 1118586, 1, 0, 0
3447481, 1359872, 1, 0, 0
3447731, 1343488, 1, 0, 0
3447981, 1628530, 1, 0, 0
3448231, 901120, 1, 0, 0
3448481, 1891726, 1, 0, 0
3448731, 1687552, 1, 0, 0
3448981, 2293760, 1, 0, 0
3449231, 1842377, 1, 0, 0
3449481, 2965504, 1, 0, 0
3449731, 2796465, 1, 0, 0
3449981, 2637824, 1, 0, 0
3450231, 1998848, 1, 0, 0
3450481, 2352321, 1, 0, 0
3450731, 1736704, 1, 0, 0
3450981, 2211840, 1, 0, 0
3451231, 2171373, 1, 0, 0
3451481, 2162688, 1, 0, 0
3451731, 2039775, 1, 0, 0
3451981, 2031616, 1, 0, 0
3452231, 1572864, 1, 0, 0
3452481, 1957526, 1, 0, 0
3452731, 2129920, 1, 0, 0
3452981, 1802240, 1, 0, 0
3453231, 1595630, 1, 0, 0
3453481, 2277376, 1, 0, 0
3453731, 2129920, 1, 0, 0
3453981, 1233734, 1, 0, 0
3454231, 999424, 1, 0, 0
3454481, 1540096, 1, 0, 0
3454731, 1102136, 1, 0, 0
3454981, 1359872, 1, 0, 0
3455231, 1163264, 1, 0, 0
3455481, 1118586, 1, 0, 0
3455731, 1179648, 1, 0, 0
3455981, 868352, 1, 0, 0
3456231, 1233734, 1, 0, 0
3456481, 786432, 1, 0, 0
3456731, 1245184, 1, 0, 0
3456981, 1480481, 1, 0, 0
3457231, 1753088, 1, 0, 0
3457481, 1036337, 1, 0, 0
3457731, 1654784, 1, 0, 0
3457981, 1523712, 1, 0, 0
3458231, 1891726, 1, 0, 0
3458481, 2408448, 1, 0, 0
3458731, 2473984, 1, 0, 0
3458981, 1184385, 1, 0, 0
3459231, 1261568, 1, 0, 0
3459481, 1579180, 1, 0, 0
3459731, 1228800, 1, 0, 0
3459981, 1409024, 1, 0, 0
3460231, 2006875, 1, 0, 0
3460481, 1523712, 1, 0, 0
3460731, 1671168, 1, 0, 0
3460981, 1595630, 1, 0, 0
3461231, 1556480, 1, 0, 0
3461481, 1359872, 1, 0, 0
3461731, 1842377, 1, 0, 0
3461981, 1769472, 1, 0, 0
3462231, 1130496, 1, 0, 0
3462481, 1365333, 1, 0, 0
3462731, 2097152, 1, 0, 0
3462980, 1496931, 1, 0, 0
3463231, 1769472, 1, 0, 0
3463481, 1458176, 1, 0, 0
3463731, 1036337, 1, 0, 0
3463981, 1835008, 1, 0, 0
3464231, 2146304, 1, 0, 0
3464481, 2286522, 1, 0, 0
3464731, 1867776, 1, 0, 0
3464981, 2326528, 1, 0, 0
3465231, 1710779, 1, 0, 0
3465481, 1409024, 1, 0, 0
3465730, 1365333, 1, 0, 0
3465981, 1474560, 1, 0, 0
3466231, 1818624, 1, 0, 0
3466481, 1785856, 1, 0, 0
3466731, 1529831, 1, 0, 0
3466981, 1376256, 1, 0, 0
3467231, 1392640, 1, 0, 0
3467481, 1529831, 1, 0, 0
3467731, 2129920, 1, 0, 0
3467982, 2424832, 1, 0, 0
3468231, 1118586, 1, 0, 0
3468481, 1146880, 1, 0, 0
3468730, 1595630, 1, 0, 0
3468981, 2523136, 1, 0, 0
3469231, 1114112, 1, 0, 0
3469480, 1250184, 1, 0, 0
3469731, 1474560, 1, 0, 0
3469981, 1507328, 1, 0, 0
3470230, 2056224, 1, 0, 0
3470481, 1703936, 1, 0, 0
3470731, 1245184, 1, 0, 0
3470980, 2089124, 1, 0, 0
3471231, 2293760, 1, 0, 0
3471481, 2228224, 1, 0, 0
3471731, 1760128, 1, 0, 0
3471981, 1851392, 1, 0, 0
3472232, 1605632, 1, 0, 0
3472481, 1085686, 1, 0, 0
3472731, 1933312, 1, 0, 0
3472981, 1315983, 1, 0, 0
3473231, 1622016, 1, 0, 0
3473480, 1776578, 1, 0, 0
3473731, 1638400, 1, 0, 0
3473981, 1523712, 1, 0, 0
3474231, 1638400, 1, 0, 0
3474481, 1315983, 1, 0, 0
3474731, 835584, 1, 0, 0
3474980, 1546281, 1, 0, 0
3475231, 2260992, 1, 0, 0
3475481, 2064384, 1, 0, 0
3475731, 2138473, 1, 0, 0
3475981, 1851392, 1, 0, 0
3476231, 1638400, 1, 0, 0
3476481, 1332433, 1, 0, 0
3476731, 2048000, 1, 0, 0
3476981, 1949696, 1, 0, 0
3477231, 2138473, 1, 0, 0
3477481, 1982464, 1, 0, 0
3477731, 1572864, 1, 0, 0
3477981, 1431132, 1, 0, 0
3478231, 2064384, 1, 0, 0
3478481, 1348883, 1, 0, 0
3478731, 2179072, 1, 0, 0
3478981, 1916928, 1, 0, 0
3479231, 1941076, 1, 0, 0
3479481, 2293760, 1, 0, 0
3479730, 2566168, 1, 0, 0
3479981, 2490368, 1, 0, 0
3480231, 1966080, 1, 0, 0
3480481, 2418120, 1, 0, 0
3480731, 2867200, 1, 0, 0
3480981, 3096576, 1, 0, 0
3481231, 3520257, 1, 0, 0
3481481, 2752512, 1, 0, 0
3481731, 1228800, 1, 0, 0
3481981, 1266634, 1, 0, 0
3482231, 1572864, 1, 0, 0
3482481, 1529831, 1, 0, 0
3482731, 1982464, 1, 0, 0
3482981, 1458176, 1, 0, 0
3483231, 1184385, 1, 0, 0
3483481, 2064384, 1, 0, 0
3483731, 1261568, 1, 0, 0
3483981, 2089124, 1, 0, 0
3484231, 1540096, 1, 0, 0
3484481, 2162688, 1, 0, 0
3484731, 2089124, 1, 0, 0
3484981, 1818624, 1, 0, 0
3485231, 1589248, 1, 0, 0
3485481, 1825927, 1, 0, 0
3485731, 1900544, 1, 0, 0
3485981, 2506752, 1, 0, 0
3486231, 2648417, 1, 0, 0
3486481, 1703936, 1, 0, 0
3486731, 1513381, 1, 0, 0
3486981, 2031616, 1, 0, 0
3487231, 1196032, 1, 0, 0
3487481, 1431132, 1, 0, 0
3487731, 2195456, 1, 0, 0
3487981, 1464032, 1, 0, 0
3488231, 1589248, 1, 0, 0
3488481, 1982464, 1, 0, 0
3488731, 1793028, 1, 0, 0
3488981, 1851392, 1, 0, 0
3489231, 1283084, 1, 0, 0
3489481, 1245184, 1, 0, 0
3489731, 1671168, 1, 0, 0
3489981, 1973975, 1, 0, 0
3490231, 2605056, 1, 0, 0
3490481, 3047424, 1, 0, 0
3490731, 2516819, 1, 0, 0
3490981, 2375680, 1, 0, 0
3491230, 674441, 1, 0, 0
3491481, 999424, 1, 0, 0
3491731, 1228800, 1, 0, 0
3491980, 1447582, 1, 0, 0
3492231, 1359872, 1, 0, 0
3492481, 2195456, 1, 0, 0
3492731, 1513381, 1, 0, 0
3492981, 2326528, 1, 0, 0
3493232, 1671168, 1, 0, 0
3493481, 1842377, 1, 0, 0
3493731, 2424832, 1, 0, 0
3493981, 2220722, 1, 0, 0
3494231, 1261568, 1, 0, 0
3494481, 1332433, 1, 0, 0
3494731, 1802240, 1, 0, 0
3494981, 1196032, 1, 0, 0
3495231, 1858827, 1, 0, 0
3495481, 1507328, 1, 0, 0
3495731, 756690, 1, 0, 0
3495981, 1785856, 1, 0, 0
3496231, 1622016, 1, 0, 0
3496481, 2006875, 1, 0, 0
3496731, 1556480, 1, 0, 0
3496980, 1348883, 1, 0, 0
3497231, 1359872, 1, 0, 0
3497481, 1769472, 1, 0, 0
3497730, 1036337, 1, 0, 0
3497981, 1081344, 1, 0, 0
3498231, 1310720, 1, 0, 0
3498481, 1019887, 1, 0, 0
3498731, 1638400, 1, 0, 0
3498981, 1982464, 1, 0, 0
3499231, 2023325, 1, 0, 0
3499481, 704512, 1, 0, 0
3499731, 1703936, 1, 0, 0
3499981, 2648417, 1, 0, 0
3500231, 884736, 1, 0, 0
3500481, 2944514, 1, 0, 0
3500731, 2539520, 1, 0, 0
3500981, 2506752, 1, 0, 0
3501231, 2401670, 1, 0, 0
3501481, 1572864, 1, 0, 0
3501731, 1003437, 1, 0, 0
3501981, 1277952, 1, 0, 0
3502231, 1425408, 1, 0, 0
3502481, 2105574, 1, 0, 0
3502731, 1900544, 1, 0, 0
3502981, 1776578, 1, 0, 0
3503231, 638976, 1, 0, 0
3503481, 507904, 1, 0, 0
3503731, 1513381, 1, 0, 0
3503981, 2211840, 1, 0, 0
3504230, 1694329, 1, 0, 0
3504481, 1064960, 1, 0, 0
3504731, 1064960, 1, 0, 0
3504981, 2523136, 1, 0, 0
3505231, 1233734, 1, 0, 0
3505481, 2310144, 1, 0, 0
3505731, 1589248, 1, 0, 0
3505981, 2434570, 1, 0, 0
3506231, 2179072, 1, 0, 0
3506481, 2277376, 1, 0, 0
3506731, 2270072, 1, 0, 0
3506981, 1933312, 1, 0, 0
3507231, 1523712, 1, 0, 0
3507480, 2302971, 1, 0, 0
3507731, 1490944, 1, 0, 0
3507981, 1753088, 1, 0, 0
3508230, 1842377, 1, 0, 0
3508481, 1146880, 1, 0, 0
3508731, 1179648, 1, 0, 0
3508980, 1825927, 1, 0, 0
3509231, 1736704, 1, 0, 0
3509481, 770048, 1, 0, 0
3509731, 1277952, 1, 0, 0
3509981, 1842377, 1, 0, 0
3510231, 1507328, 1, 0, 0
3510481, 2031616, 1, 0, 0
3510731, 1595630, 1, 0, 0
3510981, 1720320, 1, 0, 0
3511230, 1184385, 1, 0, 0
3511481, 950272, 1, 0, 0
3511731, 1130496, 1, 0, 0
3511980, 1085686, 1, 0, 0
3512231, 1425408, 1, 0, 0
3512481, 1015808, 1, 0, 0
3512730, 855389, 1, 0, 0
3512981, 2179072, 1, 0, 0
3513231, 2457600, 1, 0, 0
3513480, 2006875, 1, 0, 0
3513731, 1458176, 1, 0, 0
3513981, 1736704, 1, 0, 0
3514231, 999424, 1, 0, 0
3514481, 1085686, 1, 0, 0
3514731, 2162688, 1, 0, 0
3514980, 2467469, 1, 0, 0
3515231, 1507328, 1, 0, 0
3515481, 1589248, 1, 0, 0
3515731, 1884160, 1, 0, 0
3515981, 1957526, 1, 0, 0
3516231, 1769472, 1, 0, 0
3516481, 1776578, 1, 0, 0
3516731, 1474560, 1, 0, 0
3516981, 2293760, 1, 0, 0
3517231, 1941076, 1, 0, 0
3517481, 1982464, 1, 0, 0
3517731, 1579180, 1, 0, 0
3517981, 2048000, 1, 0, 0
3518231, 1425408, 1, 0, 0
3518481, 1562730, 1, 0, 0
3518731, 1835008, 1, 0, 0
3518981, 1332433, 1, 0, 0
3519231, 1474560, 1, 0, 0
3519481, 1376256, 1, 0, 0
3519731, 1595630, 1, 0, 0
3519981, 1982464, 1, 0, 0
3520231, 1441792, 1, 0, 0
3520481, 1825927, 1, 0, 0
3520731, 1622016, 1, 0, 0
3520980, 1858827, 1, 0, 0
3521231, 1851392, 1, 0, 0
3521481, 2277376, 1, 0, 0
3521730, 1793028, 1, 0, 0
3521981, 1671168, 1, 0, 0
3522231, 1835008, 1, 0, 0
3522480, 1612080, 1, 0, 0
3522731, 1163264, 1, 0, 0
3522981, 2146304, 1, 0, 0
3523231, 1743678, 1, 0, 0
3523481, 786432, 1, 0, 0
3523731, 2162688, 1, 0, 0
3523981, 1941076, 1, 0, 0
3524231, 1867776, 1, 0, 0
3524481, 1217285, 1, 0, 0
3524731, 1605632, 1, 0, 0
3524981, 1769472, 1, 0, 0
3525231, 1941076, 1, 0, 0
3525481, 1753088, 1, 0, 0
3525731, 1376256, 1, 0, 0
3525981, 246746, 1, 0, 0
3526231, 540672, 1, 0, 0
3526481, 1612080, 1, 0, 0
3526731, 2277376, 1, 0, 0
3526981, 1425408, 1, 0, 0
3527231, 2434570, 1, 0, 0
3527481, 1327104, 1, 0, 0
3527731, 2195456, 1, 0, 0
3527980, 1151485, 1, 0, 0
3528231, 1851392, 1, 0, 0
3528481, 2408448, 1, 0, 0
3528730, 2582618, 1, 0, 0
3528981, 1900544, 1, 0, 0
3529231, 2195456, 1, 0, 0
3529481, 2566168, 1, 0, 0
3529731, 1441792, 1, 0, 0
3529980, 2105574, 1, 0, 0
3530231, 1802240, 1, 0, 0
3530481, 2179072, 1, 0, 0
3530731, 2352321, 1, 0, 0
3530981, 2195456, 1, 0, 0
3531231, 1441792, 1, 0, 0
3531481, 2056224, 1, 0, 0
3531731, 1261568, 1, 0, 0
3531981, 1661429, 1, 0, 0
3532231, 1228800, 1, 0, 0
3532481, 1332433, 1, 0, 0
3532731, 1425408, 1, 0, 0
3532981, 1540096, 1, 0, 0
3533231, 1052787, 1, 0, 0
3533481, 1359872, 1, 0, 0
3533731, 1315983, 1, 0, 0
3533981, 950272, 1, 0, 0
3534231, 1884160, 1, 0, 0
3534481, 1957526, 1, 0, 0
3534731, 1785856, 1, 0, 0
3534981, 1474560, 1, 0, 0
3535231, 1167935, 1, 0, 0
3535481, 1130496, 1, 0, 0
3535731, 966656, 1, 0, 0
3535981, 1776578, 1, 0, 0
3536231, 1867776, 1, 0, 0
3536481, 1294336, 1, 0, 0
3536731, 904738, 1, 0, 0
3536981, 1589248, 1, 0, 0
3537231, 1179648, 1, 0, 0
3537481, 773140, 1, 0, 0
3537731, 737280, 1, 0, 0
3537982, 737280, 1, 0, 0
3538231, 378345, 1, 0, 0
3538481, 1294336, 1, 0, 0
3538731, 1135036, 1, 0, 0
3538981, 1671168, 1, 0, 0
3539231, 2056224, 1, 0, 0
3539481, 868352, 1, 0, 0
3539731, 1376256, 1, 0, 0
3539981, 954088, 1, 0, 0
3540231, 2048000, 1, 0, 0
3540481, 674441, 1, 0, 0
3540731, 1720320, 1, 0, 0
3540981, 1523712, 1, 0, 0
3541231, 1315983, 1, 0, 0
3541481, 1720320, 1, 0, 0
3541731, 1884160, 1, 0, 0
3541981, 1957526, 1, 0, 0
3542231, 1769472, 1, 0, 0
3542481, 1114112, 1, 0, 0
3542731, 1661429, 1, 0, 0
3542981, 1671168, 1, 0, 0
3543231, 1212416, 1, 0, 0
3543481, 1710779, 1, 0, 0
3543731, 1703936, 1, 0, 0
3543981, 1392640, 1, 0, 0
3544231, 2368771, 1, 0, 0
3544481, 1638400, 1, 0, 0
3544731, 2064384, 1, 0, 0
3544981, 1661429, 1, 0, 0
3545231, 1540096, 1, 0, 0
3545481, 1523712, 1, 0, 0
3545731, 1529831, 1, 0, 0
3545981, 1851392, 1, 0, 0
3546231, 2310144, 1, 0, 0
3546481, 1677879, 1, 0, 0
3546731, 2146304, 1, 0, 0
3546981, 1990425, 1, 0, 0
3547231, 1720320, 1, 0, 0
3547482, 1474560, 1, 0, 0
3547731, 1529831, 1, 0, 0
3547981, 884736, 1, 0, 0
3548231, 1908176, 1, 0, 0
3548481, 1589248, 1, 0, 0
3548731, 822489, 1, 0, 0
3548981, 1589248, 1, 0, 0
3549231, 1753088, 1, 0, 0
3549480, 1546281, 1, 0, 0
3549731, 1949696, 1, 0, 0
3549981, 2113536, 1, 0, 0
3550231, 2335871, 1, 0, 0
3550481, 1081344, 1, 0, 0
3550731, 1327104, 1, 0, 0
3550981, 1151485, 1, 0, 0
3551231, 1409024, 1, 0, 0
3551480, 2138473, 1, 0, 0
3551731, 2195456, 1, 0, 0
3551981, 1933312, 1, 0, 0
3552230, 1052787, 1, 0, 0
3552481, 1097728, 1, 0, 0
3552731, 1376256, 1, 0, 0
3552980, 1628530, 1, 0, 0
3553231, 1294336, 1, 0, 0
3553481, 2621440, 1, 0, 0
3553731, 1776578, 1, 0, 0
3553981, 1638400, 1, 0, 0
3554231, 1884160, 1, 0, 0
3554481, 1200835, 1, 0, 0
3554731, 1474560, 1, 0, 0
3554981, 1359872, 1, 0, 0
3555231, 1036337, 1, 0, 0
3555481, 1064960, 1, 0, 0
3555730, 1381783, 1, 0, 0
3555981, 1327104, 1, 0, 0
3556231, 819200, 1, 0, 0
3556481, 868352, 1, 0, 0
3556731, 954088, 1, 0, 0
3556981, 999424, 1, 0, 0
3557231, 1294336, 1, 0, 0
3557481, 1381783, 1, 0, 0
3557731, 1277952, 1, 0, 0
3557980, 1398232, 1, 0, 0
3558231, 1179648, 1, 0, 0
3558481, 1507328, 1, 0, 0
3558730, 1398232, 1, 0, 0
3558981, 1327104, 1, 0, 0
3559231, 1392640, 1, 0, 0
3559481, 838939, 1, 0, 0
3559731, 1867776, 1, 0, 0
3559981, 917504, 1, 0, 0
3560231, 1546281, 1, 0, 0
3560481, 1130496, 1, 0, 0
3560731, 1069236, 1, 0, 0
3560981, 1556480, 1, 0, 0
3561231, 1703936, 1, 0, 0
3561481, 1250184, 1, 0, 0
3561731, 1572864, 1, 0, 0
3561981, 1998848, 1, 0, 0
3562231, 937638, 1, 0, 0
3562481, 1490944, 1, 0, 0
3562730, 2056224, 1, 0, 0
3562981, 1343488, 1, 0, 0
3563231, 1753088, 1, 0, 0
3563481, 1776578, 1, 0, 0
3563731, 1785856, 1, 0, 0
3563981, 2179072, 1, 0, 0
3564230, 1381783, 1, 0, 0
3564481, 1081344, 1, 0, 0
3564731, 2392064, 1, 0, 0
3564981, 1825927, 1, 0, 0
3565231, 1523712, 1, 0, 0
3565481, 1998848, 1, 0, 0
3565731, 1793028, 1, 0, 0
3565981, 1277952, 1, 0, 0
3566231, 1540096, 1, 0, 0
3566481, 1710779, 1, 0, 0
3566731, 1703936, 1, 0, 0
3566981, 1250184, 1, 0, 0
3567231, 1540096, 1, 0, 0
3567481, 1628530, 1, 0, 0
3567731, 999424, 1, 0, 0
3567981, 983040, 1, 0, 0
3568231, 1019887, 1, 0, 0
3568481, 1835008, 1, 0, 0
3568730, 1677879, 1, 0, 0
3568981, 1556480, 1, 0, 0
3569231, 1720320, 1, 0, 0
3569480, 1546281, 1, 0, 0
3569731, 1474560, 1, 0, 0
3569981, 1851392, 1, 0, 0
3570230, 1299534, 1, 0, 0
3570481, 1179648, 1, 0, 0
3570731, 671744, 1, 0, 0
3570980, 1250184, 1, 0, 0
3571231, 950272, 1, 0, 0
3571481, 819200, 1, 0, 0
3571730, 1217285, 1, 0, 0
3571981, 1425408, 1, 0, 0
3572231, 1589248, 1, 0, 0
3572481, 2195456, 1, 0, 0
3572731, 1957526, 1, 0, 0
3572981, 1933312, 1, 0, 0
3573231, 2146304, 1, 0, 0
3573481, 2385220, 1, 0, 0
3573731, 2670592, 1, 0, 0
3573981, 1556480, 1, 0, 0
3574231, 2500369, 1, 0, 0
3574481, 2326528, 1, 0, 0
3574731, 1114112, 1, 0, 0
3574981, 2944514, 1, 0, 0
3575231, 2129920, 1, 0, 0
3575481, 2097152, 1, 0, 0
3575731, 2089124, 1, 0, 0
3575981, 1818624, 1, 0, 0
3576231, 1818624, 1, 0, 0
3576481, 1924626, 1, 0, 0
3576731, 2179072, 1, 0, 0
3576980, 1365333, 1, 0, 0
3577231, 1589248, 1, 0, 0
3577481, 1409024, 1, 0, 0
3577730, 1464032, 1, 0, 0
3577981, 1490944, 1, 0, 0
3578231, 1441792, 1, 0, 0
3578481, 802816, 1, 0, 0
3578731, 1941076, 1, 0, 0
3578981, 1703936, 1, 0, 0
3579230, 1694329, 1, 0, 0
3579481, 2310144, 1, 0, 0
3579731, 1622016, 1, 0, 0
3579980, 1710779, 1, 0, 0
3580231, 1671168, 1, 0, 0
3580481, 1441792, 1, 0, 0
3580730, 2039775, 1, 0, 0
3580981, 1703936, 1, 0, 0
3581231, 1163264, 1, 0, 0
3581481, 1760128, 1, 0, 0
3581731, 1769472, 1, 0, 0
3581982, 1425408, 1, 0, 0
3582231, 1825927, 1, 0, 0
3582481, 1507328, 1, 0, 0
3582731, 970538, 1, 0, 0
3582981, 2129920, 1, 0, 0
3583231, 1015808, 1, 0, 0
3583481, 1217285, 1, 0, 0
3583731, 1687552, 1, 0, 0
3583981, 2277376, 1, 0, 0
3584231, 1480481, 1, 0, 0
3584481, 2162688, 1, 0, 0
3584731, 1776578, 1, 0, 0
3584981, 2883584, 1, 0, 0
3585231, 1966080, 1, 0, 0
3585481, 1496931, 1, 0, 0
3585731, 1441792, 1, 0, 0
3585981, 1556480, 1, 0, 0
3586231, 1908176, 1, 0, 0
3586481, 884736, 1, 0, 0
3586730, 806040, 1, 0, 0
3586981, 1343488, 1, 0, 0
3587231, 1114112, 1, 0, 0
3587481, 2434570, 1, 0, 0
3587731, 1507328, 1, 0, 0
3587981, 1933312, 1, 0, 0
3588231, 1019887, 1, 0, 0
3588481, 507904, 1, 0, 0
3588731, 1392640, 1, 0, 0
3588981, 1118586, 1, 0, 0
3589231, 1671168, 1, 0, 0
3589481, 1032192, 1, 0, 0
3589731, 1315983, 1, 0, 0
3589981, 786432, 1, 0, 0
3590231, 819200, 1, 0, 0
3590481, 493493, 1, 0, 0
3590731, 638976, 1, 0, 0
3590981, 1163264, 1, 0, 0
3591231, 1332433, 1, 0, 0
3591481, 1064960, 1, 0, 0
3591731, 98304, 1, 0, 0
3591981, 1743678, 1, 0, 0
3592231, 589824, 1, 0, 0
3592481, 491520, 1, 0, 0
3592731, 460594, 1, 0, 0
3592981, 1097728, 1, 0, 0
3593231, 1310720, 1, 0, 0
3593481, 1710779, 1, 0, 0
3593731, 1556480, 1, 0, 0
3593980, 1315983, 1, 0, 0
3594231, 2310144, 1, 0, 0
3594481, 1638400, 1, 0, 0
3594731, 1891726, 1, 0, 0
3594981, 2408448, 1, 0, 0
3595231, 1949696, 1, 0, 0
3595481, 2516819, 1, 0, 0
3595731, 3047424, 1, 0, 0
3595981, 2064384, 1, 0, 0
3596231, 2154923, 1, 0, 0
3596481, 1835008, 1, 0, 0
3596731, 1464032, 1, 0, 0
3596981, 1458176, 1, 0, 0
3597231, 901120, 1, 0, 0
3597481, 1069236, 1, 0, 0
3597731, 1933312, 1, 0, 0
3597981, 1769472, 1, 0, 0
3598231, 2270072, 1, 0, 0
3598481, 2654208, 1, 0, 0
3598731, 1769472, 1, 0, 0
3598981, 1135036, 1, 0, 0
3599231, 917504, 1, 0, 0
3599480, 1299534, 1, 0, 0
3599731, 1622016, 1, 0, 0
3599981, 1327104, 1, 0, 0
3600231, 884736, 1, 0, 0
3600481, 1661429, 1, 0, 0
3600731, 1277952, 1, 0, 0
3600981, 1622016, 1, 0, 0
3601231, 1447582, 1, 0, 0
3601481, 1277952, 1, 0, 0
3601731, 1398232, 1, 0, 0
3601981, 638976, 1, 0, 0
3602231, 1130496, 1, 0, 0
3602481, 1562730, 1, 0, 0
3602731, 1294336, 1, 0, 0
3602980, 740240, 1, 0, 0
3603231, 1146880, 1, 0, 0
3603481, 983040, 1, 0, 0
3603731, 822489, 1, 0, 0
3603981, 1343488, 1, 0, 0
3604231, 442368, 1, 0, 0
3604481, 954088, 1, 0, 0
3604731, 655360, 1, 0, 0
3604981, 458752, 1, 0, 0
3605231, 888289, 1, 0, 0
3605481, 1261568, 1, 0, 0
3605730, 954088, 1, 0, 0
3605981, 1261568, 1, 0, 0
3606231, 1687552, 1, 0, 0
3606481, 954088, 1, 0, 0
3606731, 1605632, 1, 0, 0
3606981, 622592, 1, 0, 0
3607231, 1217285, 1, 0, 0
3607481, 1851392, 1, 0, 0
3607731, 229376, 1, 0, 0
3607981, 1381783, 1, 0, 0
3608231, 1228800, 1, 0, 0
3608481, 1687552, 1, 0, 0
3608731, 1118586, 1, 0, 0
3608981, 1294336, 1, 0, 0
3609230, 806040, 1, 0, 0
3609481, 1032192, 1, 0, 0
3609731, 786432, 1, 0, 0
3609981, 1200835, 1, 0, 0
3610231, 2064384, 1, 0, 0
3610481, 622592, 1, 0, 0
3610731, 1250184, 1, 0, 0
3610981, 868352, 1, 0, 0
3611231, 311296, 1, 0, 0
3611481, 855389, 1, 0, 0
3611731, 2146304, 1, 0, 0
3611981, 1359872, 1, 0, 0
3612231, 1348883, 1, 0, 0
3612481, 1507328, 1, 0, 0
3612731, 1589248, 1, 0, 0
3612981, 1496931, 1, 0, 0
3613231, 1294336, 1, 0, 0
3613481, 1595630, 1, 0, 0
3613731, 1703936, 1, 0, 0
3613981, 1884160, 1, 0, 0
3614231, 1167935, 1, 0, 0
3614481, 1671168, 1, 0, 0
3614730, 1299534, 1, 0, 0
3614981, 1130496, 1, 0, 0
3615231, 770048, 1, 0, 0
3615480, 756690, 1, 0, 0
3615731, 1425408, 1, 0, 0
3615981, 1884160, 1, 0, 0
3616231, 1266634, 1, 0, 0
3616481, 1146880, 1, 0, 0
3616731, 1392640, 1, 0, 0
3616981, 1546281, 1, 0, 0
3617231, 1540096, 1, 0, 0
3617481, 1228800, 1, 0, 0
3617731, 1825927, 1, 0, 0
3617981, 1228800, 1, 0, 0
3618231, 1032192, 1, 0, 0
3618481, 1612080, 1, 0, 0
3618731, 802816, 1, 0, 0
3618981, 1064960, 1, 0, 0
3619231, 1200835, 1, 0, 0
3619481, 1196032, 1, 0, 0
3619730, 2089124, 1, 0, 0
3619981, 1441792, 1, 0, 0
3620231, 1130496, 1, 0, 0
3620481, 1294336, 1, 0, 0
3620731, 1579180, 1, 0, 0
3620981, 966656, 1, 0, 0
3621231, 1294336, 1, 0, 0
3621481, 1167935, 1, 0, 0
3621731, 851968, 1, 0, 0
3621981, 1266634, 1, 0, 0
3622231, 868352, 1, 0, 0
3622481, 1398232, 1, 0, 0
3622731, 1605632, 1, 0, 0
3622981, 1130496, 1, 0, 0
3623231, 378345, 1, 0, 0
3623481, 262144, 1, 0, 0
3623731, 1605632, 1, 0, 0
3623981, 1315983, 1, 0, 0
3624231, 1736704, 1, 0, 0
3624481, 1327104, 1, 0, 0
3624731, 1529831, 1, 0, 0
3624981, 1507328, 1, 0, 0
3625231, 1179648, 1, 0, 0
3625481, 1381783, 1, 0, 0
3625731, 1785856, 1, 0, 0
3625981, 1474560, 1, 0, 0
3626231, 1299534, 1, 0, 0
3626481, 606208, 1, 0, 0
3626730, 937638, 1, 0, 0
3626981, 1458176, 1, 0, 0
3627231, 1720320, 1, 0, 0
3627481, 1464032, 1, 0, 0
3627731, 1228800, 1, 0, 0
3627981, 1507328, 1, 0, 0
3628231, 1595630, 1, 0, 0
3628481, 1245184, 1, 0, 0
3628731, 1605632, 1, 0, 0
3628980, 1332433, 1, 0, 0
3629231, 835584, 1, 0, 0
3629481, 1327104, 1, 0, 0
3629730, 1710779, 1, 0, 0
3629981, 1228800, 1, 0, 0
3630231, 1933312, 1, 0, 0
3630480, 1167935, 1, 0, 0
3630731, 1605632, 1, 0, 0
3630981, 1294336, 1, 0, 0
3631231, 1217285, 1, 0, 0
3631481, 1884160, 1, 0, 0
3631731, 1867776, 1, 0, 0
3631981, 970538, 1, 0, 0
3632231, 1671168, 1, 0, 0
3632481, 1595630, 1, 0, 0
3632731, 1114112, 1, 0, 0
3632981, 1490944, 1, 0, 0
3633230, 1036337, 1, 0, 0
3633480, 1376256, 1, 0, 0
3633730, 1048576, 1, 0, 0
3633980, 1310720, 1, 0, 0
3634230, 1392640, 1, 0, 0
3634480, 983040, 1, 0, 0
3634730, 1736704, 1, 0, 0
3634981, 1867776, 1, 0, 0
3635231, 2408448, 1, 0, 0
3635481, 2015232, 1, 0, 0
3635730, 1546281, 1, 0, 0
3635980, 2097152, 1, 0, 0
3636230, 1884160, 1, 0, 0
3636480, 1507328, 1, 0, 0
3636730, 1818624, 1, 0, 0
3636980, 1736704, 1, 0, 0
3637230, 1212416, 1, 0, 0
3637481, 1589248, 1, 0, 0
3637731, 1802240, 1, 0, 0
3637981, 1556480, 1, 0, 0
3638231, 2097152, 1, 0, 0
3638480, 1398232, 1, 0, 0
3638730, 2523136, 1, 0, 0
3638980, 1785856, 1, 0, 0
3639230, 1032192, 1, 0, 0
3639480, 1196032, 1, 0, 0
3639730, 999424, 1, 0, 0
3639981, 1671168, 1, 0, 0
3640231, 2441216, 1, 0, 0
3640481, 1916928, 1, 0, 0
3640731, 2064384, 1, 0, 0
3640980, 1727228, 1, 0, 0
3641230, 1818624, 1, 0, 0
3641480, 1261568, 1, 0, 0
3641730, 1785856, 1, 0, 0
3641980, 2179072, 1, 0, 0
3642231, 1851392, 1, 0, 0
3642481, 1015808, 1, 0, 0
3642731, 1523712, 1, 0, 0
3642981, 1146880, 1, 0, 0
3643230, 1447582, 1, 0, 0
3643480, 1212416, 1, 0, 0
3643730, 917504, 1, 0, 0
3643980, 1359872, 1, 0, 0
3644230, 1441792, 1, 0, 0
3644480, 1409024, 1, 0, 0
3644730, 1638400, 1, 0, 0
3644981, 1589248, 1, 0, 0
3645231, 1835008, 1, 0, 0
3645481, 1933312, 1, 0, 0
3645731, 1490944, 1, 0, 0
3645980, 1283084, 1, 0, 0
3646230, 1261568, 1, 0, 0
3646480, 1376256, 1, 0, 0
3646730, 1409024, 1, 0, 0
3646980, 1294336, 1, 0, 0
3647230, 638976, 1, 0, 0
3647481, 1245184, 1, 0, 0
3647731, 1638400, 1, 0, 0
3647981, 1146880, 1, 0, 0
3648231, 1835008, 1, 0, 0
3648481, 1441792, 1, 0, 0
3648730, 1233734, 1, 0, 0
3648980, 1081344, 1, 0, 0
3649230, 1179648, 1, 0, 0
3649480, 704512, 1, 0, 0
3649730, 1523712, 1, 0, 0
3649980, 1196032, 1, 0, 0
3650231, 1327104, 1, 0, 0
3650481, 1146880, 1, 0, 0
3650731, 1490944, 1, 0, 0
3650980, 1644979, 1, 0, 0
3651230, 393216, 1, 0, 0
3651480, 1081344, 1, 0, 0
3651730, 1785856, 1, 0, 0
3651980, 1163264, 1, 0, 0
3652230, 1081344, 1, 0, 0
3652481, 868352, 1, 0, 0
3652731, 802816, 1, 0, 0
3652981, 1343488, 1, 0, 0
3653231, 1490944, 1, 0, 0
3653480, 1167935, 1, 0, 0
3653730, 933888, 1, 0, 0
3653980, 933888, 1, 0, 0
3654230, 1097728, 1, 0, 0
3654480, 1622016, 1, 0, 0
3654731, 1081344, 1, 0, 0
3654981, 1245184, 1, 0, 0
3655231, 540672, 1, 0, 0
3655480, 509943, 1, 0, 0
3655730, 409600, 1, 0, 0
3655980, 540672, 1, 0, 0
3656230, 704512, 1, 0, 0
3656480, 442368, 1, 0, 0
3656730, 1032192, 1, 0, 0
3656980, 1212416, 1, 0, 0
3657231, 1327104, 1, 0, 0
3657481, 2048000, 1, 0, 0
3657731, 1474560, 1, 0, 0
3657981, 1032192, 1, 0, 0
3658230, 1612080, 1, 0, 0
3658480, 1753088, 1, 0, 0
3658730, 835584, 1, 0, 0
3658980, 1622016, 1, 0, 0
3659230, 1638400, 1, 0, 0
3659480, 1703936, 1, 0, 0
3659731, 671744, 1, 0, 0
3659981, 802816, 1, 0, 0
3660231, 1245184, 1, 0, 0
3660481, 1638400, 1, 0, 0
3660730, 1513381, 1, 0, 0
3660980, 1048576, 1, 0, 0
3661230, 1425408, 1, 0, 0
3661480, 1441792, 1, 0, 0
3661730, 1327104, 1, 0, 0
3661980, 1146880, 1, 0, 0
3662230, 1097728, 1, 0, 0
3662481, 1572864, 1, 0, 0
3662731, 1441792, 1, 0, 0
3662981, 1736704, 1, 0, 0
3663231, 1114112, 1, 0, 0
3663480, 1628530, 1, 0, 0
3663730, 1540096, 1, 0, 0
3663980, 1310720, 1, 0, 0
3664230, 2703360, 1, 0, 0
3664480, 1703936, 1, 0, 0
3664730, 1540096, 1, 0, 0
3664980, 1949696, 1, 0, 0
3665231, 2211840, 1, 0, 0
3665481, 2048000, 1, 0, 0
3665731, 1015808, 1, 0, 0
3665981, 1966080, 1, 0, 0
3666230, 1299534, 1, 0, 0
3666480, 622592, 1, 0, 0
3666730, 2506752, 1, 0, 0
3666980, 1785856, 1, 0, 0
3667230, 1392640, 1, 0, 0
3667480, 1359872, 1, 0, 0
3667730, 868352, 1, 0, 0
3667981, 868352, 1, 0, 0
3668231, 1015808, 1, 0, 0
3668481, 819200, 1, 0, 0
3668731, 1114112, 1, 0, 0
3668980, 411244, 1, 0, 0
3669230, 1441792, 1, 0, 0
3669480, 1867776, 1, 0, 0
3669730, 1966080, 1, 0, 0
3669980, 1392640, 1, 0, 0
3670230, 1343488, 1, 0, 0
3670481, 1064960, 1, 0, 0
3670731, 868352, 1, 0, 0
3670981, 1146880, 1, 0, 0
3671231, 1523712, 1, 0, 0
3671480, 789590, 1, 0, 0
3671730, 1310720, 1, 0, 0
3671980, 1425408, 1, 0, 0
3672230, 835584, 1, 0, 0
3672480, 1081344, 1, 0, 0
3672730, 1245184, 1, 0, 0
3672980, 1851392, 1, 0, 0
3673231, 1327104, 1, 0, 0
3673481, 1048576, 1, 0, 0
3673731, 1032192, 1, 0, 0
3673980, 2944514, 1, 0, 0
3674230, 2392064, 1, 0, 0
3674480, 983040, 1, 0, 0
3674730, 1687552, 1, 0, 0
3674980, 1556480, 1, 0, 0
3675230, 1458176, 1, 0, 0
3675481, 1949696, 1, 0, 0
3675731, 1589248, 1, 0, 0
3675981, 1277952, 1, 0, 0
3676231, 851968, 1, 0, 0
3676480, 1151485, 1, 0, 0
3676730, 1916928, 1, 0, 0
3676980, 1589248, 1, 0, 0
3677230, 1130496, 1, 0, 0
3677480, 1622016, 1, 0, 0
3677730, 1785856, 1, 0, 0
3677980, 1720320, 1, 0, 0
3678231, 2244608, 1, 0, 0
3678481, 1851392, 1, 0, 0
3678731, 1654784, 1, 0, 0
3678981, 1540096, 1, 0, 0
3679230, 1398232, 1, 0, 0
3679480, 1343488, 1, 0, 0
3679730, 1982464, 1, 0, 0
3679980, 2162688, 1, 0, 0
3680230, 1376256, 1, 0, 0
3680480, 1769472, 1, 0, 0
3680731, 2113536, 1, 0, 0
3680981, 1540096, 1, 0, 0
3681231, 1146880, 1, 0, 0
3681481, 1458176, 1, 0, 0
3681730, 1167935, 1, 0, 0
3681980, 1425408, 1, 0, 0
3682230, 1916928, 1, 0, 0
3682480, 1622016, 1, 0, 0
3682730, 1064960, 1, 0, 0
3682980, 1343488, 1, 0, 0
3683230, 1490944, 1, 0, 0
3683481, 1294336, 1, 0, 0
3683731, 1753088, 1, 0, 0
3683981, 1097728, 1, 0, 0
3684231, 2080768, 1, 0, 0
3684480, 1069236, 1, 0, 0
3684730, 1245184, 1, 0, 0
3684980, 1507328, 1, 0, 0
3685230, 966656, 1, 0, 0
3685480, 901120, 1, 0, 0
3685730, 737280, 1, 0, 0
3685980, 1769472, 1, 0, 0
3686231, 1507328, 1, 0, 0
3686481, 1556480, 1, 0, 0
3686731, 1392640, 1, 0, 0
3686981, 491520, 1, 0, 0
3687230, 559293, 1, 0, 0
3687480, 1245184, 1, 0, 0
3687730, 606208, 1, 0, 0
3687980, 753664, 1, 0, 0
3688230, 557056, 1, 0, 0
3688480, 1703936, 1, 0, 0
3688731, 1277952, 1, 0, 0
3688981, 1261568, 1, 0, 0
3689231, 1097728, 1, 0, 0
3689481, 1589248, 1, 0, 0
3689730, 1315983, 1, 0, 0
3689980, 1196032, 1, 0, 0
3690230, 1490944, 1, 0, 0
3690480, 1179648, 1, 0, 0
3690730, 1769472, 1, 0, 0
3690980, 933888, 1, 0, 0
3691230, 1572864, 1, 0, 0
3691481, 2031616, 1, 0, 0
3691731, 868352, 1, 0, 0
3691981, 753664, 1, 0, 0
3692231, 1179648, 1, 0, 0
3692480, 1184385, 1, 0, 0
3692730, 1490944, 1, 0, 0
3692980, 1212416, 1, 0, 0
3693230, 1392640, 1, 0, 0
3693480, 1114112, 1, 0, 0
3693730, 1523712, 1, 0, 0
3693981, 1097728, 1, 0, 0
3694231, 1097728, 1, 0, 0
3694481, 1392640, 1, 0, 0
3694730, 1299534, 1, 0, 0
3694980, 2244608, 1, 0, 0
3695230, 1769472, 1, 0, 0
3695480, 1556480, 1, 0, 0
3695730, 1196032, 1, 0, 0
3695980, 999424, 1, 0, 0
3696230, 688128, 1, 0, 0
3696481, 1277952, 1, 0, 0
3696731, 1556480, 1, 0, 0
3696981, 671744, 1, 0, 0
3697231, 753664, 1, 0, 0
3697480, 1019887, 1, 0, 0
3697730, 884736, 1, 0, 0
3697980, 1032192, 1, 0, 0
3698230, 1425408, 1, 0, 0
3698480, 1916928, 1, 0, 0
3698730, 1736704, 1, 0, 0
3698981, 1556480, 1, 0, 0
3699231, 1343488, 1, 0, 0
3699481, 1114112, 1, 0, 0
3699731, 2605056, 1, 0, 0
3699980, 1743678, 1, 0, 0
3700230, 1589248, 1, 0, 0
3700480, 1851392, 1, 0, 0
3700730, 1376256, 1, 0, 0
3700980, 1277952, 1, 0, 0
3701230, 983040, 1, 0, 0
3701481, 1327104, 1, 0, 0
3701731, 2621440, 1, 0, 0
3701981, 1490944, 1, 0, 0
3702231, 1310720, 1, 0, 0
3702480, 1579180, 1, 0, 0
3702730, 1818624, 1, 0, 0
3702980, 1523712, 1, 0, 0
3703230, 1703936, 1, 0, 0
3703480, 1277952, 1, 0, 0
3703730, 1425408, 1, 0, 0
3703980, 1966080, 1, 0, 0
3704231, 2424832, 1, 0, 0
3704481, 1851392, 1, 0, 0
3704731, 2015232, 1, 0, 0
3704981, 1622016, 1, 0, 0
3705231, 1490944, 1, 0, 0
3705480, 2270072, 1, 0, 0
3705730, 1949696, 1, 0, 0
3705980, 1966080, 1, 0, 0
3706230, 2080768, 1, 0, 0
3706480, 1736704, 1, 0, 0
3706730, 2179072, 1, 0, 0
3706980, 1261568, 1, 0, 0
3707231, 1769472, 1, 0, 0
3707481, 2441216, 1, 0, 0
3707731, 1916928, 1, 0, 0
3707981, 1327104, 1, 0, 0
3708230, 2056224, 1, 0, 0
3708480, 1884160, 1, 0, 0
3708730, 1900544, 1, 0, 0
3708980, 1785856, 1, 0, 0
3709230, 1933312, 1, 0, 0
3709480, 2670592, 1, 0, 0
3709730, 2064384, 1, 0, 0
3709981, 2375680, 1, 0, 0
3710231, 2605056, 1, 0, 0
3710481, 2277376, 1, 0, 0
3710731, 2473984, 1, 0, 0
3710980, 2171373, 1, 0, 0
3711230, 2834432, 1, 0, 0
3711480, 2457600, 1, 0, 0
3711730, 2834432, 1, 0, 0
3711980, 2457600, 1, 0, 0
3712230, 966656, 1, 0, 0
3712480, 1916928, 1, 0, 0
3712731, 2818048, 1, 0, 0
3712981, 1654784, 1, 0, 0
3713231, 1589248, 1, 0, 0
3713480, 1315983, 1, 0, 0
3713730, 475136, 1, 0, 0
3713980, 917504, 1, 0, 0
3714230, 393216, 1, 0, 0
3714480, 212992, 1, 0, 0
3714730, 1261568, 1, 0, 0
3714980, 606208, 1, 0, 0
3715231, 950272, 1, 0, 0
3715481, 1015808, 1, 0, 0
3715731, 901120, 1, 0, 0
3715981, 999424, 1, 0, 0
3716230, 1135036, 1, 0, 0
3716480, 1081344, 1, 0, 0
3716730, 1654784, 1, 0, 0
3716980, 638976, 1, 0, 0
3717230, 901120, 1, 0, 0
3717480, 1687552, 1, 0, 0
3717730, 1409024, 1, 0, 0
3717981, 868352, 1, 0, 0
3718231, 720896, 1, 0, 0
3718481, 1425408, 1, 0, 0
3718731, 1245184, 1, 0, 0
3718980, 1398232, 1, 0, 0
3719230, 1048576, 1, 0, 0
3719480, 802816, 1, 0, 0
3719730, 1359872, 1, 0, 0
3719980, 868352, 1, 0, 0
3720231, 1015808, 1, 0, 0
3720481, 786432, 1, 0, 0
3720731, 802816, 1, 0, 0
3720981, 770048, 1, 0, 0
3721230, 1052787, 1, 0, 0
3721480, 1835008, 1, 0, 0
3721730, 1359872, 1, 0, 0
3721980, 1785856, 1, 0, 0
3722230, 1523712, 1, 0, 0
3722480, 1015808, 1, 0, 0
3722731, 1867776, 1, 0, 0
3722981, 2228224, 1, 0, 0
3723231, 1916928, 1, 0, 0
3723481, 1196032, 1, 0, 0
3723730, 1447582, 1, 0, 0
3723980, 917504, 1, 0, 0
3724230, 1441792, 1, 0, 0
3724480, 540672, 1, 0, 0
3724730, 720896, 1, 0, 0
3724980, 1163264, 1, 0, 0
3725230, 1277952, 1, 0, 0
3725481, 1015808, 1, 0, 0
3725731, 1409024, 1, 0, 0
3725981, 933888, 1, 0, 0
3726231, 1884160, 1, 0, 0
3726480, 1891726, 1, 0, 0
3726730, 950272, 1, 0, 0
3726980, 622592, 1, 0, 0
3727230, 1032192, 1, 0, 0
3727480, 1572864, 1, 0, 0
3727730, 999424, 1, 0, 0
3727980, 917504, 1, 0, 0
3728231, 1261568, 1, 0, 0
3728481, 1392640, 1, 0, 0
3728731, 1261568, 1, 0, 0
3728981, 933888, 1, 0, 0
3729230, 1184385, 1, 0, 0
3729480, 1966080, 1, 0, 0
3729730, 1884160, 1, 0, 0
3729980, 1572864, 1, 0, 0
3730230, 1753088, 1, 0, 0
3730480, 917504, 1, 0, 0
3730731, 1769472, 1, 0, 0
3730981, 1458176, 1, 0, 0
3731231, 1507328, 1, 0, 0
3731480, 1348883, 1, 0, 0
3731731, 1998848, 1, 0, 0
3731981, 1114112, 1, 0, 0
3732231, 1392640, 1, 0, 0
3732480, 1809477, 1, 0, 0
3732731, 2097152, 1, 0, 0
3732981, 1982464, 1, 0, 0
3733231, 835584, 1, 0, 0
3733480, 2006875, 1, 0, 0
3733731, 1622016, 1, 0, 0
3733981, 2146304, 1, 0, 0
3734231, 1523712, 1, 0, 0
3734481, 1151485, 1, 0, 0
3734731, 2031616, 1, 0, 0
3734981, 1458176, 1, 0, 0
3735230, 1102136, 1, 0, 0
3735481, 1966080, 1, 0, 0
3735731, 2654208, 1, 0, 0
3735981, 1277952, 1, 0, 0
3736230, 1694329, 1, 0, 0
3736480, 1572864, 1, 0, 0
3736731, 1490944, 1, 0, 0
3736981, 1540096, 1, 0, 0
3737230, 1628530, 1, 0, 0
3737480, 1949696, 1, 0, 0
3737731, 1703936, 1, 0, 0
3737981, 1327104, 1, 0, 0
3738230, 2582618, 1, 0, 0
3738481, 2113536, 1, 0, 0
3738731, 1785856, 1, 0, 0
3738981, 1933312, 1, 0, 0
3739231, 1003437, 1, 0, 0
3739481, 1998848, 1, 0, 0
3739731, 1130496, 1, 0, 0
3739980, 1529831, 1, 0, 0
3740231, 1589248, 1, 0, 0
3740481, 1196032, 1, 0, 0
3740730, 1069236, 1, 0, 0
3740980, 1130496, 1, 0, 0
3741231, 1392640, 1, 0, 0
3741481, 1867776, 1, 0, 0
3741730, 1677879, 1, 0, 0
3741980, 1458176, 1, 0, 0
3742231, 786432, 1, 0, 0
3742481, 933888, 1, 0, 0
3742730, 855389, 1, 0, 0
3742981, 1015808, 1, 0, 0
3743231, 1671168, 1, 0, 0
3743481, 1769472, 1, 0, 0
3743730, 1760128, 1, 0, 0
3743980, 1163264, 1, 0, 0
3744231, 2113536, 1, 0, 0
3744481, 1916928, 1, 0, 0
3744730, 1710779, 1, 0, 0
3744980, 1867776, 1, 0, 0
3745231, 1572864, 1, 0, 0
3745481, 933888, 1, 0, 0
3745731, 1196032, 1, 0, 0
3745980, 1381783, 1, 0, 0
3746231, 1294336, 1, 0, 0
3746481, 1310720, 1, 0, 0
3746731, 1064960, 1, 0, 0
3746980, 1348883, 1, 0, 0
3747231, 1048576, 1, 0, 0
3747481, 2621440, 1, 0, 0
3747731, 2031616, 1, 0, 0
3747980, 427694, 1, 0, 0
3748231, 557056, 1, 0, 0
3748481, 1490944, 1, 0, 0
3748731, 704512, 1, 0, 0
3748981, 1793028, 1, 0, 0
3749231, 917504, 1, 0, 0
3749481, 1753088, 1, 0, 0
3749730, 1809477, 1, 0, 0
3749981, 1622016, 1, 0, 0
3750231, 1392640, 1, 0, 0
3750481, 2408448, 1, 0, 0
3750730, 2418120, 1, 0, 0
3750981, 1867776, 1, 0, 0
3751231, 1310720, 1, 0, 0
3751481, 999424, 1, 0, 0
3751730, 1480481, 1, 0, 0
3751981, 1196032, 1, 0, 0
3752231, 1064960, 1, 0, 0
3752481, 1622016, 1, 0, 0
3752730, 2089124, 1, 0, 0
3752981, 1359872, 1, 0, 0
3753231, 1753088, 1, 0, 0
3753481, 1310720, 1, 0, 0
3753730, 1694329, 1, 0, 0
3753980, 2228224, 1, 0, 0
3754231, 1343488, 1, 0, 0
3754481, 1327104, 1, 0, 0
3754730, 1628530, 1, 0, 0
3754981, 1671168, 1, 0, 0
3755231, 1589248, 1, 0, 0
3755480, 2451020, 1, 0, 0
3755731, 1441792, 1, 0, 0
3755981, 3080192, 1, 0, 0
3756231, 2736128, 1, 0, 0
3756481, 2780016, 1, 0, 0
3756731, 3031040, 1, 0, 0
3756981, 2965504, 1, 0, 0
3757231, 1916928, 1, 0, 0
3757480, 1710779, 1, 0, 0
3757731, 1294336, 1, 0, 0
3757981, 1540096, 1, 0, 0
3758230, 1760128, 1, 0, 0
3758481, 1572864, 1, 0, 0
3758731, 2162688, 1, 0, 0
3758981, 1933312, 1, 0, 0
3759230, 1891726, 1, 0, 0
3759481, 2293760, 1, 0, 0
3759731, 1753088, 1, 0, 0
3759981, 1785856, 1, 0, 0
3760230, 1118586, 1, 0, 0
3760481, 1146880, 1, 0, 0
3760731, 999424, 1, 0, 0
3760981, 1064960, 1, 0, 0
3761230, 1069236, 1, 0, 0
3761481, 1703936, 1, 0, 0
3761731, 573440, 1, 0, 0
3761981, 1097728, 1, 0, 0
3762231, 1612080, 1, 0, 0
3762481, 999424, 1, 0, 0
3762731, 1572864, 1, 0, 0
3762980, 625092, 1, 0, 0
3763231, 1638400, 1, 0, 0
3763481, 983040, 1, 0, 0
3763730, 986987, 1, 0, 0
3763981, 1654784, 1, 0, 0
3764231, 557056, 1, 0, 0
3764481, 1441792, 1, 0, 0
3764730, 1612080, 1, 0, 0
3764981, 917504, 1, 0, 0
3765231, 983040, 1, 0, 0
3765481, 1032192, 1, 0, 0
3765730, 1299534, 1, 0, 0
3765981, 1523712, 1, 0, 0
3766231, 622592, 1, 0, 0
3766481, 1703936, 1, 0, 0
3766730, 1529831, 1, 0, 0
3766981, 671744, 1, 0, 0
3767231, 2113536, 1, 0, 0
3767481, 983040, 1, 0, 0
3767730, 1217285, 1, 0, 0
3767981, 1130496, 1, 0, 0
3768231, 1556480, 1, 0, 0
3768481, 1572864, 1, 0, 0
3768731, 1299534, 1, 0, 0
3768981, 1949696, 1, 0, 0
3769231, 491520, 1, 0, 0
3769481, 1579180, 1, 0, 0
3769731, 1572864, 1, 0, 0
3769981, 2228224, 1, 0, 0
3770230, 1628530, 1, 0, 0
3770480, 1228800, 1, 0, 0
3770731, 1277952, 1, 0, 0
3770981, 1114112, 1, 0, 0
3771231, 933888, 1, 0, 0
3771480, 1217285, 1, 0, 0
3771731, 1343488, 1, 0, 0
3771981, 1097728, 1, 0, 0
3772231, 1818624, 1, 0, 0
3772480, 1776578, 1, 0, 0
3772731, 1327104, 1, 0, 0
3772981, 1540096, 1, 0, 0
3773231, 2572288, 1, 0, 0
3773480, 2138473, 1, 0, 0
3773730, 1589248, 1, 0, 0
3773981, 1179648, 1, 0, 0
3774231, 622592, 1, 0, 0
3774481, 2179072, 1, 0, 0
3774730, 822489, 1, 0, 0
3774981, 1540096, 1, 0, 0
3775231, 1835008, 1, 0, 0
3775481, 1359872, 1, 0, 0
3775730, 2368771, 1, 0, 0
3775981, 1015808, 1, 0, 0
3776231, 868352, 1, 0, 0
3776481, 2031616, 1, 0, 0
3776730, 1447582, 1, 0, 0
3776981, 2097152, 1, 0, 0
3777231, 1654784, 1, 0, 0
3777481, 1589248, 1, 0, 0
3777730, 2187823, 1, 0, 0
3777980, 1949696, 1, 0, 0
3778231, 1622016, 1, 0, 0
3778481, 1343488, 1, 0, 0
3778731, 1769472, 1, 0, 0
3778980, 1200835, 1, 0, 0
3779231, 1212416, 1, 0, 0
3779481, 1785856, 1, 0, 0
3779731, 2408448, 1, 0, 0
3779980, 2516819, 1, 0, 0
3780231, 1343488, 1, 0, 0
3780481, 1392640, 1, 0, 0
3780730, 1102136, 1, 0, 0
3780981, 1376256, 1, 0, 0
3781231, 1245184, 1, 0, 0
3781481, 2146304, 1, 0, 0
3781731, 1546281, 1, 0, 0
3781981, 819200, 1, 0, 0
3782231, 884736, 1, 0, 0
3782480, 1365333, 1, 0, 0
3782731, 1785856, 1, 0, 0
3782981, 1605632, 1, 0, 0
3783231, 1982464, 1, 0, 0
3783480, 1529831, 1, 0, 0
3783730, 1916928, 1, 0, 0
3783981, 1196032, 1, 0, 0
3784231, 2097152, 1, 0, 0
3784481, 2244608, 1, 0, 0
3784730, 1628530, 1, 0, 0
3784981, 1916928, 1, 0, 0
3785231, 1490944, 1, 0, 0
3785481, 1015808, 1, 0, 0
3785730, 855389, 1, 0, 0
3785981, 1556480, 1, 0, 0
3786231, 1425408, 1, 0, 0
3786481, 1572864, 1, 0, 0
3786730, 1644979, 1, 0, 0
3786981, 1654784, 1, 0, 0
3787231, 884736, 1, 0, 0
3787481, 1179648, 1, 0, 0
3787731, 1135036, 1, 0, 0
3787981, 1015808, 1, 0, 0
3788231, 1081344, 1, 0, 0
3788480, 1167935, 1, 0, 0
3788731, 1409024, 1, 0, 0
3788981, 2342912, 1, 0, 0
3789231, 1359872, 1, 0, 0
3789480, 1464032, 1, 0, 0
3789730, 1392640, 1, 0, 0
3789981, 1015808, 1, 0, 0
3790231, 1179648, 1, 0, 0
3790480, 1217285, 1, 0, 0
3790730, 1376256, 1, 0, 0
3790981, 851968, 1, 0, 0
3791231, 786432, 1, 0, 0
3791480, 1102136, 1, 0, 0
3791730, 1261568, 1, 0, 0
3791981, 786432, 1, 0, 0
3792231, 589824, 1, 0, 0
3792481, 1081344, 1, 0, 0
3792730, 1085686, 1, 0, 0
3792981, 884736, 1, 0, 0
3793231, 933888, 1, 0, 0
3793481, 311296, 1, 0, 0
3793730, 723791, 1, 0, 0
3793981, 950272, 1, 0, 0
3794231, 1032192, 1, 0, 0
3794481, 835584, 1, 0, 0
3794730, 1299534, 1, 0, 0
3794980, 1572864, 1, 0, 0
3795231, 1130496, 1, 0, 0
3795481, 1032192, 1, 0, 0
3795730, 526393, 1, 0, 0
3795981, 1196032, 1, 0, 0
3796231, 491520, 1, 0, 0
3796481, 868352, 1, 0, 0
3796730, 1233734, 1, 0, 0
3796981, 802816, 1, 0, 0
3797231, 819200, 1, 0, 0
3797481, 540672, 1, 0, 0
3797730, 1069236, 1, 0, 0
3797980, 950272, 1, 0, 0
3798231, 491520, 1, 0, 0
3798481, 1130496, 1, 0, 0
3798731, 1277952, 1, 0, 0
3798980, 1496931, 1, 0, 0
3799231, 475136, 1, 0, 0
3799481, 1490944, 1, 0, 0
3799731, 1294336, 1, 0, 0
3799980, 1332433, 1, 0, 0
3800230, 573440, 1, 0, 0
3800481, 1982464, 1, 0, 0
3800731, 983040, 1, 0, 0
3800981, 770048, 1, 0, 0
3801230, 789590, 1, 0, 0
3801481, 1605632, 1, 0, 0
3801731, 753664, 1, 0, 0
3801981, 933888, 1, 0, 0
3802231, 1200835, 1, 0, 0
3802481, 950272, 1, 0, 0
3802731, 770048, 1, 0, 0
3802980, 970538, 1, 0, 0
3803230, 917504, 1, 0, 0
3803481, 671744, 1, 0, 0
3803731, 278528, 1, 0, 0
3803980, 970538, 1, 0, 0
3804231, 573440, 1, 0, 0
3804481, 901120, 1, 0, 0
3804731, 393216, 1, 0, 0
3804980, 1266634, 1, 0, 0
3805230, 1392640, 1, 0, 0
3805481, 1245184, 1, 0, 0
3805731, 868352, 1, 0, 0
3805981, 1441792, 1, 0, 0
3806230, 1612080, 1, 0, 0
3806481, 1409024, 1, 0, 0
3806731, 1277952, 1, 0, 0
3806981, 1556480, 1, 0, 0
3807230, 806040, 1, 0, 0
3807481, 1392640, 1, 0, 0
3807731, 1490944, 1, 0, 0
3807981, 1163264, 1, 0, 0
3808231, 999424, 1, 0, 0
3808480, 806040, 1, 0, 0
3808731, 933888, 1, 0, 0
3808981, 1409024, 1, 0, 0
3809231, 1376256, 1, 0, 0
3809480, 986987, 1, 0, 0
3809730, 1114112, 1, 0, 0
3809981, 1769472, 1, 0, 0
3810231, 1802240, 1, 0, 0
3810481, 1294336, 1, 0, 0
3810730, 1431132, 1, 0, 0
3810980, 655360, 1, 0, 0
3811231, 1851392, 1, 0, 0
3811481, 1310720, 1, 0, 0
3811730, 1628530, 1, 0, 0
3811981, 1490944, 1, 0, 0
3812231, 1409024, 1, 0, 0
3812481, 1261568, 1, 0, 0
3812730, 1085686, 1, 0, 0
3812981, 737280, 1, 0, 0
3813231, 966656, 1, 0, 0
3813481, 901120, 1, 0, 0
3813730, 1348883, 1, 0, 0
3813981, 1179648, 1, 0, 0
3814231, 1556480, 1, 0, 0
3814481, 1671168, 1, 0, 0
3814730, 1760128, 1, 0, 0
3814980, 1441792, 1, 0, 0
3815231, 1507328, 1, 0, 0
3815481, 1507328, 1, 0, 0
3815731, 1523712, 1, 0, 0
3815980, 1579180, 1, 0, 0
3816231, 1572864, 1, 0, 0
3816481, 1490944, 1, 0, 0
3816731, 1867776, 1, 0, 0
3816980, 1464032, 1, 0, 0
3817231, 1015808, 1, 0, 0
3817481, 1916928, 1, 0, 0
3817731, 1589248, 1, 0, 0
3817980, 1513381, 1, 0, 0
3818231, 1097728, 1, 0, 0
3818481, 933888, 1, 0, 0
3818731, 655360, 1, 0, 0
3818980, 1233734, 1, 0, 0
3819230, 1196032, 1, 0, 0
3819481, 1589248, 1, 0, 0
3819731, 1753088, 1, 0, 0
3819981, 1425408, 1, 0, 0
3820230, 1365333, 1, 0, 0
3820480, 1785856, 1, 0, 0
3820731, 1851392, 1, 0, 0
3820981, 1572864, 1, 0, 0
3821230, 1266634, 1, 0, 0
3821481, 1900544, 1, 0, 0
3821731, 1146880, 1, 0, 0
3821981, 1490944, 1, 0, 0
3822230, 1480481, 1, 0, 0
3822481, 1474560, 1, 0, 0
3822731, 1933312, 1, 0, 0
3822981, 1540096, 1, 0, 0
3823230, 1447582, 1, 0, 0
3823481, 1622016, 1, 0, 0
3823731, 1671168, 1, 0, 0
3823980, 1447582, 1, 0, 0
3824230, 1294336, 1, 0, 0
3824481, 1212416, 1, 0, 0
3824731, 1310720, 1, 0, 0
3824981, 1884160, 1, 0, 0
3825230, 1743678, 1, 0, 0
3825481, 1998848, 1, 0, 0
3825731, 1458176, 1, 0, 0
3825981, 1409024, 1, 0, 0
3826230, 1644979, 1, 0, 0
3826480, 1490944, 1, 0, 0
3826731, 1622016, 1, 0, 0
3826981, 1785856, 1, 0, 0
3827230, 954088, 1, 0, 0
3827480, 1622016, 1, 0, 0
3827731, 1015808, 1, 0, 0
3827981, 1490944, 1, 0, 0
3828231, 1261568, 1, 0, 0
3828480, 1661429, 1, 0, 0
3828731, 2359296, 1, 0, 0
3828981, 1097728, 1, 0, 0
3829231, 999424, 1, 0, 0
3829480, 394795, 1, 0, 0
3829730, 1146880, 1, 0, 0
3829981, 1425408, 1, 0, 0
3830231, 1015808, 1, 0, 0
3830481, 1982464, 1, 0, 0
3830730, 1480481, 1, 0, 0
3830981, 1245184, 1, 0, 0
3831231, 884736, 1, 0, 0
3831481, 1130496, 1, 0, 0
3831730, 1546281, 1, 0, 0
3831981, 901120, 1, 0, 0
3832231, 851968, 1, 0, 0
3832481, 1687552, 1, 0, 0
3832730, 1727228, 1, 0, 0
3832981, 1916928, 1, 0, 0
3833231, 1966080, 1, 0, 0
3833481, 1703936, 1, 0, 0
3833730, 1266634, 1, 0, 0
3833981, 999424, 1, 0, 0
3834231, 1392640, 1, 0, 0
3834480, 1332433, 1, 0, 0
3834730, 1081344, 1, 0, 0
3834981, 229376, 1, 0, 0
3835231, 1425408, 1, 0, 0
3835481, 1818624, 1, 0, 0
3835730, 1217285, 1, 0, 0
3835981, 1196032, 1, 0, 0
3836231, 1409024, 1, 0, 0
3836481, 2146304, 1, 0, 0
3836730, 806040, 1, 0, 0
3836981, 1572864, 1, 0, 0
3837231, 1507328, 1, 0, 0
3837481, 1884160, 1, 0, 0
3837730, 2138473, 1, 0, 0
3837981, 1245184, 1, 0, 0
3838231, 1212416, 1, 0, 0
3838481, 999424, 1, 0, 0
3838731, 773140, 1, 0, 0
3838981, 2408448, 1, 0, 0
3839231, 1392640, 1, 0, 0
3839480, 1644979, 1, 0, 0
3839731, 2277376, 1, 0, 0
3839981, 2506752, 1, 0, 0
3840231, 1753088, 1, 0, 0
3840480, 1299534, 1, 0, 0
3840731, 1458176, 1, 0, 0
3840981, 1703936, 1, 0, 0
3841231, 2064384, 1, 0, 0
3841480, 1283084, 1, 0, 0
3841731, 1359872, 1, 0, 0
3841981, 1261568, 1, 0, 0
3842231, 1474560, 1, 0, 0
3842480, 1250184, 1, 0, 0
3842731, 1327104, 1, 0, 0
3842981, 1802240, 1, 0, 0
3843231, 1245184, 1, 0, 0
3843480, 871839, 1, 0, 0
3843730, 1097728, 1, 0, 0
3843981, 720896, 1, 0, 0
3844231, 1245184, 1, 0, 0
3844480, 1661429, 1, 0, 0
3844730, 1343488, 1, 0, 0
3844981, 1245184, 1, 0, 0
3845231, 1359872, 1, 0, 0
3845481, 1982464, 1, 0, 0
3845730, 838939, 1, 0, 0
3845981, 1802240, 1, 0, 0
3846231, 1130496, 1, 0, 0
3846481, 1146880, 1, 0, 0
3846730, 789590, 1, 0, 0
3846981, 1032192, 1, 0, 0
3847231, 1785856, 1, 0, 0
3847481, 1589248, 1, 0, 0
3847730, 806040, 1, 0, 0
3847981, 1474560, 1, 0, 0
3848231, 704512, 1, 0, 0
3848480, 674441, 1, 0, 0
3848730, 589824, 1, 0, 0
3848981, 819200, 1, 0, 0
3849231, 835584, 1, 0, 0
3849480, 1069236, 1, 0, 0
3849730, 245760, 1, 0, 0
3849981, 1114112, 1, 0, 0
3850231, 1048576, 1, 0, 0
3850481, 835584, 1, 0, 0
3850730, 526393, 1, 0, 0
3850980, 1556480, 1, 0, 0
3851231, 917504, 1, 0, 0
3851481, 999424, 1, 0, 0
3851730, 707341, 1, 0, 0
3851980, 901120, 1, 0, 0
3852231, 1097728, 1, 0, 0
3852481, 1589248, 1, 0, 0
3852731, 1163264, 1, 0, 0
3852980, 1299534, 1, 0, 0
3853231, 1343488, 1, 0, 0
3853481, 1277952, 1, 0, 0
3853731, 1376256, 1, 0, 0
3853980, 1052787, 1, 0, 0
3854230, 819200, 1, 0, 0
3854481, 1146880, 1, 0, 0
3854731, 1851392, 1, 0, 0
3854981, 1376256, 1, 0, 0
3855230, 773140, 1, 0, 0
3855481, 1261568, 1, 0, 0
3855731, 1277952, 1, 0, 0
3855981, 1081344, 1, 0, 0
3856230, 509943, 1, 0, 0
3856480, 1081344, 1, 0, 0
3856731, 999424, 1, 0, 0
3856981, 1228800, 1, 0, 0
3857231, 1409024, 1, 0, 0
3857480, 1513381, 1, 0, 0
3857731, 1458176, 1, 0, 0
3857981, 2179072, 1, 0, 0
3858231, 1130496, 1, 0, 0
3858480, 888289, 1, 0, 0
3858730, 1097728, 1, 0, 0
3858981, 1900544, 1, 0, 0
3859231, 1310720, 1, 0, 0
3859481, 835584, 1, 0, 0
3859730, 1299534, 1, 0, 0
3859980, 1310720, 1, 0, 0
3860231, 1048576, 1, 0, 0
3860481, 1277952, 1, 0, 0
3860730, 690891, 1, 0, 0
3860980, 1196032, 1, 0, 0
3861231, 1540096, 1, 0, 0
3861481, 1310720, 1, 0, 0
3861730, 1233734, 1, 0, 0
3861981, 1769472, 1, 0, 0
3862231, 2179072, 1, 0, 0
3862481, 1572864, 1, 0, 0
3862730, 1250184, 1, 0, 0
3862981, 1671168, 1, 0, 0
3863231, 1032192, 1, 0, 0
3863481, 1671168, 1, 0, 0
3863731, 1332433, 1, 0, 0
3863981, 1114112, 1, 0, 0
3864231, 950272, 1, 0, 0
3864480, 427694, 1, 0, 0
3864730, 475136, 1, 0, 0
3864981, 1425408, 1, 0, 0
3865231, 802816, 1, 0, 0
3865480, 904738, 1, 0, 0
3865730, 720896, 1, 0, 0
3865981, 638976, 1, 0, 0
3866231, 1474560, 1, 0, 0
3866480, 970538, 1, 0, 0
3866730, 589824, 1, 0, 0
3866981, 393216, 1, 0, 0
3867231, 1376256, 1, 0, 0
3867480, 888289, 1, 0, 0
3867730, 475136, 1, 0, 0
3867981, 212992, 1, 0, 0
3868231, 655360, 1, 0, 0
3868481, 638976, 1, 0, 0
3868730, 246746, 1, 0, 0
3868981, 1130496, 1, 0, 0
3869231, 327680, 1, 0, 0
3869481, 507904, 1, 0, 0
3869730, 493493, 1, 0, 0
3869981, 557056, 1, 0, 0
3870231, 655360, 1, 0, 0
3870481, 1310720, 1, 0, 0
3870730, 493493, 1, 0, 0
3870981, 884736, 1, 0, 0
3871231, 524288, 1, 0, 0
3871481, 720896, 1, 0, 0
3871730, 608642, 1, 0, 0
3871980, 983040, 1, 0, 0
3872231, 1376256, 1, 0, 0
3872481, 720896, 1, 0, 0
3872731, 950272, 1, 0, 0
3872981, 707341, 1, 0, 0
3873231, 409600, 1, 0, 0
3873481, 196608, 1, 0, 0
3873730, 1151485, 1, 0, 0
3873981, 1245184, 1, 0, 0
3874231, 1359872, 1, 0, 0
3874481, 1441792, 1, 0, 0
3874730, 559293, 1, 0, 0
3874981, 1458176, 1, 0, 0
3875231, 966656, 1, 0, 0
3875481, 1343488, 1, 0, 0
3875730, 1036337, 1, 0, 0
3875981, 884736, 1, 0, 0
3876231, 1327104, 1, 0, 0
3876481, 1212416, 1, 0, 0
3876730, 1283084, 1, 0, 0
3876981, 753664, 1, 0, 0
3877231, 1212416, 1, 0, 0
3877481, 1802240, 1, 0, 0
3877730, 1217285, 1, 0, 0
3877980, 1163264, 1, 0, 0
3878231, 409600, 1, 0, 0
3878481, 770048, 1, 0, 0
3878730, 1085686, 1, 0, 0
3878980, 1064960, 1, 0, 0
3879231, 1064960, 1, 0, 0
3879481, 409600, 1, 0, 0
3879731, 294912, 1, 0, 0
3879980, 411244, 1, 0, 0
3880230, 638976, 1, 0, 0
3880481, 983040, 1, 0, 0
3880731, 344064, 1, 0, 0
3880981, 770048, 1, 0, 0
3881230, 888289, 1, 0, 0
3881481, 966656, 1, 0, 0
3881731, 753664, 1, 0, 0
3881980, 921188, 1, 0, 0
3882231, 819200, 1, 0, 0
3882481, 1523712, 1, 0, 0
3882731, 1589248, 1, 0, 0
3882980, 1447582, 1, 0, 0
3883231, 1163264, 1, 0, 0
3883481, 1507328, 1, 0, 0
3883731, 1622016, 1, 0, 0
3883980, 1496931, 1, 0, 0
3884231, 1277952, 1, 0, 0
3884481, 1245184, 1, 0, 0
3884731, 1818624, 1, 0, 0
3884980, 1348883, 1, 0, 0
3885230, 1605632, 1, 0, 0
3885481, 1654784, 1, 0, 0
3885731, 1409024, 1, 0, 0
3885981, 1245184, 1, 0, 0
3886230, 1036337, 1, 0, 0
3886481, 786432, 1, 0, 0
3886731, 1228800, 1, 0, 0
3886981, 1064960, 1, 0, 0
3887230, 1266634, 1, 0, 0
3887480, 1343488, 1, 0, 0
3887731, 1490944, 1, 0, 0
3887981, 1064960, 1, 0, 0
3888231, 950272, 1, 0, 0
3888480, 1167935, 1, 0, 0
3888731, 638976, 1, 0, 0
3888981, 1081344, 1, 0, 0
3889231, 1114112, 1, 0, 0
3889480, 986987, 1, 0, 0
3889730, 1474560, 1, 0, 0
3889981, 1212416, 1, 0, 0
3890231, 1474560, 1, 0, 0
3890481, 1867776, 1, 0, 0
3890730, 986987, 1, 0, 0
3890981, 1753088, 1, 0, 0
3891231, 1212416, 1, 0, 0
3891481, 933888, 1, 0, 0
3891730, 1167935, 1, 0, 0
3891980, 2342912, 1, 0, 0
3892231, 638976, 1, 0, 0
3892481, 1753088, 1, 0, 0
3892730, 1085686, 1, 0, 0
3892980, 1392640, 1, 0, 0
3893231, 2326528, 1, 0, 0
3893481, 1523712, 1, 0, 0
3893731, 1523712, 1, 0, 0
3893980, 1875277, 1, 0, 0
3894231, 1458176, 1, 0, 0
3894481, 1736704, 1, 0, 0
3894731, 1605632, 1, 0, 0
3894981, 1785856, 1, 0, 0
3895230, 1299534, 1, 0, 0
3895481, 1605632, 1, 0, 0
3895731, 1605632, 1, 0, 0
3895981, 1867776, 1, 0, 0
3896230, 1809477, 1, 0, 0
3896481, 1179648, 1, 0, 0
3896731, 1572864, 1, 0, 0
3896981, 851968, 1, 0, 0
3897230, 1710779, 1, 0, 0
3897481, 1409024, 1, 0, 0
3897731, 1294336, 1, 0, 0
3897981, 1425408, 1, 0, 0
3898230, 986987, 1, 0, 0
3898481, 802816, 1, 0, 0
3898731, 1523712, 1, 0, 0
3898981, 1392640, 1, 0, 0
3899230, 1250184, 1, 0, 0
3899481, 901120, 1, 0, 0
3899731, 475136, 1, 0, 0
3899981, 1294336, 1, 0, 0
3900230, 1118586, 1, 0, 0
3900481, 1081344, 1, 0, 0
3900731, 1310720, 1, 0, 0
3900981, 1064960, 1, 0, 0
3901230, 1381783, 1, 0, 0
3901481, 851968, 1, 0, 0
3901731, 638976, 1, 0, 0
3901981, 671744, 1, 0, 0
3902230, 1019887, 1, 0, 0
3902481, 950272, 1, 0, 0
3902731, 655360, 1, 0, 0
3902981, 933888, 1, 0, 0
3903230, 937638, 1, 0, 0
3903481, 1097728, 1, 0, 0
3903731, 1441792, 1, 0, 0
3903981, 983040, 1, 0, 0
3904230, 954088, 1, 0, 0
3904480, 1179648, 1, 0, 0
3904731, 1654784, 1, 0, 0
3904981, 1146880, 1, 0, 0
3905231, 933888, 1, 0, 0
3905480, 674441, 1, 0, 0
3905730, 507904, 1, 0, 0
3905981, 573440, 1, 0, 0
3906231, 638976, 1, 0, 0
3906480, 690891, 1, 0, 0
3906731, 1097728, 1, 0, 0
3906981, 622592, 1, 0, 0
3907231, 999424, 1, 0, 0
3907481, 707341, 1, 0, 0
3907731, 1048576, 1, 0, 0
3907981, 458752, 1, 0, 0
3908230, 904738, 1, 0, 0
3908481, 1146880, 1, 0, 0
3908731, 688128, 1, 0, 0
3908981, 851968, 1, 0, 0
3909230, 1579180, 1, 0, 0
3909481, 737280, 1, 0, 0
3909731, 983040, 1, 0, 0
3909981, 1114112, 1, 0, 0
3910230, 1283084, 1, 0, 0
3910481, 688128, 1, 0, 0
3910731, 1146880, 1, 0, 0
3910981, 1277952, 1, 0, 0
3911230, 1151485, 1, 0, 0
3911480, 1507328, 1, 0, 0
3911731, 1212416, 1, 0, 0
3911981, 1441792, 1, 0, 0
3912231, 1523712, 1, 0, 0
3912480, 1431132, 1, 0, 0
3912731, 1605632, 1, 0, 0
3912981, 1228800, 1, 0, 0
3913231, 1490944, 1, 0, 0
3913480, 1513381, 1, 0, 0
3913731, 1196032, 1, 0, 0
3913981, 1605632, 1, 0, 0
3914231, 1884160, 1, 0, 0
3914480, 1233734, 1, 0, 0
3914730, 1572864, 1, 0, 0
3914981, 2048000, 1, 0, 0
3915231, 1523712, 1, 0, 0
3915481, 1228800, 1, 0, 0
3915730, 1825927, 1, 0, 0
3915981, 1425408, 1, 0, 0
3916231, 1327104, 1, 0, 0
3916481, 1376256, 1, 0, 0
3916730, 2072674, 1, 0, 0
3916981, 1589248, 1, 0, 0
3917231, 2048000, 1, 0, 0
3917481, 1359872, 1, 0, 0
3917730, 1694329, 1, 0, 0
3917980, 1687552, 1, 0, 0
3918231, 2146304, 1, 0, 0
3918481, 2064384, 1, 0, 0
3918731, 901120, 1, 0, 0
3918980, 1250184, 1, 0, 0
3919231, 1556480, 1, 0, 0
3919481, 1802240, 1, 0, 0
3919731, 1720320, 1, 0, 0
3919980, 1694329, 1, 0, 0
3920231, 950272, 1, 0, 0
3920481, 868352, 1, 0, 0
3920731, 1114112, 1, 0, 0
3920980, 1266634, 1, 0, 0
3921230, 1327104, 1, 0, 0
3921481, 1163264, 1, 0, 0
3921731, 1441792, 1, 0, 0
3921980, 1085686, 1, 0, 0
3922231, 1425408, 1, 0, 0
3922481, 1048576, 1, 0, 0
3922731, 851968, 1, 0, 0
3922980, 1217285, 1, 0, 0
3923231, 704512, 1, 0, 0
3923481, 1163264, 1, 0, 0
3923731, 786432, 1, 0, 0
3923980, 1266634, 1, 0, 0
3924231, 622592, 1, 0, 0
3924481, 1015808, 1, 0, 0
3924731, 1015808, 1, 0, 0
3924980, 1381783, 1, 0, 0
3925231, 1294336, 1, 0, 0
3925481, 573440, 1, 0, 0
3925731, 1343488, 1, 0, 0
3925980, 740240, 1, 0, 0
3926231, 425984, 1, 0, 0
3926481, 655360, 1, 0, 0
3926731, 1261568, 1, 0, 0
3926980, 1184385, 1, 0, 0
3927231, 1490944, 1, 0, 0
3927481, 835584, 1, 0, 0
3927731, 1261568, 1, 0, 0
3927980, 1019887, 1, 0, 0
3928231, 704512, 1, 0, 0
3928481, 868352, 1, 0, 0
3928731, 753664, 1, 0, 0
3928980, 1315983, 1, 0, 0
3929231, 1130496, 1, 0, 0
3929481, 868352, 1, 0, 0
3929730, 707341, 1, 0, 0
3929980, 1114112, 1, 0, 0
3930231, 1409024, 1, 0, 0
3930481, 1294336, 1, 0, 0
3930730, 1135036, 1, 0, 0
3930980, 1605632, 1, 0, 0
3931231, 1359872, 1, 0, 0
3931481, 933888, 1, 0, 0
3931731, 573440, 1, 0, 0
3931980, 707341, 1, 0, 0
3932231, 1064960, 1, 0, 0
3932481, 589824, 1, 0, 0
3932731, 1507328, 1, 0, 0
3932980, 1102136, 1, 0, 0
3933231, 1409024, 1, 0, 0
3933481, 1261568, 1, 0, 0
3933731, 1097728, 1, 0, 0
3933980, 1266634, 1, 0, 0
3934230, 1458176, 1, 0, 0
3934481, 1179648, 1, 0, 0
3934731, 1015808, 1, 0, 0
3934981, 98304, 1, 0, 0
3935230, 1003437, 1, 0, 0
3935481, 1146880, 1, 0, 0
3935731, 1638400, 1, 0, 0
3935981, 901120, 1, 0, 0
3936230, 1414682, 1, 0, 0
3936481, 802816, 1, 0, 0
3936731, 1015808, 1, 0, 0
3936981, 802816, 1, 0, 0
3937230, 641542, 1, 0, 0
3937481, 1064960, 1, 0, 0
3937731, 1572864, 1, 0, 0
3937980, 1612080, 1, 0, 0
3938231, 753664, 1, 0, 0
3938481, 933888, 1, 0, 0
3938731, 966656, 1, 0, 0
3938980, 888289, 1, 0, 0
3939231, 1900544, 1, 0, 0
3939481, 1622016, 1, 0, 0
3939731, 1392640, 1, 0, 0
3939980, 1513381, 1, 0, 0
3940231, 1064960, 1, 0, 0
3940481, 1064960, 1, 0, 0
3940731, 1228800, 1, 0, 0
3940980, 1595630, 1, 0, 0
3941231, 1687552, 1, 0, 0
3941481, 933888, 1, 0, 0
3941731, 1245184, 1, 0, 0
3941980, 921188, 1, 0, 0
3942231, 1802240, 1, 0, 0
3942481, 950272, 1, 0, 0
3942731, 1540096, 1, 0, 0
3942980, 1743678, 1, 0, 0
3943230, 950272, 1, 0, 0
3943481, 704512, 1, 0, 0
3943731, 1015808, 1, 0, 0
3943981, 884736, 1, 0, 0
3944230, 789590, 1, 0, 0
3944481, 1097728, 1, 0, 0
3944731, 1130496, 1, 0, 0
3944981, 1294336, 1, 0, 0
3945230, 674441, 1, 0, 0
3945481, 802816, 1, 0, 0
3945731, 1556480, 1, 0, 0
3945981, 1196032, 1, 0, 0
3946230, 986987, 1, 0, 0
3946481, 786432, 1, 0, 0
3946731, 868352, 1, 0, 0
3946981, 1114112, 1, 0, 0
3947230, 756690, 1, 0, 0
3947481, 1277952, 1, 0, 0
3947731, 868352, 1, 0, 0
3947981, 606208, 1, 0, 0
3948230, 592192, 1, 0, 0
3948481, 704512, 1, 0, 0
3948731, 917504, 1, 0, 0
3948980, 1019887, 1, 0, 0
3949230, 1097728, 1, 0, 0
3949481, 557056, 1, 0, 0
3949731, 1474560, 1, 0, 0
3949981, 802816, 1, 0, 0
3950230, 921188, 1, 0, 0
3950481, 704512, 1, 0, 0
3950731, 1376256, 1, 0, 0
3950981, 1392640, 1, 0, 0
3951230, 1135036, 1, 0, 0
3951481, 1114112, 1, 0, 0
3951731, 1327104, 1, 0, 0
3951981, 1458176, 1, 0, 0
3952230, 1250184, 1, 0, 0
3952480, 1081344, 1, 0, 0
3952731, 819200, 1, 0, 0
3952981, 1163264, 1, 0, 0
3953231, 1753088, 1, 0, 0
3953480, 1875277, 1, 0, 0
3953731, 1540096, 1, 0, 0
3953981, 1310720, 1, 0, 0
3954231, 966656, 1, 0, 0
3954480, 1496931, 1, 0, 0
3954730, 1343488, 1, 0, 0
3954981, 1933312, 1, 0, 0
3955231, 1441792, 1, 0, 0
3955481, 1261568, 1, 0, 0
3955730, 1842377, 1, 0, 0
3955981, 1540096, 1, 0, 0
3956231, 1998848, 1, 0, 0
3956481, 1130496, 1, 0, 0
3956730, 937638, 1, 0, 0
3956980, 1703936, 1, 0, 0
3957231, 1605632, 1, 0, 0
3957481, 1425408, 1, 0, 0
3957731, 1359872, 1, 0, 0
3957981, 1529831, 1, 0, 0
3958231, 1245184, 1, 0, 0
3958481, 1916928, 1, 0, 0
3958730, 1973975, 1, 0, 0
3958981, 1900544, 1, 0, 0
3959231, 2113536, 1, 0, 0
3959481, 2048000, 1, 0, 0
3959730, 855389, 1, 0, 0
3959981, 2097152, 1, 0, 0
3960231, 1851392, 1, 0, 0
3960481, 1835008, 1, 0, 0
3960730, 1398232, 1, 0, 0
3960981, 1998848, 1, 0, 0
3961231, 1605632, 1, 0, 0
3961481, 983040, 1, 0, 0
3961730, 888289, 1, 0, 0
3961980, 1327104, 1, 0, 0
3962231, 1736704, 1, 0, 0
3962481, 1687552, 1, 0, 0
3962730, 1299534, 1, 0, 0
3962980, 1523712, 1, 0, 0
3963231, 1458176, 1, 0, 0
3963481, 1212416, 1, 0, 0
3963731, 1392640, 1, 0, 0
3963980, 1612080, 1, 0, 0
3964231, 1392640, 1, 0, 0
3964481, 868352, 1, 0, 0
3964731, 2342912, 1, 0, 0
3964980, 1858827, 1, 0, 0
3965231, 2031616, 1, 0, 0
3965481, 1425408, 1, 0, 0
3965731, 1687552, 1, 0, 0
3965981, 2146304, 1, 0, 0
3966230, 2056224, 1, 0, 0
3966481, 1736704, 1, 0, 0
3966731, 2080768, 1, 0, 0
3966981, 2015232, 1, 0, 0
3967230, 1891726, 1, 0, 0
3967481, 2637824, 1, 0, 0
3967731, 1687552, 1, 0, 0
3967981, 1228800, 1, 0, 0
3968230, 1891726, 1, 0, 0
3968480, 1294336, 1, 0, 0
3968731, 1884160, 1, 0, 0
3968981, 1245184, 1, 0, 0
3969231, 1916928, 1, 0, 0
3969480, 2154923, 1, 0, 0
3969730, 2523136, 1, 0, 0
3969981, 2162688, 1, 0, 0
3970231, 2326528, 1, 0, 0
3970481, 2785280, 1, 0, 0
3970730, 2039775, 1, 0, 0
3970981, 1835008, 1, 0, 0
3971231, 1490944, 1, 0, 0
3971481, 2572288, 1, 0, 0
3971730, 1233734, 1, 0, 0
3971981, 1605632, 1, 0, 0
3972231, 753664, 1, 0, 0
3972481, 1146880, 1, 0, 0
3972730, 2549718, 1, 0, 0
3972980, 2899968, 1, 0, 0
3973231, 2850816, 1, 0, 0
3973481, 2277376, 1, 0, 0
3973731, 3080192, 1, 0, 0
3973980, 2451020, 1, 0, 0
3974231, 2326528, 1, 0, 0
3974481, 1507328, 1, 0, 0
3974731, 1163264, 1, 0, 0
3974980, 1842377, 1, 0, 0
3975230, 1409024, 1, 0, 0
3975481, 1851392, 1, 0, 0
3975731, 1818624, 1, 0, 0
3975981, 1867776, 1, 0, 0
3976230, 1825927, 1, 0, 0
3976481, 2375680, 1, 0, 0
3976731, 1261568, 1, 0, 0
3976981, 1966080, 1, 0, 0
3977230, 1644979, 1, 0, 0
3977481, 1622016, 1, 0, 0
3977731, 2048000, 1, 0, 0
3977981, 2441216, 1, 0, 0
3978230, 1562730, 1, 0, 0
3978481, 1572864, 1, 0, 0
3978731, 1097728, 1, 0, 0
3978981, 1327104, 1, 0, 0
3979230, 1167935, 1, 0, 0
3979481, 1081344, 1, 0, 0
3979731, 1622016, 1, 0, 0
3979981, 1441792, 1, 0, 0
3980230, 1793028, 1, 0, 0
3980480, 1687552, 1, 0, 0
3980731, 1458176, 1, 0, 0
3980981, 1851392, 1, 0, 0
3981230, 1546281, 1, 0, 0
3981480, 1277952, 1, 0, 0
3981731, 1622016, 1, 0, 0
3981981, 2097152, 1, 0, 0
3982231, 1392640, 1, 0, 0
3982480, 1381783, 1, 0, 0
3982731, 2211840, 1, 0, 0
3982981, 1818624, 1, 0, 0
3983231, 1998848, 1, 0, 0
3983480, 2220722, 1, 0, 0
3983731, 2523136, 1, 0, 0
3983981, 1884160, 1, 0, 0
3984231, 1916928, 1, 0, 0
3984480, 2302971, 1, 0, 0
3984730, 2080768, 1, 0, 0
3984981, 835584, 1, 0, 0
3985231, 884736, 1, 0, 0
3985481, 622592, 1, 0, 0
3985730, 1579180, 1, 0, 0
3985981, 1048576, 1, 0, 0
3986231, 655360, 1, 0, 0
3986481, 950272, 1, 0, 0
3986730, 2056224, 1, 0, 0
3986981, 1622016, 1, 0, 0
3987231, 1507328, 1, 0, 0
3987481, 753664, 1, 0, 0
3987730, 1447582, 1, 0, 0
3987981, 1392640, 1, 0, 0
3988231, 1097728, 1, 0, 0
3988481, 1490944, 1, 0, 0
3988730, 625092, 1, 0, 0
3988981, 1097728, 1, 0, 0
3989231, 1818624, 1, 0, 0
3989481, 688128, 1, 0, 0
3989730, 1019887, 1, 0, 0
3989981, 851968, 1, 0, 0
3990231, 1392640, 1, 0, 0
3990481, 1441792, 1, 0, 0
3990730, 1381783, 1, 0, 0
3990980, 1114112, 1, 0, 0
3991231, 1818624, 1, 0, 0
3991481, 1130496, 1, 0, 0
3991731, 901120, 1, 0, 0
3991980, 559293, 1, 0, 0
3992231, 1146880, 1, 0, 0
3992481, 917504, 1, 0, 0
3992731, 1081344, 1, 0, 0
3992980, 1513381, 1, 0, 0
3993230, 1376256, 1, 0, 0
3993481, 770048, 1, 0, 0
3993731, 1032192, 1, 0, 0
3993981, 622592, 1, 0, 0
3994230, 1266634, 1, 0, 0
3994481, 1523712, 1, 0, 0
3994731, 983040, 1, 0, 0
3994981, 1540096, 1, 0, 0
3995230, 954088, 1, 0, 0
3995481, 1228800, 1, 0, 0
3995731, 1687552, 1, 0, 0
3995981, 1835008, 1, 0, 0
3996230, 2039775, 1, 0, 0
3996481, 1179648, 1, 0, 0
3996731, 1212416, 1, 0, 0
3996981, 1327104, 1, 0, 0
3997230, 559293, 1, 0, 0
3997481, 1130496, 1, 0, 0
3997731, 507904, 1, 0, 0
3997981, 835584, 1, 0, 0
3998230, 838939, 1, 0, 0
3998481, 851968, 1, 0, 0
3998731, 1441792, 1, 0, 0
3998981, 1015808, 1, 0, 0
3999230, 937638, 1, 0, 0
3999481, 1327104, 1, 0, 0
3999731, 1310720, 1, 0, 0
3999981, 524288, 1, 0, 0
4000230, 1250184, 1, 0, 0
4000480, 1196032, 1, 0, 0
4000731, 819200, 1, 0, 0
4000981, 966656, 1, 0, 0
4001231, 524288, 1, 0, 0
4001480, 904738, 1, 0, 0
4001731, 1048576, 1, 0, 0
4001981, 606208, 1, 0, 0
4002231, 671744, 1, 0, 0
4002481, 723791, 1, 0, 0
4002731, 573440, 1, 0, 0
4002981, 458752, 1, 0, 0
4003230, 197397, 1, 0, 0
4003481, 98304, 1, 0, 0
4003731, 507904, 1, 0, 0
4003981, 720896, 1, 0, 0
4004230, 608642, 1, 0, 0
4004481, 1490944, 1, 0, 0
4004731, 507904, 1, 0, 0
4004981, 671744, 1, 0, 0
4005230, 921188, 1, 0, 0
4005481, 1474560, 1, 0, 0
4005731, 835584, 1, 0, 0
4005981, 770048, 1, 0, 0
4006230, 723791, 1, 0, 0
4006480, 376832, 1, 0, 0
4006731, 245760, 1, 0, 0
4006981, 688128, 1, 0, 0
4007231, 1409024, 1, 0, 0
4007480, 723791, 1, 0, 0
4007731, 278528, 1, 0, 0
4007981, 1032192, 1, 0, 0
4008231, 294912, 1, 0, 0
4008480, 707341, 1, 0, 0
4008730, 688128, 1, 0, 0
4008981, 1310720, 1, 0, 0
4009231, 933888, 1, 0, 0
4009481, 475136, 1, 0, 0
4009730, 641542, 1, 0, 0
4009981, 933888, 1, 0, 0
4010231, 507904, 1, 0, 0
4010481, 720896, 1, 0, 0
4010730, 592192, 1, 0, 0
4010980, 917504, 1, 0, 0
4011231, 622592, 1, 0, 0
4011481, 507904, 1, 0, 0
4011730, 575742, 1, 0, 0
4011981, 1015808, 1, 0, 0
4012231, 491520, 1, 0, 0
4012481, 753664, 1, 0, 0
4012730, 1167935, 1, 0, 0
4012981, 1392640, 1, 0, 0
4013231, 770048, 1, 0, 0
4013481, 1179648, 1, 0, 0
4013730, 1118586, 1, 0, 0
4013981, 589824, 1, 0, 0
4014231, 1474560, 1, 0, 0
4014481, 917504, 1, 0, 0
4014730, 1464032, 1, 0, 0
4014981, 491520, 1, 0, 0
4015231, 131072, 1, 0, 0
4015481, 1163264, 1, 0, 0
4015731, 917504, 1, 0, 0
4015980, 690891, 1, 0, 0
4016231, 507904, 1, 0, 0
4016481, 737280, 1, 0, 0
4016731, 1081344, 1, 0, 0
4016980, 740240, 1, 0, 0
4017231, 671744, 1, 0, 0
4017481, 589824, 1, 0, 0
4017731, 1130496, 1, 0, 0
4017980, 1085686, 1, 0, 0
4018231, 1277952, 1, 0, 0
4018481, 1212416, 1, 0, 0
4018731, 966656, 1, 0, 0
4018980, 444144, 1, 0, 0
4019231, 999424, 1, 0, 0
4019481, 835584, 1, 0, 0
4019731, 1048576, 1, 0, 0
4019980, 411244, 1, 0, 0
4020231, 1097728, 1, 0, 0
4020481, 720896, 1, 0, 0
4020731, 1015808, 1, 0, 0
4020980, 888289, 1, 0, 0
4021231, 737280, 1, 0, 0
4021481, 1212416, 1, 0, 0
4021731, 393216, 1, 0, 0
4021981, 1102136, 1, 0, 0
4022231, 1048576, 1, 0, 0
4022481, 1540096, 1, 0, 0
4022730, 838939, 1, 0, 0
4022981, 884736, 1, 0, 0
4023231, 1884160, 1, 0, 0
4023481, 573440, 1, 0, 0
4023730, 756690, 1, 0, 0
4023980, 851968, 1, 0, 0
4024231, 1032192, 1, 0, 0
4024481, 1245184, 1, 0, 0
4024730, 1464032, 1, 0, 0
4024980, 1179648, 1, 0, 0
4025231, 1736704, 1, 0, 0
4025481, 1163264, 1, 0, 0
4025731, 1015808, 1, 0, 0
4025980, 1381783, 1, 0, 0
4026231, 1425408, 1, 0, 0
4026481, 1146880, 1, 0, 0
4026731, 1163264, 1, 0, 0
4026980, 509943, 1, 0, 0
4027231, 933888, 1, 0, 0
4027481, 868352, 1, 0, 0
4027731, 638976, 1, 0, 0
4027980, 592192, 1, 0, 0
4028231, 393216, 1, 0, 0
4028481, 1900544, 1, 0, 0
4028730, 1036337, 1, 0, 0
4028980, 1277952, 1, 0, 0
4029231, 1720320, 1, 0, 0
4029481, 1671168, 1, 0, 0
4029731, 1081344, 1, 0, 0
4029980, 2105574, 1, 0, 0
4030231, 999424, 1, 0, 0
4030481, 1441792, 1, 0, 0
4030731, 1015808, 1, 0, 0
4030981, 1933312, 1, 0, 0
4031230, 1661429, 1, 0, 0
4031481, 1687552, 1, 0, 0
4031731, 1589248, 1, 0, 0
4031981, 999424, 1, 0, 0
4032230, 921188, 1, 0, 0
4032480, 1556480, 1, 0, 0
4032731, 1490944, 1, 0, 0
4032981, 1441792, 1, 0, 0
4033231, 1081344, 1, 0, 0
4033480, 1694329, 1, 0, 0
4033731, 1589248, 1, 0, 0
4033981, 2031616, 1, 0, 0
4034231, 1507328, 1, 0, 0
4034480, 1414682, 1, 0, 0
4034730, 1687552, 1, 0, 0
4034981, 1638400, 1, 0, 0
4035231, 1409024, 1, 0, 0
4035481, 1490944, 1, 0, 0
4035730, 1381783, 1, 0, 0
4035981, 1458176, 1, 0, 0
4036231, 1425408, 1, 0, 0
4036481, 1310720, 1, 0, 0
4036730, 1085686, 1, 0, 0
4036981, 1097728, 1, 0, 0
4037231, 1081344, 1, 0, 0
4037481, 1671168, 1, 0, 0
4037730, 1036337, 1, 0, 0
4037981, 1802240, 1, 0, 0
4038231, 1638400, 1, 0, 0
4038480, 822489, 1, 0, 0
4038731, 966656, 1, 0, 0
4038981, 802816, 1, 0, 0
4039231, 950272, 1, 0, 0
4039480, 1085686, 1, 0, 0
4039730, 1769472, 1, 0, 0
4039981, 1589248, 1, 0, 0
4040231, 983040, 1, 0, 0
4040481, 901120, 1, 0, 0
4040730, 1381783, 1, 0, 0
4040981, 1425408, 1, 0, 0
4041231, 1523712, 1, 0, 0
4041481, 1179648, 1, 0, 0
4041730, 1036337, 1, 0, 0
4041981, 1900544, 1, 0, 0
4042231, 1490944, 1, 0, 0
4042481, 638976, 1, 0, 0
4042730, 1562730, 1, 0, 0
4042980, 1540096, 1, 0, 0
4043231, 1638400, 1, 0, 0
4043481, 1720320, 1, 0, 0
4043731, 1376256, 1, 0, 0
4043980, 2072674, 1, 0, 0
4044231, 1671168, 1, 0, 0
4044481, 1163264, 1, 0, 0
4044731, 1605632, 1, 0, 0
4044980, 2023325, 1, 0, 0
4045230, 1818624, 1, 0, 0
4045481, 1228800, 1, 0, 0
4045731, 1622016, 1, 0, 0
4045981, 1310720, 1, 0, 0
4046230, 1069236, 1, 0, 0
4046481, 1507328, 1, 0, 0
4046731, 1064960, 1, 0, 0
4046981, 1277952, 1, 0, 0
4047230, 1644979, 1, 0, 0
4047481, 1409024, 1, 0, 0
4047731, 1458176, 1, 0, 0
4047981, 606208, 1, 0, 0
4048230, 1941076, 1, 0, 0
4048481, 1409024, 1, 0, 0
4048731, 1081344, 1, 0, 0
4048981, 819200, 1, 0, 0
4049230, 789590, 1, 0, 0
4049481, 983040, 1, 0, 0
4049731, 868352, 1, 0, 0
4049981, 1671168, 1, 0, 0
4050230, 986987, 1, 0, 0
4050480, 655360, 1, 0, 0
4050731, 884736, 1, 0, 0
4050981, 1540096, 1, 0, 0
4051231, 327680, 1, 0, 0
4051480, 904738, 1, 0, 0
4051730, 1163264, 1, 0, 0
4051981, 1638400, 1, 0, 0
4052231, 1015808, 1, 0, 0
4052480, 1694329, 1, 0, 0
4052730, 671744, 1, 0, 0
4052981, 294912, 1, 0, 0
4053231, 1048576, 1, 0, 0
4053481, 1605632, 1, 0, 0
4053730, 1480481, 1, 0, 0
4053980, 1376256, 1, 0, 0
4054231, 1540096, 1, 0, 0
4054481, 1327104, 1, 0, 0
4054730, 2122024, 1, 0, 0
4054980, 1998848, 1, 0, 0
4055231, 1605632, 1, 0, 0
4055481, 1622016, 1, 0, 0
4055731, 917504, 1, 0, 0
4055980, 1118586, 1, 0, 0
4056231, 688128, 1, 0, 0
4056481, 491520, 1, 0, 0
4056731, 704512, 1, 0, 0
4056980, 1019887, 1, 0, 0
4057231, 1802240, 1, 0, 0
4057481, 1163264, 1, 0, 0
4057731, 1736704, 1, 0, 0
4057981, 1513381, 1, 0, 0
4058231, 1032192, 1, 0, 0
4058480, 773140, 1, 0, 0
4058731, 1900544, 1, 0, 0
4058981, 1441792, 1, 0, 0
4059231, 1359872, 1, 0, 0
4059480, 1069236, 1, 0, 0
4059730, 851968, 1, 0, 0
4059981, 655360, 1, 0, 0
4060231, 524288, 1, 0, 0
4060480, 740240, 1, 0, 0
4060730, 868352, 1, 0, 0
4060981, 1245184, 1, 0, 0
4061231, 1032192, 1, 0, 0
4061480, 444144, 1, 0, 0
4061730, 884736, 1, 0, 0
4061981, 393216, 1, 0, 0
4062231, 704512, 1, 0, 0
4062480, 806040, 1, 0, 0
4062730, 1212416, 1, 0, 0
4062981, 360448, 1, 0, 0
4063231, 786432, 1, 0, 0
4063481, 1097728, 1, 0, 0
4063730, 855389, 1, 0, 0
4063981, 704512, 1, 0, 0
4064231, 294912, 1, 0, 0
4064481, 917504, 1, 0, 0
4064730, 526393, 1, 0, 0
4064980, 1327104, 1, 0, 0
4065231, 868352, 1, 0, 0
4065481, 524288, 1, 0, 0
4065731, 999424, 1, 0, 0
4065980, 954088, 1, 0, 0
4066231, 1277952, 1, 0, 0
4066481, 802816, 1, 0, 0
4066731, 983040, 1, 0, 0
4066981, 625092, 1, 0, 0
4067231, 524288, 1, 0, 0
4067481, 655360, 1, 0, 0
4067730, 1118586, 1, 0, 0
4067981, 835584, 1, 0, 0
4068231, 344064, 1, 0, 0
4068481, 262144, 1, 0, 0
4068730, 592192, 1, 0, 0
4068980, 589824, 1, 0, 0
4069231, 507904, 1, 0, 0
4069481, 1064960, 1, 0, 0
4069731, 737280, 1, 0, 0
4069980, 1052787, 1, 0, 0
4070231, 540672, 1, 0, 0
4070481, 1343488, 1, 0, 0
4070731, 1163264, 1, 0, 0
4070980, 954088, 1, 0, 0
4071231, 983040, 1, 0, 0
4071481, 131072, 1, 0, 0
4071731, 1261568, 1, 0, 0
4071980, 789590, 1, 0, 0
4072230, 573440, 1, 0, 0
4072481, 491520, 1, 0, 0
4072731, 770048, 1, 0, 0
4072981, 1015808, 1, 0, 0
4073230, 921188, 1, 0, 0
4073480, 2441216, 1, 0, 0
4073731, 589824, 1, 0, 0
4073981, 409600, 1, 0, 0
4074231, 1032192, 1, 0, 0
4074480, 2286522, 1, 0, 0
4074731, 1982464, 1, 0, 0
4074981, 524288, 1, 0, 0
4075231, 376832, 1, 0, 0
4075480, 970538, 1, 0, 0
4075730, 704512, 1, 0, 0
4075981, 802816, 1, 0, 0
4076231, 1523712, 1, 0, 0
4076480, 1661429, 1, 0, 0
4076731, 884736, 1, 0, 0
4076981, 851968, 1, 0, 0
4077231, 753664, 1, 0, 0
4077481, 1644979, 1, 0, 0
4077731, 1359872, 1, 0, 0
4077981, 1441792, 1, 0, 0
4078230, 690891, 1, 0, 0
4078480, 1441792, 1, 0, 0
4078731, 1130496, 1, 0, 0
4078981, 1884160, 1, 0, 0
4079231, 770048, 1, 0, 0
4079480, 1760128, 1, 0, 0
4079730, 819200, 1, 0, 0
4079981, 507904, 1, 0, 0
4080231, 442368, 1, 0, 0
4080480, 641542, 1, 0, 0
4080730, 1884160, 1, 0, 0
4080981, 1835008, 1, 0, 0
4081231, 1540096, 1, 0, 0
4081480, 1348883, 1, 0, 0
4081730, 1458176, 1, 0, 0
4081981, 1359872, 1, 0, 0
4082231, 1228800, 1, 0, 0
4082480, 1480481, 1, 0, 0
4082730, 966656, 1, 0, 0
4082981, 1441792, 1, 0, 0
4083231, 1310720, 1, 0, 0
4083481, 933888, 1, 0, 0
4083730, 1743678, 1, 0, 0
4083980, 933888, 1, 0, 0
4084231, 1605632, 1, 0, 0
4084481, 1540096, 1, 0, 0
4084731, 1228800, 1, 0, 0
4084981, 1381783, 1, 0, 0
4085231, 1277952, 1, 0, 0
4085481, 1343488, 1, 0, 0
4085730, 1447582, 1, 0, 0
4085980, 1654784, 1, 0, 0
4086231, 1261568, 1, 0, 0
4086481, 819200, 1, 0, 0
4086730, 707341, 1, 0, 0
4086981, 688128, 1, 0, 0
4087231, 835584, 1, 0, 0
4087480, 608642, 1, 0, 0
4087730, 1572864, 1, 0, 0
4087981, 1310720, 1, 0, 0
4088231, 851968, 1, 0, 0
4088480, 493493, 1, 0, 0
4088731, 966656, 1, 0, 0
4088981, 557056, 1, 0, 0
4089231, 491520, 1, 0, 0
4089480, 1233734, 1, 0, 0
4089731, 1294336, 1, 0, 0
4089981, 1441792, 1, 0, 0
4090231, 1736704, 1, 0, 0
4090480, 1414682, 1, 0, 0
4090730, 1261568, 1, 0, 0
4090981, 1376256, 1, 0, 0
4091231, 1392640, 1, 0, 0
4091481, 1687552, 1, 0, 0
4091730, 1908176, 1, 0, 0
4091980, 540672, 1, 0, 0
4092231, 1097728, 1, 0, 0
4092481, 917504, 1, 0, 0
4092730, 674441, 1, 0, 0
4092980, 491520, 1, 0, 0
4093231, 1425408, 1, 0, 0
4093481, 851968, 1, 0, 0
4093730, 1266634, 1, 0, 0
4093980, 1130496, 1, 0, 0
4094231, 1949696, 1, 0, 0
4094481, 1802240, 1, 0, 0
4094731, 835584, 1, 0, 0
4094980, 657991, 1, 0, 0
4095231, 819200, 1, 0, 0
4095481, 540672, 1, 0, 0
4095730, 954088, 1, 0, 0
4095980, 638976, 1, 0, 0
4096231, 1212416, 1, 0, 0
4096481, 1261568, 1, 0, 0
4096731, 1343488, 1, 0, 0
4096980, 1250184, 1, 0, 0
4097231, 1474560, 1, 0, 0
4097481, 1081344, 1, 0, 0
4097731, 1310720, 1, 0, 0
4097980, 822489, 1, 0, 0
4098231, 1081344, 1, 0, 0
4098481, 1409024, 1, 0, 0
4098731, 1114112, 1, 0, 0
4098980, 1431132, 1, 0, 0
4099230, 1146880, 1, 0, 0
4099481, 1032192, 1, 0, 0
4099731, 1458176, 1, 0, 0
4099981, 1490944, 1, 0, 0
4100230, 1250184, 1, 0, 0
4100481, 589824, 1, 0, 0
4100731, 1310720, 1, 0, 0
4100981, 1015808, 1, 0, 0
4101230, 1266634, 1, 0, 0
4101480, 1277952, 1, 0, 0
4101731, 1064960, 1, 0, 0
4101981, 1441792, 1, 0, 0
4102231, 1474560, 1, 0, 0
4102480, 1118586, 1, 0, 0
4102731, 1081344, 1, 0, 0
4102981, 1245184, 1, 0, 0
4103230, 509943, 1, 0, 0
4103481, 786432, 1, 0, 0
4103731, 1048576, 1, 0, 0
4103981, 1441792, 1, 0, 0
4104230, 1348883, 1, 0, 0
4104481, 1015808, 1, 0, 0
4104731, 327680, 1, 0, 0
4104981, 1310720, 1, 0, 0
4105231, 1490944, 1, 0, 0
4105480, 1167935, 1, 0, 0
4105731, 1425408, 1, 0, 0
4105981, 1638400, 1, 0, 0
4106231, 1835008, 1, 0, 0
4106480, 1315983, 1, 0, 0
4106730, 1097728, 1, 0, 0
4106981, 1523712, 1, 0, 0
4107231, 1474560, 1, 0, 0
4107481, 1114112, 1, 0, 0
4107730, 1184385, 1, 0, 0
4107981, 1753088, 1, 0, 0
4108231, 1572864, 1, 0, 0
4108481, 1179648, 1, 0, 0
4108730, 1513381, 1, 0, 0
4108980, 1228800, 1, 0, 0
4109231, 1196032, 1, 0, 0
4109481, 1015808, 1, 0, 0
4109731, 1802240, 1, 0, 0
4109980, 1151485, 1, 0, 0
4110231, 1032192, 1, 0, 0
4110481, 2113536, 1, 0, 0
4110731, 1638400, 1, 0, 0
4110980, 2056224, 1, 0, 0
4111230, 1228800, 1, 0, 0
4111481, 1769472, 1, 0, 0
4111731, 1212416, 1, 0, 0
4111980, 1151485, 1, 0, 0
4112230, 2097152, 1, 0, 0
4112481, 1359872, 1, 0, 0
4112731, 1572864, 1, 0, 0
4112981, 1327104, 1, 0, 0
4113230, 2023325, 1, 0, 0
4113481, 1015808, 1, 0, 0
4113731, 2326528, 1, 0, 0
4113981, 1114112, 1, 0, 0
4114231, 1283084, 1, 0, 0
4114481, 1753088, 1, 0, 0
4114731, 868352, 1, 0, 0
4114980, 328995, 1, 0, 0
4115231, 868352, 1, 0, 0
4115481, 1523712, 1, 0, 0
4115731, 720896, 1, 0, 0
4115980, 1200835, 1, 0, 0
4116230, 851968, 1, 0, 0
4116481, 1032192, 1, 0, 0
4116731, 753664, 1, 0, 0
4116981, 589824, 1, 0, 0
4117230, 1167935, 1, 0, 0
4117481, 1294336, 1, 0, 0
4117731, 1261568, 1, 0, 0
4117981, 1785856, 1, 0, 0
4118230, 1151485, 1, 0, 0
4118480, 1753088, 1, 0, 0
4118731, 1392640, 1, 0, 0
4118981, 1671168, 1, 0, 0
4119231, 1654784, 1, 0, 0
4119480, 1612080, 1, 0, 0
4119731, 966656, 1, 0, 0
4119981, 1507328, 1, 0, 0
4120231, 1081344, 1, 0, 0
4120480, 954088, 1, 0, 0
4120731, 901120, 1, 0, 0
4120981, 770048, 1, 0, 0
4121231, 1572864, 1, 0, 0
4121480, 970538, 1, 0, 0
4121731, 1212416, 1, 0, 0
4121981, 1179648, 1, 0, 0
4122231, 1458176, 1, 0, 0
4122480, 1315983, 1, 0, 0
4122731, 1310720, 1, 0, 0
4122981, 704512, 1, 0, 0
4123230, 1644979, 1, 0, 0
4123481, 524288, 1, 0, 0
4123731, 753664, 1, 0, 0
4123981, 98304, 1, 0, 0
4124230, 806040, 1, 0, 0
4124480, 589824, 1, 0, 0
4124731, 966656, 1, 0, 0
4124981, 1114112, 1, 0, 0
4125231, 540672, 1, 0, 0
4125480, 641542, 1, 0, 0
4125731, 1294336, 1, 0, 0
4125981, 901120, 1, 0, 0
4126231, 1064960, 1, 0, 0
4126480, 1003437, 1, 0, 0
4126731, 1949696, 1, 0, 0
4126981, 1802240, 1, 0, 0
4127231, 819200, 1, 0, 0
4127480, 1102136, 1, 0, 0
4127731, 1114112, 1, 0, 0
4127981, 1605632, 1, 0, 0
4128231, 1081344, 1, 0, 0
4128480, 1151485, 1, 0, 0
4128730, 1015808, 1, 0, 0
4128981, 737280, 1, 0, 0
4129231, 2195456, 1, 0, 0
4129480, 1858827, 1, 0, 0
4129730, 1490944, 1, 0, 0
4129981, 2260992, 1, 0, 0
4130231, 589824, 1, 0, 0
4130481, 1769472, 1, 0, 0
4130730, 1052787, 1, 0, 0
4130980, 1736704, 1, 0, 0
4131231, 1212416, 1, 0, 0
4131481, 1064960, 1, 0, 0
4131730, 1447582, 1, 0, 0
4131981, 2981888, 1, 0, 0
4132231, 1622016, 1, 0, 0
4132481, 1916928, 1, 0, 0
4132730, 970538, 1, 0, 0
4132981, 786432, 1, 0, 0
4133231, 786432, 1, 0, 0
4133481, 606208, 1, 0, 0
4133730, 921188, 1, 0, 0
4133981, 1245184, 1, 0, 0
4134231, 1359872, 1, 0, 0
4134480, 1250184, 1, 0, 0
4134730, 1048576, 1, 0, 0
4134981, 999424, 1, 0, 0
4135231, 1179648, 1, 0, 0
4135481, 475136, 1, 0, 0
4135730, 1019887, 1, 0, 0
4135981, 589824, 1, 0, 0
4136231, 819200, 1, 0, 0
4136481, 2031616, 1, 0, 0
4136730, 1414682, 1, 0, 0
4136981, 1376256, 1, 0, 0
4137231, 1409024, 1, 0, 0
4137481, 1409024, 1, 0, 0
4137730, 1381783, 1, 0, 0
4137981, 1671168, 1, 0, 0
4138231, 2490368, 1, 0, 0
4138481, 606208, 1, 0, 0
4138731, 1332433, 1, 0, 0
4138981, 1343488, 1, 0, 0
4139231, 1654784, 1, 0, 0
4139480, 1743678, 1, 0, 0
4139731, 753664, 1, 0, 0
4139981, 933888, 1, 0, 0
4140231, 901120, 1, 0, 0
4140480, 2204273, 1, 0, 0
4140731, 1474560, 1, 0, 0
4140981, 1474560, 1, 0, 0
4141231, 1359872, 1, 0, 0
4141480, 1694329, 1, 0, 0
4141731, 2572288, 1, 0, 0
4141981, 2277376, 1, 0, 0
4142231, 1687552, 1, 0, 0
4142480, 1266634, 1, 0, 0
4142730, 1982464, 1, 0, 0
4142981, 1327104, 1, 0, 0
4143231, 1490944, 1, 0, 0
4143480, 1480481, 1, 0, 0
4143730, 1097728, 1, 0, 0
4143981, 1228800, 1, 0, 0
4144231, 1507328, 1, 0, 0
4144480, 1990425, 1, 0, 0
4144731, 2293760, 1, 0, 0
4144981, 1998848, 1, 0, 0
4145231, 1998848, 1, 0, 0
4145480, 1990425, 1, 0, 0
4145730, 2179072, 1, 0, 0
4145981, 1802240, 1, 0, 0
4146231, 1523712, 1, 0, 0
4146481, 1785856, 1, 0, 0
4146730, 1760128, 1, 0, 0
4146981, 524288, 1, 0, 0
4147231, 2129920, 1, 0, 0
4147481, 1933312, 1, 0, 0
4147731, 1990425, 1, 0, 0
4147981, 1523712, 1, 0, 0
4148231, 1097728, 1, 0, 0
4148480, 1727228, 1, 0, 0
4148731, 1736704, 1, 0, 0
4148981, 1769472, 1, 0, 0
4149231, 2179072, 1, 0, 0
4149480, 1842377, 1, 0, 0
4149730, 2473984, 1, 0, 0
4149981, 2211840, 1, 0, 0
4150231, 2932736, 1, 0, 0
4150480, 2237172, 1, 0, 0
4150730, 1982464, 1, 0, 0
4150981, 1458176, 1, 0, 0
4151231, 2064384, 1, 0, 0
4151480, 1875277, 1, 0, 0
4151731, 1490944, 1, 0, 0
4151981, 1769472, 1, 0, 0
4152231, 983040, 1, 0, 0
4152480, 493493, 1, 0, 0
4152731, 868352, 1, 0, 0
4152981, 1064960, 1, 0, 0
4153231, 1179648, 1, 0, 0
4153480, 641542, 1, 0, 0
4153730, 786432, 1, 0, 0
4153981, 720896, 1, 0, 0
4154231, 999424, 1, 0, 0
4154481, 851968, 1, 0, 0
4154730, 690891, 1, 0, 0
4154981, 1032192, 1, 0, 0
4155231, 933888, 1, 0, 0
4155481, 901120, 1, 0, 0
4155730, 1299534, 1, 0, 0
4155981, 753664, 1, 0, 0
4156231, 835584, 1, 0, 0
4156481, 933888, 1, 0, 0
4156730, 1381783, 1, 0, 0
4156981, 1327104, 1, 0, 0
4157231, 2097152, 1, 0, 0
4157481, 2326528, 1, 0, 0
4157731, 1924626, 1, 0, 0
4157981, 1310720, 1, 0, 0
4158231, 1343488, 1, 0, 0
4158480, 1283084, 1, 0, 0
4158731, 1048576, 1, 0, 0
4158981, 655360, 1, 0, 0
4159231, 1425408, 1, 0, 0
4159480, 1348883, 1, 0, 0
4159731, 851968, 1, 0, 0
4159981, 786432, 1, 0, 0
4160231, 933888, 1, 0, 0
4160480, 1102136, 1, 0, 0
4160731, 1458176, 1, 0, 0
4160981, 720896, 1, 0, 0
4161231, 1015808, 1, 0, 0
4161480, 806040, 1, 0, 0
4161731, 1048576, 1, 0, 0
4161981, 1196032, 1, 0, 0
4162231, 1785856, 1, 0, 0
4162480, 1052787, 1, 0, 0
4162730, 1900544, 1, 0, 0
4162981, 1310720, 1, 0, 0
4163231, 1261568, 1, 0, 0
4163481, 1458176, 1, 0, 0
4163730, 1677879, 1, 0, 0
4163981, 1654784, 1, 0, 0
4164231, 1310720, 1, 0, 0
4164481, 1425408, 1, 0, 0
4164730, 2631967, 1, 0, 0
4164980, 1671168, 1, 0, 0
4165231, 2359296, 1, 0, 0
4165481, 2097152, 1, 0, 0
4165730, 2730666, 1, 0, 0
4165980, 2441216, 1, 0, 0
4166231, 1015808, 1, 0, 0
4166481, 1703936, 1, 0, 0
4166731, 1589248, 1, 0, 0
4166980, 1579180, 1, 0, 0
4167231, 1540096, 1, 0, 0
4167481, 1884160, 1, 0, 0
4167731, 1179648, 1, 0, 0
4167980, 1167935, 1, 0, 0
4168231, 1196032, 1, 0, 0
4168481, 2310144, 1, 0, 0
4168731, 1392640, 1, 0, 0
4168980, 871839, 1, 0, 0
4169230, 1654784, 1, 0, 0
4169481, 1179648, 1, 0, 0
4169731, 1802240, 1, 0, 0
4169981, 2195456, 1, 0, 0
4170230, 1266634, 1, 0, 0
4170481, 999424, 1, 0, 0
4170731, 1425408, 1, 0, 0
4170981, 1835008, 1, 0, 0
4171230, 1299534, 1, 0, 0
4171481, 1163264, 1, 0, 0
4171731, 2932736, 1, 0, 0
4171981, 1736704, 1, 0, 0
4172230, 1579180, 1, 0, 0
4172481, 1835008, 1, 0, 0
4172731, 2342912, 1, 0, 0
4172981, 2244608, 1, 0, 0
4173230, 2500369, 1, 0, 0
4173480, 2195456, 1, 0, 0
4173731, 2588672, 1, 0, 0
4173981, 2244608, 1, 0, 0
4174231, 2424832, 1, 0, 0
4174480, 1825927, 1, 0, 0
4174731, 1343488, 1, 0, 0
4174981, 1769472, 1, 0, 0
4175231, 2457600, 1, 0, 0
4175480, 1793028, 1, 0, 0
4175731, 2211840, 1, 0, 0
4175981, 1507328, 1, 0, 0
4176231, 2080768, 1, 0, 0
4176480, 2122024, 1, 0, 0
4176731, 1703936, 1, 0, 0
4176981, 1622016, 1, 0, 0
4177231, 1425408, 1, 0, 0
4177481, 1957526, 1, 0, 0
4177731, 1277952, 1, 0, 0
4177981, 950272, 1, 0, 0
4178230, 1200835, 1, 0, 0
4178480, 819200, 1, 0, 0
4178731, 1081344, 1, 0, 0
4178981, 753664, 1, 0, 0
4179230, 1019887, 1, 0, 0
4179480, 638976, 1, 0, 0
4179731, 655360, 1, 0, 0
4179981, 786432, 1, 0, 0
4180231, 655360, 1, 0, 0
4180480, 723791, 1, 0, 0
4180731, 1032192, 1, 0, 0
4180981, 196608, 1, 0, 0
4181231, 622592, 1, 0, 0
4181480, 1085686, 1, 0, 0
4181730, 933888, 1, 0, 0
4181981, 1490944, 1, 0, 0
4182231, 1884160, 1, 0, 0
4182480, 1464032, 1, 0, 0
4182731, 1245184, 1, 0, 0
4182981, 1474560, 1, 0, 0
4183231, 1540096, 1, 0, 0
4183480, 740240, 1, 0, 0
4183731, 1703936, 1, 0, 0
4183981, 1294336, 1, 0, 0
4184231, 2342912, 1, 0, 0
4184480, 2056224, 1, 0, 0
4184731, 1605632, 1, 0, 0
4184981, 1998848, 1, 0, 0
4185231, 1540096, 1, 0, 0
4185480, 1365333, 1, 0, 0
4185731, 1671168, 1, 0, 0
4185981, 2146304, 1, 0, 0
4186231, 1277952, 1, 0, 0
4186480, 1710779, 1, 0, 0
4186731, 1671168, 1, 0, 0
4186981, 950272, 1, 0, 0
4187231, 1703936, 1, 0, 0
4187480, 838939, 1, 0, 0
4187731, 868352, 1, 0, 0
4187981, 1540096, 1, 0, 0
4188231, 1802240, 1, 0, 0
4188480, 592192, 1, 0, 0
4188730, 950272, 1, 0, 0
4188981, 1130496, 1, 0, 0
4189231, 1048576, 1, 0, 0
4189481, 1081344, 1, 0, 0
4189730, 1283084, 1, 0, 0
4189980, 802816, 1, 0, 0
4190231, 1277952, 1, 0, 0
4190481, 802816, 1, 0, 0
4190731, 1032192, 1, 0, 0
4190980, 1381783, 1, 0, 0
4191231, 1409024, 1, 0, 0
4191481, 835584, 1, 0, 0
4191731, 1261568, 1, 0, 0
4191981, 1052787, 1, 0, 0
4192231, 1032192, 1, 0, 0
4192481, 1048576, 1, 0, 0
4192730, 1381783, 1, 0, 0
4192981, 950272, 1, 0, 0
4193231, 1327104, 1, 0, 0
4193481, 851968, 1, 0, 0
4193730, 1431132, 1, 0, 0
4193981, 1114112, 1, 0, 0
4194231, 1114112, 1, 0, 0
4194481, 1114112, 1, 0, 0
4194730, 1118586, 1, 0, 0
4194981, 1179648, 1, 0, 0
4195231, 720896, 1, 0, 0
4195481, 524288, 1, 0, 0
4195730, 1019887, 1, 0, 0
4195981, 819200, 1, 0, 0
4196231, 1114112, 1, 0, 0
4196481, 1261568, 1, 0, 0
4196730, 1480481, 1, 0, 0
4196981, 1622016, 1, 0, 0
4197231, 1720320, 1, 0, 0
4197481, 1916928, 1, 0, 0
4197730, 1793028, 1, 0, 0
4197981, 1081344, 1, 0, 0
4198231, 2113536, 1, 0, 0
4198480, 2154923, 1, 0, 0
4198731, 1556480, 1, 0, 0
4198981, 1261568, 1, 0, 0
4199231, 1294336, 1, 0, 0
4199480, 1398232, 1, 0, 0
4199731, 1490944, 1, 0, 0
4199981, 1507328, 1, 0, 0
4200231, 2146304, 1, 0, 0
4200480, 2122024, 1, 0, 0
4200731, 2326528, 1, 0, 0
4200981, 1589248, 1, 0, 0
4201231, 1966080, 1, 0, 0
4201480, 1858827, 1, 0, 0
4201730, 2097152, 1, 0, 0
4201981, 1671168, 1, 0, 0
4202231, 1785856, 1, 0, 0
4202480, 1941076, 1, 0, 0
4202730, 1982464, 1, 0, 0
4202981, 2392064, 1, 0, 0
4203231, 2048000, 1, 0, 0
4203481, 2506752, 1, 0, 0
4203730, 1825927, 1, 0, 0
4203981, 688128, 1, 0, 0
4204231, 1359872, 1, 0, 0
4204481, 1327104, 1, 0, 0
4204730, 1348883, 1, 0, 0
4204980, 1441792, 1, 0, 0
4205231, 2015232, 1, 0, 0
4205481, 589824, 1, 0, 0
4205730, 1315983, 1, 0, 0
4205980, 1228800, 1, 0, 0
4206231, 311296, 1, 0, 0
4206481, 1605632, 1, 0, 0
4206731, 1163264, 1, 0, 0
4206980, 954088, 1, 0, 0
4207231, 950272, 1, 0, 0
4207481, 1261568, 1, 0, 0
4207730, 1135036, 1, 0, 0
4207981, 917504, 1, 0, 0
4208231, 557056, 1, 0, 0
4208481, 1163264, 1, 0, 0
4208730, 723791, 1, 0, 0
4208981, 1294336, 1, 0, 0
4209231, 1032192, 1, 0, 0
4209481, 966656, 1, 0, 0
4209730, 970538, 1, 0, 0
4209981, 1015808, 1, 0, 0
4210231, 1212416, 1, 0, 0
4210481, 1228800, 1, 0, 0
4210730, 1398232, 1, 0, 0
4210980, 966656, 1, 0, 0
4211231, 1228800, 1, 0, 0
4211481, 1015808, 1, 0, 0
4211730, 707341, 1, 0, 0
4211980, 1359872, 1, 0, 0
4212231, 1097728, 1, 0, 0
4212481, 212992, 1, 0, 0
4212730, 986987, 1, 0, 0
4212980, 933888, 1, 0, 0
4213231, 655360, 1, 0, 0
4213481, 737280, 1, 0, 0
4213731, 1376256, 1, 0, 0
4213980, 921188, 1, 0, 0
4214231, 1474560, 1, 0, 0
4214481, 507904, 1, 0, 0
4214731, 884736, 1, 0, 0
4214980, 1727228, 1, 0, 0
4215230, 835584, 1, 0, 0
4215481, 1097728, 1, 0, 0
4215731, 1359872, 1, 0, 0
4215981, 1196032, 1, 0, 0
4216230, 1019887, 1, 0, 0
4216481, 917504, 1, 0, 0
4216731, 1343488, 1, 0, 0
4216981, 819200, 1, 0, 0
4217230, 690891, 1, 0, 0
4217481, 393216, 1, 0, 0
4217731, 606208, 1, 0, 0
4217981, 851968, 1, 0, 0
4218230, 641542, 1, 0, 0
4218481, 622592, 1, 0, 0
4218731, 966656, 1, 0, 0
4218981, 376832, 1, 0, 0
4219230, 345445, 1, 0, 0
4219480, 688128, 1, 0, 0
4219731, 1261568, 1, 0, 0
4219981, 786432, 1, 0, 0
4220231, 1114112, 1, 0, 0
4220480, 197397, 1, 0, 0
4220731, 1654784, 1, 0, 0
4220981, 868352, 1, 0, 0
4221231, 327680, 1, 0, 0
4221480, 1167935, 1, 0, 0
4221730, 1212416, 1, 0, 0
4221981, 2310144, 1, 0, 0
4222231, 1097728, 1, 0, 0
4222481, 1212416, 1, 0, 0
4222730, 1069236, 1, 0, 0
4222981, 966656, 1, 0, 0
4223231, 966656, 1, 0, 0
4223481, 409600, 1, 0, 0
4223730, 855389, 1, 0, 0
4223980, 835584, 1, 0, 0
4224231, 671744, 1, 0, 0
4224481, 425984, 1, 0, 0
4224730, 1052787, 1, 0, 0
4224980, 966656, 1, 0, 0
4225231, 1114112, 1, 0, 0
4225481, 966656, 1, 0, 0
4225731, 950272, 1, 0, 0
4225981, 542843, 1, 0, 0
4226231, 622592, 1, 0, 0
4226481, 1015808, 1, 0, 0
4226731, 789590, 1, 0, 0
4226981, 393216, 1, 0, 0
4227231, 1294336, 1, 0, 0
4227480, 427694, 1, 0, 0
4227731, 999424, 1, 0, 0
4227981, 491520, 1, 0, 0
4228231, 475136, 1, 0, 0
4228480, 559293, 1, 0, 0
4228731, 1277952, 1, 0, 0
4228981, 966656, 1, 0, 0
4229231, 1114112, 1, 0, 0
4229480, 213847, 1, 0, 0
4229731, 589824, 1, 0, 0
4229981, 1310720, 1, 0, 0
4230231, 802816, 1, 0, 0
4230480, 806040, 1, 0, 0
4230730, 344064, 1, 0, 0
4230981, 1064960, 1, 0, 0
4231231, 950272, 1, 0, 0
4231480, 641542, 1, 0, 0
4231731, 950272, 1, 0, 0
4231981, 1097728, 1, 0, 0
4232231, 983040, 1, 0, 0
4232480, 411244, 1, 0, 0
4232730, 458752, 1, 0, 0
4232981, 704512, 1, 0, 0
4233231, 835584, 1, 0, 0
4233481, 507904, 1, 0, 0
4233730, 509943, 1, 0, 0
4233980, 851968, 1, 0, 0
4234231, 737280, 1, 0, 0
4234481, 770048, 1, 0, 0
4234731, 999424, 1, 0, 0
4234980, 444144, 1, 0, 0
4235231, 507904, 1, 0, 0
4235481, 917504, 1, 0, 0
4235731, 1474560, 1, 0, 0
4235980, 657991, 1, 0, 0
4236231, 1310720, 1, 0, 0
4236481, 540672, 1, 0, 0
4236731, 1425408, 1, 0, 0
4236980, 592192, 1, 0, 0
4237230, 1064960, 1, 0, 0
4237481, 425984, 1, 0, 0
4237731, 1474560, 1, 0, 0
4237981, 1572864, 1, 0, 0
4238230, 1299534, 1, 0, 0
4238481, 1523712, 1, 0, 0
4238731, 1409024, 1, 0, 0
4238981, 1294336, 1, 0, 0
4239230, 1184385, 1, 0, 0
4239480, 524288, 1, 0, 0
4239731, 1605632, 1, 0, 0
4239981, 1327104, 1, 0, 0
4240231, 1015808, 1, 0, 0
4240480, 1184385, 1, 0, 0
4240730, 1228800, 1, 0, 0
4240981, 1523712, 1, 0, 0
4241231, 1097728, 1, 0, 0
4241481, 868352, 1, 0, 0
4241730, 970538, 1, 0, 0
4241981, 819200, 1, 0, 0
4242231, 999424, 1, 0, 0
4242481, 1474560, 1, 0, 0
4242730, 937638, 1, 0, 0
4242980, 868352, 1, 0, 0
4243231, 835584, 1, 0, 0
4243481, 688128, 1, 0, 0
4243731, 753664, 1, 0, 0
4243980, 937638, 1, 0, 0
4244231, 1032192, 1, 0, 0
4244481, 737280, 1, 0, 0
4244731, 1015808, 1, 0, 0
4244980, 904738, 1, 0, 0
4245231, 671744, 1, 0, 0
4245481, 1146880, 1, 0, 0
4245731, 1736704, 1, 0, 0
4245980, 871839, 1, 0, 0
4246231, 1245184, 1, 0, 0
4246481, 1015808, 1, 0, 0
4246731, 1638400, 1, 0, 0
4246980, 1118586, 1, 0, 0
4247231, 1294336, 1, 0, 0
4247481, 1769472, 1, 0, 0
4247730, 1151485, 1, 0, 0
4247981, 1228800, 1, 0, 0
4248231, 1212416, 1, 0, 0
4248481, 1441792, 1, 0, 0
4248730, 1135036, 1, 0, 0
4248981, 1228800, 1, 0, 0
4249231, 1015808, 1, 0, 0
4249481, 819200, 1, 0, 0
4249730, 1052787, 1, 0, 0
4249980, 1458176, 1, 0, 0
4250231, 1245184, 1, 0, 0
4250481, 671744, 1, 0, 0
4250730, 1299534, 1, 0, 0
4250980, 1572864, 1, 0, 0
4251231, 1212416, 1, 0, 0
4251481, 1261568, 1, 0, 0
4251730, 1628530, 1, 0, 0
4251980, 1589248, 1, 0, 0
4252231, 1998848, 1, 0, 0
4252481, 1753088, 1, 0, 0
4252731, 1294336, 1, 0, 0
4252980, 1941076, 1, 0, 0
4253231, 1212416, 1, 0, 0
4253481, 1130496, 1, 0, 0
4253731, 1425408, 1, 0, 0
4253980, 1480481, 1, 0, 0
4254231, 1785856, 1, 0, 0
4254481, 1441792, 1, 0, 0
4254731, 1376256, 1, 0, 0
4254980, 1184385, 1, 0, 0
4255230, 901120, 1, 0, 0
4255481, 2048000, 1, 0, 0
4255731, 2621440, 1, 0, 0
4255981, 2097152, 1, 0, 0
4256231, 1891726, 1, 0, 0
4256481, 2310144, 1, 0, 0
4256731, 2768896, 1, 0, 0
4256981, 1891726, 1, 0, 0
4257231, 2588672, 1, 0, 0
4257481, 2392064, 1, 0, 0
4257731, 1924626, 1, 0, 0
4257981, 1966080, 1, 0, 0
4258231, 1392640, 1, 0, 0
4258480, 1908176, 1, 0, 0
4258731, 1441792, 1, 0, 0
4258981, 1900544, 1, 0, 0
4259230, 1266634, 1, 0, 0
4259481, 1409024, 1, 0, 0
4259731, 802816, 1, 0, 0
4259981, 344064, 1, 0, 0
4260230, 1085686, 1, 0, 0
4260481, 1245184, 1, 0, 0
4260731, 1097728, 1, 0, 0
4260980, 822489, 1, 0, 0
4261231, 1409024, 1, 0, 0
4261481, 1310720, 1, 0, 0
4261731, 1720320, 1, 0, 0
4261980, 1710779, 1, 0, 0
4262231, 1458176, 1, 0, 0
4262481, 1507328, 1, 0, 0
4262731, 1671168, 1, 0, 0
4262981, 1546281, 1, 0, 0
4263231, 1294336, 1, 0, 0
4263481, 1114112, 1, 0, 0
4263730, 773140, 1, 0, 0
4263981, 1228800, 1, 0, 0
4264231, 1310720, 1, 0, 0
4264481, 1753088, 1, 0, 0
4264730, 1217285, 1, 0, 0
4264981, 376832, 1, 0, 0
4265231, 819200, 1, 0, 0
4265480, 986987, 1, 0, 0
4265731, 1703936, 1, 0, 0
4265981, 1589248, 1, 0, 0
4266231, 1900544, 1, 0, 0
4266481, 1299534, 1, 0, 0
4266731, 1589248, 1, 0, 0
4266981, 1507328, 1, 0, 0
4267231, 1743678, 1, 0, 0
4267481, 1916928, 1, 0, 0
4267730, 1973975, 1, 0, 0
4267981, 1589248, 1, 0, 0
4268231, 1441792, 1, 0, 0
4268480, 904738, 1, 0, 0
4268731, 933888, 1, 0, 0
4268981, 1835008, 1, 0, 0
4269231, 1490944, 1, 0, 0
4269481, 1167935, 1, 0, 0
4269731, 1835008, 1, 0, 0
4269981, 1327104, 1, 0, 0
4270231, 1315983, 1, 0, 0
4270481, 1064960, 1, 0, 0
4270731, 1720320, 1, 0, 0
4270980, 1858827, 1, 0, 0
4271231, 622592, 1, 0, 0
4271481, 1245184, 1, 0, 0
4271730, 608642, 1, 0, 0
4271981, 737280, 1, 0, 0
4272231, 1720320, 1, 0, 0
4272481, 16384, 1, 0, 0
4272730, 0, 1, 0, 0
4272981, 0, 1, 0, 0
4273231, 0, 1, 0, 0
4273481, 0, 1, 0, 0
4273731, 0, 1, 0, 0
4273980, 0, 1, 0, 0
4274230, 507904, 1, 0, 0
4274480, 0, 1, 0, 0
4274730, 0, 1, 0, 0
4274980, 0, 1, 0, 0
4275230, 0, 1, 0, 0
4275481, 0, 1, 0, 0
