221," 0"," 1"," 0"," 0"
470," 1359523"," 1"," 0"," 0"
720," 2080768"," 1"," 0"," 0"
970," 1605632"," 1"," 0"," 0"
1220," 966656"," 1"," 0"," 0"
1470," 1556480"," 1"," 0"," 0"
1720," 3178496"," 1"," 0"," 0"
1970," 2818048"," 1"," 0"," 0"
2220," 2352321"," 1"," 0"," 0"
2470," 2408448"," 1"," 0"," 0"
2720," 2883584"," 1"," 0"," 0"
2970," 2686976"," 1"," 0"," 0"
3220," 2932736"," 1"," 0"," 0"
3470," 3211264"," 1"," 0"," 0"
3720," 3096576"," 1"," 0"," 0"
3970," 2998272"," 1"," 0"," 0"
4220," 2829365"," 1"," 0"," 0"
4470," 2686976"," 1"," 0"," 0"
4720," 3325952"," 1"," 0"," 0"
4970," 3162112"," 1"," 0"," 0"
5220," 1490944"," 1"," 0"," 0"
5470," 2703360"," 1"," 0"," 0"
5720," 3276800"," 1"," 0"," 0"
5970," 3489792"," 1"," 0"," 0"
6220," 2752512"," 1"," 0"," 0"
6469," 3240610"," 1"," 0"," 0"
6720," 2572288"," 1"," 0"," 0"
6970," 3260416"," 1"," 0"," 0"
7220," 2768896"," 1"," 0"," 0"
7470," 2555904"," 1"," 0"," 0"
7720," 2457600"," 1"," 0"," 0"
7970," 2637824"," 1"," 0"," 0"
8221," 3276800"," 1"," 0"," 0"
8470," 2812915"," 1"," 0"," 0"
8720," 3424256"," 1"," 0"," 0"
8970," 2899968"," 1"," 0"," 0"
9220," 3424256"," 1"," 0"," 0"
9470," 3339309"," 1"," 0"," 0"
9720," 3129344"," 1"," 0"," 0"
9970," 2834432"," 1"," 0"," 0"
10220," 3063808"," 1"," 0"," 0"
10470," 3227648"," 1"," 0"," 0"
10720," 3421558"," 1"," 0"," 0"
10970," 1458176"," 1"," 0"," 0"
11220," 2998272"," 1"," 0"," 0"
11470," 3031040"," 1"," 0"," 0"
11720," 3522560"," 1"," 0"," 0"
11970," 2977413"," 1"," 0"," 0"
12220," 2719744"," 1"," 0"," 0"
12470," 3162112"," 1"," 0"," 0"
12720," 3309568"," 1"," 0"," 0"
12970," 2064384"," 1"," 0"," 0"
13220," 1233734"," 1"," 0"," 0"
13470," 1949696"," 1"," 0"," 0"
13720," 2457600"," 1"," 0"," 0"
13970," 2883584"," 1"," 0"," 0"
14221," 2670592"," 1"," 0"," 0"
14470," 2796465"," 1"," 0"," 0"
14720," 2998272"," 1"," 0"," 0"
14970," 3342336"," 1"," 0"," 0"
15221," 2867200"," 1"," 0"," 0"
15470," 2829365"," 1"," 0"," 0"
15720," 2899968"," 1"," 0"," 0"
15970," 2965504"," 1"," 0"," 0"
16220," 3031040"," 1"," 0"," 0"
16471," 2670592"," 1"," 0"," 0"
16720," 2878714"," 1"," 0"," 0"
16970," 2916352"," 1"," 0"," 0"
17220," 3129344"," 1"," 0"," 0"
17471," 2949120"," 1"," 0"," 0"
17720," 2319421"," 1"," 0"," 0"
17970," 2686976"," 1"," 0"," 0"
18220," 3604480"," 1"," 0"," 0"
18471," 2490368"," 1"," 0"," 0"
18721," 3293184"," 1"," 0"," 0"
18970," 2895164"," 1"," 0"," 0"
19220," 2949120"," 1"," 0"," 0"
19470," 3571712"," 1"," 0"," 0"
19721," 3571712"," 1"," 0"," 0"
19970," 3174811"," 1"," 0"," 0"
20220," 3260416"," 1"," 0"," 0"
20470," 2818048"," 1"," 0"," 0"
20720," 3358720"," 1"," 0"," 0"
20971," 3162112"," 1"," 0"," 0"
21220," 3158361"," 1"," 0"," 0"
21470," 2916352"," 1"," 0"," 0"
21720," 3375104"," 1"," 0"," 0"
21971," 3047424"," 1"," 0"," 0"
22220," 2615518"," 1"," 0"," 0"
22471," 1458176"," 1"," 0"," 0"
22720," 2763566"," 1"," 0"," 0"
22970," 3096576"," 1"," 0"," 0"
23220," 3129344"," 1"," 0"," 0"
23471," 3260416"," 1"," 0"," 0"
23720," 3026763"," 1"," 0"," 0"
23970," 3162112"," 1"," 0"," 0"
24220," 3178496"," 1"," 0"," 0"
24470," 3112960"," 1"," 0"," 0"
24720," 2977413"," 1"," 0"," 0"
24970," 2768896"," 1"," 0"," 0"
25220," 3424256"," 1"," 0"," 0"
25470," 2031616"," 1"," 0"," 0"
25721," 3080192"," 1"," 0"," 0"
25970," 3010313"," 1"," 0"," 0"
26220," 2916352"," 1"," 0"," 0"
26470," 3080192"," 1"," 0"," 0"
26720," 3244032"," 1"," 0"," 0"
26971," 3604480"," 1"," 0"," 0"
27220," 3191261"," 1"," 0"," 0"
27470," 3342336"," 1"," 0"," 0"
27720," 2818048"," 1"," 0"," 0"
27970," 3063808"," 1"," 0"," 0"
28221," 3440640"," 1"," 0"," 0"
28470," 2928064"," 1"," 0"," 0"
28720," 3031040"," 1"," 0"," 0"
28970," 2539520"," 1"," 0"," 0"
29220," 2998272"," 1"," 0"," 0"
29471," 2965504"," 1"," 0"," 0"
29720," 2812915"," 1"," 0"," 0"
29970," 2654208"," 1"," 0"," 0"
30221," 2719744"," 1"," 0"," 0"
30471," 3080192"," 1"," 0"," 0"
30720," 3092562"," 1"," 0"," 0"
30970," 3375104"," 1"," 0"," 0"
31220," 2998272"," 1"," 0"," 0"
31471," 2523136"," 1"," 0"," 0"
31720," 3059662"," 1"," 0"," 0"
31970," 3293184"," 1"," 0"," 0"
32220," 3260416"," 1"," 0"," 0"
32471," 3162112"," 1"," 0"," 0"
32720," 2829365"," 1"," 0"," 0"
32970," 3063808"," 1"," 0"," 0"
33220," 2244608"," 1"," 0"," 0"
33470," 3342336"," 1"," 0"," 0"
33721," 2621440"," 1"," 0"," 0"
33970," 3799903"," 1"," 0"," 0"
34220," 3637248"," 1"," 0"," 0"
34470," 3702784"," 1"," 0"," 0"
34720," 3194880"," 1"," 0"," 0"
34971," 2293760"," 1"," 0"," 0"
35220," 3125461"," 1"," 0"," 0"
35470," 2801664"," 1"," 0"," 0"
35720," 1851392"," 1"," 0"," 0"
35971," 3031040"," 1"," 0"," 0"
36220," 3684755"," 1"," 0"," 0"
36470," 2998272"," 1"," 0"," 0"
36720," 3145728"," 1"," 0"," 0"
36970," 2949120"," 1"," 0"," 0"
37221," 3014656"," 1"," 0"," 0"
37470," 2237172"," 1"," 0"," 0"
37720," 2736128"," 1"," 0"," 0"
37970," 3227648"," 1"," 0"," 0"
38220," 2998272"," 1"," 0"," 0"
38471," 2883584"," 1"," 0"," 0"
38720," 3207710"," 1"," 0"," 0"
38970," 3538944"," 1"," 0"," 0"
39220," 2998272"," 1"," 0"," 0"
39470," 3014656"," 1"," 0"," 0"
39721," 3227648"," 1"," 0"," 0"
39970," 2747116"," 1"," 0"," 0"
40220," 3325952"," 1"," 0"," 0"
40470," 3080192"," 1"," 0"," 0"
40721," 2801664"," 1"," 0"," 0"
40970," 2187823"," 1"," 0"," 0"
41220," 2818048"," 1"," 0"," 0"
41470," 2981888"," 1"," 0"," 0"
41721," 2998272"," 1"," 0"," 0"
41970," 3289959"," 1"," 0"," 0"
42220," 3391488"," 1"," 0"," 0"
42470," 3342336"," 1"," 0"," 0"
42721," 3473408"," 1"," 0"," 0"
42970," 2582618"," 1"," 0"," 0"
43220," 3375104"," 1"," 0"," 0"
43470," 2867200"," 1"," 0"," 0"
43721," 3014656"," 1"," 0"," 0"
43970," 3076112"," 1"," 0"," 0"
44220," 3145728"," 1"," 0"," 0"
44470," 2736128"," 1"," 0"," 0"
44720," 2768896"," 1"," 0"," 0"
44971," 2539520"," 1"," 0"," 0"
45220," 3240610"," 1"," 0"," 0"
45470," 2670592"," 1"," 0"," 0"
45720," 1949696"," 1"," 0"," 0"
45971," 2555904"," 1"," 0"," 0"
46221," 3096576"," 1"," 0"," 0"
46470," 2714216"," 1"," 0"," 0"
46720," 3538944"," 1"," 0"," 0"
46970," 3063808"," 1"," 0"," 0"
47221," 3162112"," 1"," 0"," 0"
47470," 3010313"," 1"," 0"," 0"
47720," 3506176"," 1"," 0"," 0"
47970," 3473408"," 1"," 0"," 0"
48220," 2539520"," 1"," 0"," 0"
48471," 3063808"," 1"," 0"," 0"
48720," 2845815"," 1"," 0"," 0"
48970," 3178496"," 1"," 0"," 0"
49220," 3227648"," 1"," 0"," 0"
49471," 3407872"," 1"," 0"," 0"
49720," 3536706"," 1"," 0"," 0"
49970," 3244032"," 1"," 0"," 0"
50221," 3489792"," 1"," 0"," 0"
50470," 3520257"," 1"," 0"," 0"
50720," 3325952"," 1"," 0"," 0"
50970," 3342336"," 1"," 0"," 0"
51221," 2736128"," 1"," 0"," 0"
51470," 2154923"," 1"," 0"," 0"
51720," 2703360"," 1"," 0"," 0"
51970," 2752512"," 1"," 0"," 0"
52221," 2588672"," 1"," 0"," 0"
52470," 3372208"," 1"," 0"," 0"
52720," 3096576"," 1"," 0"," 0"
52970," 3440640"," 1"," 0"," 0"
53221," 3031040"," 1"," 0"," 0"
53470," 3141911"," 1"," 0"," 0"
53720," 2703360"," 1"," 0"," 0"
53970," 2605056"," 1"," 0"," 0"
54221," 2572288"," 1"," 0"," 0"
54471," 2457600"," 1"," 0"," 0"
54720," 2368771"," 1"," 0"," 0"
54970," 3440640"," 1"," 0"," 0"
55220," 2998272"," 1"," 0"," 0"
55471," 2768896"," 1"," 0"," 0"
55720," 3750554"," 1"," 0"," 0"
55970," 3276800"," 1"," 0"," 0"
56220," 3325952"," 1"," 0"," 0"
56471," 3194880"," 1"," 0"," 0"
56720," 3536706"," 1"," 0"," 0"
56970," 2277376"," 1"," 0"," 0"
57220," 2850816"," 1"," 0"," 0"
57470," 3194880"," 1"," 0"," 0"
57721," 3325952"," 1"," 0"," 0"
57970," 2319421"," 1"," 0"," 0"
58220," 2637824"," 1"," 0"," 0"
58470," 3276800"," 1"," 0"," 0"
58720," 2457600"," 1"," 0"," 0"
58971," 2899968"," 1"," 0"," 0"
59220," 3224160"," 1"," 0"," 0"
59470," 2801664"," 1"," 0"," 0"
59720," 3735552"," 1"," 0"," 0"
59970," 3538944"," 1"," 0"," 0"
60221," 3063808"," 1"," 0"," 0"
60470," 3224160"," 1"," 0"," 0"
60720," 3047424"," 1"," 0"," 0"
60970," 3129344"," 1"," 0"," 0"
61221," 3407872"," 1"," 0"," 0"
61470," 3503807"," 1"," 0"," 0"
61720," 2850816"," 1"," 0"," 0"
61970," 3358720"," 1"," 0"," 0"
62220," 2703360"," 1"," 0"," 0"
62471," 1736704"," 1"," 0"," 0"
62720," 1480481"," 1"," 0"," 0"
62970," 2670592"," 1"," 0"," 0"
63221," 3211264"," 1"," 0"," 0"
63470," 3224160"," 1"," 0"," 0"
63720," 3112960"," 1"," 0"," 0"
63970," 3358720"," 1"," 0"," 0"
64220," 3391488"," 1"," 0"," 0"
64470," 3407872"," 1"," 0"," 0"
64721," 3489792"," 1"," 0"," 0"
64970," 3734104"," 1"," 0"," 0"
65220," 3833856"," 1"," 0"," 0"
65470," 3227648"," 1"," 0"," 0"
65721," 2473984"," 1"," 0"," 0"
65970," 3026763"," 1"," 0"," 0"
66220," 3440640"," 1"," 0"," 0"
66470," 2998272"," 1"," 0"," 0"
66721," 1703936"," 1"," 0"," 0"
66970," 1217285"," 1"," 0"," 0"
67220," 704512"," 1"," 0"," 0"
67471," 294912"," 1"," 0"," 0"
67720," 1365333"," 1"," 0"," 0"
67970," 2867200"," 1"," 0"," 0"
68220," 3506176"," 1"," 0"," 0"
68471," 3538944"," 1"," 0"," 0"
68720," 2664867"," 1"," 0"," 0"
68970," 2326528"," 1"," 0"," 0"
69220," 1458176"," 1"," 0"," 0"
69471," 1212416"," 1"," 0"," 0"
69720," 1793028"," 1"," 0"," 0"
69970," 2506752"," 1"," 0"," 0"
70220," 3899392"," 1"," 0"," 0"
70471," 3850240"," 1"," 0"," 0"
70720," 3207710"," 1"," 0"," 0"
70970," 2768896"," 1"," 0"," 0"
71221," 2736128"," 1"," 0"," 0"
71470," 1858827"," 1"," 0"," 0"
71720," 1884160"," 1"," 0"," 0"
71970," 1277952"," 1"," 0"," 0"
72220," 786432"," 1"," 0"," 0"
72470," 98304"," 1"," 0"," 0"
72720," 921188"," 1"," 0"," 0"
72970," 3325952"," 1"," 0"," 0"
73220," 3850240"," 1"," 0"," 0"
73470," 3145728"," 1"," 0"," 0"
73720," 2277376"," 1"," 0"," 0"
73970," 868352"," 1"," 0"," 0"
74220," 344064"," 1"," 0"," 0"
74470," 0"," 1"," 0"," 0"
74720," 933888"," 1"," 0"," 0"
74969," 3273510"," 1"," 0"," 0"
75220," 3375104"," 1"," 0"," 0"
75470," 3489792"," 1"," 0"," 0"
75720," 3801088"," 1"," 0"," 0"
75970," 3440640"," 1"," 0"," 0"
76220," 3588096"," 1"," 0"," 0"
76470," 2736128"," 1"," 0"," 0"
76720," 2048000"," 1"," 0"," 0"
76970," 1540096"," 1"," 0"," 0"
77220," 1294336"," 1"," 0"," 0"
77470," 296096"," 1"," 0"," 0"
77720," 671744"," 1"," 0"," 0"
77970," 3538944"," 1"," 0"," 0"
78220," 3129344"," 1"," 0"," 0"
78470," 3571712"," 1"," 0"," 0"
78720," 3096576"," 1"," 0"," 0"
78970," 2686976"," 1"," 0"," 0"
79220," 1474560"," 1"," 0"," 0"
79470," 425984"," 1"," 0"," 0"
79719," 246746"," 1"," 0"," 0"
79970," 0"," 1"," 0"," 0"
80220," 0"," 1"," 0"," 0"
80470," 0"," 1"," 0"," 0"
80720," 589824"," 1"," 0"," 0"
80970," 3276800"," 1"," 0"," 0"
81220," 1933312"," 1"," 0"," 0"
81470," 2310144"," 1"," 0"," 0"
81720," 819200"," 1"," 0"," 0"
81970," 655360"," 1"," 0"," 0"
82220," 394795"," 1"," 0"," 0"
82470," 327680"," 1"," 0"," 0"
82720," 704512"," 1"," 0"," 0"
82970," 3457024"," 1"," 0"," 0"
83220," 3620864"," 1"," 0"," 0"
83470," 3850240"," 1"," 0"," 0"
83720," 3325952"," 1"," 0"," 0"
83970," 3031040"," 1"," 0"," 0"
84220," 2326528"," 1"," 0"," 0"
84470," 1359872"," 1"," 0"," 0"
84720," 1250184"," 1"," 0"," 0"
84970," 3375104"," 1"," 0"," 0"
85220," 3686400"," 1"," 0"," 0"
85470," 3407872"," 1"," 0"," 0"
85720," 3178496"," 1"," 0"," 0"
85970," 3964928"," 1"," 0"," 0"
86220," 3784704"," 1"," 0"," 0"
86470," 2654208"," 1"," 0"," 0"
86720," 2736128"," 1"," 0"," 0"
86970," 1769472"," 1"," 0"," 0"
87220," 855389"," 1"," 0"," 0"
87470," 442368"," 1"," 0"," 0"
87720," 573440"," 1"," 0"," 0"
87970," 3735552"," 1"," 0"," 0"
88220," 3653632"," 1"," 0"," 0"
88470," 3260416"," 1"," 0"," 0"
88720," 2473984"," 1"," 0"," 0"
88970," 983040"," 1"," 0"," 0"
89220," 442368"," 1"," 0"," 0"
89470," 427694"," 1"," 0"," 0"
89720," 147456"," 1"," 0"," 0"
89970," 3735552"," 1"," 0"," 0"
90220," 3473408"," 1"," 0"," 0"
90470," 3768320"," 1"," 0"," 0"
90720," 3342336"," 1"," 0"," 0"
90970," 3457024"," 1"," 0"," 0"
91220," 3964928"," 1"," 0"," 0"
91470," 3129344"," 1"," 0"," 0"
91720," 4128768"," 1"," 0"," 0"
91970," 3997301"," 1"," 0"," 0"
92220," 4243456"," 1"," 0"," 0"
92470," 3801088"," 1"," 0"," 0"
92720," 3309568"," 1"," 0"," 0"
92970," 3801088"," 1"," 0"," 0"
93220," 4079616"," 1"," 0"," 0"
93470," 3932160"," 1"," 0"," 0"
93720," 3784704"," 1"," 0"," 0"
93970," 3473408"," 1"," 0"," 0"
94220," 3702784"," 1"," 0"," 0"
94470," 3684755"," 1"," 0"," 0"
94720," 3833856"," 1"," 0"," 0"
94970," 3555328"," 1"," 0"," 0"
95220," 2490368"," 1"," 0"," 0"
95470," 3489792"," 1"," 0"," 0"
95720," 3948544"," 1"," 0"," 0"
95970," 3833856"," 1"," 0"," 0"
96220," 3915776"," 1"," 0"," 0"
96470," 3997696"," 1"," 0"," 0"
96720," 4096000"," 1"," 0"," 0"
96970," 3997301"," 1"," 0"," 0"
97220," 3833856"," 1"," 0"," 0"
97470," 3391488"," 1"," 0"," 0"
97720," 4177920"," 1"," 0"," 0"
97970," 4161536"," 1"," 0"," 0"
98220," 4456448"," 1"," 0"," 0"
98470," 3391488"," 1"," 0"," 0"
98720," 4128768"," 1"," 0"," 0"
98970," 4423680"," 1"," 0"," 0"
99220," 4227072"," 1"," 0"," 0"
99469," 3487357"," 1"," 0"," 0"
99720," 3899392"," 1"," 0"," 0"
99970," 4063232"," 1"," 0"," 0"
100220," 3784704"," 1"," 0"," 0"
100470," 4456448"," 1"," 0"," 0"
100720," 4128768"," 1"," 0"," 0"
100970," 3244032"," 1"," 0"," 0"
101220," 3325952"," 1"," 0"," 0"
101470," 1966080"," 1"," 0"," 0"
101720," 3653632"," 1"," 0"," 0"
101969," 3750554"," 1"," 0"," 0"
102220," 4259840"," 1"," 0"," 0"
102470," 3801088"," 1"," 0"," 0"
102720," 4653056"," 1"," 0"," 0"
102970," 4259840"," 1"," 0"," 0"
103220," 4603904"," 1"," 0"," 0"
103470," 3686400"," 1"," 0"," 0"
103720," 4538368"," 1"," 0"," 0"
103970," 3997696"," 1"," 0"," 0"
104220," 4145152"," 1"," 0"," 0"
104470," 4145349"," 1"," 0"," 0"
104720," 4407296"," 1"," 0"," 0"
104970," 4390912"," 1"," 0"," 0"
105220," 3866624"," 1"," 0"," 0"
105470," 4177920"," 1"," 0"," 0"
105721," 4227072"," 1"," 0"," 0"
105970," 4096000"," 1"," 0"," 0"
106220," 3751936"," 1"," 0"," 0"
106470," 4227072"," 1"," 0"," 0"
106720," 4030464"," 1"," 0"," 0"
106971," 4276224"," 1"," 0"," 0"
107220," 4063100"," 1"," 0"," 0"
107470," 4358144"," 1"," 0"," 0"
107720," 1933312"," 1"," 0"," 0"
107971," 1818624"," 1"," 0"," 0"
108220," 4392096"," 1"," 0"," 0"
108470," 4308992"," 1"," 0"," 0"
108720," 3325952"," 1"," 0"," 0"
108970," 4227072"," 1"," 0"," 0"
109220," 4341760"," 1"," 0"," 0"
109470," 4293397"," 1"," 0"," 0"
109720," 3899392"," 1"," 0"," 0"
109970," 4489216"," 1"," 0"," 0"
110220," 4440064"," 1"," 0"," 0"
110470," 3948544"," 1"," 0"," 0"
110721," 3473408"," 1"," 0"," 0"
110970," 3997301"," 1"," 0"," 0"
111220," 4243456"," 1"," 0"," 0"
111470," 4128768"," 1"," 0"," 0"
111721," 3850240"," 1"," 0"," 0"
111970," 4276947"," 1"," 0"," 0"
112220," 4653056"," 1"," 0"," 0"
112470," 3964928"," 1"," 0"," 0"
112720," 2785280"," 1"," 0"," 0"
112971," 4096000"," 1"," 0"," 0"
113220," 4392096"," 1"," 0"," 0"
113470," 3883008"," 1"," 0"," 0"
113720," 3604480"," 1"," 0"," 0"
113970," 4096000"," 1"," 0"," 0"
114221," 3637248"," 1"," 0"," 0"
114470," 2878714"," 1"," 0"," 0"
114720," 3604480"," 1"," 0"," 0"
114970," 4210688"," 1"," 0"," 0"
115221," 3768320"," 1"," 0"," 0"
115470," 3125461"," 1"," 0"," 0"
115720," 4276224"," 1"," 0"," 0"
115970," 4079616"," 1"," 0"," 0"
116220," 4177920"," 1"," 0"," 0"
116471," 3850240"," 1"," 0"," 0"
116720," 4309847"," 1"," 0"," 0"
116970," 4161536"," 1"," 0"," 0"
117220," 3850240"," 1"," 0"," 0"
117470," 3653632"," 1"," 0"," 0"
117720," 3981312"," 1"," 0"," 0"
117970," 2335871"," 1"," 0"," 0"
118220," 1851392"," 1"," 0"," 0"
118470," 3031040"," 1"," 0"," 0"
118720," 3784704"," 1"," 0"," 0"
118971," 4096000"," 1"," 0"," 0"
119220," 4359196"," 1"," 0"," 0"
119470," 2146304"," 1"," 0"," 0"
119720," 4079616"," 1"," 0"," 0"
119970," 4014080"," 1"," 0"," 0"
120220," 4128899"," 1"," 0"," 0"
120470," 4145152"," 1"," 0"," 0"
120720," 4145152"," 1"," 0"," 0"
120970," 3997696"," 1"," 0"," 0"
121220," 3932160"," 1"," 0"," 0"
121470," 3405108"," 1"," 0"," 0"
121720," 3244032"," 1"," 0"," 0"
121970," 1687552"," 1"," 0"," 0"
122221," 1228800"," 1"," 0"," 0"
122470," 1266634"," 1"," 0"," 0"
122720," 917504"," 1"," 0"," 0"
122970," 770048"," 1"," 0"," 0"
123220," 2572288"," 1"," 0"," 0"
123470," 2375680"," 1"," 0"," 0"
123721," 3096576"," 1"," 0"," 0"
123970," 3832803"," 1"," 0"," 0"
124220," 3899392"," 1"," 0"," 0"
124470," 4259840"," 1"," 0"," 0"
124721," 3686400"," 1"," 0"," 0"
124970," 4030200"," 1"," 0"," 0"
125220," 4145152"," 1"," 0"," 0"
125471," 3883008"," 1"," 0"," 0"
125720," 2928064"," 1"," 0"," 0"
125970," 98304"," 1"," 0"," 0"
126220," 3129344"," 1"," 0"," 0"
126471," 3948544"," 1"," 0"," 0"
126720," 3767004"," 1"," 0"," 0"
126970," 3440640"," 1"," 0"," 0"
127220," 4096000"," 1"," 0"," 0"
127470," 3948544"," 1"," 0"," 0"
127721," 3981312"," 1"," 0"," 0"
127970," 3750554"," 1"," 0"," 0"
128220," 3932160"," 1"," 0"," 0"
128470," 3375104"," 1"," 0"," 0"
128721," 3784704"," 1"," 0"," 0"
128971," 3915776"," 1"," 0"," 0"
129220," 4063100"," 1"," 0"," 0"
129470," 3670016"," 1"," 0"," 0"
129720," 3735552"," 1"," 0"," 0"
129971," 4161536"," 1"," 0"," 0"
130220," 4326297"," 1"," 0"," 0"
130470," 3981312"," 1"," 0"," 0"
130720," 2801664"," 1"," 0"," 0"
130970," 3260416"," 1"," 0"," 0"
131220," 4341760"," 1"," 0"," 0"
131471," 4259840"," 1"," 0"," 0"
131720," 3882152"," 1"," 0"," 0"
131970," 3883008"," 1"," 0"," 0"
132220," 4161536"," 1"," 0"," 0"
132470," 2516819"," 1"," 0"," 0"
132720," 1163264"," 1"," 0"," 0"
132970," 4063232"," 1"," 0"," 0"
133220," 4177920"," 1"," 0"," 0"
133470," 3112960"," 1"," 0"," 0"
133720," 4161799"," 1"," 0"," 0"
133970," 3784704"," 1"," 0"," 0"
134220," 3915776"," 1"," 0"," 0"
134470," 4489216"," 1"," 0"," 0"
134720," 4243456"," 1"," 0"," 0"
134970," 4079550"," 1"," 0"," 0"
135220," 3473408"," 1"," 0"," 0"
135470," 4112384"," 1"," 0"," 0"
135721," 2801664"," 1"," 0"," 0"
135970," 2780016"," 1"," 0"," 0"
136220," 2457600"," 1"," 0"," 0"
136470," 1507328"," 1"," 0"," 0"
136720," 1146880"," 1"," 0"," 0"
136970," 3342336"," 1"," 0"," 0"
137220," 1398232"," 1"," 0"," 0"
137470," 3293184"," 1"," 0"," 0"
137720," 3489792"," 1"," 0"," 0"
137970," 950272"," 1"," 0"," 0"
138220," 2523136"," 1"," 0"," 0"
138470," 3174811"," 1"," 0"," 0"
138720," 3719168"," 1"," 0"," 0"
138970," 4177920"," 1"," 0"," 0"
139220," 3915776"," 1"," 0"," 0"
139471," 3899392"," 1"," 0"," 0"
139720," 4145349"," 1"," 0"," 0"
139970," 3850240"," 1"," 0"," 0"
140220," 4096000"," 1"," 0"," 0"
140470," 3342336"," 1"," 0"," 0"
140720," 3898602"," 1"," 0"," 0"
140970," 3604480"," 1"," 0"," 0"
141220," 4145152"," 1"," 0"," 0"
141470," 3915776"," 1"," 0"," 0"
141721," 4177920"," 1"," 0"," 0"
141970," 3635405"," 1"," 0"," 0"
142220," 4177920"," 1"," 0"," 0"
142470," 4521984"," 1"," 0"," 0"
142721," 2424832"," 1"," 0"," 0"
142971," 3047424"," 1"," 0"," 0"
143220," 4063100"," 1"," 0"," 0"
143470," 2818048"," 1"," 0"," 0"
143720," 3981312"," 1"," 0"," 0"
143971," 4145152"," 1"," 0"," 0"
144221," 4194304"," 1"," 0"," 0"
144470," 2993863"," 1"," 0"," 0"
144720," 4358144"," 1"," 0"," 0"
144970," 4014080"," 1"," 0"," 0"
145220," 4260497"," 1"," 0"," 0"
145470," 4014080"," 1"," 0"," 0"
145720," 2965504"," 1"," 0"," 0"
145970," 1851392"," 1"," 0"," 0"
146221," 2097152"," 1"," 0"," 0"
146470," 1760128"," 1"," 0"," 0"
146720," 1982464"," 1"," 0"," 0"
146970," 2506752"," 1"," 0"," 0"
147220," 1409024"," 1"," 0"," 0"
147471," 2392064"," 1"," 0"," 0"
147721," 2867200"," 1"," 0"," 0"
147970," 1760128"," 1"," 0"," 0"
148220," 1507328"," 1"," 0"," 0"
148471," 2359296"," 1"," 0"," 0"
148720," 1217285"," 1"," 0"," 0"
148970," 1572864"," 1"," 0"," 0"
149220," 2129920"," 1"," 0"," 0"
149470," 1441792"," 1"," 0"," 0"
149721," 2113536"," 1"," 0"," 0"
149970," 1858827"," 1"," 0"," 0"
150220," 1867776"," 1"," 0"," 0"
150470," 1441792"," 1"," 0"," 0"
150721," 802816"," 1"," 0"," 0"
150971," 245760"," 1"," 0"," 0"
151220," 0"," 1"," 0"," 0"
151470," 0"," 1"," 0"," 0"
151720," 114688"," 1"," 0"," 0"
151970," 1785856"," 1"," 0"," 0"
152221," 606208"," 1"," 0"," 0"
152470," 2286522"," 1"," 0"," 0"
152720," 1949696"," 1"," 0"," 0"
152970," 1048576"," 1"," 0"," 0"
153221," 802816"," 1"," 0"," 0"
153470," 2171373"," 1"," 0"," 0"
153720," 1310720"," 1"," 0"," 0"
153970," 1146880"," 1"," 0"," 0"
154220," 2129920"," 1"," 0"," 0"
154470," 2555904"," 1"," 0"," 0"
154720," 1381783"," 1"," 0"," 0"
154970," 2998272"," 1"," 0"," 0"
155220," 983040"," 1"," 0"," 0"
155470," 1703936"," 1"," 0"," 0"
155721," 1163264"," 1"," 0"," 0"
155970," 2615518"," 1"," 0"," 0"
156220," 1572864"," 1"," 0"," 0"
156470," 2490368"," 1"," 0"," 0"
156720," 1835008"," 1"," 0"," 0"
156971," 1835008"," 1"," 0"," 0"
157220," 2089124"," 1"," 0"," 0"
157470," 1015808"," 1"," 0"," 0"
157720," 1818624"," 1"," 0"," 0"
157970," 1048576"," 1"," 0"," 0"
158221," 540672"," 1"," 0"," 0"
158470," 2582618"," 1"," 0"," 0"
158720," 1425408"," 1"," 0"," 0"
158970," 1277952"," 1"," 0"," 0"
159221," 1130496"," 1"," 0"," 0"
159470," 608642"," 1"," 0"," 0"
159720," 1916928"," 1"," 0"," 0"
159971," 1622016"," 1"," 0"," 0"
160220," 1529831"," 1"," 0"," 0"
160470," 835584"," 1"," 0"," 0"
160720," 1884160"," 1"," 0"," 0"
160970," 1179648"," 1"," 0"," 0"
161221," 1294336"," 1"," 0"," 0"
161470," 1431132"," 1"," 0"," 0"
161720," 2228224"," 1"," 0"," 0"
161971," 966656"," 1"," 0"," 0"
162221," 1114112"," 1"," 0"," 0"
162470," 1776578"," 1"," 0"," 0"
162720," 1163264"," 1"," 0"," 0"
162970," 802816"," 1"," 0"," 0"
163221," 1638400"," 1"," 0"," 0"
163470," 1414682"," 1"," 0"," 0"
163720," 2768896"," 1"," 0"," 0"
163971," 2588672"," 1"," 0"," 0"
164220," 1299534"," 1"," 0"," 0"
164470," 720896"," 1"," 0"," 0"
164720," 81920"," 1"," 0"," 0"
164970," 1556480"," 1"," 0"," 0"
165221," 999424"," 1"," 0"," 0"
165470," 2171373"," 1"," 0"," 0"
165720," 933888"," 1"," 0"," 0"
165970," 2211840"," 1"," 0"," 0"
166221," 1638400"," 1"," 0"," 0"
166470," 2171373"," 1"," 0"," 0"
166720," 753664"," 1"," 0"," 0"
166970," 917504"," 1"," 0"," 0"
167220," 868352"," 1"," 0"," 0"
167470," 638976"," 1"," 0"," 0"
167721," 2408448"," 1"," 0"," 0"
167970," 1644979"," 1"," 0"," 0"
168220," 2654208"," 1"," 0"," 0"
168470," 2981888"," 1"," 0"," 0"
168720," 2031616"," 1"," 0"," 0"
168971," 1622016"," 1"," 0"," 0"
169220," 2878714"," 1"," 0"," 0"
169470," 2752512"," 1"," 0"," 0"
169720," 1556480"," 1"," 0"," 0"
169970," 3637248"," 1"," 0"," 0"
170221," 3407872"," 1"," 0"," 0"
170470," 2599068"," 1"," 0"," 0"
170720," 2211840"," 1"," 0"," 0"
170970," 1884160"," 1"," 0"," 0"
171220," 1048576"," 1"," 0"," 0"
171470," 1720320"," 1"," 0"," 0"
171721," 2621440"," 1"," 0"," 0"
171970," 2483919"," 1"," 0"," 0"
172220," 2129920"," 1"," 0"," 0"
172470," 1474560"," 1"," 0"," 0"
172720," 1458176"," 1"," 0"," 0"
172971," 1572864"," 1"," 0"," 0"
173220," 1135036"," 1"," 0"," 0"
173470," 1163264"," 1"," 0"," 0"
173720," 2670592"," 1"," 0"," 0"
173971," 1589248"," 1"," 0"," 0"
174220," 1579180"," 1"," 0"," 0"
174470," 1245184"," 1"," 0"," 0"
174720," 1474560"," 1"," 0"," 0"
174971," 1228800"," 1"," 0"," 0"
175220," 1579180"," 1"," 0"," 0"
175470," 1622016"," 1"," 0"," 0"
175720," 1327104"," 1"," 0"," 0"
175971," 1277952"," 1"," 0"," 0"
176220," 2237172"," 1"," 0"," 0"
176470," 2260992"," 1"," 0"," 0"
176720," 2703360"," 1"," 0"," 0"
176971," 1949696"," 1"," 0"," 0"
177220," 2204273"," 1"," 0"," 0"
177470," 2048000"," 1"," 0"," 0"
177720," 2490368"," 1"," 0"," 0"
177970," 2555904"," 1"," 0"," 0"
178221," 2686976"," 1"," 0"," 0"
178470," 2039775"," 1"," 0"," 0"
178720," 884736"," 1"," 0"," 0"
178970," 278528"," 1"," 0"," 0"
179220," 0"," 1"," 0"," 0"
179470," 0"," 1"," 0"," 0"
179719," 115148"," 1"," 0"," 0"
179970," 2179072"," 1"," 0"," 0"
180220," 933888"," 1"," 0"," 0"
180470," 1916928"," 1"," 0"," 0"
180720," 1277952"," 1"," 0"," 0"
180971," 1081344"," 1"," 0"," 0"
181220," 328995"," 1"," 0"," 0"
181470," 1294336"," 1"," 0"," 0"
181720," 1327104"," 1"," 0"," 0"
181971," 442368"," 1"," 0"," 0"
182220," 921188"," 1"," 0"," 0"
182470," 1376256"," 1"," 0"," 0"
182720," 2670592"," 1"," 0"," 0"
182971," 3391488"," 1"," 0"," 0"
183221," 1081344"," 1"," 0"," 0"
183470," 2006875"," 1"," 0"," 0"
183720," 1146880"," 1"," 0"," 0"
183971," 1605632"," 1"," 0"," 0"
184220," 657991"," 1"," 0"," 0"
184470," 1818624"," 1"," 0"," 0"
184720," 1015808"," 1"," 0"," 0"
184971," 1654784"," 1"," 0"," 0"
185221," 704512"," 1"," 0"," 0"
185470," 1135036"," 1"," 0"," 0"
185720," 1130496"," 1"," 0"," 0"
185971," 1032192"," 1"," 0"," 0"
186221," 1605632"," 1"," 0"," 0"
186470," 1266634"," 1"," 0"," 0"
186720," 933888"," 1"," 0"," 0"
186971," 1753088"," 1"," 0"," 0"
187220," 970538"," 1"," 0"," 0"
187470," 1949696"," 1"," 0"," 0"
187720," 868352"," 1"," 0"," 0"
187970," 753664"," 1"," 0"," 0"
188220," 1359872"," 1"," 0"," 0"
188471," 1032192"," 1"," 0"," 0"
188720," 1052787"," 1"," 0"," 0"
188970," 835584"," 1"," 0"," 0"
189221," 425984"," 1"," 0"," 0"
189470," 477044"," 1"," 0"," 0"
189720," 933888"," 1"," 0"," 0"
189970," 851968"," 1"," 0"," 0"
190220," 1638400"," 1"," 0"," 0"
190471," 1343488"," 1"," 0"," 0"
190720," 2089124"," 1"," 0"," 0"
190970," 2228224"," 1"," 0"," 0"
191220," 2293760"," 1"," 0"," 0"
191470," 1327104"," 1"," 0"," 0"
191721," 1818624"," 1"," 0"," 0"
191970," 2006875"," 1"," 0"," 0"
192220," 1490944"," 1"," 0"," 0"
192470," 1884160"," 1"," 0"," 0"
192720," 2965504"," 1"," 0"," 0"
192971," 2785280"," 1"," 0"," 0"
193220," 1924626"," 1"," 0"," 0"
193470," 1589248"," 1"," 0"," 0"
193720," 1736704"," 1"," 0"," 0"
193971," 983040"," 1"," 0"," 0"
194220," 1135036"," 1"," 0"," 0"
194470," 1359872"," 1"," 0"," 0"
194720," 1359872"," 1"," 0"," 0"
194970," 2228224"," 1"," 0"," 0"
195221," 2916352"," 1"," 0"," 0"
195470," 1529831"," 1"," 0"," 0"
195720," 1671168"," 1"," 0"," 0"
195970," 1474560"," 1"," 0"," 0"
196221," 2310144"," 1"," 0"," 0"
196470," 1102136"," 1"," 0"," 0"
196720," 311296"," 1"," 0"," 0"
196970," 229376"," 1"," 0"," 0"
197221," 0"," 1"," 0"," 0"
197470," 0"," 1"," 0"," 0"
197720," 0"," 1"," 0"," 0"
197970," 1523712"," 1"," 0"," 0"
198220," 1622016"," 1"," 0"," 0"
198470," 1589248"," 1"," 0"," 0"
198721," 1507328"," 1"," 0"," 0"
198970," 1743678"," 1"," 0"," 0"
199220," 1769472"," 1"," 0"," 0"
199470," 999424"," 1"," 0"," 0"
199720," 770048"," 1"," 0"," 0"
199971," 1032192"," 1"," 0"," 0"
200220," 1266634"," 1"," 0"," 0"
200470," 1998848"," 1"," 0"," 0"
200720," 884736"," 1"," 0"," 0"
200970," 589824"," 1"," 0"," 0"
201220," 1710779"," 1"," 0"," 0"
201470," 573440"," 1"," 0"," 0"
201720," 1900544"," 1"," 0"," 0"
201970," 966656"," 1"," 0"," 0"
202221," 1228800"," 1"," 0"," 0"
202470," 1710779"," 1"," 0"," 0"
202720," 1146880"," 1"," 0"," 0"
202970," 1523712"," 1"," 0"," 0"
203221," 917504"," 1"," 0"," 0"
203470," 2089124"," 1"," 0"," 0"
203720," 1572864"," 1"," 0"," 0"
203970," 1622016"," 1"," 0"," 0"
204221," 2015232"," 1"," 0"," 0"
204471," 671744"," 1"," 0"," 0"
204720," 1151485"," 1"," 0"," 0"
204970," 1507328"," 1"," 0"," 0"
205221," 442368"," 1"," 0"," 0"
205470," 740240"," 1"," 0"," 0"
205720," 2310144"," 1"," 0"," 0"
205970," 1130496"," 1"," 0"," 0"
206220," 1425408"," 1"," 0"," 0"
206471," 884736"," 1"," 0"," 0"
206720," 1809477"," 1"," 0"," 0"
206970," 1654784"," 1"," 0"," 0"
207220," 1425408"," 1"," 0"," 0"
207471," 1720320"," 1"," 0"," 0"
207720," 1513381"," 1"," 0"," 0"
207970," 655360"," 1"," 0"," 0"
208220," 1654784"," 1"," 0"," 0"
208470," 851968"," 1"," 0"," 0"
208720," 720896"," 1"," 0"," 0"
208971," 2048000"," 1"," 0"," 0"
209220," 2599068"," 1"," 0"," 0"
209470," 1753088"," 1"," 0"," 0"
209720," 1703936"," 1"," 0"," 0"
209971," 2064384"," 1"," 0"," 0"
210220," 1085686"," 1"," 0"," 0"
210470," 1982464"," 1"," 0"," 0"
210720," 2211840"," 1"," 0"," 0"
210970," 2752512"," 1"," 0"," 0"
211221," 1916928"," 1"," 0"," 0"
211470," 2747116"," 1"," 0"," 0"
211720," 2326528"," 1"," 0"," 0"
211970," 491520"," 1"," 0"," 0"
212221," 1720320"," 1"," 0"," 0"
212470," 904738"," 1"," 0"," 0"
212720," 1622016"," 1"," 0"," 0"
212970," 573440"," 1"," 0"," 0"
213220," 835584"," 1"," 0"," 0"
213471," 2080768"," 1"," 0"," 0"
213720," 2220722"," 1"," 0"," 0"
213970," 1146880"," 1"," 0"," 0"
214220," 1638400"," 1"," 0"," 0"
214471," 1982464"," 1"," 0"," 0"
214720," 2270072"," 1"," 0"," 0"
214970," 2211840"," 1"," 0"," 0"
215220," 1146880"," 1"," 0"," 0"
215470," 638976"," 1"," 0"," 0"
215720," 540672"," 1"," 0"," 0"
215970," 2154923"," 1"," 0"," 0"
216220," 1622016"," 1"," 0"," 0"
216470," 1638400"," 1"," 0"," 0"
216720," 1458176"," 1"," 0"," 0"
216970," 2818048"," 1"," 0"," 0"
217220," 1513381"," 1"," 0"," 0"
217470," 1835008"," 1"," 0"," 0"
217720," 1228800"," 1"," 0"," 0"
217970," 1966080"," 1"," 0"," 0"
218220," 1523712"," 1"," 0"," 0"
218470," 2023325"," 1"," 0"," 0"
218720," 1703936"," 1"," 0"," 0"
218970," 2195456"," 1"," 0"," 0"
219220," 1507328"," 1"," 0"," 0"
219470," 1720320"," 1"," 0"," 0"
219720," 1217285"," 1"," 0"," 0"
219970," 1507328"," 1"," 0"," 0"
220220," 1425408"," 1"," 0"," 0"
220470," 1474560"," 1"," 0"," 0"
220721," 1490944"," 1"," 0"," 0"
220970," 1513381"," 1"," 0"," 0"
221220," 1884160"," 1"," 0"," 0"
221470," 2621440"," 1"," 0"," 0"
221721," 1277952"," 1"," 0"," 0"
221970," 1776578"," 1"," 0"," 0"
222220," 2441216"," 1"," 0"," 0"
222470," 1916928"," 1"," 0"," 0"
222720," 917504"," 1"," 0"," 0"
222971," 1654784"," 1"," 0"," 0"
223220," 3141911"," 1"," 0"," 0"
223470," 2932736"," 1"," 0"," 0"
223720," 2981888"," 1"," 0"," 0"
223970," 3293184"," 1"," 0"," 0"
224221," 3162112"," 1"," 0"," 0"
224470," 3240610"," 1"," 0"," 0"
224720," 3375104"," 1"," 0"," 0"
224970," 3637248"," 1"," 0"," 0"
225221," 3112960"," 1"," 0"," 0"
225470," 3520257"," 1"," 0"," 0"
225720," 3325952"," 1"," 0"," 0"
225970," 2916352"," 1"," 0"," 0"
226220," 3424256"," 1"," 0"," 0"
226471," 3424256"," 1"," 0"," 0"
226720," 3207710"," 1"," 0"," 0"
226970," 3358720"," 1"," 0"," 0"
227220," 3342336"," 1"," 0"," 0"
227470," 3833856"," 1"," 0"," 0"
227721," 3440640"," 1"," 0"," 0"
227970," 3355759"," 1"," 0"," 0"
228220," 3555328"," 1"," 0"," 0"
228470," 3768320"," 1"," 0"," 0"
228720," 3457024"," 1"," 0"," 0"
228971," 3211264"," 1"," 0"," 0"
229220," 3306409"," 1"," 0"," 0"
229470," 3080192"," 1"," 0"," 0"
229720," 3096576"," 1"," 0"," 0"
229970," 3293184"," 1"," 0"," 0"
230220," 3388658"," 1"," 0"," 0"
230470," 3407872"," 1"," 0"," 0"
230720," 2015232"," 1"," 0"," 0"
230970," 2916352"," 1"," 0"," 0"
231221," 2998272"," 1"," 0"," 0"
231470," 2533269"," 1"," 0"," 0"
231720," 1769472"," 1"," 0"," 0"
231970," 1245184"," 1"," 0"," 0"
232221," 950272"," 1"," 0"," 0"
232470," 2434570"," 1"," 0"," 0"
232720," 1425408"," 1"," 0"," 0"
232970," 2031616"," 1"," 0"," 0"
233221," 2129920"," 1"," 0"," 0"
233471," 1900544"," 1"," 0"," 0"
233720," 2516819"," 1"," 0"," 0"
233970," 1015808"," 1"," 0"," 0"
234221," 1081344"," 1"," 0"," 0"
234470," 1924626"," 1"," 0"," 0"
234720," 2113536"," 1"," 0"," 0"
234970," 1032192"," 1"," 0"," 0"
235220," 1556480"," 1"," 0"," 0"
235471," 2359296"," 1"," 0"," 0"
235720," 1546281"," 1"," 0"," 0"
235970," 1867776"," 1"," 0"," 0"
236220," 2932736"," 1"," 0"," 0"
236471," 2818048"," 1"," 0"," 0"
236720," 1579180"," 1"," 0"," 0"
236970," 1032192"," 1"," 0"," 0"
237220," 753664"," 1"," 0"," 0"
237470," 393216"," 1"," 0"," 0"
237720," 0"," 1"," 0"," 0"
237970," 1414682"," 1"," 0"," 0"
238220," 2342912"," 1"," 0"," 0"
238470," 2736128"," 1"," 0"," 0"
238720," 3309568"," 1"," 0"," 0"
238971," 2015232"," 1"," 0"," 0"
239220," 1957526"," 1"," 0"," 0"
239470," 1261568"," 1"," 0"," 0"
239720," 2899968"," 1"," 0"," 0"
239970," 2162688"," 1"," 0"," 0"
240221," 2195456"," 1"," 0"," 0"
240470," 2089124"," 1"," 0"," 0"
240720," 1048576"," 1"," 0"," 0"
240970," 1966080"," 1"," 0"," 0"
241221," 1359872"," 1"," 0"," 0"
241470," 2730666"," 1"," 0"," 0"
241720," 1835008"," 1"," 0"," 0"
241970," 2097152"," 1"," 0"," 0"
242221," 2064384"," 1"," 0"," 0"
242470," 1760128"," 1"," 0"," 0"
242720," 3031040"," 1"," 0"," 0"
242970," 2981888"," 1"," 0"," 0"
243220," 3194880"," 1"," 0"," 0"
243471," 3342336"," 1"," 0"," 0"
243720," 3520257"," 1"," 0"," 0"
243970," 3424256"," 1"," 0"," 0"
244220," 3047424"," 1"," 0"," 0"
244470," 3620864"," 1"," 0"," 0"
244720," 3536706"," 1"," 0"," 0"
244970," 3506176"," 1"," 0"," 0"
245220," 3096576"," 1"," 0"," 0"
245470," 3325952"," 1"," 0"," 0"
245721," 3112960"," 1"," 0"," 0"
245970," 3010313"," 1"," 0"," 0"
246220," 2785280"," 1"," 0"," 0"
246471," 3162112"," 1"," 0"," 0"
246720," 3092562"," 1"," 0"," 0"
246970," 3162112"," 1"," 0"," 0"
247220," 2686976"," 1"," 0"," 0"
247470," 3538944"," 1"," 0"," 0"
247721," 1196032"," 1"," 0"," 0"
247970," 1250184"," 1"," 0"," 0"
248220," 983040"," 1"," 0"," 0"
248471," 2572288"," 1"," 0"," 0"
248720," 2253622"," 1"," 0"," 0"
248970," 2981888"," 1"," 0"," 0"
249220," 2621440"," 1"," 0"," 0"
249471," 2719744"," 1"," 0"," 0"
249720," 2993863"," 1"," 0"," 0"
249970," 2605056"," 1"," 0"," 0"
250220," 2637824"," 1"," 0"," 0"
250470," 3145728"," 1"," 0"," 0"
250720," 3109012"," 1"," 0"," 0"
250970," 3375104"," 1"," 0"," 0"
251220," 3031040"," 1"," 0"," 0"
251470," 3604480"," 1"," 0"," 0"
251721," 2244608"," 1"," 0"," 0"
251970," 954088"," 1"," 0"," 0"
252220," 2048000"," 1"," 0"," 0"
252470," 1703936"," 1"," 0"," 0"
252720," 573440"," 1"," 0"," 0"
252970," 1513381"," 1"," 0"," 0"
253220," 2392064"," 1"," 0"," 0"
253470," 2998272"," 1"," 0"," 0"
253720," 3309568"," 1"," 0"," 0"
253971," 1589248"," 1"," 0"," 0"
254220," 2023325"," 1"," 0"," 0"
254470," 2080768"," 1"," 0"," 0"
254720," 2162688"," 1"," 0"," 0"
254971," 3407872"," 1"," 0"," 0"
255220," 2023325"," 1"," 0"," 0"
255470," 3014656"," 1"," 0"," 0"
255721," 2867200"," 1"," 0"," 0"
255970," 2467469"," 1"," 0"," 0"
256220," 2670592"," 1"," 0"," 0"
256471," 2228224"," 1"," 0"," 0"
256720," 1184385"," 1"," 0"," 0"
256970," 2293760"," 1"," 0"," 0"
257220," 2310144"," 1"," 0"," 0"
257470," 2686976"," 1"," 0"," 0"
257721," 2260992"," 1"," 0"," 0"
257970," 493493"," 1"," 0"," 0"
258220," 311296"," 1"," 0"," 0"
258470," 262144"," 1"," 0"," 0"
258720," 229376"," 1"," 0"," 0"
258970," 409600"," 1"," 0"," 0"
259221," 2998272"," 1"," 0"," 0"
259470," 1760128"," 1"," 0"," 0"
259720," 917504"," 1"," 0"," 0"
259970," 2392064"," 1"," 0"," 0"
260221," 2801664"," 1"," 0"," 0"
260470," 1776578"," 1"," 0"," 0"
260720," 1736704"," 1"," 0"," 0"
260970," 1409024"," 1"," 0"," 0"
261221," 1703936"," 1"," 0"," 0"
261470," 1941076"," 1"," 0"," 0"
261720," 1409024"," 1"," 0"," 0"
261970," 2228224"," 1"," 0"," 0"
262220," 3112960"," 1"," 0"," 0"
262471," 1949696"," 1"," 0"," 0"
262720," 3520257"," 1"," 0"," 0"
262970," 3653632"," 1"," 0"," 0"
263221," 3129344"," 1"," 0"," 0"
263470," 2993863"," 1"," 0"," 0"
263720," 2342912"," 1"," 0"," 0"
263970," 3162112"," 1"," 0"," 0"
264221," 1720320"," 1"," 0"," 0"
264470," 2023325"," 1"," 0"," 0"
264720," 1589248"," 1"," 0"," 0"
264970," 1622016"," 1"," 0"," 0"
265221," 1540096"," 1"," 0"," 0"
265470," 1776578"," 1"," 0"," 0"
265720," 1507328"," 1"," 0"," 0"
265970," 2457600"," 1"," 0"," 0"
266220," 983040"," 1"," 0"," 0"
266470," 2089124"," 1"," 0"," 0"
266720," 1294336"," 1"," 0"," 0"
266970," 1998848"," 1"," 0"," 0"
267220," 1441792"," 1"," 0"," 0"
267471," 3244032"," 1"," 0"," 0"
267720," 1727228"," 1"," 0"," 0"
267970," 2211840"," 1"," 0"," 0"
268220," 2113536"," 1"," 0"," 0"
268470," 2080768"," 1"," 0"," 0"
268721," 1572864"," 1"," 0"," 0"
268970," 1612080"," 1"," 0"," 0"
269220," 1441792"," 1"," 0"," 0"
269471," 2129920"," 1"," 0"," 0"
269721," 2686976"," 1"," 0"," 0"
269970," 3043212"," 1"," 0"," 0"
270220," 2932736"," 1"," 0"," 0"
270471," 2572288"," 1"," 0"," 0"
270721," 1277952"," 1"," 0"," 0"
270970," 2993863"," 1"," 0"," 0"
271220," 2932736"," 1"," 0"," 0"
271471," 3637248"," 1"," 0"," 0"
271720," 3026763"," 1"," 0"," 0"
271970," 2179072"," 1"," 0"," 0"
272221," 2736128"," 1"," 0"," 0"
272471," 2359296"," 1"," 0"," 0"
272720," 2335871"," 1"," 0"," 0"
272970," 2129920"," 1"," 0"," 0"
273221," 1703936"," 1"," 0"," 0"
273471," 1310720"," 1"," 0"," 0"
273720," 838939"," 1"," 0"," 0"
273970," 1703936"," 1"," 0"," 0"
274220," 1490944"," 1"," 0"," 0"
274471," 1064960"," 1"," 0"," 0"
274720," 1217285"," 1"," 0"," 0"
274970," 1605632"," 1"," 0"," 0"
275220," 2277376"," 1"," 0"," 0"
275471," 1982464"," 1"," 0"," 0"
275720," 1562730"," 1"," 0"," 0"
275970," 1916928"," 1"," 0"," 0"
276220," 2031616"," 1"," 0"," 0"
276471," 1998848"," 1"," 0"," 0"
276721," 1802240"," 1"," 0"," 0"
276970," 937638"," 1"," 0"," 0"
277220," 1523712"," 1"," 0"," 0"
277471," 1261568"," 1"," 0"," 0"
277720," 2006875"," 1"," 0"," 0"
277970," 720896"," 1"," 0"," 0"
278220," 950272"," 1"," 0"," 0"
278471," 2179072"," 1"," 0"," 0"
278720," 1776578"," 1"," 0"," 0"
278970," 1638400"," 1"," 0"," 0"
279220," 1081344"," 1"," 0"," 0"
279471," 2408448"," 1"," 0"," 0"
279720," 1891726"," 1"," 0"," 0"
279970," 966656"," 1"," 0"," 0"
280221," 1671168"," 1"," 0"," 0"
280471," 540672"," 1"," 0"," 0"
280720," 822489"," 1"," 0"," 0"
280970," 2310144"," 1"," 0"," 0"
281220," 2228224"," 1"," 0"," 0"
281470," 1802240"," 1"," 0"," 0"
281721," 1703936"," 1"," 0"," 0"
281970," 1809477"," 1"," 0"," 0"
282220," 720896"," 1"," 0"," 0"
282470," 917504"," 1"," 0"," 0"
282721," 1196032"," 1"," 0"," 0"
282970," 641542"," 1"," 0"," 0"
283220," 606208"," 1"," 0"," 0"
283470," 901120"," 1"," 0"," 0"
283720," 1802240"," 1"," 0"," 0"
283971," 1310720"," 1"," 0"," 0"
284220," 1052787"," 1"," 0"," 0"
284470," 1982464"," 1"," 0"," 0"
284720," 2654208"," 1"," 0"," 0"
284970," 2392064"," 1"," 0"," 0"
285221," 1212416"," 1"," 0"," 0"
285470," 1579180"," 1"," 0"," 0"
285720," 2457600"," 1"," 0"," 0"
285970," 2572288"," 1"," 0"," 0"
286221," 2850816"," 1"," 0"," 0"
286471," 2457600"," 1"," 0"," 0"
286720," 2615518"," 1"," 0"," 0"
286970," 2850816"," 1"," 0"," 0"
287220," 2457600"," 1"," 0"," 0"
287471," 2572288"," 1"," 0"," 0"
287720," 2566168"," 1"," 0"," 0"
287970," 1425408"," 1"," 0"," 0"
288220," 1212416"," 1"," 0"," 0"
288470," 606208"," 1"," 0"," 0"
288721," 376832"," 1"," 0"," 0"
288970," 115148"," 1"," 0"," 0"
289220," 638976"," 1"," 0"," 0"
289470," 1851392"," 1"," 0"," 0"
289721," 1196032"," 1"," 0"," 0"
289970," 2796465"," 1"," 0"," 0"
290220," 2736128"," 1"," 0"," 0"
290470," 2621440"," 1"," 0"," 0"
290720," 819200"," 1"," 0"," 0"
290971," 2129920"," 1"," 0"," 0"
291220," 2335871"," 1"," 0"," 0"
291470," 2310144"," 1"," 0"," 0"
291721," 2768896"," 1"," 0"," 0"
291971," 2523136"," 1"," 0"," 0"
292220," 2237172"," 1"," 0"," 0"
292470," 2293760"," 1"," 0"," 0"
292720," 1097728"," 1"," 0"," 0"
292971," 720896"," 1"," 0"," 0"
293220," 690891"," 1"," 0"," 0"
293470," 2359296"," 1"," 0"," 0"
293720," 2392064"," 1"," 0"," 0"
293971," 1359872"," 1"," 0"," 0"
294220," 1760128"," 1"," 0"," 0"
294470," 1949696"," 1"," 0"," 0"
294720," 2228224"," 1"," 0"," 0"
294971," 1245184"," 1"," 0"," 0"
295220," 1464032"," 1"," 0"," 0"
295470," 2441216"," 1"," 0"," 0"
295720," 2506752"," 1"," 0"," 0"
295971," 2555904"," 1"," 0"," 0"
296220," 2812915"," 1"," 0"," 0"
296470," 2506752"," 1"," 0"," 0"
296720," 2293760"," 1"," 0"," 0"
296970," 1327104"," 1"," 0"," 0"
297221," 2523136"," 1"," 0"," 0"
297470," 2533269"," 1"," 0"," 0"
297720," 1310720"," 1"," 0"," 0"
297970," 1212416"," 1"," 0"," 0"
298220," 1572864"," 1"," 0"," 0"
298471," 1835008"," 1"," 0"," 0"
298720," 986987"," 1"," 0"," 0"
298970," 2392064"," 1"," 0"," 0"
299220," 1884160"," 1"," 0"," 0"
299470," 1785856"," 1"," 0"," 0"
299721," 1376256"," 1"," 0"," 0"
299970," 921188"," 1"," 0"," 0"
300220," 2441216"," 1"," 0"," 0"
300470," 1490944"," 1"," 0"," 0"
300721," 2408448"," 1"," 0"," 0"
300970," 2681317"," 1"," 0"," 0"
301220," 2359296"," 1"," 0"," 0"
301470," 2785280"," 1"," 0"," 0"
301721," 1916928"," 1"," 0"," 0"
301970," 2681317"," 1"," 0"," 0"
302220," 2883584"," 1"," 0"," 0"
302470," 933888"," 1"," 0"," 0"
302720," 1032192"," 1"," 0"," 0"
302971," 2506752"," 1"," 0"," 0"
303220," 2599068"," 1"," 0"," 0"
303470," 1900544"," 1"," 0"," 0"
303720," 2326528"," 1"," 0"," 0"
303970," 1595630"," 1"," 0"," 0"
304220," 1376256"," 1"," 0"," 0"
304470," 851968"," 1"," 0"," 0"
304720," 933888"," 1"," 0"," 0"
304970," 884736"," 1"," 0"," 0"
305220," 2335871"," 1"," 0"," 0"
305470," 2359296"," 1"," 0"," 0"
305720," 2490368"," 1"," 0"," 0"
305971," 2949120"," 1"," 0"," 0"
306220," 2533269"," 1"," 0"," 0"
306470," 2473984"," 1"," 0"," 0"
306720," 2588672"," 1"," 0"," 0"
306970," 2359296"," 1"," 0"," 0"
307221," 2785280"," 1"," 0"," 0"
307470," 2714216"," 1"," 0"," 0"
307720," 2572288"," 1"," 0"," 0"
307970," 2752512"," 1"," 0"," 0"
308221," 2064384"," 1"," 0"," 0"
308470," 2845815"," 1"," 0"," 0"
308720," 2473984"," 1"," 0"," 0"
308970," 2162688"," 1"," 0"," 0"
309220," 2408448"," 1"," 0"," 0"
309471," 2670592"," 1"," 0"," 0"
309720," 2780016"," 1"," 0"," 0"
309970," 2686976"," 1"," 0"," 0"
310221," 2981888"," 1"," 0"," 0"
310471," 2719744"," 1"," 0"," 0"
310720," 2714216"," 1"," 0"," 0"
310970," 1982464"," 1"," 0"," 0"
311221," 2965504"," 1"," 0"," 0"
311470," 2500369"," 1"," 0"," 0"
311720," 2015232"," 1"," 0"," 0"
311970," 2375680"," 1"," 0"," 0"
312220," 2293760"," 1"," 0"," 0"
312471," 2506752"," 1"," 0"," 0"
312720," 2533269"," 1"," 0"," 0"
312970," 2555904"," 1"," 0"," 0"
313220," 2473984"," 1"," 0"," 0"
313470," 2621440"," 1"," 0"," 0"
313720," 1990425"," 1"," 0"," 0"
313970," 1867776"," 1"," 0"," 0"
314220," 2523136"," 1"," 0"," 0"
314470," 3014656"," 1"," 0"," 0"
314721," 3096576"," 1"," 0"," 0"
314970," 2928064"," 1"," 0"," 0"
315220," 2588672"," 1"," 0"," 0"
315470," 2539520"," 1"," 0"," 0"
315720," 2293760"," 1"," 0"," 0"
315970," 2549718"," 1"," 0"," 0"
316220," 2293760"," 1"," 0"," 0"
316470," 2588672"," 1"," 0"," 0"
316720," 2473984"," 1"," 0"," 0"
316970," 2670592"," 1"," 0"," 0"
317221," 2588672"," 1"," 0"," 0"
317470," 2681317"," 1"," 0"," 0"
317720," 2621440"," 1"," 0"," 0"
317970," 2490368"," 1"," 0"," 0"
318220," 2244608"," 1"," 0"," 0"
318470," 2599068"," 1"," 0"," 0"
318720," 2686976"," 1"," 0"," 0"
318970," 1687552"," 1"," 0"," 0"
319220," 2785280"," 1"," 0"," 0"
319470," 2457600"," 1"," 0"," 0"
319721," 2981888"," 1"," 0"," 0"
319970," 2599068"," 1"," 0"," 0"
320220," 2768896"," 1"," 0"," 0"
320470," 2392064"," 1"," 0"," 0"
320720," 2555904"," 1"," 0"," 0"
320970," 2719744"," 1"," 0"," 0"
321220," 2286522"," 1"," 0"," 0"
321470," 1769472"," 1"," 0"," 0"
321720," 2097152"," 1"," 0"," 0"
321970," 2670592"," 1"," 0"," 0"
322221," 1687552"," 1"," 0"," 0"
322470," 625092"," 1"," 0"," 0"
322720," 851968"," 1"," 0"," 0"
322970," 1032192"," 1"," 0"," 0"
323220," 1015808"," 1"," 0"," 0"
323471," 950272"," 1"," 0"," 0"
323720," 904738"," 1"," 0"," 0"
323970," 507904"," 1"," 0"," 0"
324220," 1212416"," 1"," 0"," 0"
324471," 1835008"," 1"," 0"," 0"
324721," 1687552"," 1"," 0"," 0"
324970," 1431132"," 1"," 0"," 0"
325220," 1097728"," 1"," 0"," 0"
325470," 1146880"," 1"," 0"," 0"
325721," 1998848"," 1"," 0"," 0"
325970," 2368771"," 1"," 0"," 0"
326220," 2310144"," 1"," 0"," 0"
326470," 1818624"," 1"," 0"," 0"
326720," 1802240"," 1"," 0"," 0"
326970," 2220722"," 1"," 0"," 0"
327220," 1884160"," 1"," 0"," 0"
327470," 1835008"," 1"," 0"," 0"
327720," 1228800"," 1"," 0"," 0"
327971," 2113536"," 1"," 0"," 0"
328220," 2516819"," 1"," 0"," 0"
328470," 2523136"," 1"," 0"," 0"
328720," 2654208"," 1"," 0"," 0"
328971," 1703936"," 1"," 0"," 0"
329220," 838939"," 1"," 0"," 0"
329470," 1851392"," 1"," 0"," 0"
329720," 2768896"," 1"," 0"," 0"
329970," 1851392"," 1"," 0"," 0"
330220," 2286522"," 1"," 0"," 0"
330470," 1703936"," 1"," 0"," 0"
330720," 1851392"," 1"," 0"," 0"
330971," 2031616"," 1"," 0"," 0"
331221," 2146304"," 1"," 0"," 0"
331470," 2138473"," 1"," 0"," 0"
331720," 2588672"," 1"," 0"," 0"
331970," 2539520"," 1"," 0"," 0"
332221," 2260992"," 1"," 0"," 0"
332470," 2401670"," 1"," 0"," 0"
332720," 2228224"," 1"," 0"," 0"
332970," 507904"," 1"," 0"," 0"
333221," 704512"," 1"," 0"," 0"
333470," 608642"," 1"," 0"," 0"
333720," 1835008"," 1"," 0"," 0"
333970," 2424832"," 1"," 0"," 0"
334220," 1769472"," 1"," 0"," 0"
334470," 2260992"," 1"," 0"," 0"
334720," 2648417"," 1"," 0"," 0"
334970," 2539520"," 1"," 0"," 0"
335220," 2375680"," 1"," 0"," 0"
335470," 2605056"," 1"," 0"," 0"
335720," 2293760"," 1"," 0"," 0"
335970," 2277376"," 1"," 0"," 0"
336220," 2681317"," 1"," 0"," 0"
336470," 2179072"," 1"," 0"," 0"
336720," 1654784"," 1"," 0"," 0"
336970," 802816"," 1"," 0"," 0"
337221," 999424"," 1"," 0"," 0"
337470," 1019887"," 1"," 0"," 0"
337720," 802816"," 1"," 0"," 0"
337970," 933888"," 1"," 0"," 0"
338221," 2097152"," 1"," 0"," 0"
338470," 855389"," 1"," 0"," 0"
338720," 1097728"," 1"," 0"," 0"
338970," 524288"," 1"," 0"," 0"
339220," 901120"," 1"," 0"," 0"
339471," 1720320"," 1"," 0"," 0"
339720," 2566168"," 1"," 0"," 0"
339970," 2293760"," 1"," 0"," 0"
340220," 1851392"," 1"," 0"," 0"
340471," 2605056"," 1"," 0"," 0"
340720," 2451020"," 1"," 0"," 0"
340970," 1589248"," 1"," 0"," 0"
341220," 2506752"," 1"," 0"," 0"
341470," 1687552"," 1"," 0"," 0"
341720," 904738"," 1"," 0"," 0"
341970," 2179072"," 1"," 0"," 0"
342220," 1294336"," 1"," 0"," 0"
342470," 1114112"," 1"," 0"," 0"
342721," 1064960"," 1"," 0"," 0"
342970," 838939"," 1"," 0"," 0"
343220," 1359872"," 1"," 0"," 0"
343470," 1753088"," 1"," 0"," 0"
343720," 1523712"," 1"," 0"," 0"
343971," 1179648"," 1"," 0"," 0"
344220," 2006875"," 1"," 0"," 0"
344470," 2228224"," 1"," 0"," 0"
344720," 1015808"," 1"," 0"," 0"
344970," 409600"," 1"," 0"," 0"
345221," 1900544"," 1"," 0"," 0"
345470," 1250184"," 1"," 0"," 0"
345720," 2179072"," 1"," 0"," 0"
345970," 737280"," 1"," 0"," 0"
346220," 1200835"," 1"," 0"," 0"
346470," 1507328"," 1"," 0"," 0"
346720," 1638400"," 1"," 0"," 0"
346971," 802816"," 1"," 0"," 0"
347220," 1414682"," 1"," 0"," 0"
347470," 2539520"," 1"," 0"," 0"
347720," 2277376"," 1"," 0"," 0"
347971," 1982464"," 1"," 0"," 0"
348220," 2253622"," 1"," 0"," 0"
348470," 2375680"," 1"," 0"," 0"
348720," 2277376"," 1"," 0"," 0"
348971," 2310144"," 1"," 0"," 0"
349220," 2352321"," 1"," 0"," 0"
349470," 2293760"," 1"," 0"," 0"
349720," 1671168"," 1"," 0"," 0"
349970," 2015232"," 1"," 0"," 0"
350221," 2211840"," 1"," 0"," 0"
350470," 1332433"," 1"," 0"," 0"
350720," 950272"," 1"," 0"," 0"
350970," 884736"," 1"," 0"," 0"
351221," 1294336"," 1"," 0"," 0"
351470," 1315983"," 1"," 0"," 0"
351720," 1572864"," 1"," 0"," 0"
351970," 1851392"," 1"," 0"," 0"
352220," 1736704"," 1"," 0"," 0"
352471," 1802240"," 1"," 0"," 0"
352720," 1579180"," 1"," 0"," 0"
352970," 1507328"," 1"," 0"," 0"
353220," 1884160"," 1"," 0"," 0"
353471," 2179072"," 1"," 0"," 0"
353720," 2220722"," 1"," 0"," 0"
353970," 966656"," 1"," 0"," 0"
354220," 1277952"," 1"," 0"," 0"
354471," 1048576"," 1"," 0"," 0"
354720," 1825927"," 1"," 0"," 0"
354970," 2539520"," 1"," 0"," 0"
355220," 2260992"," 1"," 0"," 0"
355471," 1736704"," 1"," 0"," 0"
355721," 1769472"," 1"," 0"," 0"
355970," 608642"," 1"," 0"," 0"
356220," 2211840"," 1"," 0"," 0"
356470," 1802240"," 1"," 0"," 0"
356721," 1196032"," 1"," 0"," 0"
356970," 1595630"," 1"," 0"," 0"
357220," 2162688"," 1"," 0"," 0"
357470," 2211840"," 1"," 0"," 0"
357720," 2670592"," 1"," 0"," 0"
357970," 2533269"," 1"," 0"," 0"
358220," 2359296"," 1"," 0"," 0"
358470," 2572288"," 1"," 0"," 0"
358720," 2146304"," 1"," 0"," 0"
358971," 1245184"," 1"," 0"," 0"
359220," 1694329"," 1"," 0"," 0"
359470," 2342912"," 1"," 0"," 0"
359720," 2457600"," 1"," 0"," 0"
359970," 1900544"," 1"," 0"," 0"
360221," 1703936"," 1"," 0"," 0"
360470," 888289"," 1"," 0"," 0"
360720," 835584"," 1"," 0"," 0"
360970," 737280"," 1"," 0"," 0"
361221," 1720320"," 1"," 0"," 0"
361470," 559293"," 1"," 0"," 0"
361720," 1343488"," 1"," 0"," 0"
361970," 983040"," 1"," 0"," 0"
362220," 1081344"," 1"," 0"," 0"
362471," 1458176"," 1"," 0"," 0"
362720," 855389"," 1"," 0"," 0"
362970," 1490944"," 1"," 0"," 0"
363220," 835584"," 1"," 0"," 0"
363471," 2080768"," 1"," 0"," 0"
363720," 2237172"," 1"," 0"," 0"
363970," 2260992"," 1"," 0"," 0"
364220," 1998848"," 1"," 0"," 0"
364470," 2146304"," 1"," 0"," 0"
364721," 1867776"," 1"," 0"," 0"
364970," 559293"," 1"," 0"," 0"
365220," 1343488"," 1"," 0"," 0"
365470," 1540096"," 1"," 0"," 0"
365720," 884736"," 1"," 0"," 0"
365971," 1556480"," 1"," 0"," 0"
366220," 1200835"," 1"," 0"," 0"
366470," 1474560"," 1"," 0"," 0"
366720," 1507328"," 1"," 0"," 0"
366970," 868352"," 1"," 0"," 0"
367221," 753664"," 1"," 0"," 0"
367470," 1628530"," 1"," 0"," 0"
367720," 1933312"," 1"," 0"," 0"
367970," 1572864"," 1"," 0"," 0"
368220," 2441216"," 1"," 0"," 0"
368471," 2834432"," 1"," 0"," 0"
368720," 2368771"," 1"," 0"," 0"
368970," 1441792"," 1"," 0"," 0"
369220," 1540096"," 1"," 0"," 0"
369471," 2277376"," 1"," 0"," 0"
369720," 2451020"," 1"," 0"," 0"
369970," 2441216"," 1"," 0"," 0"
370220," 1228800"," 1"," 0"," 0"
370470," 409600"," 1"," 0"," 0"
370721," 589824"," 1"," 0"," 0"
370970," 2138473"," 1"," 0"," 0"
371220," 2457600"," 1"," 0"," 0"
371470," 2441216"," 1"," 0"," 0"
371720," 2473984"," 1"," 0"," 0"
371970," 1867776"," 1"," 0"," 0"
372221," 2031616"," 1"," 0"," 0"
372470," 2451020"," 1"," 0"," 0"
372720," 2211840"," 1"," 0"," 0"
372970," 2457600"," 1"," 0"," 0"
373220," 2555904"," 1"," 0"," 0"
373470," 2566168"," 1"," 0"," 0"
373720," 2621440"," 1"," 0"," 0"
373970," 2424832"," 1"," 0"," 0"
374220," 2768896"," 1"," 0"," 0"
374471," 2424832"," 1"," 0"," 0"
374720," 2549718"," 1"," 0"," 0"
374970," 2506752"," 1"," 0"," 0"
375220," 2195456"," 1"," 0"," 0"
375470," 2342912"," 1"," 0"," 0"
375721," 2572288"," 1"," 0"," 0"
375970," 2812915"," 1"," 0"," 0"
376220," 2146304"," 1"," 0"," 0"
376470," 2359296"," 1"," 0"," 0"
376720," 2588672"," 1"," 0"," 0"
376971," 2424832"," 1"," 0"," 0"
377220," 1167935"," 1"," 0"," 0"
377470," 2097152"," 1"," 0"," 0"
377720," 1245184"," 1"," 0"," 0"
377971," 819200"," 1"," 0"," 0"
378220," 2237172"," 1"," 0"," 0"
378470," 2932736"," 1"," 0"," 0"
378720," 2293760"," 1"," 0"," 0"
378971," 1097728"," 1"," 0"," 0"
379220," 855389"," 1"," 0"," 0"
379470," 786432"," 1"," 0"," 0"
379720," 1032192"," 1"," 0"," 0"
379971," 1998848"," 1"," 0"," 0"
380220," 1858827"," 1"," 0"," 0"
380470," 999424"," 1"," 0"," 0"
380720," 1818624"," 1"," 0"," 0"
380970," 606208"," 1"," 0"," 0"
381221," 1638400"," 1"," 0"," 0"
381470," 2368771"," 1"," 0"," 0"
381720," 1228800"," 1"," 0"," 0"
381970," 1785856"," 1"," 0"," 0"
382221," 1966080"," 1"," 0"," 0"
382471," 2146304"," 1"," 0"," 0"
382720," 2335871"," 1"," 0"," 0"
382970," 2752512"," 1"," 0"," 0"
383220," 2293760"," 1"," 0"," 0"
383471," 1540096"," 1"," 0"," 0"
383720," 707341"," 1"," 0"," 0"
383970," 1703936"," 1"," 0"," 0"
384220," 2228224"," 1"," 0"," 0"
384470," 2244608"," 1"," 0"," 0"
384721," 999424"," 1"," 0"," 0"
384970," 1250184"," 1"," 0"," 0"
385220," 1376256"," 1"," 0"," 0"
385470," 1228800"," 1"," 0"," 0"
385720," 2260992"," 1"," 0"," 0"
385970," 1441792"," 1"," 0"," 0"
386220," 822489"," 1"," 0"," 0"
386470," 770048"," 1"," 0"," 0"
386720," 49152"," 1"," 0"," 0"
386970," 458752"," 1"," 0"," 0"
387221," 786432"," 1"," 0"," 0"
387470," 509943"," 1"," 0"," 0"
387720," 573440"," 1"," 0"," 0"
387970," 1196032"," 1"," 0"," 0"
388220," 770048"," 1"," 0"," 0"
388470," 589824"," 1"," 0"," 0"
388721," 753664"," 1"," 0"," 0"
388970," 460594"," 1"," 0"," 0"
389220," 704512"," 1"," 0"," 0"
389470," 1097728"," 1"," 0"," 0"
389720," 1572864"," 1"," 0"," 0"
389970," 1151485"," 1"," 0"," 0"
390220," 1687552"," 1"," 0"," 0"
390470," 1261568"," 1"," 0"," 0"
390720," 655360"," 1"," 0"," 0"
390971," 1146880"," 1"," 0"," 0"
391220," 1431132"," 1"," 0"," 0"
391470," 557056"," 1"," 0"," 0"
391720," 753664"," 1"," 0"," 0"
391971," 573440"," 1"," 0"," 0"
392220," 608642"," 1"," 0"," 0"
392470," 606208"," 1"," 0"," 0"
392720," 655360"," 1"," 0"," 0"
392970," 589824"," 1"," 0"," 0"
393221," 606208"," 1"," 0"," 0"
393470," 888289"," 1"," 0"," 0"
393720," 638976"," 1"," 0"," 0"
393970," 1114112"," 1"," 0"," 0"
394220," 2326528"," 1"," 0"," 0"
394470," 1348883"," 1"," 0"," 0"
394720," 2097152"," 1"," 0"," 0"
394970," 1867776"," 1"," 0"," 0"
395220," 671744"," 1"," 0"," 0"
395470," 1245184"," 1"," 0"," 0"
395720," 1644979"," 1"," 0"," 0"
395970," 1032192"," 1"," 0"," 0"
396220," 704512"," 1"," 0"," 0"
396470," 1343488"," 1"," 0"," 0"
396720," 2621440"," 1"," 0"," 0"
396970," 2113536"," 1"," 0"," 0"
397220," 2566168"," 1"," 0"," 0"
397470," 1687552"," 1"," 0"," 0"
397720," 2064384"," 1"," 0"," 0"
397970," 1802240"," 1"," 0"," 0"
398220," 1392640"," 1"," 0"," 0"
398471," 1114112"," 1"," 0"," 0"
398720," 1365333"," 1"," 0"," 0"
398970," 802816"," 1"," 0"," 0"
399220," 2097152"," 1"," 0"," 0"
399471," 901120"," 1"," 0"," 0"
399720," 1315983"," 1"," 0"," 0"
399970," 1310720"," 1"," 0"," 0"
400221," 1884160"," 1"," 0"," 0"
400470," 2138473"," 1"," 0"," 0"
400720," 2277376"," 1"," 0"," 0"
400970," 2146304"," 1"," 0"," 0"
401220," 2260992"," 1"," 0"," 0"
401471," 1867776"," 1"," 0"," 0"
401720," 2631967"," 1"," 0"," 0"
401970," 2195456"," 1"," 0"," 0"
402220," 2392064"," 1"," 0"," 0"
402470," 2473984"," 1"," 0"," 0"
402721," 2539520"," 1"," 0"," 0"
402970," 2237172"," 1"," 0"," 0"
403220," 2686976"," 1"," 0"," 0"
403470," 2719744"," 1"," 0"," 0"
403721," 1867776"," 1"," 0"," 0"
403970," 2845815"," 1"," 0"," 0"
404220," 3129344"," 1"," 0"," 0"
404470," 2654208"," 1"," 0"," 0"
404720," 2697767"," 1"," 0"," 0"
404970," 3162112"," 1"," 0"," 0"
405220," 2457600"," 1"," 0"," 0"
405470," 2834432"," 1"," 0"," 0"
405721," 2736128"," 1"," 0"," 0"
405970," 2714216"," 1"," 0"," 0"
406220," 2654208"," 1"," 0"," 0"
406470," 2752512"," 1"," 0"," 0"
406721," 2457600"," 1"," 0"," 0"
406970," 2845815"," 1"," 0"," 0"
407220," 2670592"," 1"," 0"," 0"
407470," 2916352"," 1"," 0"," 0"
407720," 3162112"," 1"," 0"," 0"
407971," 2490368"," 1"," 0"," 0"
408220," 2385220"," 1"," 0"," 0"
408470," 2441216"," 1"," 0"," 0"
408720," 2703360"," 1"," 0"," 0"
408970," 2637824"," 1"," 0"," 0"
409220," 2747116"," 1"," 0"," 0"
409470," 2424832"," 1"," 0"," 0"
409720," 2195456"," 1"," 0"," 0"
409970," 2457600"," 1"," 0"," 0"
410221," 2736128"," 1"," 0"," 0"
410470," 2582618"," 1"," 0"," 0"
410720," 2097152"," 1"," 0"," 0"
410970," 2310144"," 1"," 0"," 0"
411220," 2768896"," 1"," 0"," 0"
411471," 2359296"," 1"," 0"," 0"
411720," 2895164"," 1"," 0"," 0"
411970," 2899968"," 1"," 0"," 0"
412220," 2670592"," 1"," 0"," 0"
412471," 1605632"," 1"," 0"," 0"
412720," 2122024"," 1"," 0"," 0"
412970," 2506752"," 1"," 0"," 0"
413220," 2342912"," 1"," 0"," 0"
413470," 2981888"," 1"," 0"," 0"
413720," 2752512"," 1"," 0"," 0"
413970," 2615518"," 1"," 0"," 0"
414220," 1228800"," 1"," 0"," 0"
414470," 1376256"," 1"," 0"," 0"
414720," 1064960"," 1"," 0"," 0"
414971," 1474560"," 1"," 0"," 0"
415220," 1908176"," 1"," 0"," 0"
415470," 1310720"," 1"," 0"," 0"
415720," 2064384"," 1"," 0"," 0"
415970," 2588672"," 1"," 0"," 0"
416220," 2533269"," 1"," 0"," 0"
416470," 704512"," 1"," 0"," 0"
416720," 770048"," 1"," 0"," 0"
416970," 1179648"," 1"," 0"," 0"
417221," 1294336"," 1"," 0"," 0"
417470," 1398232"," 1"," 0"," 0"
417720," 1228800"," 1"," 0"," 0"
417970," 1196032"," 1"," 0"," 0"
418221," 2244608"," 1"," 0"," 0"
418470," 1677879"," 1"," 0"," 0"
418720," 1785856"," 1"," 0"," 0"
418970," 1196032"," 1"," 0"," 0"
419220," 2080768"," 1"," 0"," 0"
419470," 2326528"," 1"," 0"," 0"
419720," 1513381"," 1"," 0"," 0"
419970," 1310720"," 1"," 0"," 0"
420220," 1294336"," 1"," 0"," 0"
420470," 1998848"," 1"," 0"," 0"
420720," 2834432"," 1"," 0"," 0"
420970," 1332433"," 1"," 0"," 0"
421220," 1392640"," 1"," 0"," 0"
421470," 2129920"," 1"," 0"," 0"
421720," 2129920"," 1"," 0"," 0"
421970," 1982464"," 1"," 0"," 0"
422220," 2039775"," 1"," 0"," 0"
422470," 770048"," 1"," 0"," 0"
422720," 1687552"," 1"," 0"," 0"
422970," 458752"," 1"," 0"," 0"
423221," 1490944"," 1"," 0"," 0"
423470," 1776578"," 1"," 0"," 0"
423720," 983040"," 1"," 0"," 0"
423970," 819200"," 1"," 0"," 0"
424221," 1753088"," 1"," 0"," 0"
424470," 1546281"," 1"," 0"," 0"
424720," 2129920"," 1"," 0"," 0"
424970," 2277376"," 1"," 0"," 0"
425220," 1245184"," 1"," 0"," 0"
425471," 1359872"," 1"," 0"," 0"
425720," 806040"," 1"," 0"," 0"
425970," 1753088"," 1"," 0"," 0"
426220," 2162688"," 1"," 0"," 0"
426470," 2113536"," 1"," 0"," 0"
426720," 1891726"," 1"," 0"," 0"
426970," 1409024"," 1"," 0"," 0"
427220," 573440"," 1"," 0"," 0"
427471," 1212416"," 1"," 0"," 0"
427721," 1605632"," 1"," 0"," 0"
427970," 542843"," 1"," 0"," 0"
428220," 1114112"," 1"," 0"," 0"
428470," 507904"," 1"," 0"," 0"
428721," 1802240"," 1"," 0"," 0"
428970," 1480481"," 1"," 0"," 0"
429220," 540672"," 1"," 0"," 0"
429471," 1228800"," 1"," 0"," 0"
429720," 2697767"," 1"," 0"," 0"
429970," 2457600"," 1"," 0"," 0"
430220," 2605056"," 1"," 0"," 0"
430470," 2097152"," 1"," 0"," 0"
430721," 2146304"," 1"," 0"," 0"
430970," 2138473"," 1"," 0"," 0"
431220," 737280"," 1"," 0"," 0"
431470," 786432"," 1"," 0"," 0"
431721," 1081344"," 1"," 0"," 0"
431971," 1392640"," 1"," 0"," 0"
432220," 559293"," 1"," 0"," 0"
432470," 802816"," 1"," 0"," 0"
432720," 1277952"," 1"," 0"," 0"
432970," 1327104"," 1"," 0"," 0"
433220," 1694329"," 1"," 0"," 0"
433470," 786432"," 1"," 0"," 0"
433720," 1343488"," 1"," 0"," 0"
433970," 2080768"," 1"," 0"," 0"
434221," 3145728"," 1"," 0"," 0"
434470," 2335871"," 1"," 0"," 0"
434720," 2490368"," 1"," 0"," 0"
434970," 1949696"," 1"," 0"," 0"
435221," 2670592"," 1"," 0"," 0"
435471," 1245184"," 1"," 0"," 0"
435720," 2105574"," 1"," 0"," 0"
435970," 2146304"," 1"," 0"," 0"
436221," 1802240"," 1"," 0"," 0"
436470," 1776578"," 1"," 0"," 0"
436720," 2342912"," 1"," 0"," 0"
436970," 1507328"," 1"," 0"," 0"
437220," 1753088"," 1"," 0"," 0"
437471," 1392640"," 1"," 0"," 0"
437720," 871839"," 1"," 0"," 0"
437970," 1425408"," 1"," 0"," 0"
438220," 1294336"," 1"," 0"," 0"
438470," 2162688"," 1"," 0"," 0"
438721," 1916928"," 1"," 0"," 0"
438970," 1612080"," 1"," 0"," 0"
439220," 2048000"," 1"," 0"," 0"
439470," 1228800"," 1"," 0"," 0"
439721," 1835008"," 1"," 0"," 0"
439970," 1167935"," 1"," 0"," 0"
440220," 1785856"," 1"," 0"," 0"
440470," 1900544"," 1"," 0"," 0"
440720," 1490944"," 1"," 0"," 0"
440971," 1245184"," 1"," 0"," 0"
441220," 888289"," 1"," 0"," 0"
441470," 1998848"," 1"," 0"," 0"
441721," 1769472"," 1"," 0"," 0"
441970," 1381783"," 1"," 0"," 0"
442220," 1032192"," 1"," 0"," 0"
442470," 1376256"," 1"," 0"," 0"
442720," 114688"," 1"," 0"," 0"
442970," 444144"," 1"," 0"," 0"
443220," 409600"," 1"," 0"," 0"
443470," 1654784"," 1"," 0"," 0"
443720," 1081344"," 1"," 0"," 0"
443970," 1359872"," 1"," 0"," 0"
444221," 1425408"," 1"," 0"," 0"
444470," 1365333"," 1"," 0"," 0"
444720," 1015808"," 1"," 0"," 0"
444970," 1818624"," 1"," 0"," 0"
445220," 2605056"," 1"," 0"," 0"
445471," 2752512"," 1"," 0"," 0"
445720," 1990425"," 1"," 0"," 0"
445970," 2588672"," 1"," 0"," 0"
446220," 2392064"," 1"," 0"," 0"
446470," 2490368"," 1"," 0"," 0"
446721," 2260992"," 1"," 0"," 0"
446970," 1941076"," 1"," 0"," 0"
447220," 966656"," 1"," 0"," 0"
447470," 1081344"," 1"," 0"," 0"
447720," 2179072"," 1"," 0"," 0"
447971," 1523712"," 1"," 0"," 0"
448220," 1513381"," 1"," 0"," 0"
448470," 966656"," 1"," 0"," 0"
448720," 1966080"," 1"," 0"," 0"
448971," 2424832"," 1"," 0"," 0"
449220," 1019887"," 1"," 0"," 0"
449470," 1441792"," 1"," 0"," 0"
449720," 1228800"," 1"," 0"," 0"
449970," 1458176"," 1"," 0"," 0"
450220," 1283084"," 1"," 0"," 0"
450470," 1458176"," 1"," 0"," 0"
450720," 1163264"," 1"," 0"," 0"
450970," 1064960"," 1"," 0"," 0"
451220," 822489"," 1"," 0"," 0"
451470," 999424"," 1"," 0"," 0"
451720," 868352"," 1"," 0"," 0"
451970," 1245184"," 1"," 0"," 0"
452221," 1179648"," 1"," 0"," 0"
452470," 559293"," 1"," 0"," 0"
452720," 1523712"," 1"," 0"," 0"
452970," 753664"," 1"," 0"," 0"
453220," 835584"," 1"," 0"," 0"
453471," 1179648"," 1"," 0"," 0"
453720," 1102136"," 1"," 0"," 0"
453970," 1523712"," 1"," 0"," 0"
454220," 1998848"," 1"," 0"," 0"
454471," 1081344"," 1"," 0"," 0"
454721," 2310144"," 1"," 0"," 0"
454970," 1677879"," 1"," 0"," 0"
455220," 1458176"," 1"," 0"," 0"
455470," 1556480"," 1"," 0"," 0"
455720," 1523712"," 1"," 0"," 0"
455971," 2031616"," 1"," 0"," 0"
456220," 2319421"," 1"," 0"," 0"
456470," 1179648"," 1"," 0"," 0"
456720," 1441792"," 1"," 0"," 0"
456970," 1785856"," 1"," 0"," 0"
457221," 2048000"," 1"," 0"," 0"
457470," 1776578"," 1"," 0"," 0"
457720," 1507328"," 1"," 0"," 0"
457970," 2031616"," 1"," 0"," 0"
458221," 2211840"," 1"," 0"," 0"
458470," 411244"," 1"," 0"," 0"
458720," 458752"," 1"," 0"," 0"
458970," 950272"," 1"," 0"," 0"
459221," 1966080"," 1"," 0"," 0"
459470," 1464032"," 1"," 0"," 0"
459720," 966656"," 1"," 0"," 0"
459970," 835584"," 1"," 0"," 0"
460220," 737280"," 1"," 0"," 0"
460471," 983040"," 1"," 0"," 0"
460720," 1365333"," 1"," 0"," 0"
460970," 1015808"," 1"," 0"," 0"
461220," 655360"," 1"," 0"," 0"
461470," 1048576"," 1"," 0"," 0"
461721," 1146880"," 1"," 0"," 0"
461970," 707341"," 1"," 0"," 0"
462220," 851968"," 1"," 0"," 0"
462471," 933888"," 1"," 0"," 0"
462720," 921188"," 1"," 0"," 0"
462970," 475136"," 1"," 0"," 0"
463220," 245760"," 1"," 0"," 0"
463470," 753664"," 1"," 0"," 0"
463720," 638976"," 1"," 0"," 0"
463970," 983040"," 1"," 0"," 0"
464221," 2064384"," 1"," 0"," 0"
464470," 2154923"," 1"," 0"," 0"
464720," 2359296"," 1"," 0"," 0"
464970," 2211840"," 1"," 0"," 0"
465221," 1835008"," 1"," 0"," 0"
465470," 49349"," 1"," 0"," 0"
465720," 1114112"," 1"," 0"," 0"
465970," 524288"," 1"," 0"," 0"
466220," 1179648"," 1"," 0"," 0"
466470," 1579180"," 1"," 0"," 0"
466720," 1245184"," 1"," 0"," 0"
466970," 884736"," 1"," 0"," 0"
467220," 1523712"," 1"," 0"," 0"
467471," 1179648"," 1"," 0"," 0"
467720," 444144"," 1"," 0"," 0"
467970," 1523712"," 1"," 0"," 0"
468220," 2703360"," 1"," 0"," 0"
468470," 2408448"," 1"," 0"," 0"
468721," 2359296"," 1"," 0"," 0"
468970," 2237172"," 1"," 0"," 0"
469220," 557056"," 1"," 0"," 0"
469470," 589824"," 1"," 0"," 0"
469720," 999424"," 1"," 0"," 0"
469971," 835584"," 1"," 0"," 0"
470220," 1052787"," 1"," 0"," 0"
470470," 1163264"," 1"," 0"," 0"
470720," 1474560"," 1"," 0"," 0"
470971," 1753088"," 1"," 0"," 0"
471220," 921188"," 1"," 0"," 0"
471470," 1409024"," 1"," 0"," 0"
471720," 442368"," 1"," 0"," 0"
471971," 917504"," 1"," 0"," 0"
472220," 806040"," 1"," 0"," 0"
472470," 1064960"," 1"," 0"," 0"
472720," 1605632"," 1"," 0"," 0"
472971," 2031616"," 1"," 0"," 0"
473220," 723791"," 1"," 0"," 0"
473470," 1277952"," 1"," 0"," 0"
473720," 1081344"," 1"," 0"," 0"
473970," 1348883"," 1"," 0"," 0"
474220," 917504"," 1"," 0"," 0"
474470," 819200"," 1"," 0"," 0"
474720," 1277952"," 1"," 0"," 0"
474970," 983040"," 1"," 0"," 0"
475221," 1687552"," 1"," 0"," 0"
475470," 1348883"," 1"," 0"," 0"
475720," 1884160"," 1"," 0"," 0"
475970," 2162688"," 1"," 0"," 0"
476220," 1736704"," 1"," 0"," 0"
476471," 2064384"," 1"," 0"," 0"
476720," 1957526"," 1"," 0"," 0"
476970," 1802240"," 1"," 0"," 0"
477220," 1556480"," 1"," 0"," 0"
477471," 1015808"," 1"," 0"," 0"
477720," 2500369"," 1"," 0"," 0"
477970," 2457600"," 1"," 0"," 0"
478220," 1835008"," 1"," 0"," 0"
478470," 1409024"," 1"," 0"," 0"
478721," 1064960"," 1"," 0"," 0"
478970," 2302971"," 1"," 0"," 0"
479220," 2473984"," 1"," 0"," 0"
479470," 1622016"," 1"," 0"," 0"
479720," 1622016"," 1"," 0"," 0"
479971," 2293760"," 1"," 0"," 0"
480220," 2138473"," 1"," 0"," 0"
480470," 1425408"," 1"," 0"," 0"
480720," 2097152"," 1"," 0"," 0"
480970," 1277952"," 1"," 0"," 0"
481221," 1261568"," 1"," 0"," 0"
481470," 1348883"," 1"," 0"," 0"
481720," 2064384"," 1"," 0"," 0"
481970," 1638400"," 1"," 0"," 0"
482220," 1064960"," 1"," 0"," 0"
482471," 1540096"," 1"," 0"," 0"
482720," 773140"," 1"," 0"," 0"
482970," 1769472"," 1"," 0"," 0"
483221," 1507328"," 1"," 0"," 0"
483471," 1245184"," 1"," 0"," 0"
483720," 1743678"," 1"," 0"," 0"
483970," 983040"," 1"," 0"," 0"
484221," 1310720"," 1"," 0"," 0"
484470," 1677879"," 1"," 0"," 0"
484720," 1687552"," 1"," 0"," 0"
484970," 917504"," 1"," 0"," 0"
485220," 1261568"," 1"," 0"," 0"
485471," 704512"," 1"," 0"," 0"
485720," 1513381"," 1"," 0"," 0"
485970," 1540096"," 1"," 0"," 0"
486220," 524288"," 1"," 0"," 0"
486470," 1490944"," 1"," 0"," 0"
486721," 1540096"," 1"," 0"," 0"
486970," 707341"," 1"," 0"," 0"
487220," 589824"," 1"," 0"," 0"
487470," 1507328"," 1"," 0"," 0"
487721," 1097728"," 1"," 0"," 0"
487971," 851968"," 1"," 0"," 0"
488220," 888289"," 1"," 0"," 0"
488470," 1032192"," 1"," 0"," 0"
488720," 540672"," 1"," 0"," 0"
488970," 1081344"," 1"," 0"," 0"
489220," 917504"," 1"," 0"," 0"
489470," 901120"," 1"," 0"," 0"
489720," 1097728"," 1"," 0"," 0"
489970," 720896"," 1"," 0"," 0"
490220," 1414682"," 1"," 0"," 0"
490470," 622592"," 1"," 0"," 0"
490720," 835584"," 1"," 0"," 0"
490970," 507904"," 1"," 0"," 0"
491220," 638976"," 1"," 0"," 0"
491470," 1146880"," 1"," 0"," 0"
491720," 917504"," 1"," 0"," 0"
491970," 1458176"," 1"," 0"," 0"
492220," 2097152"," 1"," 0"," 0"
492470," 2023325"," 1"," 0"," 0"
492720," 1720320"," 1"," 0"," 0"
492970," 2326528"," 1"," 0"," 0"
493220," 2539520"," 1"," 0"," 0"
493470," 2211840"," 1"," 0"," 0"
493720," 2506752"," 1"," 0"," 0"
493970," 2195456"," 1"," 0"," 0"
494220," 1900544"," 1"," 0"," 0"
494470," 1425408"," 1"," 0"," 0"
494720," 983040"," 1"," 0"," 0"
494970," 1217285"," 1"," 0"," 0"
495220," 622592"," 1"," 0"," 0"
495470," 933888"," 1"," 0"," 0"
495720," 1212416"," 1"," 0"," 0"
495970," 2244608"," 1"," 0"," 0"
496220," 950272"," 1"," 0"," 0"
496470," 917504"," 1"," 0"," 0"
496720," 1556480"," 1"," 0"," 0"
496970," 2211840"," 1"," 0"," 0"
497221," 2392064"," 1"," 0"," 0"
497470," 1875277"," 1"," 0"," 0"
497720," 2703360"," 1"," 0"," 0"
497970," 2670592"," 1"," 0"," 0"
498220," 2686976"," 1"," 0"," 0"
498470," 2785280"," 1"," 0"," 0"
498720," 2719744"," 1"," 0"," 0"
498970," 2801664"," 1"," 0"," 0"
499220," 2572288"," 1"," 0"," 0"
499470," 2392064"," 1"," 0"," 0"
499719," 3026763"," 1"," 0"," 0"
499970," 1949696"," 1"," 0"," 0"
500220," 2588672"," 1"," 0"," 0"
500470," 2686976"," 1"," 0"," 0"
500720," 2867200"," 1"," 0"," 0"
500970," 2768896"," 1"," 0"," 0"
501220," 2228224"," 1"," 0"," 0"
501470," 1622016"," 1"," 0"," 0"
501720," 2129920"," 1"," 0"," 0"
501970," 1966080"," 1"," 0"," 0"
502220," 2286522"," 1"," 0"," 0"
502470," 1949696"," 1"," 0"," 0"
502720," 2048000"," 1"," 0"," 0"
502970," 2621440"," 1"," 0"," 0"
503220," 1916928"," 1"," 0"," 0"
503470," 1933312"," 1"," 0"," 0"
503720," 2195456"," 1"," 0"," 0"
503970," 1998848"," 1"," 0"," 0"
504220," 1900544"," 1"," 0"," 0"
504470," 1900544"," 1"," 0"," 0"
504720," 1710779"," 1"," 0"," 0"
504970," 2342912"," 1"," 0"," 0"
505220," 2162688"," 1"," 0"," 0"
505470," 2736128"," 1"," 0"," 0"
505720," 2686976"," 1"," 0"," 0"
505970," 2392064"," 1"," 0"," 0"
506220," 2441216"," 1"," 0"," 0"
506470," 2113536"," 1"," 0"," 0"
506720," 2326528"," 1"," 0"," 0"
506970," 2785280"," 1"," 0"," 0"
507220," 2747116"," 1"," 0"," 0"
507470," 2998272"," 1"," 0"," 0"
507720," 2768896"," 1"," 0"," 0"
507970," 3080192"," 1"," 0"," 0"
508220," 2588672"," 1"," 0"," 0"
508470," 2785280"," 1"," 0"," 0"
508720," 2441216"," 1"," 0"," 0"
508970," 2555904"," 1"," 0"," 0"
509220," 2752512"," 1"," 0"," 0"
509470," 2599068"," 1"," 0"," 0"
509720," 2801664"," 1"," 0"," 0"
509970," 2965504"," 1"," 0"," 0"
510220," 2899968"," 1"," 0"," 0"
510470," 2277376"," 1"," 0"," 0"
510720," 2981888"," 1"," 0"," 0"
510970," 2244608"," 1"," 0"," 0"
511220," 2260992"," 1"," 0"," 0"
511470," 2408448"," 1"," 0"," 0"
511720," 2588672"," 1"," 0"," 0"
511970," 2747116"," 1"," 0"," 0"
512220," 2260992"," 1"," 0"," 0"
512470," 2654208"," 1"," 0"," 0"
512720," 2768896"," 1"," 0"," 0"
512970," 2686976"," 1"," 0"," 0"
513220," 2441216"," 1"," 0"," 0"
513470," 2424832"," 1"," 0"," 0"
513720," 2359296"," 1"," 0"," 0"
513970," 2801664"," 1"," 0"," 0"
514220," 2500369"," 1"," 0"," 0"
514470," 2736128"," 1"," 0"," 0"
514720," 2965504"," 1"," 0"," 0"
514970," 2539520"," 1"," 0"," 0"
515220," 2539520"," 1"," 0"," 0"
515470," 2850816"," 1"," 0"," 0"
515720," 2883584"," 1"," 0"," 0"
515970," 2686976"," 1"," 0"," 0"
516220," 2834432"," 1"," 0"," 0"
516470," 2637824"," 1"," 0"," 0"
516720," 3092562"," 1"," 0"," 0"
516970," 2408448"," 1"," 0"," 0"
517220," 2473984"," 1"," 0"," 0"
517470," 2588672"," 1"," 0"," 0"
517720," 2146304"," 1"," 0"," 0"
517970," 2392064"," 1"," 0"," 0"
518220," 2359296"," 1"," 0"," 0"
518470," 2818048"," 1"," 0"," 0"
518720," 2605056"," 1"," 0"," 0"
518970," 2539520"," 1"," 0"," 0"
519220," 2368771"," 1"," 0"," 0"
519470," 2703360"," 1"," 0"," 0"
519720," 2719744"," 1"," 0"," 0"
519970," 2523136"," 1"," 0"," 0"
520220," 2703360"," 1"," 0"," 0"
520470," 2686976"," 1"," 0"," 0"
520720," 2588672"," 1"," 0"," 0"
520970," 2473984"," 1"," 0"," 0"
521220," 2588672"," 1"," 0"," 0"
521470," 2621440"," 1"," 0"," 0"
521720," 2319421"," 1"," 0"," 0"
521970," 2736128"," 1"," 0"," 0"
522220," 2359296"," 1"," 0"," 0"
522470," 1900544"," 1"," 0"," 0"
522720," 1507328"," 1"," 0"," 0"
522970," 2113536"," 1"," 0"," 0"
523220," 2260992"," 1"," 0"," 0"
523470," 2310144"," 1"," 0"," 0"
523720," 2326528"," 1"," 0"," 0"
523970," 2681317"," 1"," 0"," 0"
524220," 2523136"," 1"," 0"," 0"
524470," 2867200"," 1"," 0"," 0"
524720," 2555904"," 1"," 0"," 0"
524970," 2539520"," 1"," 0"," 0"
525220," 2293760"," 1"," 0"," 0"
525470," 1703936"," 1"," 0"," 0"
525720," 1884160"," 1"," 0"," 0"
525970," 2506752"," 1"," 0"," 0"
526220," 2179072"," 1"," 0"," 0"
526470," 2549718"," 1"," 0"," 0"
526720," 2392064"," 1"," 0"," 0"
526970," 2605056"," 1"," 0"," 0"
527220," 2244608"," 1"," 0"," 0"
527470," 2572288"," 1"," 0"," 0"
527721," 2834432"," 1"," 0"," 0"
527970," 2533269"," 1"," 0"," 0"
528220," 2785280"," 1"," 0"," 0"
528470," 2375680"," 1"," 0"," 0"
528721," 2949120"," 1"," 0"," 0"
528970," 2319421"," 1"," 0"," 0"
529220," 2785280"," 1"," 0"," 0"
529470," 2555904"," 1"," 0"," 0"
529721," 2686976"," 1"," 0"," 0"
529970," 1677879"," 1"," 0"," 0"
530220," 1884160"," 1"," 0"," 0"
530471," 1802240"," 1"," 0"," 0"
530720," 2483919"," 1"," 0"," 0"
530970," 1900544"," 1"," 0"," 0"
531221," 1785856"," 1"," 0"," 0"
531471," 1556480"," 1"," 0"," 0"
531720," 1579180"," 1"," 0"," 0"
531970," 1605632"," 1"," 0"," 0"
532221," 2523136"," 1"," 0"," 0"
532470," 2319421"," 1"," 0"," 0"
532720," 1589248"," 1"," 0"," 0"
532970," 2064384"," 1"," 0"," 0"
533221," 2146304"," 1"," 0"," 0"
533470," 2500369"," 1"," 0"," 0"
533720," 1949696"," 1"," 0"," 0"
533970," 1900544"," 1"," 0"," 0"
534221," 2260992"," 1"," 0"," 0"
534471," 1277952"," 1"," 0"," 0"
534720," 2023325"," 1"," 0"," 0"
534970," 2064384"," 1"," 0"," 0"
535221," 2228224"," 1"," 0"," 0"
535470," 2171373"," 1"," 0"," 0"
535720," 1802240"," 1"," 0"," 0"
535970," 2064384"," 1"," 0"," 0"
536220," 2441216"," 1"," 0"," 0"
536471," 2408448"," 1"," 0"," 0"
536720," 2451020"," 1"," 0"," 0"
536970," 2539520"," 1"," 0"," 0"
537220," 2588672"," 1"," 0"," 0"
537471," 2867200"," 1"," 0"," 0"
537720," 2533269"," 1"," 0"," 0"
537970," 2359296"," 1"," 0"," 0"
538220," 2326528"," 1"," 0"," 0"
538470," 2260992"," 1"," 0"," 0"
538720," 2829365"," 1"," 0"," 0"
538970," 2670592"," 1"," 0"," 0"
539220," 2605056"," 1"," 0"," 0"
539470," 3031040"," 1"," 0"," 0"
539721," 2588672"," 1"," 0"," 0"
539970," 2796465"," 1"," 0"," 0"
540220," 2736128"," 1"," 0"," 0"
540470," 2916352"," 1"," 0"," 0"
540720," 2457600"," 1"," 0"," 0"
540970," 2648417"," 1"," 0"," 0"
541220," 2506752"," 1"," 0"," 0"
541470," 2801664"," 1"," 0"," 0"
541720," 2932736"," 1"," 0"," 0"
541971," 2588672"," 1"," 0"," 0"
542220," 2483919"," 1"," 0"," 0"
542470," 2686976"," 1"," 0"," 0"
542720," 2637824"," 1"," 0"," 0"
542970," 2605056"," 1"," 0"," 0"
543220," 2253622"," 1"," 0"," 0"
543470," 2441216"," 1"," 0"," 0"
543720," 2719744"," 1"," 0"," 0"
543970," 2998272"," 1"," 0"," 0"
544221," 2179072"," 1"," 0"," 0"
544470," 2401670"," 1"," 0"," 0"
544720," 2473984"," 1"," 0"," 0"
544970," 2359296"," 1"," 0"," 0"
545221," 2801664"," 1"," 0"," 0"
545470," 2895164"," 1"," 0"," 0"
545720," 3063808"," 1"," 0"," 0"
545970," 2523136"," 1"," 0"," 0"
546221," 2834432"," 1"," 0"," 0"
546470," 2697767"," 1"," 0"," 0"
546720," 2850816"," 1"," 0"," 0"
546970," 3129344"," 1"," 0"," 0"
547221," 2932736"," 1"," 0"," 0"
547470," 2631967"," 1"," 0"," 0"
547720," 2654208"," 1"," 0"," 0"
547970," 2719744"," 1"," 0"," 0"
548221," 2719744"," 1"," 0"," 0"
548470," 2352321"," 1"," 0"," 0"
548720," 2473984"," 1"," 0"," 0"
548971," 2768896"," 1"," 0"," 0"
549220," 2385220"," 1"," 0"," 0"
549470," 2277376"," 1"," 0"," 0"
549720," 2736128"," 1"," 0"," 0"
549971," 2621440"," 1"," 0"," 0"
550220," 2615518"," 1"," 0"," 0"
550470," 2703360"," 1"," 0"," 0"
550720," 2195456"," 1"," 0"," 0"
550970," 2031616"," 1"," 0"," 0"
551221," 2441216"," 1"," 0"," 0"
551470," 2401670"," 1"," 0"," 0"
551720," 2605056"," 1"," 0"," 0"
551971," 2555904"," 1"," 0"," 0"
552220," 2467469"," 1"," 0"," 0"
552470," 2441216"," 1"," 0"," 0"
552721," 2490368"," 1"," 0"," 0"
552971," 2998272"," 1"," 0"," 0"
553220," 2664867"," 1"," 0"," 0"
553470," 2670592"," 1"," 0"," 0"
553721," 2244608"," 1"," 0"," 0"
553970," 2385220"," 1"," 0"," 0"
554221," 2572288"," 1"," 0"," 0"
554471," 2801664"," 1"," 0"," 0"
554720," 2648417"," 1"," 0"," 0"
554970," 2883584"," 1"," 0"," 0"
555221," 2048000"," 1"," 0"," 0"
555470," 2516819"," 1"," 0"," 0"
555720," 2867200"," 1"," 0"," 0"
555971," 2588672"," 1"," 0"," 0"
556221," 2686976"," 1"," 0"," 0"
556470," 2154923"," 1"," 0"," 0"
556721," 2310144"," 1"," 0"," 0"
556971," 2473984"," 1"," 0"," 0"
557220," 2418120"," 1"," 0"," 0"
557471," 2736128"," 1"," 0"," 0"
557721," 2424832"," 1"," 0"," 0"
557970," 2204273"," 1"," 0"," 0"
558220," 2785280"," 1"," 0"," 0"
558471," 2785280"," 1"," 0"," 0"
558720," 2533269"," 1"," 0"," 0"
558970," 2670592"," 1"," 0"," 0"
559220," 2523136"," 1"," 0"," 0"
559471," 2195456"," 1"," 0"," 0"
559720," 2516819"," 1"," 0"," 0"
559970," 2228224"," 1"," 0"," 0"
560220," 2342912"," 1"," 0"," 0"
560471," 2490368"," 1"," 0"," 0"
560720," 2237172"," 1"," 0"," 0"
560970," 2523136"," 1"," 0"," 0"
561221," 2162688"," 1"," 0"," 0"
561470," 2500369"," 1"," 0"," 0"
561720," 2244608"," 1"," 0"," 0"
561970," 2195456"," 1"," 0"," 0"
562221," 2523136"," 1"," 0"," 0"
562470," 2533269"," 1"," 0"," 0"
562720," 2473984"," 1"," 0"," 0"
562971," 2719744"," 1"," 0"," 0"
563220," 2451020"," 1"," 0"," 0"
563470," 2703360"," 1"," 0"," 0"
563720," 2277376"," 1"," 0"," 0"
563971," 2588672"," 1"," 0"," 0"
564220," 2270072"," 1"," 0"," 0"
564470," 2293760"," 1"," 0"," 0"
564721," 2146304"," 1"," 0"," 0"
564970," 2122024"," 1"," 0"," 0"
565221," 1425408"," 1"," 0"," 0"
565470," 2335871"," 1"," 0"," 0"
565720," 2654208"," 1"," 0"," 0"
565970," 1884160"," 1"," 0"," 0"
566221," 2834432"," 1"," 0"," 0"
566470," 1973975"," 1"," 0"," 0"
566720," 2048000"," 1"," 0"," 0"
566970," 1982464"," 1"," 0"," 0"
567220," 2523136"," 1"," 0"," 0"
567470," 2048000"," 1"," 0"," 0"
567720," 2500369"," 1"," 0"," 0"
567970," 2293760"," 1"," 0"," 0"
568220," 2473984"," 1"," 0"," 0"
568470," 2654208"," 1"," 0"," 0"
568720," 2162688"," 1"," 0"," 0"
568970," 2719744"," 1"," 0"," 0"
569220," 2375680"," 1"," 0"," 0"
569470," 2768896"," 1"," 0"," 0"
569720," 2473984"," 1"," 0"," 0"
569970," 2129920"," 1"," 0"," 0"
570220," 2812915"," 1"," 0"," 0"
570470," 2179072"," 1"," 0"," 0"
570720," 2998272"," 1"," 0"," 0"
570970," 2572288"," 1"," 0"," 0"
571220," 2555904"," 1"," 0"," 0"
571470," 2555904"," 1"," 0"," 0"
571720," 2228224"," 1"," 0"," 0"
571970," 2719744"," 1"," 0"," 0"
572220," 2335871"," 1"," 0"," 0"
572470," 1802240"," 1"," 0"," 0"
572720," 2719744"," 1"," 0"," 0"
572970," 2031616"," 1"," 0"," 0"
573220," 2506752"," 1"," 0"," 0"
573470," 2375680"," 1"," 0"," 0"
573720," 2621440"," 1"," 0"," 0"
573970," 2375680"," 1"," 0"," 0"
574220," 1703936"," 1"," 0"," 0"
574469," 1562730"," 1"," 0"," 0"
574720," 1196032"," 1"," 0"," 0"
574970," 1982464"," 1"," 0"," 0"
575220," 2883584"," 1"," 0"," 0"
575470," 2113536"," 1"," 0"," 0"
575720," 2342912"," 1"," 0"," 0"
575970," 2097152"," 1"," 0"," 0"
576220," 2473984"," 1"," 0"," 0"
576470," 2998272"," 1"," 0"," 0"
576719," 2237172"," 1"," 0"," 0"
576970," 2457600"," 1"," 0"," 0"
577220," 2179072"," 1"," 0"," 0"
577470," 2375680"," 1"," 0"," 0"
577720," 2703360"," 1"," 0"," 0"
577970," 2146304"," 1"," 0"," 0"
578220," 2424832"," 1"," 0"," 0"
578470," 1835008"," 1"," 0"," 0"
578720," 2473984"," 1"," 0"," 0"
578969," 1957526"," 1"," 0"," 0"
579220," 2179072"," 1"," 0"," 0"
579470," 2162688"," 1"," 0"," 0"
579720," 2113536"," 1"," 0"," 0"
579970," 1687552"," 1"," 0"," 0"
580220," 2457600"," 1"," 0"," 0"
580470," 2408448"," 1"," 0"," 0"
580720," 2768896"," 1"," 0"," 0"
580970," 2244608"," 1"," 0"," 0"
581220," 2457600"," 1"," 0"," 0"
581469," 2072674"," 1"," 0"," 0"
581720," 2211840"," 1"," 0"," 0"
581970," 2211840"," 1"," 0"," 0"
582220," 2686976"," 1"," 0"," 0"
582470," 2424832"," 1"," 0"," 0"
582720," 2883584"," 1"," 0"," 0"
582970," 2818048"," 1"," 0"," 0"
583220," 2277376"," 1"," 0"," 0"
583470," 2457600"," 1"," 0"," 0"
583720," 2048000"," 1"," 0"," 0"
583969," 2434570"," 1"," 0"," 0"
584220," 2539520"," 1"," 0"," 0"
584470," 2375680"," 1"," 0"," 0"
584720," 2310144"," 1"," 0"," 0"
584970," 2359296"," 1"," 0"," 0"
585220," 2850816"," 1"," 0"," 0"
585470," 2621440"," 1"," 0"," 0"
585720," 2752512"," 1"," 0"," 0"
585970," 2293760"," 1"," 0"," 0"
586220," 2310144"," 1"," 0"," 0"
586469," 1908176"," 1"," 0"," 0"
586720," 2555904"," 1"," 0"," 0"
586970," 2162688"," 1"," 0"," 0"
587220," 2457600"," 1"," 0"," 0"
587470," 2686976"," 1"," 0"," 0"
587720," 2752512"," 1"," 0"," 0"
587970," 2637824"," 1"," 0"," 0"
588220," 2965504"," 1"," 0"," 0"
588470," 2588672"," 1"," 0"," 0"
588720," 2179072"," 1"," 0"," 0"
588970," 2237172"," 1"," 0"," 0"
589220," 2031616"," 1"," 0"," 0"
589470," 2736128"," 1"," 0"," 0"
589720," 2408448"," 1"," 0"," 0"
589970," 1736704"," 1"," 0"," 0"
590220," 2228224"," 1"," 0"," 0"
590470," 2179072"," 1"," 0"," 0"
590720," 2654208"," 1"," 0"," 0"
590970," 2342912"," 1"," 0"," 0"
591220," 2457600"," 1"," 0"," 0"
591470," 2056224"," 1"," 0"," 0"
591720," 2818048"," 1"," 0"," 0"
591970," 2703360"," 1"," 0"," 0"
592220," 3063808"," 1"," 0"," 0"
592470," 2572288"," 1"," 0"," 0"
592721," 2441216"," 1"," 0"," 0"
592970," 2862265"," 1"," 0"," 0"
593220," 2277376"," 1"," 0"," 0"
593470," 2392064"," 1"," 0"," 0"
593720," 2211840"," 1"," 0"," 0"
593971," 2719744"," 1"," 0"," 0"
594220," 2319421"," 1"," 0"," 0"
594470," 2473984"," 1"," 0"," 0"
594721," 2473984"," 1"," 0"," 0"
594970," 2171373"," 1"," 0"," 0"
595220," 2506752"," 1"," 0"," 0"
595470," 2277376"," 1"," 0"," 0"
595721," 2359296"," 1"," 0"," 0"
595970," 2286522"," 1"," 0"," 0"
596221," 1884160"," 1"," 0"," 0"
596471," 1638400"," 1"," 0"," 0"
596720," 2533269"," 1"," 0"," 0"
596970," 2260992"," 1"," 0"," 0"
597220," 2768896"," 1"," 0"," 0"
597471," 2244608"," 1"," 0"," 0"
597720," 2023325"," 1"," 0"," 0"
597970," 1720320"," 1"," 0"," 0"
598220," 2457600"," 1"," 0"," 0"
598471," 2260992"," 1"," 0"," 0"
598720," 2253622"," 1"," 0"," 0"
598970," 2818048"," 1"," 0"," 0"
599220," 2195456"," 1"," 0"," 0"
599471," 2654208"," 1"," 0"," 0"
599720," 2500369"," 1"," 0"," 0"
599970," 2719744"," 1"," 0"," 0"
600220," 2031616"," 1"," 0"," 0"
600470," 1753088"," 1"," 0"," 0"
600721," 2555904"," 1"," 0"," 0"
600970," 1924626"," 1"," 0"," 0"
601220," 2293760"," 1"," 0"," 0"
601470," 1916928"," 1"," 0"," 0"
601721," 2293760"," 1"," 0"," 0"
601970," 2780016"," 1"," 0"," 0"
602220," 2195456"," 1"," 0"," 0"
602471," 2031616"," 1"," 0"," 0"
602720," 2056224"," 1"," 0"," 0"
602970," 2244608"," 1"," 0"," 0"
603220," 2588672"," 1"," 0"," 0"
603471," 2113536"," 1"," 0"," 0"
603720," 2796465"," 1"," 0"," 0"
603970," 2228224"," 1"," 0"," 0"
604220," 2129920"," 1"," 0"," 0"
604471," 2703360"," 1"," 0"," 0"
604720," 3076112"," 1"," 0"," 0"
604970," 2523136"," 1"," 0"," 0"
605220," 2605056"," 1"," 0"," 0"
605470," 2506752"," 1"," 0"," 0"
605721," 2686976"," 1"," 0"," 0"
605970," 2072674"," 1"," 0"," 0"
606220," 2457600"," 1"," 0"," 0"
606470," 2588672"," 1"," 0"," 0"
606721," 2899968"," 1"," 0"," 0"
606970," 2549718"," 1"," 0"," 0"
607220," 2310144"," 1"," 0"," 0"
607470," 2031616"," 1"," 0"," 0"
607720," 2146304"," 1"," 0"," 0"
607971," 2211840"," 1"," 0"," 0"
608220," 1957526"," 1"," 0"," 0"
608470," 2080768"," 1"," 0"," 0"
608721," 2244608"," 1"," 0"," 0"
608971," 2621440"," 1"," 0"," 0"
609220," 2549718"," 1"," 0"," 0"
609470," 2342912"," 1"," 0"," 0"
609720," 2752512"," 1"," 0"," 0"
609971," 2392064"," 1"," 0"," 0"
610220," 2664867"," 1"," 0"," 0"
610470," 2949120"," 1"," 0"," 0"
610720," 2555904"," 1"," 0"," 0"
610971," 2850816"," 1"," 0"," 0"
611220," 1941076"," 1"," 0"," 0"
611470," 2523136"," 1"," 0"," 0"
611720," 2441216"," 1"," 0"," 0"
611970," 3014656"," 1"," 0"," 0"
612221," 3096576"," 1"," 0"," 0"
612470," 2993863"," 1"," 0"," 0"
612720," 2359296"," 1"," 0"," 0"
612970," 2949120"," 1"," 0"," 0"
613221," 2703360"," 1"," 0"," 0"
613470," 2681317"," 1"," 0"," 0"
613720," 2572288"," 1"," 0"," 0"
613970," 2375680"," 1"," 0"," 0"
614220," 2408448"," 1"," 0"," 0"
614471," 2326528"," 1"," 0"," 0"
614720," 2335871"," 1"," 0"," 0"
614970," 2555904"," 1"," 0"," 0"
615220," 2359296"," 1"," 0"," 0"
615471," 2113536"," 1"," 0"," 0"
615720," 2253622"," 1"," 0"," 0"
615970," 1900544"," 1"," 0"," 0"
616220," 2457600"," 1"," 0"," 0"
616471," 2441216"," 1"," 0"," 0"
616720," 2730666"," 1"," 0"," 0"
616970," 2424832"," 1"," 0"," 0"
617220," 1769472"," 1"," 0"," 0"
617470," 2719744"," 1"," 0"," 0"
617721," 2244608"," 1"," 0"," 0"
617970," 1858827"," 1"," 0"," 0"
618220," 2097152"," 1"," 0"," 0"
618470," 2523136"," 1"," 0"," 0"
618721," 2293760"," 1"," 0"," 0"
618970," 2154923"," 1"," 0"," 0"
619220," 1867776"," 1"," 0"," 0"
619470," 2342912"," 1"," 0"," 0"
619721," 2867200"," 1"," 0"," 0"
619970," 2730666"," 1"," 0"," 0"
620220," 1982464"," 1"," 0"," 0"
620470," 1982464"," 1"," 0"," 0"
620721," 2097152"," 1"," 0"," 0"
620970," 2270072"," 1"," 0"," 0"
621220," 2048000"," 1"," 0"," 0"
621470," 1949696"," 1"," 0"," 0"
621720," 2490368"," 1"," 0"," 0"
621971," 2244608"," 1"," 0"," 0"
622220," 1167935"," 1"," 0"," 0"
622470," 1818624"," 1"," 0"," 0"
622720," 2441216"," 1"," 0"," 0"
622970," 1998848"," 1"," 0"," 0"
623221," 1835008"," 1"," 0"," 0"
623470," 2039775"," 1"," 0"," 0"
623720," 2228224"," 1"," 0"," 0"
623970," 2277376"," 1"," 0"," 0"
624220," 2375680"," 1"," 0"," 0"
624471," 2555904"," 1"," 0"," 0"
624720," 2763566"," 1"," 0"," 0"
624970," 1523712"," 1"," 0"," 0"
625220," 2310144"," 1"," 0"," 0"
625471," 2506752"," 1"," 0"," 0"
625720," 2253622"," 1"," 0"," 0"
625970," 2818048"," 1"," 0"," 0"
626220," 2473984"," 1"," 0"," 0"
626470," 2555904"," 1"," 0"," 0"
626720," 2006875"," 1"," 0"," 0"
626970," 2359296"," 1"," 0"," 0"
627220," 2048000"," 1"," 0"," 0"
627471," 2490368"," 1"," 0"," 0"
627720," 2467469"," 1"," 0"," 0"
627970," 2899968"," 1"," 0"," 0"
628220," 3063808"," 1"," 0"," 0"
628470," 2605056"," 1"," 0"," 0"
628721," 2097152"," 1"," 0"," 0"
628970," 2648417"," 1"," 0"," 0"
629220," 3031040"," 1"," 0"," 0"
629470," 2768896"," 1"," 0"," 0"
629721," 2588672"," 1"," 0"," 0"
629970," 2253622"," 1"," 0"," 0"
630220," 2555904"," 1"," 0"," 0"
630470," 2736128"," 1"," 0"," 0"
630721," 2605056"," 1"," 0"," 0"
630970," 2747116"," 1"," 0"," 0"
631220," 2539520"," 1"," 0"," 0"
631470," 2539520"," 1"," 0"," 0"
631720," 2796465"," 1"," 0"," 0"
631970," 2375680"," 1"," 0"," 0"
632220," 2867200"," 1"," 0"," 0"
632470," 2883584"," 1"," 0"," 0"
632721," 2867200"," 1"," 0"," 0"
632970," 2697767"," 1"," 0"," 0"
633220," 3096576"," 1"," 0"," 0"
633470," 2752512"," 1"," 0"," 0"
633720," 3293184"," 1"," 0"," 0"
633971," 2326528"," 1"," 0"," 0"
634220," 2286522"," 1"," 0"," 0"
634470," 2228224"," 1"," 0"," 0"
634720," 2588672"," 1"," 0"," 0"
634971," 2883584"," 1"," 0"," 0"
635220," 2500369"," 1"," 0"," 0"
635470," 1769472"," 1"," 0"," 0"
635720," 2637824"," 1"," 0"," 0"
635971," 2473984"," 1"," 0"," 0"
636220," 2335871"," 1"," 0"," 0"
636470," 2048000"," 1"," 0"," 0"
636721," 1703936"," 1"," 0"," 0"
636970," 2220722"," 1"," 0"," 0"
637220," 1982464"," 1"," 0"," 0"
637470," 2326528"," 1"," 0"," 0"
637721," 2670592"," 1"," 0"," 0"
637970," 2451020"," 1"," 0"," 0"
638220," 2703360"," 1"," 0"," 0"
638470," 2654208"," 1"," 0"," 0"
638721," 2850816"," 1"," 0"," 0"
638971," 3211264"," 1"," 0"," 0"
639220," 1973975"," 1"," 0"," 0"
639470," 2277376"," 1"," 0"," 0"
639721," 2867200"," 1"," 0"," 0"
639970," 2418120"," 1"," 0"," 0"
640220," 1966080"," 1"," 0"," 0"
640470," 1982464"," 1"," 0"," 0"
640721," 1982464"," 1"," 0"," 0"
640970," 2549718"," 1"," 0"," 0"
641220," 2048000"," 1"," 0"," 0"
641470," 2752512"," 1"," 0"," 0"
641720," 2441216"," 1"," 0"," 0"
641971," 1638400"," 1"," 0"," 0"
642220," 2220722"," 1"," 0"," 0"
642470," 3096576"," 1"," 0"," 0"
642720," 3112960"," 1"," 0"," 0"
642971," 2408448"," 1"," 0"," 0"
643220," 2434570"," 1"," 0"," 0"
643470," 2310144"," 1"," 0"," 0"
643720," 1671168"," 1"," 0"," 0"
643971," 2490368"," 1"," 0"," 0"
644220," 3010313"," 1"," 0"," 0"
644470," 2424832"," 1"," 0"," 0"
644720," 2293760"," 1"," 0"," 0"
644970," 2473984"," 1"," 0"," 0"
645221," 2932736"," 1"," 0"," 0"
645470," 2451020"," 1"," 0"," 0"
645720," 2637824"," 1"," 0"," 0"
645971," 1687552"," 1"," 0"," 0"
646220," 2812915"," 1"," 0"," 0"
646470," 1867776"," 1"," 0"," 0"
646720," 2260992"," 1"," 0"," 0"
646970," 2523136"," 1"," 0"," 0"
647220," 2401670"," 1"," 0"," 0"
647470," 2441216"," 1"," 0"," 0"
647720," 1900544"," 1"," 0"," 0"
647970," 2818048"," 1"," 0"," 0"
648221," 2686976"," 1"," 0"," 0"
648470," 2631967"," 1"," 0"," 0"
648720," 2883584"," 1"," 0"," 0"
648970," 2670592"," 1"," 0"," 0"
649221," 2359296"," 1"," 0"," 0"
649470," 2730666"," 1"," 0"," 0"
649720," 2588672"," 1"," 0"," 0"
649970," 2293760"," 1"," 0"," 0"
650221," 2015232"," 1"," 0"," 0"
650470," 1546281"," 1"," 0"," 0"
650720," 2113536"," 1"," 0"," 0"
650970," 2293760"," 1"," 0"," 0"
651220," 2703360"," 1"," 0"," 0"
651471," 2359296"," 1"," 0"," 0"
651720," 2895164"," 1"," 0"," 0"
651970," 2244608"," 1"," 0"," 0"
652220," 1802240"," 1"," 0"," 0"
652471," 1867776"," 1"," 0"," 0"
652720," 1628530"," 1"," 0"," 0"
652970," 1409024"," 1"," 0"," 0"
653221," 1884160"," 1"," 0"," 0"
653471," 2211840"," 1"," 0"," 0"
653720," 2615518"," 1"," 0"," 0"
653971," 1785856"," 1"," 0"," 0"
654221," 2310144"," 1"," 0"," 0"
654470," 2845815"," 1"," 0"," 0"
654721," 2539520"," 1"," 0"," 0"
654970," 2845815"," 1"," 0"," 0"
655220," 2801664"," 1"," 0"," 0"
655471," 3112960"," 1"," 0"," 0"
655721," 2424832"," 1"," 0"," 0"
655970," 1941076"," 1"," 0"," 0"
656220," 2113536"," 1"," 0"," 0"
656471," 2637824"," 1"," 0"," 0"
656720," 2747116"," 1"," 0"," 0"
656970," 3063808"," 1"," 0"," 0"
657221," 2555904"," 1"," 0"," 0"
657471," 2031616"," 1"," 0"," 0"
657720," 1381783"," 1"," 0"," 0"
657970," 2686976"," 1"," 0"," 0"
658221," 2523136"," 1"," 0"," 0"
658470," 2566168"," 1"," 0"," 0"
658720," 2981888"," 1"," 0"," 0"
658970," 2801664"," 1"," 0"," 0"
659221," 2277376"," 1"," 0"," 0"
659470," 2664867"," 1"," 0"," 0"
659720," 2834432"," 1"," 0"," 0"
659970," 2588672"," 1"," 0"," 0"
660221," 2752512"," 1"," 0"," 0"
660470," 2845815"," 1"," 0"," 0"
660720," 2670592"," 1"," 0"," 0"
660970," 2523136"," 1"," 0"," 0"
661221," 2048000"," 1"," 0"," 0"
661470," 2812915"," 1"," 0"," 0"
661720," 2867200"," 1"," 0"," 0"
661971," 2637824"," 1"," 0"," 0"
662220," 2270072"," 1"," 0"," 0"
662470," 2670592"," 1"," 0"," 0"
662721," 2998272"," 1"," 0"," 0"
662971," 2473984"," 1"," 0"," 0"
663220," 2105574"," 1"," 0"," 0"
663470," 2048000"," 1"," 0"," 0"
663721," 2965504"," 1"," 0"," 0"
663970," 2237172"," 1"," 0"," 0"
664220," 2342912"," 1"," 0"," 0"
664471," 2129920"," 1"," 0"," 0"
664721," 1982464"," 1"," 0"," 0"
664970," 2812915"," 1"," 0"," 0"
665220," 2555904"," 1"," 0"," 0"
665471," 2113536"," 1"," 0"," 0"
665721," 2670592"," 1"," 0"," 0"
665970," 2566168"," 1"," 0"," 0"
666221," 2523136"," 1"," 0"," 0"
666471," 2506752"," 1"," 0"," 0"
666720," 1858827"," 1"," 0"," 0"
666970," 2473984"," 1"," 0"," 0"
667221," 2506752"," 1"," 0"," 0"
667470," 2500369"," 1"," 0"," 0"
667720," 2342912"," 1"," 0"," 0"
667971," 2310144"," 1"," 0"," 0"
668220," 2582618"," 1"," 0"," 0"
668470," 2801664"," 1"," 0"," 0"
668721," 3096576"," 1"," 0"," 0"
668970," 2648417"," 1"," 0"," 0"
669220," 2392064"," 1"," 0"," 0"
669471," 2916352"," 1"," 0"," 0"
669720," 2714216"," 1"," 0"," 0"
669970," 2703360"," 1"," 0"," 0"
670221," 2834432"," 1"," 0"," 0"
670470," 2451020"," 1"," 0"," 0"
670720," 2686976"," 1"," 0"," 0"
670970," 3145728"," 1"," 0"," 0"
671221," 2768896"," 1"," 0"," 0"
671470," 1908176"," 1"," 0"," 0"
671720," 2260992"," 1"," 0"," 0"
671971," 2097152"," 1"," 0"," 0"
672220," 2483919"," 1"," 0"," 0"
672470," 2703360"," 1"," 0"," 0"
672721," 2359296"," 1"," 0"," 0"
672970," 2631967"," 1"," 0"," 0"
673220," 2310144"," 1"," 0"," 0"
673471," 2703360"," 1"," 0"," 0"
673720," 3125461"," 1"," 0"," 0"
673970," 2752512"," 1"," 0"," 0"
674221," 2703360"," 1"," 0"," 0"
674470," 2862265"," 1"," 0"," 0"
674720," 3178496"," 1"," 0"," 0"
674970," 2785280"," 1"," 0"," 0"
675221," 2490368"," 1"," 0"," 0"
675470," 2385220"," 1"," 0"," 0"
675720," 3014656"," 1"," 0"," 0"
675970," 2703360"," 1"," 0"," 0"
676221," 2916352"," 1"," 0"," 0"
676470," 2977413"," 1"," 0"," 0"
676720," 2916352"," 1"," 0"," 0"
676970," 2637824"," 1"," 0"," 0"
677220," 2899968"," 1"," 0"," 0"
677471," 2916352"," 1"," 0"," 0"
677720," 2993863"," 1"," 0"," 0"
677970," 2375680"," 1"," 0"," 0"
678220," 2736128"," 1"," 0"," 0"
678471," 2588672"," 1"," 0"," 0"
678720," 3010313"," 1"," 0"," 0"
678970," 2850816"," 1"," 0"," 0"
679220," 2965504"," 1"," 0"," 0"
679471," 3162112"," 1"," 0"," 0"
679720," 2895164"," 1"," 0"," 0"
679970," 2965504"," 1"," 0"," 0"
680220," 3211264"," 1"," 0"," 0"
680470," 2883584"," 1"," 0"," 0"
680721," 2949120"," 1"," 0"," 0"
680970," 2714216"," 1"," 0"," 0"
681220," 2801664"," 1"," 0"," 0"
681470," 2375680"," 1"," 0"," 0"
681721," 2818048"," 1"," 0"," 0"
681970," 2829365"," 1"," 0"," 0"
682220," 2441216"," 1"," 0"," 0"
682470," 2736128"," 1"," 0"," 0"
682720," 2949120"," 1"," 0"," 0"
682971," 3080192"," 1"," 0"," 0"
683220," 3125461"," 1"," 0"," 0"
683470," 3014656"," 1"," 0"," 0"
683721," 3047424"," 1"," 0"," 0"
683970," 2631967"," 1"," 0"," 0"
684220," 2965504"," 1"," 0"," 0"
684471," 2834432"," 1"," 0"," 0"
684720," 2862265"," 1"," 0"," 0"
684970," 2834432"," 1"," 0"," 0"
685221," 2588672"," 1"," 0"," 0"
685471," 3244032"," 1"," 0"," 0"
685720," 3010313"," 1"," 0"," 0"
685970," 3096576"," 1"," 0"," 0"
686220," 2523136"," 1"," 0"," 0"
686471," 2441216"," 1"," 0"," 0"
686720," 2829365"," 1"," 0"," 0"
686970," 2818048"," 1"," 0"," 0"
687220," 3014656"," 1"," 0"," 0"
687470," 2834432"," 1"," 0"," 0"
687721," 2899968"," 1"," 0"," 0"
687970," 2714216"," 1"," 0"," 0"
688220," 3063808"," 1"," 0"," 0"
688470," 2834432"," 1"," 0"," 0"
688721," 2752512"," 1"," 0"," 0"
688970," 2516819"," 1"," 0"," 0"
689220," 2965504"," 1"," 0"," 0"
689470," 2998272"," 1"," 0"," 0"
689720," 3047424"," 1"," 0"," 0"
689971," 2605056"," 1"," 0"," 0"
690220," 2549718"," 1"," 0"," 0"
690470," 2932736"," 1"," 0"," 0"
690720," 2949120"," 1"," 0"," 0"
690970," 2932736"," 1"," 0"," 0"
691221," 2867200"," 1"," 0"," 0"
691470," 2960963"," 1"," 0"," 0"
691720," 3178496"," 1"," 0"," 0"
691970," 2424832"," 1"," 0"," 0"
692221," 3112960"," 1"," 0"," 0"
692470," 2829365"," 1"," 0"," 0"
692720," 2228224"," 1"," 0"," 0"
692970," 2981888"," 1"," 0"," 0"
693220," 2785280"," 1"," 0"," 0"
693471," 2588672"," 1"," 0"," 0"
693720," 2697767"," 1"," 0"," 0"
693970," 2785280"," 1"," 0"," 0"
694220," 2359296"," 1"," 0"," 0"
694470," 2719744"," 1"," 0"," 0"
694720," 2401670"," 1"," 0"," 0"
694970," 2752512"," 1"," 0"," 0"
695220," 2719744"," 1"," 0"," 0"
695470," 3178496"," 1"," 0"," 0"
695720," 2719744"," 1"," 0"," 0"
695970," 3092562"," 1"," 0"," 0"
696220," 3260416"," 1"," 0"," 0"
696470," 3031040"," 1"," 0"," 0"
696720," 2883584"," 1"," 0"," 0"
696970," 2277376"," 1"," 0"," 0"
697221," 2523136"," 1"," 0"," 0"
697470," 3125461"," 1"," 0"," 0"
697720," 2048000"," 1"," 0"," 0"
697970," 2179072"," 1"," 0"," 0"
698221," 2326528"," 1"," 0"," 0"
698470," 2780016"," 1"," 0"," 0"
698720," 2113536"," 1"," 0"," 0"
698970," 2834432"," 1"," 0"," 0"
699221," 3080192"," 1"," 0"," 0"
699470," 2878714"," 1"," 0"," 0"
699720," 2899968"," 1"," 0"," 0"
699970," 2408448"," 1"," 0"," 0"
700220," 2621440"," 1"," 0"," 0"
700471," 2818048"," 1"," 0"," 0"
700720," 2895164"," 1"," 0"," 0"
700970," 2719744"," 1"," 0"," 0"
701220," 3014656"," 1"," 0"," 0"
701471," 2818048"," 1"," 0"," 0"
701720," 2631967"," 1"," 0"," 0"
701970," 2506752"," 1"," 0"," 0"
702220," 2326528"," 1"," 0"," 0"
702471," 2686976"," 1"," 0"," 0"
702720," 2253622"," 1"," 0"," 0"
702970," 2686976"," 1"," 0"," 0"
703220," 2899968"," 1"," 0"," 0"
703470," 2621440"," 1"," 0"," 0"
703721," 2883584"," 1"," 0"," 0"
703970," 2483919"," 1"," 0"," 0"
704220," 2572288"," 1"," 0"," 0"
704470," 2899968"," 1"," 0"," 0"
704721," 2801664"," 1"," 0"," 0"
704970," 2434570"," 1"," 0"," 0"
705220," 2981888"," 1"," 0"," 0"
705470," 2375680"," 1"," 0"," 0"
705720," 2768896"," 1"," 0"," 0"
705971," 3063808"," 1"," 0"," 0"
706220," 2763566"," 1"," 0"," 0"
706470," 3178496"," 1"," 0"," 0"
706721," 2850816"," 1"," 0"," 0"
706971," 2916352"," 1"," 0"," 0"
707220," 3026763"," 1"," 0"," 0"
707470," 2293760"," 1"," 0"," 0"
707720," 2277376"," 1"," 0"," 0"
707971," 2736128"," 1"," 0"," 0"
708220," 2763566"," 1"," 0"," 0"
708470," 2834432"," 1"," 0"," 0"
708720," 2473984"," 1"," 0"," 0"
708971," 2572288"," 1"," 0"," 0"
709220," 2566168"," 1"," 0"," 0"
709470," 1900544"," 1"," 0"," 0"
709720," 1622016"," 1"," 0"," 0"
709971," 1736704"," 1"," 0"," 0"
710220," 2270072"," 1"," 0"," 0"
710470," 2228224"," 1"," 0"," 0"
710720," 1720320"," 1"," 0"," 0"
710971," 2342912"," 1"," 0"," 0"
711220," 2582618"," 1"," 0"," 0"
711470," 2277376"," 1"," 0"," 0"
711721," 2703360"," 1"," 0"," 0"
711971," 2686976"," 1"," 0"," 0"
712220," 2845815"," 1"," 0"," 0"
712470," 3244032"," 1"," 0"," 0"
712721," 2605056"," 1"," 0"," 0"
712970," 3372208"," 1"," 0"," 0"
713220," 3031040"," 1"," 0"," 0"
713470," 2818048"," 1"," 0"," 0"
713721," 2932736"," 1"," 0"," 0"
713970," 2730666"," 1"," 0"," 0"
714220," 2916352"," 1"," 0"," 0"
714471," 2703360"," 1"," 0"," 0"
714720," 2763566"," 1"," 0"," 0"
714970," 3047424"," 1"," 0"," 0"
715221," 3014656"," 1"," 0"," 0"
715470," 2270072"," 1"," 0"," 0"
715720," 2670592"," 1"," 0"," 0"
715971," 2588672"," 1"," 0"," 0"
716220," 3109012"," 1"," 0"," 0"
716470," 3063808"," 1"," 0"," 0"
716720," 2473984"," 1"," 0"," 0"
716971," 2375680"," 1"," 0"," 0"
717220," 2664867"," 1"," 0"," 0"
717470," 2228224"," 1"," 0"," 0"
717721," 2260992"," 1"," 0"," 0"
717970," 2928064"," 1"," 0"," 0"
718220," 2637824"," 1"," 0"," 0"
718470," 2703360"," 1"," 0"," 0"
718721," 2768896"," 1"," 0"," 0"
718970," 2368771"," 1"," 0"," 0"
719220," 2064384"," 1"," 0"," 0"
719470," 2375680"," 1"," 0"," 0"
719720," 2588672"," 1"," 0"," 0"
719970," 1949696"," 1"," 0"," 0"
720219," 2483919"," 1"," 0"," 0"
720470," 2818048"," 1"," 0"," 0"
720720," 2588672"," 1"," 0"," 0"
720970," 2539520"," 1"," 0"," 0"
721220," 2981888"," 1"," 0"," 0"
721470," 2703360"," 1"," 0"," 0"
721720," 2850816"," 1"," 0"," 0"
721970," 2555904"," 1"," 0"," 0"
722220," 2883584"," 1"," 0"," 0"
722470," 2965504"," 1"," 0"," 0"
722719," 2599068"," 1"," 0"," 0"
722970," 2736128"," 1"," 0"," 0"
723220," 2572288"," 1"," 0"," 0"
723470," 2899968"," 1"," 0"," 0"
723720," 2670592"," 1"," 0"," 0"
723971," 3096576"," 1"," 0"," 0"
724220," 2582618"," 1"," 0"," 0"
724470," 2162688"," 1"," 0"," 0"
724720," 2818048"," 1"," 0"," 0"
724971," 2801664"," 1"," 0"," 0"
725220," 2780016"," 1"," 0"," 0"
725470," 2572288"," 1"," 0"," 0"
725720," 2588672"," 1"," 0"," 0"
725971," 2768896"," 1"," 0"," 0"
726220," 2664867"," 1"," 0"," 0"
726470," 2899968"," 1"," 0"," 0"
726721," 2736128"," 1"," 0"," 0"
726970," 2714216"," 1"," 0"," 0"
727220," 2834432"," 1"," 0"," 0"
727470," 2768896"," 1"," 0"," 0"
727720," 2654208"," 1"," 0"," 0"
727971," 2916352"," 1"," 0"," 0"
728220," 2631967"," 1"," 0"," 0"
728470," 2867200"," 1"," 0"," 0"
728720," 2621440"," 1"," 0"," 0"
728971," 2146304"," 1"," 0"," 0"
729220," 2714216"," 1"," 0"," 0"
729470," 2211840"," 1"," 0"," 0"
729721," 2228224"," 1"," 0"," 0"
729970," 1891726"," 1"," 0"," 0"
730220," 2375680"," 1"," 0"," 0"
730470," 1720320"," 1"," 0"," 0"
730721," 1327104"," 1"," 0"," 0"
730970," 2056224"," 1"," 0"," 0"
731220," 2129920"," 1"," 0"," 0"
731470," 2228224"," 1"," 0"," 0"
731720," 2523136"," 1"," 0"," 0"
731971," 2342912"," 1"," 0"," 0"
732220," 2747116"," 1"," 0"," 0"
732470," 2506752"," 1"," 0"," 0"
732720," 2080768"," 1"," 0"," 0"
732971," 2539520"," 1"," 0"," 0"
733220," 2237172"," 1"," 0"," 0"
733470," 2244608"," 1"," 0"," 0"
733720," 2031616"," 1"," 0"," 0"
733971," 2670592"," 1"," 0"," 0"
734220," 2747116"," 1"," 0"," 0"
734470," 2670592"," 1"," 0"," 0"
734720," 2392064"," 1"," 0"," 0"
734970," 2228224"," 1"," 0"," 0"
735221," 1736704"," 1"," 0"," 0"
735470," 2714216"," 1"," 0"," 0"
735720," 2392064"," 1"," 0"," 0"
735970," 2146304"," 1"," 0"," 0"
736221," 1982464"," 1"," 0"," 0"
736470," 2237172"," 1"," 0"," 0"
736720," 2031616"," 1"," 0"," 0"
736970," 2326528"," 1"," 0"," 0"
737221," 2506752"," 1"," 0"," 0"
737470," 2187823"," 1"," 0"," 0"
737720," 1900544"," 1"," 0"," 0"
737970," 1769472"," 1"," 0"," 0"
738221," 1343488"," 1"," 0"," 0"
738470," 1743678"," 1"," 0"," 0"
738720," 2195456"," 1"," 0"," 0"
738970," 2195456"," 1"," 0"," 0"
739220," 2244608"," 1"," 0"," 0"
739471," 2539520"," 1"," 0"," 0"
739720," 2286522"," 1"," 0"," 0"
739970," 1933312"," 1"," 0"," 0"
740220," 2048000"," 1"," 0"," 0"
740470," 1949696"," 1"," 0"," 0"
740720," 2286522"," 1"," 0"," 0"
740970," 1884160"," 1"," 0"," 0"
741220," 2473984"," 1"," 0"," 0"
741470," 2129920"," 1"," 0"," 0"
741721," 2506752"," 1"," 0"," 0"
741970," 2451020"," 1"," 0"," 0"
742220," 2326528"," 1"," 0"," 0"
742470," 2572288"," 1"," 0"," 0"
742720," 2506752"," 1"," 0"," 0"
742971," 2179072"," 1"," 0"," 0"
743220," 1941076"," 1"," 0"," 0"
743470," 2244608"," 1"," 0"," 0"
743721," 2834432"," 1"," 0"," 0"
743971," 2392064"," 1"," 0"," 0"
744220," 3043212"," 1"," 0"," 0"
744470," 2965504"," 1"," 0"," 0"
744721," 2801664"," 1"," 0"," 0"
744970," 2648417"," 1"," 0"," 0"
745220," 2310144"," 1"," 0"," 0"
745470," 2670592"," 1"," 0"," 0"
745720," 2631967"," 1"," 0"," 0"
745970," 2162688"," 1"," 0"," 0"
746220," 2244608"," 1"," 0"," 0"
746470," 2277376"," 1"," 0"," 0"
746721," 2179072"," 1"," 0"," 0"
746970," 1990425"," 1"," 0"," 0"
747220," 1507328"," 1"," 0"," 0"
747470," 1851392"," 1"," 0"," 0"
747720," 2048000"," 1"," 0"," 0"
747971," 2293760"," 1"," 0"," 0"
748220," 1825927"," 1"," 0"," 0"
748470," 2457600"," 1"," 0"," 0"
748720," 2637824"," 1"," 0"," 0"
748970," 2097152"," 1"," 0"," 0"
749221," 2637824"," 1"," 0"," 0"
749470," 2056224"," 1"," 0"," 0"
749720," 2736128"," 1"," 0"," 0"
749970," 2752512"," 1"," 0"," 0"
750221," 2703360"," 1"," 0"," 0"
750471," 2768896"," 1"," 0"," 0"
750720," 2747116"," 1"," 0"," 0"
750970," 2588672"," 1"," 0"," 0"
751220," 2670592"," 1"," 0"," 0"
751471," 2326528"," 1"," 0"," 0"
751720," 2352321"," 1"," 0"," 0"
751971," 2195456"," 1"," 0"," 0"
752221," 2326528"," 1"," 0"," 0"
752470," 2599068"," 1"," 0"," 0"
752721," 2293760"," 1"," 0"," 0"
752970," 2845815"," 1"," 0"," 0"
753220," 2605056"," 1"," 0"," 0"
753470," 2539520"," 1"," 0"," 0"
753721," 2539520"," 1"," 0"," 0"
753970," 2516819"," 1"," 0"," 0"
754220," 2539520"," 1"," 0"," 0"
754470," 2621440"," 1"," 0"," 0"
754721," 2670592"," 1"," 0"," 0"
754970," 2812915"," 1"," 0"," 0"
755220," 2736128"," 1"," 0"," 0"
755470," 2555904"," 1"," 0"," 0"
755721," 3063808"," 1"," 0"," 0"
755970," 3010313"," 1"," 0"," 0"
756220," 2588672"," 1"," 0"," 0"
756470," 2965504"," 1"," 0"," 0"
756721," 2555904"," 1"," 0"," 0"
756970," 2681317"," 1"," 0"," 0"
757220," 2359296"," 1"," 0"," 0"
757471," 2392064"," 1"," 0"," 0"
757721," 2080768"," 1"," 0"," 0"
757970," 2599068"," 1"," 0"," 0"
758220," 2392064"," 1"," 0"," 0"
758471," 2654208"," 1"," 0"," 0"
758720," 2648417"," 1"," 0"," 0"
758970," 2965504"," 1"," 0"," 0"
759221," 2834432"," 1"," 0"," 0"
759470," 1990425"," 1"," 0"," 0"
759720," 2686976"," 1"," 0"," 0"
759971," 2457600"," 1"," 0"," 0"
760221," 2359296"," 1"," 0"," 0"
760470," 2549718"," 1"," 0"," 0"
760721," 2310144"," 1"," 0"," 0"
760971," 2408448"," 1"," 0"," 0"
761220," 2253622"," 1"," 0"," 0"
761470," 1458176"," 1"," 0"," 0"
761721," 1327104"," 1"," 0"," 0"
761970," 1513381"," 1"," 0"," 0"
762220," 2048000"," 1"," 0"," 0"
762471," 2523136"," 1"," 0"," 0"
762720," 2204273"," 1"," 0"," 0"
762970," 2654208"," 1"," 0"," 0"
763221," 2277376"," 1"," 0"," 0"
763471," 2326528"," 1"," 0"," 0"
763720," 2302971"," 1"," 0"," 0"
763970," 1998848"," 1"," 0"," 0"
764221," 1867776"," 1"," 0"," 0"
764470," 2056224"," 1"," 0"," 0"
764720," 2768896"," 1"," 0"," 0"
764971," 2686976"," 1"," 0"," 0"
765220," 2434570"," 1"," 0"," 0"
765470," 2670592"," 1"," 0"," 0"
765720," 2637824"," 1"," 0"," 0"
765971," 2588672"," 1"," 0"," 0"
766220," 2467469"," 1"," 0"," 0"
766470," 2473984"," 1"," 0"," 0"
766720," 1671168"," 1"," 0"," 0"
766971," 2228224"," 1"," 0"," 0"
767220," 1809477"," 1"," 0"," 0"
767470," 1851392"," 1"," 0"," 0"
767721," 2146304"," 1"," 0"," 0"
767970," 1694329"," 1"," 0"," 0"
768220," 2015232"," 1"," 0"," 0"
768471," 2326528"," 1"," 0"," 0"
768720," 2418120"," 1"," 0"," 0"
768970," 2129920"," 1"," 0"," 0"
769220," 2441216"," 1"," 0"," 0"
769471," 1835008"," 1"," 0"," 0"
769720," 1628530"," 1"," 0"," 0"
769970," 1327104"," 1"," 0"," 0"
770221," 1245184"," 1"," 0"," 0"
770471," 2113536"," 1"," 0"," 0"
770720," 2187823"," 1"," 0"," 0"
770970," 2260992"," 1"," 0"," 0"
771221," 2408448"," 1"," 0"," 0"
771470," 2187823"," 1"," 0"," 0"
771720," 1769472"," 1"," 0"," 0"
771971," 2195456"," 1"," 0"," 0"
772220," 2747116"," 1"," 0"," 0"
772470," 1736704"," 1"," 0"," 0"
772721," 1687552"," 1"," 0"," 0"
772971," 2539520"," 1"," 0"," 0"
773220," 2122024"," 1"," 0"," 0"
773470," 2342912"," 1"," 0"," 0"
773721," 2048000"," 1"," 0"," 0"
773970," 2056224"," 1"," 0"," 0"
774220," 1835008"," 1"," 0"," 0"
774470," 868352"," 1"," 0"," 0"
774721," 1851392"," 1"," 0"," 0"
774970," 1677879"," 1"," 0"," 0"
775220," 1163264"," 1"," 0"," 0"
775470," 1867776"," 1"," 0"," 0"
775720," 2039775"," 1"," 0"," 0"
775970," 2375680"," 1"," 0"," 0"
776220," 2818048"," 1"," 0"," 0"
776470," 2637824"," 1"," 0"," 0"
776721," 2408448"," 1"," 0"," 0"
776970," 2549718"," 1"," 0"," 0"
777220," 2932736"," 1"," 0"," 0"
777470," 3112960"," 1"," 0"," 0"
777721," 2129920"," 1"," 0"," 0"
777970," 2154923"," 1"," 0"," 0"
778220," 2539520"," 1"," 0"," 0"
778470," 2211840"," 1"," 0"," 0"
778721," 1884160"," 1"," 0"," 0"
778970," 2533269"," 1"," 0"," 0"
779220," 2457600"," 1"," 0"," 0"
779470," 2015232"," 1"," 0"," 0"
779720," 2064384"," 1"," 0"," 0"
779971," 2490368"," 1"," 0"," 0"
780220," 2401670"," 1"," 0"," 0"
780470," 2441216"," 1"," 0"," 0"
780721," 1916928"," 1"," 0"," 0"
780970," 2270072"," 1"," 0"," 0"
781220," 2392064"," 1"," 0"," 0"
781470," 1638400"," 1"," 0"," 0"
781721," 2457600"," 1"," 0"," 0"
781970," 2385220"," 1"," 0"," 0"
782220," 2506752"," 1"," 0"," 0"
782470," 2375680"," 1"," 0"," 0"
782721," 2473984"," 1"," 0"," 0"
782970," 1776578"," 1"," 0"," 0"
783220," 2916352"," 1"," 0"," 0"
783470," 2277376"," 1"," 0"," 0"
783720," 2146304"," 1"," 0"," 0"
783971," 1572864"," 1"," 0"," 0"
784220," 871839"," 1"," 0"," 0"
784470," 1359872"," 1"," 0"," 0"
784720," 1884160"," 1"," 0"," 0"
784971," 1851392"," 1"," 0"," 0"
785220," 1760128"," 1"," 0"," 0"
785470," 1245184"," 1"," 0"," 0"
785720," 2260992"," 1"," 0"," 0"
785970," 1851392"," 1"," 0"," 0"
786220," 2154923"," 1"," 0"," 0"
786470," 1245184"," 1"," 0"," 0"
786720," 2031616"," 1"," 0"," 0"
786970," 1261568"," 1"," 0"," 0"
787221," 2326528"," 1"," 0"," 0"
787470," 2418120"," 1"," 0"," 0"
787720," 2473984"," 1"," 0"," 0"
787970," 1622016"," 1"," 0"," 0"
788221," 2277376"," 1"," 0"," 0"
788470," 2582618"," 1"," 0"," 0"
788720," 2277376"," 1"," 0"," 0"
788970," 1376256"," 1"," 0"," 0"
789221," 1703936"," 1"," 0"," 0"
789470," 1941076"," 1"," 0"," 0"
789720," 2162688"," 1"," 0"," 0"
789971," 1622016"," 1"," 0"," 0"
790221," 1736704"," 1"," 0"," 0"
790470," 1414682"," 1"," 0"," 0"
790720," 1703936"," 1"," 0"," 0"
790970," 1589248"," 1"," 0"," 0"
791220," 1875277"," 1"," 0"," 0"
791470," 1998848"," 1"," 0"," 0"
791720," 2211840"," 1"," 0"," 0"
791970," 1900544"," 1"," 0"," 0"
792221," 1982464"," 1"," 0"," 0"
792470," 1496931"," 1"," 0"," 0"
792720," 1966080"," 1"," 0"," 0"
792970," 2572288"," 1"," 0"," 0"
793221," 2392064"," 1"," 0"," 0"
793470," 2171373"," 1"," 0"," 0"
793720," 1802240"," 1"," 0"," 0"
793970," 2867200"," 1"," 0"," 0"
794220," 2605056"," 1"," 0"," 0"
794471," 1998848"," 1"," 0"," 0"
794720," 2138473"," 1"," 0"," 0"
794970," 2195456"," 1"," 0"," 0"
795221," 2031616"," 1"," 0"," 0"
795470," 2105574"," 1"," 0"," 0"
795720," 2064384"," 1"," 0"," 0"
795970," 1507328"," 1"," 0"," 0"
796221," 1867776"," 1"," 0"," 0"
796470," 1776578"," 1"," 0"," 0"
796720," 1622016"," 1"," 0"," 0"
796970," 2342912"," 1"," 0"," 0"
797221," 2523136"," 1"," 0"," 0"
797470," 2747116"," 1"," 0"," 0"
797720," 2179072"," 1"," 0"," 0"
797970," 1802240"," 1"," 0"," 0"
798221," 2080768"," 1"," 0"," 0"
798470," 2385220"," 1"," 0"," 0"
798720," 2211840"," 1"," 0"," 0"
798970," 2359296"," 1"," 0"," 0"
799221," 2211840"," 1"," 0"," 0"
799470," 2302971"," 1"," 0"," 0"
799720," 2523136"," 1"," 0"," 0"
799970," 2490368"," 1"," 0"," 0"
800220," 2949120"," 1"," 0"," 0"
800471," 2310144"," 1"," 0"," 0"
800720," 1875277"," 1"," 0"," 0"
800970," 1966080"," 1"," 0"," 0"
801220," 1671168"," 1"," 0"," 0"
801471," 2260992"," 1"," 0"," 0"
801720," 1661429"," 1"," 0"," 0"
801970," 1900544"," 1"," 0"," 0"
802221," 1097728"," 1"," 0"," 0"
802471," 2064384"," 1"," 0"," 0"
802720," 2072674"," 1"," 0"," 0"
802970," 1687552"," 1"," 0"," 0"
803221," 1622016"," 1"," 0"," 0"
803470," 2352321"," 1"," 0"," 0"
803720," 1589248"," 1"," 0"," 0"
803970," 983040"," 1"," 0"," 0"
804221," 1523712"," 1"," 0"," 0"
804470," 1151485"," 1"," 0"," 0"
804720," 1622016"," 1"," 0"," 0"
804971," 2031616"," 1"," 0"," 0"
805221," 1638400"," 1"," 0"," 0"
805470," 2122024"," 1"," 0"," 0"
805720," 2539520"," 1"," 0"," 0"
805970," 1622016"," 1"," 0"," 0"
806221," 2097152"," 1"," 0"," 0"
806470," 2089124"," 1"," 0"," 0"
806720," 2048000"," 1"," 0"," 0"
806970," 2048000"," 1"," 0"," 0"
807221," 1769472"," 1"," 0"," 0"
807470," 1891726"," 1"," 0"," 0"
807720," 2260992"," 1"," 0"," 0"
807970," 1703936"," 1"," 0"," 0"
808221," 2228224"," 1"," 0"," 0"
808470," 2056224"," 1"," 0"," 0"
808720," 1966080"," 1"," 0"," 0"
808970," 2031616"," 1"," 0"," 0"
809220," 1900544"," 1"," 0"," 0"
809471," 1490944"," 1"," 0"," 0"
809720," 2220722"," 1"," 0"," 0"
809970," 1933312"," 1"," 0"," 0"
810220," 2244608"," 1"," 0"," 0"
810471," 1703936"," 1"," 0"," 0"
810720," 2023325"," 1"," 0"," 0"
810970," 2441216"," 1"," 0"," 0"
811220," 2490368"," 1"," 0"," 0"
811470," 1998848"," 1"," 0"," 0"
811721," 2457600"," 1"," 0"," 0"
811970," 2187823"," 1"," 0"," 0"
812220," 2031616"," 1"," 0"," 0"
812470," 1966080"," 1"," 0"," 0"
812721," 1949696"," 1"," 0"," 0"
812970," 2319421"," 1"," 0"," 0"
813220," 2097152"," 1"," 0"," 0"
813470," 1867776"," 1"," 0"," 0"
813720," 2179072"," 1"," 0"," 0"
813970," 2385220"," 1"," 0"," 0"
814220," 2260992"," 1"," 0"," 0"
814470," 2195456"," 1"," 0"," 0"
814720," 2392064"," 1"," 0"," 0"
814970," 2293760"," 1"," 0"," 0"
815221," 2080768"," 1"," 0"," 0"
815470," 2154923"," 1"," 0"," 0"
815720," 2342912"," 1"," 0"," 0"
815970," 2555904"," 1"," 0"," 0"
816221," 2244608"," 1"," 0"," 0"
816470," 2352321"," 1"," 0"," 0"
816720," 2605056"," 1"," 0"," 0"
816970," 2228224"," 1"," 0"," 0"
817220," 1966080"," 1"," 0"," 0"
817471," 2162688"," 1"," 0"," 0"
817720," 2089124"," 1"," 0"," 0"
817970," 1933312"," 1"," 0"," 0"
818220," 1949696"," 1"," 0"," 0"
818471," 1884160"," 1"," 0"," 0"
818720," 1973975"," 1"," 0"," 0"
818970," 2015232"," 1"," 0"," 0"
819220," 1753088"," 1"," 0"," 0"
819471," 2179072"," 1"," 0"," 0"
819720," 1990425"," 1"," 0"," 0"
819970," 1851392"," 1"," 0"," 0"
820220," 1835008"," 1"," 0"," 0"
820471," 2097152"," 1"," 0"," 0"
820720," 2138473"," 1"," 0"," 0"
820970," 2080768"," 1"," 0"," 0"
821220," 2162688"," 1"," 0"," 0"
821471," 1523712"," 1"," 0"," 0"
821720," 1825927"," 1"," 0"," 0"
821970," 1769472"," 1"," 0"," 0"
822220," 2588672"," 1"," 0"," 0"
822471," 2228224"," 1"," 0"," 0"
822720," 2319421"," 1"," 0"," 0"
822970," 2113536"," 1"," 0"," 0"
823220," 2162688"," 1"," 0"," 0"
823471," 1851392"," 1"," 0"," 0"
823720," 1908176"," 1"," 0"," 0"
823970," 1769472"," 1"," 0"," 0"
824221," 1409024"," 1"," 0"," 0"
824470," 1348883"," 1"," 0"," 0"
824720," 2015232"," 1"," 0"," 0"
824970," 1851392"," 1"," 0"," 0"
825221," 2506752"," 1"," 0"," 0"
825470," 2154923"," 1"," 0"," 0"
825720," 1949696"," 1"," 0"," 0"
825970," 1867776"," 1"," 0"," 0"
826221," 1572864"," 1"," 0"," 0"
826470," 1743678"," 1"," 0"," 0"
826720," 1638400"," 1"," 0"," 0"
826970," 2195456"," 1"," 0"," 0"
827221," 1900544"," 1"," 0"," 0"
827470," 2270072"," 1"," 0"," 0"
827720," 2195456"," 1"," 0"," 0"
827970," 2359296"," 1"," 0"," 0"
828220," 1916928"," 1"," 0"," 0"
828471," 2392064"," 1"," 0"," 0"
828720," 2434570"," 1"," 0"," 0"
828970," 2146304"," 1"," 0"," 0"
829220," 2195456"," 1"," 0"," 0"
829471," 2080768"," 1"," 0"," 0"
829720," 1809477"," 1"," 0"," 0"
829970," 2080768"," 1"," 0"," 0"
830220," 1556480"," 1"," 0"," 0"
830471," 1474560"," 1"," 0"," 0"
830720," 1595630"," 1"," 0"," 0"
830970," 868352"," 1"," 0"," 0"
831220," 1507328"," 1"," 0"," 0"
831470," 1867776"," 1"," 0"," 0"
831721," 2605056"," 1"," 0"," 0"
831970," 2171373"," 1"," 0"," 0"
832220," 2113536"," 1"," 0"," 0"
832470," 1589248"," 1"," 0"," 0"
832721," 2015232"," 1"," 0"," 0"
832970," 2023325"," 1"," 0"," 0"
833220," 1818624"," 1"," 0"," 0"
833470," 2129920"," 1"," 0"," 0"
833721," 1671168"," 1"," 0"," 0"
833970," 2319421"," 1"," 0"," 0"
834220," 2588672"," 1"," 0"," 0"
834470," 2539520"," 1"," 0"," 0"
834720," 2506752"," 1"," 0"," 0"
834971," 2015232"," 1"," 0"," 0"
835220," 2302971"," 1"," 0"," 0"
835470," 1081344"," 1"," 0"," 0"
835721," 2211840"," 1"," 0"," 0"
835970," 1825927"," 1"," 0"," 0"
836220," 1441792"," 1"," 0"," 0"
836470," 1949696"," 1"," 0"," 0"
836720," 2048000"," 1"," 0"," 0"
836970," 1941076"," 1"," 0"," 0"
837220," 2359296"," 1"," 0"," 0"
837470," 1933312"," 1"," 0"," 0"
837720," 2211840"," 1"," 0"," 0"
837970," 2113536"," 1"," 0"," 0"
838221," 1654784"," 1"," 0"," 0"
838470," 1924626"," 1"," 0"," 0"
838720," 2048000"," 1"," 0"," 0"
838970," 2129920"," 1"," 0"," 0"
839220," 1638400"," 1"," 0"," 0"
839471," 1835008"," 1"," 0"," 0"
839720," 1677879"," 1"," 0"," 0"
839970," 933888"," 1"," 0"," 0"
840221," 1540096"," 1"," 0"," 0"
840470," 1941076"," 1"," 0"," 0"
840720," 1441792"," 1"," 0"," 0"
840970," 1277952"," 1"," 0"," 0"
841221," 1294336"," 1"," 0"," 0"
841470," 1710779"," 1"," 0"," 0"
841720," 1818624"," 1"," 0"," 0"
841971," 1818624"," 1"," 0"," 0"
842221," 1409024"," 1"," 0"," 0"
842470," 1036337"," 1"," 0"," 0"
842720," 1638400"," 1"," 0"," 0"
842970," 1540096"," 1"," 0"," 0"
843221," 1949696"," 1"," 0"," 0"
843470," 1990425"," 1"," 0"," 0"
843720," 2490368"," 1"," 0"," 0"
843971," 2424832"," 1"," 0"," 0"
844220," 1447582"," 1"," 0"," 0"
844470," 1802240"," 1"," 0"," 0"
844720," 1474560"," 1"," 0"," 0"
844970," 1310720"," 1"," 0"," 0"
845220," 1760128"," 1"," 0"," 0"
845470," 1900544"," 1"," 0"," 0"
845720," 1212416"," 1"," 0"," 0"
845970," 1835008"," 1"," 0"," 0"
846220," 1743678"," 1"," 0"," 0"
846470," 2211840"," 1"," 0"," 0"
846720," 1687552"," 1"," 0"," 0"
846970," 1327104"," 1"," 0"," 0"
847220," 1851392"," 1"," 0"," 0"
847471," 1818624"," 1"," 0"," 0"
847720," 1381783"," 1"," 0"," 0"
847970," 2195456"," 1"," 0"," 0"
848220," 2506752"," 1"," 0"," 0"
848470," 2555904"," 1"," 0"," 0"
848721," 2375680"," 1"," 0"," 0"
848970," 2072674"," 1"," 0"," 0"
849220," 2146304"," 1"," 0"," 0"
849470," 1802240"," 1"," 0"," 0"
849721," 1769472"," 1"," 0"," 0"
849970," 2319421"," 1"," 0"," 0"
850220," 1736704"," 1"," 0"," 0"
850471," 2621440"," 1"," 0"," 0"
850720," 2319421"," 1"," 0"," 0"
850970," 2211840"," 1"," 0"," 0"
851220," 2342912"," 1"," 0"," 0"
851471," 2359296"," 1"," 0"," 0"
851720," 2187823"," 1"," 0"," 0"
851970," 1998848"," 1"," 0"," 0"
852220," 2048000"," 1"," 0"," 0"
852470," 2293760"," 1"," 0"," 0"
852721," 2129920"," 1"," 0"," 0"
852970," 1644979"," 1"," 0"," 0"
853220," 1392640"," 1"," 0"," 0"
853470," 2293760"," 1"," 0"," 0"
853721," 2228224"," 1"," 0"," 0"
853970," 2582618"," 1"," 0"," 0"
854220," 2375680"," 1"," 0"," 0"
854470," 2490368"," 1"," 0"," 0"
854721," 2703360"," 1"," 0"," 0"
854970," 2138473"," 1"," 0"," 0"
855220," 1949696"," 1"," 0"," 0"
855470," 1867776"," 1"," 0"," 0"
855721," 2408448"," 1"," 0"," 0"
855970," 2039775"," 1"," 0"," 0"
856220," 1753088"," 1"," 0"," 0"
856470," 2506752"," 1"," 0"," 0"
856721," 2097152"," 1"," 0"," 0"
856970," 2319421"," 1"," 0"," 0"
857220," 1998848"," 1"," 0"," 0"
857470," 2064384"," 1"," 0"," 0"
857720," 1835008"," 1"," 0"," 0"
857971," 1818624"," 1"," 0"," 0"
858220," 2286522"," 1"," 0"," 0"
858470," 1310720"," 1"," 0"," 0"
858720," 1671168"," 1"," 0"," 0"
858971," 2473984"," 1"," 0"," 0"
859220," 1875277"," 1"," 0"," 0"
859470," 2228224"," 1"," 0"," 0"
859720," 1982464"," 1"," 0"," 0"
859970," 2424832"," 1"," 0"," 0"
860221," 2195456"," 1"," 0"," 0"
860470," 2368771"," 1"," 0"," 0"
860720," 1376256"," 1"," 0"," 0"
860970," 2080768"," 1"," 0"," 0"
861221," 2162688"," 1"," 0"," 0"
861470," 2072674"," 1"," 0"," 0"
861720," 2048000"," 1"," 0"," 0"
861970," 1507328"," 1"," 0"," 0"
862220," 2637824"," 1"," 0"," 0"
862471," 1392640"," 1"," 0"," 0"
862720," 1447582"," 1"," 0"," 0"
862970," 1622016"," 1"," 0"," 0"
863220," 1736704"," 1"," 0"," 0"
863471," 1622016"," 1"," 0"," 0"
863720," 2039775"," 1"," 0"," 0"
863970," 2605056"," 1"," 0"," 0"
864220," 2408448"," 1"," 0"," 0"
864471," 1835008"," 1"," 0"," 0"
864720," 1941076"," 1"," 0"," 0"
864970," 1982464"," 1"," 0"," 0"
865220," 2048000"," 1"," 0"," 0"
865471," 1638400"," 1"," 0"," 0"
865720," 1743678"," 1"," 0"," 0"
865970," 1949696"," 1"," 0"," 0"
866220," 1966080"," 1"," 0"," 0"
866471," 1933312"," 1"," 0"," 0"
866720," 1842377"," 1"," 0"," 0"
866970," 1736704"," 1"," 0"," 0"
867220," 2523136"," 1"," 0"," 0"
867471," 2424832"," 1"," 0"," 0"
867721," 2539520"," 1"," 0"," 0"
867970," 2187823"," 1"," 0"," 0"
868220," 2654208"," 1"," 0"," 0"
868471," 2605056"," 1"," 0"," 0"
868721," 2490368"," 1"," 0"," 0"
868970," 2747116"," 1"," 0"," 0"
869220," 2473984"," 1"," 0"," 0"
869471," 2719744"," 1"," 0"," 0"
869720," 2664867"," 1"," 0"," 0"
869970," 2605056"," 1"," 0"," 0"
870220," 2359296"," 1"," 0"," 0"
870470," 2686976"," 1"," 0"," 0"
870721," 2392064"," 1"," 0"," 0"
870970," 2714216"," 1"," 0"," 0"
871220," 2113536"," 1"," 0"," 0"
871470," 2588672"," 1"," 0"," 0"
871721," 1933312"," 1"," 0"," 0"
871970," 2368771"," 1"," 0"," 0"
872220," 2342912"," 1"," 0"," 0"
872470," 2555904"," 1"," 0"," 0"
872720," 2703360"," 1"," 0"," 0"
872971," 2899968"," 1"," 0"," 0"
873220," 2385220"," 1"," 0"," 0"
873470," 1835008"," 1"," 0"," 0"
873720," 2392064"," 1"," 0"," 0"
873971," 2490368"," 1"," 0"," 0"
874220," 2549718"," 1"," 0"," 0"
874470," 2703360"," 1"," 0"," 0"
874721," 2555904"," 1"," 0"," 0"
874970," 2730666"," 1"," 0"," 0"
875220," 2867200"," 1"," 0"," 0"
875470," 2998272"," 1"," 0"," 0"
875721," 2621440"," 1"," 0"," 0"
875970," 2993863"," 1"," 0"," 0"
876220," 2359296"," 1"," 0"," 0"
876471," 2179072"," 1"," 0"," 0"
876720," 2631967"," 1"," 0"," 0"
876970," 2850816"," 1"," 0"," 0"
877220," 2932736"," 1"," 0"," 0"
877470," 2293760"," 1"," 0"," 0"
877721," 2768896"," 1"," 0"," 0"
877970," 2812915"," 1"," 0"," 0"
878220," 2637824"," 1"," 0"," 0"
878470," 2342912"," 1"," 0"," 0"
878721," 2736128"," 1"," 0"," 0"
878970," 2664867"," 1"," 0"," 0"
879220," 2883584"," 1"," 0"," 0"
879470," 2572288"," 1"," 0"," 0"
879721," 2605056"," 1"," 0"," 0"
879971," 2752512"," 1"," 0"," 0"
880220," 2418120"," 1"," 0"," 0"
880470," 2949120"," 1"," 0"," 0"
880720," 3194880"," 1"," 0"," 0"
880971," 2752512"," 1"," 0"," 0"
881220," 2566168"," 1"," 0"," 0"
881470," 2670592"," 1"," 0"," 0"
881720," 2801664"," 1"," 0"," 0"
881970," 2654208"," 1"," 0"," 0"
882221," 2277376"," 1"," 0"," 0"
882470," 2533269"," 1"," 0"," 0"
882720," 2932736"," 1"," 0"," 0"
882970," 2801664"," 1"," 0"," 0"
883221," 2785280"," 1"," 0"," 0"
883470," 2730666"," 1"," 0"," 0"
883720," 2572288"," 1"," 0"," 0"
883970," 2441216"," 1"," 0"," 0"
884220," 2424832"," 1"," 0"," 0"
884471," 2506752"," 1"," 0"," 0"
884720," 2302971"," 1"," 0"," 0"
884970," 2392064"," 1"," 0"," 0"
885220," 2605056"," 1"," 0"," 0"
885471," 2424832"," 1"," 0"," 0"
885720," 2533269"," 1"," 0"," 0"
885970," 2621440"," 1"," 0"," 0"
886220," 2211840"," 1"," 0"," 0"
886470," 2392064"," 1"," 0"," 0"
886720," 2582618"," 1"," 0"," 0"
886970," 2015232"," 1"," 0"," 0"
887220," 2932736"," 1"," 0"," 0"
887470," 2932736"," 1"," 0"," 0"
887720," 2899968"," 1"," 0"," 0"
887971," 2801664"," 1"," 0"," 0"
888220," 2500369"," 1"," 0"," 0"
888470," 2621440"," 1"," 0"," 0"
888720," 2572288"," 1"," 0"," 0"
888970," 2392064"," 1"," 0"," 0"
889221," 2818048"," 1"," 0"," 0"
889470," 2467469"," 1"," 0"," 0"
889720," 2768896"," 1"," 0"," 0"
889970," 2719744"," 1"," 0"," 0"
890221," 2686976"," 1"," 0"," 0"
890470," 2631967"," 1"," 0"," 0"
890720," 1982464"," 1"," 0"," 0"
890970," 2555904"," 1"," 0"," 0"
891220," 2392064"," 1"," 0"," 0"
891471," 2244608"," 1"," 0"," 0"
891720," 2483919"," 1"," 0"," 0"
891970," 2473984"," 1"," 0"," 0"
892220," 2424832"," 1"," 0"," 0"
892471," 2621440"," 1"," 0"," 0"
892720," 2418120"," 1"," 0"," 0"
892970," 2801664"," 1"," 0"," 0"
893220," 2473984"," 1"," 0"," 0"
893470," 2408448"," 1"," 0"," 0"
893721," 2392064"," 1"," 0"," 0"
893970," 2319421"," 1"," 0"," 0"
894220," 2031616"," 1"," 0"," 0"
894470," 1949696"," 1"," 0"," 0"
894721," 2146304"," 1"," 0"," 0"
894970," 2302971"," 1"," 0"," 0"
895220," 1933312"," 1"," 0"," 0"
895471," 2195456"," 1"," 0"," 0"
895720," 1743678"," 1"," 0"," 0"
895970," 2867200"," 1"," 0"," 0"
896220," 2015232"," 1"," 0"," 0"
896471," 2686976"," 1"," 0"," 0"
896720," 2451020"," 1"," 0"," 0"
896970," 2637824"," 1"," 0"," 0"
897220," 2441216"," 1"," 0"," 0"
897471," 2523136"," 1"," 0"," 0"
897720," 2812915"," 1"," 0"," 0"
897970," 2621440"," 1"," 0"," 0"
898220," 2523136"," 1"," 0"," 0"
898470," 2867200"," 1"," 0"," 0"
898721," 2539520"," 1"," 0"," 0"
898970," 2072674"," 1"," 0"," 0"
899220," 2703360"," 1"," 0"," 0"
899470," 1605632"," 1"," 0"," 0"
899721," 2080768"," 1"," 0"," 0"
899970," 2960963"," 1"," 0"," 0"
900220," 3063808"," 1"," 0"," 0"
900470," 2146304"," 1"," 0"," 0"
900721," 2457600"," 1"," 0"," 0"
900971," 2785280"," 1"," 0"," 0"
901220," 2812915"," 1"," 0"," 0"
901470," 2392064"," 1"," 0"," 0"
901721," 3047424"," 1"," 0"," 0"
901970," 2549718"," 1"," 0"," 0"
902220," 1638400"," 1"," 0"," 0"
902470," 2162688"," 1"," 0"," 0"
902720," 2211840"," 1"," 0"," 0"
902971," 2113536"," 1"," 0"," 0"
903220," 1825927"," 1"," 0"," 0"
903470," 2162688"," 1"," 0"," 0"
903721," 2162688"," 1"," 0"," 0"
903970," 2451020"," 1"," 0"," 0"
904220," 2523136"," 1"," 0"," 0"
904471," 2621440"," 1"," 0"," 0"
904720," 2648417"," 1"," 0"," 0"
904970," 2719744"," 1"," 0"," 0"
905220," 2555904"," 1"," 0"," 0"
905471," 2424832"," 1"," 0"," 0"
905720," 2796465"," 1"," 0"," 0"
905970," 2654208"," 1"," 0"," 0"
906221," 2621440"," 1"," 0"," 0"
906470," 2434570"," 1"," 0"," 0"
906720," 2015232"," 1"," 0"," 0"
906970," 2326528"," 1"," 0"," 0"
907221," 2686976"," 1"," 0"," 0"
907470," 2434570"," 1"," 0"," 0"
907720," 2326528"," 1"," 0"," 0"
907970," 2621440"," 1"," 0"," 0"
908220," 2441216"," 1"," 0"," 0"
908471," 2686976"," 1"," 0"," 0"
908720," 2401670"," 1"," 0"," 0"
908970," 2342912"," 1"," 0"," 0"
909220," 1556480"," 1"," 0"," 0"
909471," 1785856"," 1"," 0"," 0"
909720," 2352321"," 1"," 0"," 0"
909970," 2277376"," 1"," 0"," 0"
910220," 2686976"," 1"," 0"," 0"
910471," 2228224"," 1"," 0"," 0"
910720," 2763566"," 1"," 0"," 0"
910970," 2555904"," 1"," 0"," 0"
911220," 2916352"," 1"," 0"," 0"
911471," 2441216"," 1"," 0"," 0"
911720," 2056224"," 1"," 0"," 0"
911970," 2752512"," 1"," 0"," 0"
912220," 2785280"," 1"," 0"," 0"
912471," 2621440"," 1"," 0"," 0"
912720," 2681317"," 1"," 0"," 0"
912970," 2408448"," 1"," 0"," 0"
913220," 2703360"," 1"," 0"," 0"
913471," 2588672"," 1"," 0"," 0"
913720," 2549718"," 1"," 0"," 0"
913970," 2965504"," 1"," 0"," 0"
914220," 1769472"," 1"," 0"," 0"
914471," 1949696"," 1"," 0"," 0"
914720," 2072674"," 1"," 0"," 0"
914970," 1966080"," 1"," 0"," 0"
915220," 2048000"," 1"," 0"," 0"
915470," 2260992"," 1"," 0"," 0"
915720," 2681317"," 1"," 0"," 0"
915970," 2195456"," 1"," 0"," 0"
916220," 2342912"," 1"," 0"," 0"
916470," 2244608"," 1"," 0"," 0"
916721," 2146304"," 1"," 0"," 0"
916970," 1743678"," 1"," 0"," 0"
917220," 1638400"," 1"," 0"," 0"
917471," 2146304"," 1"," 0"," 0"
917721," 2375680"," 1"," 0"," 0"
917970," 2648417"," 1"," 0"," 0"
918220," 2326528"," 1"," 0"," 0"
918471," 2523136"," 1"," 0"," 0"
918720," 1677879"," 1"," 0"," 0"
918970," 2162688"," 1"," 0"," 0"
919220," 1785856"," 1"," 0"," 0"
919470," 1867776"," 1"," 0"," 0"
919721," 1294336"," 1"," 0"," 0"
919970," 2023325"," 1"," 0"," 0"
920220," 1736704"," 1"," 0"," 0"
920470," 1884160"," 1"," 0"," 0"
920720," 2588672"," 1"," 0"," 0"
920970," 1480481"," 1"," 0"," 0"
921220," 2441216"," 1"," 0"," 0"
921470," 2424832"," 1"," 0"," 0"
921720," 2326528"," 1"," 0"," 0"
921970," 2277376"," 1"," 0"," 0"
922220," 1540096"," 1"," 0"," 0"
922470," 1966080"," 1"," 0"," 0"
922720," 2506752"," 1"," 0"," 0"
922970," 2048000"," 1"," 0"," 0"
923220," 2097152"," 1"," 0"," 0"
923470," 2335871"," 1"," 0"," 0"
923720," 2244608"," 1"," 0"," 0"
923970," 2818048"," 1"," 0"," 0"
924220," 2686976"," 1"," 0"," 0"
924470," 3096576"," 1"," 0"," 0"
924720," 2080768"," 1"," 0"," 0"
924970," 2195456"," 1"," 0"," 0"
925220," 2244608"," 1"," 0"," 0"
925470," 2473984"," 1"," 0"," 0"
925720," 1966080"," 1"," 0"," 0"
925970," 2253622"," 1"," 0"," 0"
926220," 2703360"," 1"," 0"," 0"
926470," 2080768"," 1"," 0"," 0"
926720," 1294336"," 1"," 0"," 0"
926970," 2260992"," 1"," 0"," 0"
927220," 2244608"," 1"," 0"," 0"
927470," 1490944"," 1"," 0"," 0"
927720," 999424"," 1"," 0"," 0"
927970," 2113536"," 1"," 0"," 0"
928220," 2031616"," 1"," 0"," 0"
928470," 2812915"," 1"," 0"," 0"
928720," 2588672"," 1"," 0"," 0"
928970," 2408448"," 1"," 0"," 0"
929220," 2424832"," 1"," 0"," 0"
929470," 1966080"," 1"," 0"," 0"
929720," 1933312"," 1"," 0"," 0"
929970," 2539520"," 1"," 0"," 0"
930220," 884736"," 1"," 0"," 0"
930471," 1605632"," 1"," 0"," 0"
930720," 2039775"," 1"," 0"," 0"
930970," 1736704"," 1"," 0"," 0"
931220," 2228224"," 1"," 0"," 0"
931470," 2441216"," 1"," 0"," 0"
931720," 2113536"," 1"," 0"," 0"
931970," 2211840"," 1"," 0"," 0"
932220," 2293760"," 1"," 0"," 0"
932470," 2605056"," 1"," 0"," 0"
932720," 2080768"," 1"," 0"," 0"
932970," 2621440"," 1"," 0"," 0"
933220," 1973975"," 1"," 0"," 0"
933470," 1900544"," 1"," 0"," 0"
933720," 2097152"," 1"," 0"," 0"
933970," 2113536"," 1"," 0"," 0"
934220," 1654784"," 1"," 0"," 0"
934470," 1982464"," 1"," 0"," 0"
934720," 1851392"," 1"," 0"," 0"
934970," 2277376"," 1"," 0"," 0"
935220," 2375680"," 1"," 0"," 0"
935469," 2089124"," 1"," 0"," 0"
935720," 2523136"," 1"," 0"," 0"
935970," 2473984"," 1"," 0"," 0"
936220," 2342912"," 1"," 0"," 0"
936470," 2277376"," 1"," 0"," 0"
936720," 2736128"," 1"," 0"," 0"
936970," 2637824"," 1"," 0"," 0"
937220," 2637824"," 1"," 0"," 0"
937470," 2621440"," 1"," 0"," 0"
937720," 2490368"," 1"," 0"," 0"
937969," 2960963"," 1"," 0"," 0"
938220," 2637824"," 1"," 0"," 0"
938470," 2342912"," 1"," 0"," 0"
938720," 1736704"," 1"," 0"," 0"
938970," 1933312"," 1"," 0"," 0"
939220," 2637824"," 1"," 0"," 0"
939470," 2424832"," 1"," 0"," 0"
939720," 2408448"," 1"," 0"," 0"
939970," 2539520"," 1"," 0"," 0"
940220," 2408448"," 1"," 0"," 0"
940469," 1891726"," 1"," 0"," 0"
940720," 2277376"," 1"," 0"," 0"
940970," 2686976"," 1"," 0"," 0"
941220," 2080768"," 1"," 0"," 0"
941470," 2375680"," 1"," 0"," 0"
941720," 1458176"," 1"," 0"," 0"
941970," 2015232"," 1"," 0"," 0"
942220," 1998848"," 1"," 0"," 0"
942470," 2473984"," 1"," 0"," 0"
942720," 2654208"," 1"," 0"," 0"
942969," 2928064"," 1"," 0"," 0"
943220," 2539520"," 1"," 0"," 0"
943470," 2932736"," 1"," 0"," 0"
943720," 2605056"," 1"," 0"," 0"
943970," 2916352"," 1"," 0"," 0"
944220," 2293760"," 1"," 0"," 0"
944470," 2244608"," 1"," 0"," 0"
944720," 2785280"," 1"," 0"," 0"
944970," 2949120"," 1"," 0"," 0"
945221," 2850816"," 1"," 0"," 0"
945470," 2516819"," 1"," 0"," 0"
945720," 2736128"," 1"," 0"," 0"
945970," 2965504"," 1"," 0"," 0"
946220," 2588672"," 1"," 0"," 0"
946470," 2473984"," 1"," 0"," 0"
946720," 2523136"," 1"," 0"," 0"
946970," 1933312"," 1"," 0"," 0"
947220," 2752512"," 1"," 0"," 0"
947470," 2605056"," 1"," 0"," 0"
947720," 2566168"," 1"," 0"," 0"
947970," 2850816"," 1"," 0"," 0"
948220," 2260992"," 1"," 0"," 0"
948470," 2424832"," 1"," 0"," 0"
948720," 2850816"," 1"," 0"," 0"
948970," 3014656"," 1"," 0"," 0"
949220," 2801664"," 1"," 0"," 0"
949470," 2998272"," 1"," 0"," 0"
949720," 2818048"," 1"," 0"," 0"
949969," 2730666"," 1"," 0"," 0"
950220," 2277376"," 1"," 0"," 0"
950470," 2834432"," 1"," 0"," 0"
950720," 2670592"," 1"," 0"," 0"
950970," 2752512"," 1"," 0"," 0"
951220," 2785280"," 1"," 0"," 0"
951470," 2441216"," 1"," 0"," 0"
951720," 2621440"," 1"," 0"," 0"
951970," 1720320"," 1"," 0"," 0"
952220," 2736128"," 1"," 0"," 0"
952470," 2302971"," 1"," 0"," 0"
952720," 2424832"," 1"," 0"," 0"
952970," 2211840"," 1"," 0"," 0"
953220," 2555904"," 1"," 0"," 0"
953470," 2736128"," 1"," 0"," 0"
953720," 2244608"," 1"," 0"," 0"
953970," 2146304"," 1"," 0"," 0"
954220," 2048000"," 1"," 0"," 0"
954470," 2965504"," 1"," 0"," 0"
954720," 2048000"," 1"," 0"," 0"
954970," 1743678"," 1"," 0"," 0"
955220," 2621440"," 1"," 0"," 0"
955470," 2719744"," 1"," 0"," 0"
955720," 1835008"," 1"," 0"," 0"
955970," 2588672"," 1"," 0"," 0"
956220," 2588672"," 1"," 0"," 0"
956470," 1851392"," 1"," 0"," 0"
956720," 1884160"," 1"," 0"," 0"
956970," 2588672"," 1"," 0"," 0"
957219," 2171373"," 1"," 0"," 0"
957470," 2048000"," 1"," 0"," 0"
957720," 2342912"," 1"," 0"," 0"
957970," 1851392"," 1"," 0"," 0"
958220," 2310144"," 1"," 0"," 0"
958470," 2015232"," 1"," 0"," 0"
958720," 2211840"," 1"," 0"," 0"
958970," 2408448"," 1"," 0"," 0"
959220," 1884160"," 1"," 0"," 0"
959470," 1867776"," 1"," 0"," 0"
959719," 2220722"," 1"," 0"," 0"
959970," 1802240"," 1"," 0"," 0"
960220," 1523712"," 1"," 0"," 0"
960470," 2555904"," 1"," 0"," 0"
960720," 2162688"," 1"," 0"," 0"
960970," 2277376"," 1"," 0"," 0"
961220," 2310144"," 1"," 0"," 0"
961470," 2064384"," 1"," 0"," 0"
961720," 2359296"," 1"," 0"," 0"
961970," 1835008"," 1"," 0"," 0"
962219," 2122024"," 1"," 0"," 0"
962470," 2654208"," 1"," 0"," 0"
962720," 2605056"," 1"," 0"," 0"
962970," 2686976"," 1"," 0"," 0"
963220," 2146304"," 1"," 0"," 0"
963470," 2342912"," 1"," 0"," 0"
963720," 2293760"," 1"," 0"," 0"
963970," 2375680"," 1"," 0"," 0"
964220," 2195456"," 1"," 0"," 0"
964470," 2113536"," 1"," 0"," 0"
964720," 2031616"," 1"," 0"," 0"
964970," 2138473"," 1"," 0"," 0"
965220," 1654784"," 1"," 0"," 0"
965470," 2637824"," 1"," 0"," 0"
965720," 2260992"," 1"," 0"," 0"
965970," 1589248"," 1"," 0"," 0"
966220," 1605632"," 1"," 0"," 0"
966470," 2162688"," 1"," 0"," 0"
966720," 2293760"," 1"," 0"," 0"
966970," 2146304"," 1"," 0"," 0"
967219," 2385220"," 1"," 0"," 0"
967470," 2162688"," 1"," 0"," 0"
967720," 2359296"," 1"," 0"," 0"
967970," 2572288"," 1"," 0"," 0"
968220," 2359296"," 1"," 0"," 0"
968470," 2179072"," 1"," 0"," 0"
968720," 2375680"," 1"," 0"," 0"
968970," 2342912"," 1"," 0"," 0"
969220," 2359296"," 1"," 0"," 0"
969470," 2572288"," 1"," 0"," 0"
969720," 2451020"," 1"," 0"," 0"
969970," 2965504"," 1"," 0"," 0"
970220," 2818048"," 1"," 0"," 0"
970470," 2686976"," 1"," 0"," 0"
970720," 2490368"," 1"," 0"," 0"
970970," 2539520"," 1"," 0"," 0"
971220," 2359296"," 1"," 0"," 0"
971470," 2260992"," 1"," 0"," 0"
971720," 2097152"," 1"," 0"," 0"
971970," 2736128"," 1"," 0"," 0"
972220," 2483919"," 1"," 0"," 0"
972470," 2473984"," 1"," 0"," 0"
972720," 2260992"," 1"," 0"," 0"
972970," 1851392"," 1"," 0"," 0"
973220," 2244608"," 1"," 0"," 0"
973470," 1605632"," 1"," 0"," 0"
973720," 2457600"," 1"," 0"," 0"
973970," 1966080"," 1"," 0"," 0"
974220," 1441792"," 1"," 0"," 0"
974469," 2023325"," 1"," 0"," 0"
974720," 2490368"," 1"," 0"," 0"
974970," 2392064"," 1"," 0"," 0"
975220," 2146304"," 1"," 0"," 0"
975470," 2359296"," 1"," 0"," 0"
975720," 2129920"," 1"," 0"," 0"
975970," 2080768"," 1"," 0"," 0"
976220," 2097152"," 1"," 0"," 0"
976470," 2736128"," 1"," 0"," 0"
976720," 2310144"," 1"," 0"," 0"
976970," 2237172"," 1"," 0"," 0"
977220," 2277376"," 1"," 0"," 0"
977470," 2326528"," 1"," 0"," 0"
977720," 2080768"," 1"," 0"," 0"
977970," 2539520"," 1"," 0"," 0"
978220," 2686976"," 1"," 0"," 0"
978470," 2228224"," 1"," 0"," 0"
978720," 2375680"," 1"," 0"," 0"
978970," 2031616"," 1"," 0"," 0"
979219," 2122024"," 1"," 0"," 0"
979470," 2473984"," 1"," 0"," 0"
979720," 1900544"," 1"," 0"," 0"
979970," 2179072"," 1"," 0"," 0"
980220," 2129920"," 1"," 0"," 0"
980470," 1966080"," 1"," 0"," 0"
980720," 2162688"," 1"," 0"," 0"
980970," 1916928"," 1"," 0"," 0"
981220," 2359296"," 1"," 0"," 0"
981470," 2260992"," 1"," 0"," 0"
981720," 1941076"," 1"," 0"," 0"
981970," 2490368"," 1"," 0"," 0"
982220," 1851392"," 1"," 0"," 0"
982470," 1851392"," 1"," 0"," 0"
982720," 1032192"," 1"," 0"," 0"
982970," 1081344"," 1"," 0"," 0"
983220," 1474560"," 1"," 0"," 0"
983470," 1474560"," 1"," 0"," 0"
983720," 1343488"," 1"," 0"," 0"
983970," 1818624"," 1"," 0"," 0"
984220," 1891726"," 1"," 0"," 0"
984470," 1490944"," 1"," 0"," 0"
984720," 1441792"," 1"," 0"," 0"
984970," 1605632"," 1"," 0"," 0"
985220," 1867776"," 1"," 0"," 0"
985470," 1327104"," 1"," 0"," 0"
985720," 425984"," 1"," 0"," 0"
985970," 1212416"," 1"," 0"," 0"
986220," 1490944"," 1"," 0"," 0"
986470," 1431132"," 1"," 0"," 0"
986720," 1343488"," 1"," 0"," 0"
986970," 1294336"," 1"," 0"," 0"
987220," 1425408"," 1"," 0"," 0"
987470," 1736704"," 1"," 0"," 0"
987720," 1507328"," 1"," 0"," 0"
987970," 1359872"," 1"," 0"," 0"
988220," 1490944"," 1"," 0"," 0"
988470," 1671168"," 1"," 0"," 0"
988720," 1720320"," 1"," 0"," 0"
988970," 2023325"," 1"," 0"," 0"
989220," 2326528"," 1"," 0"," 0"
989470," 2113536"," 1"," 0"," 0"
989720," 1802240"," 1"," 0"," 0"
989970," 2146304"," 1"," 0"," 0"
990220," 1572864"," 1"," 0"," 0"
990470," 2064384"," 1"," 0"," 0"
990720," 1490944"," 1"," 0"," 0"
990970," 1998848"," 1"," 0"," 0"
991220," 1677879"," 1"," 0"," 0"
991470," 1277952"," 1"," 0"," 0"
991720," 1802240"," 1"," 0"," 0"
991970," 1835008"," 1"," 0"," 0"
992220," 2310144"," 1"," 0"," 0"
992470," 2670592"," 1"," 0"," 0"
992720," 1835008"," 1"," 0"," 0"
992970," 2080768"," 1"," 0"," 0"
993220," 1933312"," 1"," 0"," 0"
993469," 1875277"," 1"," 0"," 0"
993720," 1982464"," 1"," 0"," 0"
993970," 2392064"," 1"," 0"," 0"
994220," 1998848"," 1"," 0"," 0"
994470," 2015232"," 1"," 0"," 0"
994720," 1966080"," 1"," 0"," 0"
994970," 1867776"," 1"," 0"," 0"
995220," 1753088"," 1"," 0"," 0"
995470," 1540096"," 1"," 0"," 0"
995720," 2015232"," 1"," 0"," 0"
995970," 2072674"," 1"," 0"," 0"
996220," 2293760"," 1"," 0"," 0"
996470," 1867776"," 1"," 0"," 0"
996720," 2703360"," 1"," 0"," 0"
996970," 2310144"," 1"," 0"," 0"
997220," 2621440"," 1"," 0"," 0"
997470," 2342912"," 1"," 0"," 0"
997720," 2490368"," 1"," 0"," 0"
997970," 1949696"," 1"," 0"," 0"
998220," 2129920"," 1"," 0"," 0"
998469," 1809477"," 1"," 0"," 0"
998720," 1687552"," 1"," 0"," 0"
998970," 1556480"," 1"," 0"," 0"
999220," 1622016"," 1"," 0"," 0"
999470," 1081344"," 1"," 0"," 0"
999720," 1425408"," 1"," 0"," 0"
999970," 1015808"," 1"," 0"," 0"
1000220," 1425408"," 1"," 0"," 0"
1000470," 1130496"," 1"," 0"," 0"
1000719," 690891"," 1"," 0"," 0"
1000970," 1179648"," 1"," 0"," 0"
1001220," 1458176"," 1"," 0"," 0"
1001470," 835584"," 1"," 0"," 0"
1001720," 1523712"," 1"," 0"," 0"
1001970," 1490944"," 1"," 0"," 0"
1002220," 1720320"," 1"," 0"," 0"
1002470," 1753088"," 1"," 0"," 0"
1002720," 1622016"," 1"," 0"," 0"
1002970," 1998848"," 1"," 0"," 0"
1003220," 1957526"," 1"," 0"," 0"
1003470," 1671168"," 1"," 0"," 0"
1003720," 1490944"," 1"," 0"," 0"
1003970," 2195456"," 1"," 0"," 0"
1004220," 2293760"," 1"," 0"," 0"
1004470," 2392064"," 1"," 0"," 0"
1004720," 2064384"," 1"," 0"," 0"
1004970," 2703360"," 1"," 0"," 0"
1005220," 2441216"," 1"," 0"," 0"
1005470," 2293760"," 1"," 0"," 0"
1005720," 2056224"," 1"," 0"," 0"
1005970," 2473984"," 1"," 0"," 0"
1006220," 2572288"," 1"," 0"," 0"
1006470," 2359296"," 1"," 0"," 0"
1006720," 2408448"," 1"," 0"," 0"
1006970," 2523136"," 1"," 0"," 0"
1007220," 2424832"," 1"," 0"," 0"
1007470," 2129920"," 1"," 0"," 0"
1007720," 1441792"," 1"," 0"," 0"
1007969," 1809477"," 1"," 0"," 0"
1008220," 1638400"," 1"," 0"," 0"
1008470," 2523136"," 1"," 0"," 0"
1008720," 2490368"," 1"," 0"," 0"
1008970," 2605056"," 1"," 0"," 0"
1009220," 1835008"," 1"," 0"," 0"
1009470," 1589248"," 1"," 0"," 0"
1009720," 1818624"," 1"," 0"," 0"
1009970," 2473984"," 1"," 0"," 0"
1010220," 1638400"," 1"," 0"," 0"
1010469," 2533269"," 1"," 0"," 0"
1010720," 2359296"," 1"," 0"," 0"
1010970," 2211840"," 1"," 0"," 0"
1011220," 2605056"," 1"," 0"," 0"
1011470," 2392064"," 1"," 0"," 0"
1011720," 1785856"," 1"," 0"," 0"
1011970," 2441216"," 1"," 0"," 0"
1012220," 2605056"," 1"," 0"," 0"
1012470," 2146304"," 1"," 0"," 0"
1012720," 2457600"," 1"," 0"," 0"
1012970," 2375680"," 1"," 0"," 0"
1013220," 2599068"," 1"," 0"," 0"
1013470," 2310144"," 1"," 0"," 0"
1013720," 2097152"," 1"," 0"," 0"
1013970," 2064384"," 1"," 0"," 0"
1014220," 1966080"," 1"," 0"," 0"
1014470," 2342912"," 1"," 0"," 0"
1014720," 2048000"," 1"," 0"," 0"
1014970," 1851392"," 1"," 0"," 0"
1015220," 2572288"," 1"," 0"," 0"
1015469," 1480481"," 1"," 0"," 0"
1015720," 1540096"," 1"," 0"," 0"
1015970," 1638400"," 1"," 0"," 0"
1016220," 1507328"," 1"," 0"," 0"
1016470," 2080768"," 1"," 0"," 0"
1016720," 2703360"," 1"," 0"," 0"
1016970," 2392064"," 1"," 0"," 0"
1017220," 2359296"," 1"," 0"," 0"
1017470," 2195456"," 1"," 0"," 0"
1017720," 1982464"," 1"," 0"," 0"
1017970," 1842377"," 1"," 0"," 0"
1018220," 2162688"," 1"," 0"," 0"
1018470," 2064384"," 1"," 0"," 0"
1018720," 1687552"," 1"," 0"," 0"
1018970," 2375680"," 1"," 0"," 0"
1019220," 1228800"," 1"," 0"," 0"
1019470," 1703936"," 1"," 0"," 0"
1019720," 2097152"," 1"," 0"," 0"
1019970," 2162688"," 1"," 0"," 0"
1020220," 2605056"," 1"," 0"," 0"
1020470," 1908176"," 1"," 0"," 0"
1020720," 1687552"," 1"," 0"," 0"
1020970," 2293760"," 1"," 0"," 0"
1021220," 1589248"," 1"," 0"," 0"
1021470," 1081344"," 1"," 0"," 0"
1021720," 1982464"," 1"," 0"," 0"
1021970," 1294336"," 1"," 0"," 0"
1022220," 1409024"," 1"," 0"," 0"
1022470," 2015232"," 1"," 0"," 0"
1022720," 1654784"," 1"," 0"," 0"
1022970," 1835008"," 1"," 0"," 0"
1023220," 2154923"," 1"," 0"," 0"
1023470," 2310144"," 1"," 0"," 0"
1023720," 2342912"," 1"," 0"," 0"
1023970," 1130496"," 1"," 0"," 0"
1024220," 950272"," 1"," 0"," 0"
1024470," 1540096"," 1"," 0"," 0"
1024720," 1605632"," 1"," 0"," 0"
1024970," 2129920"," 1"," 0"," 0"
1025220," 2637824"," 1"," 0"," 0"
1025470," 2829365"," 1"," 0"," 0"
1025720," 2179072"," 1"," 0"," 0"
1025970," 1916928"," 1"," 0"," 0"
1026220," 1540096"," 1"," 0"," 0"
1026470," 1359872"," 1"," 0"," 0"
1026720," 1359872"," 1"," 0"," 0"
1026970," 1982464"," 1"," 0"," 0"
1027220," 1474560"," 1"," 0"," 0"
1027470," 1605632"," 1"," 0"," 0"
1027720," 1212416"," 1"," 0"," 0"
1027970," 1431132"," 1"," 0"," 0"
1028220," 1064960"," 1"," 0"," 0"
1028470," 1261568"," 1"," 0"," 0"
1028720," 1687552"," 1"," 0"," 0"
1028970," 1327104"," 1"," 0"," 0"
1029220," 1048576"," 1"," 0"," 0"
1029470," 1409024"," 1"," 0"," 0"
1029720," 1736704"," 1"," 0"," 0"
1029969," 1069236"," 1"," 0"," 0"
1030220," 1392640"," 1"," 0"," 0"
1030470," 1785856"," 1"," 0"," 0"
1030720," 1916928"," 1"," 0"," 0"
1030970," 1392640"," 1"," 0"," 0"
1031220," 1507328"," 1"," 0"," 0"
1031470," 1638400"," 1"," 0"," 0"
1031720," 1622016"," 1"," 0"," 0"
1031970," 1425408"," 1"," 0"," 0"
1032220," 1266634"," 1"," 0"," 0"
1032470," 1949696"," 1"," 0"," 0"
1032720," 1802240"," 1"," 0"," 0"
1032970," 1687552"," 1"," 0"," 0"
1033220," 2195456"," 1"," 0"," 0"
1033470," 1523712"," 1"," 0"," 0"
1033720," 2490368"," 1"," 0"," 0"
1033970," 1720320"," 1"," 0"," 0"
1034220," 1622016"," 1"," 0"," 0"
1034470," 1703936"," 1"," 0"," 0"
1034720," 1261568"," 1"," 0"," 0"
1034970," 1118586"," 1"," 0"," 0"
1035220," 1572864"," 1"," 0"," 0"
1035470," 1327104"," 1"," 0"," 0"
1035720," 2129920"," 1"," 0"," 0"
1035970," 1556480"," 1"," 0"," 0"
1036220," 1867776"," 1"," 0"," 0"
1036470," 2801664"," 1"," 0"," 0"
1036720," 2048000"," 1"," 0"," 0"
1036970," 2326528"," 1"," 0"," 0"
1037220," 1694329"," 1"," 0"," 0"
1037470," 2359296"," 1"," 0"," 0"
1037720," 1900544"," 1"," 0"," 0"
1037970," 2342912"," 1"," 0"," 0"
1038220," 2605056"," 1"," 0"," 0"
1038470," 2588672"," 1"," 0"," 0"
1038720," 2654208"," 1"," 0"," 0"
1038970," 2342912"," 1"," 0"," 0"
1039220," 2506752"," 1"," 0"," 0"
1039469," 2056224"," 1"," 0"," 0"
1039720," 2523136"," 1"," 0"," 0"
1039970," 2277376"," 1"," 0"," 0"
1040220," 2162688"," 1"," 0"," 0"
1040470," 2981888"," 1"," 0"," 0"
1040720," 2473984"," 1"," 0"," 0"
1040970," 2457600"," 1"," 0"," 0"
1041220," 1638400"," 1"," 0"," 0"
1041470," 2064384"," 1"," 0"," 0"
1041720," 2179072"," 1"," 0"," 0"
1041969," 1529831"," 1"," 0"," 0"
1042220," 1474560"," 1"," 0"," 0"
1042470," 1048576"," 1"," 0"," 0"
1042720," 1179648"," 1"," 0"," 0"
1042970," 1916928"," 1"," 0"," 0"
1043220," 1507328"," 1"," 0"," 0"
1043470," 1359872"," 1"," 0"," 0"
1043720," 1425408"," 1"," 0"," 0"
1043970," 1425408"," 1"," 0"," 0"
1044220," 1835008"," 1"," 0"," 0"
1044470," 2500369"," 1"," 0"," 0"
1044720," 2932736"," 1"," 0"," 0"
1044970," 2473984"," 1"," 0"," 0"
1045220," 2752512"," 1"," 0"," 0"
1045470," 2441216"," 1"," 0"," 0"
1045720," 2539520"," 1"," 0"," 0"
1045970," 2752512"," 1"," 0"," 0"
1046220," 1785856"," 1"," 0"," 0"
1046470," 2195456"," 1"," 0"," 0"
1046720," 2375680"," 1"," 0"," 0"
1046970," 2154923"," 1"," 0"," 0"
1047220," 2801664"," 1"," 0"," 0"
1047470," 2211840"," 1"," 0"," 0"
1047720," 2506752"," 1"," 0"," 0"
1047970," 2736128"," 1"," 0"," 0"
1048220," 1982464"," 1"," 0"," 0"
1048470," 2473984"," 1"," 0"," 0"
1048720," 2621440"," 1"," 0"," 0"
1048970," 2899968"," 1"," 0"," 0"
1049220," 1579180"," 1"," 0"," 0"
1049470," 1769472"," 1"," 0"," 0"
1049720," 1769472"," 1"," 0"," 0"
1049970," 2113536"," 1"," 0"," 0"
1050220," 2326528"," 1"," 0"," 0"
1050470," 2506752"," 1"," 0"," 0"
1050720," 2768896"," 1"," 0"," 0"
1050970," 2555904"," 1"," 0"," 0"
1051220," 2539520"," 1"," 0"," 0"
1051469," 2862265"," 1"," 0"," 0"
1051720," 2375680"," 1"," 0"," 0"
1051970," 2768896"," 1"," 0"," 0"
1052220," 2523136"," 1"," 0"," 0"
1052470," 2703360"," 1"," 0"," 0"
1052720," 2195456"," 1"," 0"," 0"
1052970," 2654208"," 1"," 0"," 0"
1053220," 2703360"," 1"," 0"," 0"
1053470," 2867200"," 1"," 0"," 0"
1053720," 2960963"," 1"," 0"," 0"
1053970," 2899968"," 1"," 0"," 0"
1054220," 2457600"," 1"," 0"," 0"
1054470," 2490368"," 1"," 0"," 0"
1054720," 2605056"," 1"," 0"," 0"
1054970," 2752512"," 1"," 0"," 0"
1055220," 2588672"," 1"," 0"," 0"
1055470," 3031040"," 1"," 0"," 0"
1055720," 2211840"," 1"," 0"," 0"
1055969," 2681317"," 1"," 0"," 0"
1056220," 2916352"," 1"," 0"," 0"
1056470," 1720320"," 1"," 0"," 0"
1056720," 2244608"," 1"," 0"," 0"
1056970," 2588672"," 1"," 0"," 0"
1057220," 2637824"," 1"," 0"," 0"
1057470," 2195456"," 1"," 0"," 0"
1057720," 2179072"," 1"," 0"," 0"
1057970," 2335871"," 1"," 0"," 0"
1058220," 1540096"," 1"," 0"," 0"
1058470," 1916928"," 1"," 0"," 0"
1058720," 1703936"," 1"," 0"," 0"
1058970," 1753088"," 1"," 0"," 0"
1059220," 2064384"," 1"," 0"," 0"
1059470," 2490368"," 1"," 0"," 0"
1059720," 1916928"," 1"," 0"," 0"
1059970," 2473984"," 1"," 0"," 0"
1060219," 1628530"," 1"," 0"," 0"
1060470," 1507328"," 1"," 0"," 0"
1060720," 1753088"," 1"," 0"," 0"
1060970," 1933312"," 1"," 0"," 0"
1061220," 1638400"," 1"," 0"," 0"
1061470," 2097152"," 1"," 0"," 0"
1061720," 2736128"," 1"," 0"," 0"
1061970," 2703360"," 1"," 0"," 0"
1062220," 2228224"," 1"," 0"," 0"
1062470," 2555904"," 1"," 0"," 0"
1062720," 2473984"," 1"," 0"," 0"
1062970," 2566168"," 1"," 0"," 0"
1063220," 2473984"," 1"," 0"," 0"
1063470," 2834432"," 1"," 0"," 0"
1063720," 2998272"," 1"," 0"," 0"
1063970," 2981888"," 1"," 0"," 0"
1064220," 2621440"," 1"," 0"," 0"
1064470," 2850816"," 1"," 0"," 0"
1064720," 2965504"," 1"," 0"," 0"
1064970," 2539520"," 1"," 0"," 0"
1065220," 2621440"," 1"," 0"," 0"
1065470," 2385220"," 1"," 0"," 0"
1065720," 2654208"," 1"," 0"," 0"
1065970," 3112960"," 1"," 0"," 0"
1066220," 2621440"," 1"," 0"," 0"
1066470," 2801664"," 1"," 0"," 0"
1066720," 2473984"," 1"," 0"," 0"
1066970," 2785280"," 1"," 0"," 0"
1067220," 2703360"," 1"," 0"," 0"
1067470," 2621440"," 1"," 0"," 0"
1067721," 2801664"," 1"," 0"," 0"
1067970," 2533269"," 1"," 0"," 0"
1068220," 2686976"," 1"," 0"," 0"
1068470," 2703360"," 1"," 0"," 0"
1068720," 2916352"," 1"," 0"," 0"
1068970," 2719744"," 1"," 0"," 0"
1069220," 3063808"," 1"," 0"," 0"
1069470," 2850816"," 1"," 0"," 0"
1069720," 2965504"," 1"," 0"," 0"
1069970," 2424832"," 1"," 0"," 0"
1070220," 2516819"," 1"," 0"," 0"
1070470," 2539520"," 1"," 0"," 0"
1070720," 2834432"," 1"," 0"," 0"
1070970," 2867200"," 1"," 0"," 0"
1071220," 2637824"," 1"," 0"," 0"
1071470," 2768896"," 1"," 0"," 0"
1071720," 2850816"," 1"," 0"," 0"
1071970," 3047424"," 1"," 0"," 0"
1072220," 2768896"," 1"," 0"," 0"
1072470," 2555904"," 1"," 0"," 0"
1072720," 2352321"," 1"," 0"," 0"
1072970," 2850816"," 1"," 0"," 0"
1073220," 2703360"," 1"," 0"," 0"
1073470," 2555904"," 1"," 0"," 0"
1073720," 2588672"," 1"," 0"," 0"
1073970," 2015232"," 1"," 0"," 0"
1074220," 2588672"," 1"," 0"," 0"
1074470," 2686976"," 1"," 0"," 0"
1074720," 2883584"," 1"," 0"," 0"
1074970," 2654208"," 1"," 0"," 0"
1075220," 3109012"," 1"," 0"," 0"
1075470," 2441216"," 1"," 0"," 0"
1075720," 2539520"," 1"," 0"," 0"
1075970," 2850816"," 1"," 0"," 0"
1076220," 2916352"," 1"," 0"," 0"
1076470," 3080192"," 1"," 0"," 0"
1076720," 2654208"," 1"," 0"," 0"
1076970," 2867200"," 1"," 0"," 0"
1077220," 2867200"," 1"," 0"," 0"
1077470," 2834432"," 1"," 0"," 0"
1077719," 2714216"," 1"," 0"," 0"
1077970," 2768896"," 1"," 0"," 0"
1078220," 2867200"," 1"," 0"," 0"
1078470," 2965504"," 1"," 0"," 0"
1078720," 2605056"," 1"," 0"," 0"
1078970," 2752512"," 1"," 0"," 0"
1079220," 2654208"," 1"," 0"," 0"
1079470," 2244608"," 1"," 0"," 0"
1079720," 2490368"," 1"," 0"," 0"
1079970," 2179072"," 1"," 0"," 0"
1080219," 1990425"," 1"," 0"," 0"
1080470," 2326528"," 1"," 0"," 0"
1080720," 2441216"," 1"," 0"," 0"
1080970," 2359296"," 1"," 0"," 0"
1081220," 2129920"," 1"," 0"," 0"
1081470," 2473984"," 1"," 0"," 0"
1081720," 2359296"," 1"," 0"," 0"
1081970," 2916352"," 1"," 0"," 0"
1082220," 2932736"," 1"," 0"," 0"
1082470," 2523136"," 1"," 0"," 0"
1082720," 2845815"," 1"," 0"," 0"
1082970," 2768896"," 1"," 0"," 0"
1083220," 2637824"," 1"," 0"," 0"
1083470," 2539520"," 1"," 0"," 0"
1083720," 2703360"," 1"," 0"," 0"
1083970," 2818048"," 1"," 0"," 0"
1084220," 2686976"," 1"," 0"," 0"
1084470," 2965504"," 1"," 0"," 0"
1084720," 1851392"," 1"," 0"," 0"
1084970," 2768896"," 1"," 0"," 0"
1085219," 2418120"," 1"," 0"," 0"
1085470," 3047424"," 1"," 0"," 0"
1085720," 2998272"," 1"," 0"," 0"
1085970," 2686976"," 1"," 0"," 0"
1086220," 2572288"," 1"," 0"," 0"
1086470," 2605056"," 1"," 0"," 0"
1086720," 2686976"," 1"," 0"," 0"
1086970," 2605056"," 1"," 0"," 0"
1087220," 2572288"," 1"," 0"," 0"
1087470," 2670592"," 1"," 0"," 0"
1087719," 2204273"," 1"," 0"," 0"
1087970," 2998272"," 1"," 0"," 0"
1088220," 2834432"," 1"," 0"," 0"
1088470," 2605056"," 1"," 0"," 0"
1088720," 2850816"," 1"," 0"," 0"
1088970," 2244608"," 1"," 0"," 0"
1089220," 2392064"," 1"," 0"," 0"
1089470," 2375680"," 1"," 0"," 0"
1089720," 2424832"," 1"," 0"," 0"
1089970," 2342912"," 1"," 0"," 0"
1090220," 1966080"," 1"," 0"," 0"
1090470," 2533269"," 1"," 0"," 0"
1090720," 2523136"," 1"," 0"," 0"
1090970," 2473984"," 1"," 0"," 0"
1091220," 2785280"," 1"," 0"," 0"
1091470," 2605056"," 1"," 0"," 0"
1091720," 2506752"," 1"," 0"," 0"
1091970," 2834432"," 1"," 0"," 0"
1092220," 2981888"," 1"," 0"," 0"
1092470," 3031040"," 1"," 0"," 0"
1092719," 2697767"," 1"," 0"," 0"
1092970," 2850816"," 1"," 0"," 0"
1093220," 2785280"," 1"," 0"," 0"
1093470," 2572288"," 1"," 0"," 0"
1093720," 2310144"," 1"," 0"," 0"
1093970," 2490368"," 1"," 0"," 0"
1094220," 2621440"," 1"," 0"," 0"
1094470," 2277376"," 1"," 0"," 0"
1094720," 2752512"," 1"," 0"," 0"
1094970," 2375680"," 1"," 0"," 0"
1095220," 2375680"," 1"," 0"," 0"
1095470," 2549718"," 1"," 0"," 0"
1095720," 2719744"," 1"," 0"," 0"
1095970," 1916928"," 1"," 0"," 0"
1096220," 2129920"," 1"," 0"," 0"
1096470," 2342912"," 1"," 0"," 0"
1096720," 2146304"," 1"," 0"," 0"
1096970," 1998848"," 1"," 0"," 0"
1097220," 2605056"," 1"," 0"," 0"
1097470," 2818048"," 1"," 0"," 0"
1097720," 2654208"," 1"," 0"," 0"
1097970," 2204273"," 1"," 0"," 0"
1098220," 2506752"," 1"," 0"," 0"
1098470," 2818048"," 1"," 0"," 0"
1098720," 2244608"," 1"," 0"," 0"
1098970," 2293760"," 1"," 0"," 0"
1099220," 2392064"," 1"," 0"," 0"
1099470," 1703936"," 1"," 0"," 0"
1099720," 2342912"," 1"," 0"," 0"
1099970," 2818048"," 1"," 0"," 0"
1100220," 2244608"," 1"," 0"," 0"
1100470," 2845815"," 1"," 0"," 0"
1100720," 2490368"," 1"," 0"," 0"
1100970," 2342912"," 1"," 0"," 0"
1101220," 2244608"," 1"," 0"," 0"
1101470," 2097152"," 1"," 0"," 0"
1101720," 2097152"," 1"," 0"," 0"
1101970," 2113536"," 1"," 0"," 0"
1102220," 1949696"," 1"," 0"," 0"
1102470," 2523136"," 1"," 0"," 0"
1102720," 2932736"," 1"," 0"," 0"
1102970," 2615518"," 1"," 0"," 0"
1103220," 2572288"," 1"," 0"," 0"
1103470," 2850816"," 1"," 0"," 0"
1103720," 2408448"," 1"," 0"," 0"
1103971," 2703360"," 1"," 0"," 0"
1104220," 2138473"," 1"," 0"," 0"
1104470," 2457600"," 1"," 0"," 0"
1104720," 1638400"," 1"," 0"," 0"
1104971," 2424832"," 1"," 0"," 0"
1105220," 1743678"," 1"," 0"," 0"
1105470," 2375680"," 1"," 0"," 0"
1105720," 2506752"," 1"," 0"," 0"
1105971," 2457600"," 1"," 0"," 0"
1106220," 2154923"," 1"," 0"," 0"
1106470," 2621440"," 1"," 0"," 0"
1106720," 2326528"," 1"," 0"," 0"
1106970," 2768896"," 1"," 0"," 0"
1107221," 2572288"," 1"," 0"," 0"
1107470," 2549718"," 1"," 0"," 0"
1107720," 2818048"," 1"," 0"," 0"
1107971," 1654784"," 1"," 0"," 0"
1108220," 2418120"," 1"," 0"," 0"
1108470," 2588672"," 1"," 0"," 0"
1108720," 2424832"," 1"," 0"," 0"
1108971," 2834432"," 1"," 0"," 0"
1109220," 2845815"," 1"," 0"," 0"
1109470," 2670592"," 1"," 0"," 0"
1109720," 1163264"," 1"," 0"," 0"
1109971," 2523136"," 1"," 0"," 0"
1110220," 2664867"," 1"," 0"," 0"
1110470," 2719744"," 1"," 0"," 0"
1110720," 2392064"," 1"," 0"," 0"
1110971," 2949120"," 1"," 0"," 0"
1111220," 2697767"," 1"," 0"," 0"
1111470," 2981888"," 1"," 0"," 0"
1111720," 2621440"," 1"," 0"," 0"
1111971," 2392064"," 1"," 0"," 0"
1112220," 2582618"," 1"," 0"," 0"
1112470," 2916352"," 1"," 0"," 0"
1112720," 2375680"," 1"," 0"," 0"
1112970," 2637824"," 1"," 0"," 0"
1113220," 2582618"," 1"," 0"," 0"
1113470," 2260992"," 1"," 0"," 0"
1113720," 2867200"," 1"," 0"," 0"
1113970," 2392064"," 1"," 0"," 0"
1114221," 2949120"," 1"," 0"," 0"
1114470," 2730666"," 1"," 0"," 0"
1114720," 2768896"," 1"," 0"," 0"
1114970," 2195456"," 1"," 0"," 0"
1115220," 2834432"," 1"," 0"," 0"
1115471," 2375680"," 1"," 0"," 0"
1115720," 1332433"," 1"," 0"," 0"
1115970," 2179072"," 1"," 0"," 0"
1116220," 2637824"," 1"," 0"," 0"
1116471," 2523136"," 1"," 0"," 0"
1116720," 2681317"," 1"," 0"," 0"
1116970," 2572288"," 1"," 0"," 0"
1117220," 2457600"," 1"," 0"," 0"
1117470," 2785280"," 1"," 0"," 0"
1117721," 2834432"," 1"," 0"," 0"
1117970," 1644979"," 1"," 0"," 0"
1118220," 1851392"," 1"," 0"," 0"
1118470," 1556480"," 1"," 0"," 0"
1118720," 1671168"," 1"," 0"," 0"
1118971," 1736704"," 1"," 0"," 0"
1119220," 2631967"," 1"," 0"," 0"
1119470," 2588672"," 1"," 0"," 0"
1119720," 2768896"," 1"," 0"," 0"
1119971," 2555904"," 1"," 0"," 0"
1120220," 3257060"," 1"," 0"," 0"
1120470," 2834432"," 1"," 0"," 0"
1120720," 2867200"," 1"," 0"," 0"
1120970," 2473984"," 1"," 0"," 0"
1121221," 2572288"," 1"," 0"," 0"
1121470," 3207710"," 1"," 0"," 0"
1121721," 2031616"," 1"," 0"," 0"
1121971," 1409024"," 1"," 0"," 0"
1122220," 1628530"," 1"," 0"," 0"
1122470," 1474560"," 1"," 0"," 0"
1122721," 2408448"," 1"," 0"," 0"
1122970," 1957526"," 1"," 0"," 0"
1123220," 1589248"," 1"," 0"," 0"
1123470," 1228800"," 1"," 0"," 0"
1123721," 1966080"," 1"," 0"," 0"
1123970," 2023325"," 1"," 0"," 0"
1124220," 1900544"," 1"," 0"," 0"
1124470," 2195456"," 1"," 0"," 0"
1124721," 1884160"," 1"," 0"," 0"
1124970," 1612080"," 1"," 0"," 0"
1125220," 2064384"," 1"," 0"," 0"
1125470," 1654784"," 1"," 0"," 0"
1125721," 1802240"," 1"," 0"," 0"
1125970," 2549718"," 1"," 0"," 0"
1126220," 2097152"," 1"," 0"," 0"
1126470," 2310144"," 1"," 0"," 0"
1126721," 2031616"," 1"," 0"," 0"
1126970," 2418120"," 1"," 0"," 0"
1127220," 2129920"," 1"," 0"," 0"
1127470," 2637824"," 1"," 0"," 0"
1127721," 2539520"," 1"," 0"," 0"
1127970," 2845815"," 1"," 0"," 0"
1128220," 2686976"," 1"," 0"," 0"
1128470," 2441216"," 1"," 0"," 0"
1128721," 2260992"," 1"," 0"," 0"
1128970," 2648417"," 1"," 0"," 0"
1129220," 2064384"," 1"," 0"," 0"
1129470," 2424832"," 1"," 0"," 0"
1129720," 2539520"," 1"," 0"," 0"
1129970," 2697767"," 1"," 0"," 0"
1130220," 2801664"," 1"," 0"," 0"
1130471," 2375680"," 1"," 0"," 0"
1130721," 2736128"," 1"," 0"," 0"
1130970," 2911614"," 1"," 0"," 0"
1131220," 2588672"," 1"," 0"," 0"
1131471," 2965504"," 1"," 0"," 0"
1131720," 2829365"," 1"," 0"," 0"
1131970," 2686976"," 1"," 0"," 0"
1132220," 2736128"," 1"," 0"," 0"
1132471," 2867200"," 1"," 0"," 0"
1132720," 2631967"," 1"," 0"," 0"
1132970," 2867200"," 1"," 0"," 0"
1133220," 2867200"," 1"," 0"," 0"
1133470," 2506752"," 1"," 0"," 0"
1133721," 2113536"," 1"," 0"," 0"
1133970," 2270072"," 1"," 0"," 0"
1134220," 2523136"," 1"," 0"," 0"
1134470," 2572288"," 1"," 0"," 0"
1134721," 2326528"," 1"," 0"," 0"
1134970," 1661429"," 1"," 0"," 0"
1135220," 2195456"," 1"," 0"," 0"
1135470," 2408448"," 1"," 0"," 0"
1135720," 2664867"," 1"," 0"," 0"
1135970," 2539520"," 1"," 0"," 0"
1136220," 2408448"," 1"," 0"," 0"
1136470," 2080768"," 1"," 0"," 0"
1136721," 2080768"," 1"," 0"," 0"
1136970," 2319421"," 1"," 0"," 0"
1137220," 2211840"," 1"," 0"," 0"
1137470," 2670592"," 1"," 0"," 0"
1137720," 2490368"," 1"," 0"," 0"
1137971," 2342912"," 1"," 0"," 0"
1138220," 2187823"," 1"," 0"," 0"
1138470," 2359296"," 1"," 0"," 0"
1138720," 2539520"," 1"," 0"," 0"
1138971," 2441216"," 1"," 0"," 0"
1139220," 3125461"," 1"," 0"," 0"
1139470," 2244608"," 1"," 0"," 0"
1139720," 2260992"," 1"," 0"," 0"
1139971," 2719744"," 1"," 0"," 0"
1140220," 2977413"," 1"," 0"," 0"
1140470," 3014656"," 1"," 0"," 0"
1140721," 2523136"," 1"," 0"," 0"
1140971," 2883584"," 1"," 0"," 0"
1141220," 2664867"," 1"," 0"," 0"
1141470," 2572288"," 1"," 0"," 0"
1141721," 2588672"," 1"," 0"," 0"
1141970," 1941076"," 1"," 0"," 0"
1142220," 1425408"," 1"," 0"," 0"
1142470," 1327104"," 1"," 0"," 0"
1142721," 1359872"," 1"," 0"," 0"
1142970," 1167935"," 1"," 0"," 0"
1143220," 1409024"," 1"," 0"," 0"
1143470," 1556480"," 1"," 0"," 0"
1143720," 1933312"," 1"," 0"," 0"
1143971," 1458176"," 1"," 0"," 0"
1144220," 1562730"," 1"," 0"," 0"
1144470," 1687552"," 1"," 0"," 0"
1144720," 2408448"," 1"," 0"," 0"
1144970," 2637824"," 1"," 0"," 0"
1145220," 2845815"," 1"," 0"," 0"
1145470," 2588672"," 1"," 0"," 0"
1145720," 2752512"," 1"," 0"," 0"
1145970," 3031040"," 1"," 0"," 0"
1146221," 2719744"," 1"," 0"," 0"
1146470," 2483919"," 1"," 0"," 0"
1146720," 2326528"," 1"," 0"," 0"
1146970," 2359296"," 1"," 0"," 0"
1147221," 1605632"," 1"," 0"," 0"
1147470," 2270072"," 1"," 0"," 0"
1147720," 1392640"," 1"," 0"," 0"
1147970," 1638400"," 1"," 0"," 0"
1148221," 2392064"," 1"," 0"," 0"
1148470," 2582618"," 1"," 0"," 0"
1148720," 2359296"," 1"," 0"," 0"
1148971," 1589248"," 1"," 0"," 0"
1149220," 1727228"," 1"," 0"," 0"
1149470," 2179072"," 1"," 0"," 0"
1149720," 2375680"," 1"," 0"," 0"
1149971," 2211840"," 1"," 0"," 0"
1150220," 1447582"," 1"," 0"," 0"
1150470," 1916928"," 1"," 0"," 0"
1150720," 2080768"," 1"," 0"," 0"
1150970," 2605056"," 1"," 0"," 0"
1151220," 2785280"," 1"," 0"," 0"
1151470," 1933312"," 1"," 0"," 0"
1151720," 2392064"," 1"," 0"," 0"
1151969," 2648417"," 1"," 0"," 0"
1152220," 2818048"," 1"," 0"," 0"
1152470," 2506752"," 1"," 0"," 0"
1152720," 2670592"," 1"," 0"," 0"
1152970," 2260992"," 1"," 0"," 0"
1153220," 2228224"," 1"," 0"," 0"
1153470," 1998848"," 1"," 0"," 0"
1153720," 2179072"," 1"," 0"," 0"
1153970," 2015232"," 1"," 0"," 0"
1154220," 1212416"," 1"," 0"," 0"
1154470," 1589248"," 1"," 0"," 0"
1154720," 1546281"," 1"," 0"," 0"
1154970," 1556480"," 1"," 0"," 0"
1155220," 1490944"," 1"," 0"," 0"
1155470," 1228800"," 1"," 0"," 0"
1155720," 1540096"," 1"," 0"," 0"
1155970," 1130496"," 1"," 0"," 0"
1156220," 1114112"," 1"," 0"," 0"
1156470," 1687552"," 1"," 0"," 0"
1156720," 2146304"," 1"," 0"," 0"
1156969," 2401670"," 1"," 0"," 0"
1157220," 2097152"," 1"," 0"," 0"
1157470," 1933312"," 1"," 0"," 0"
1157720," 2605056"," 1"," 0"," 0"
1157970," 2342912"," 1"," 0"," 0"
1158220," 2457600"," 1"," 0"," 0"
1158470," 2457600"," 1"," 0"," 0"
1158720," 2342912"," 1"," 0"," 0"
1158970," 2408448"," 1"," 0"," 0"
1159220," 983040"," 1"," 0"," 0"
1159470," 1381783"," 1"," 0"," 0"
1159720," 1687552"," 1"," 0"," 0"
1159970," 2310144"," 1"," 0"," 0"
1160220," 3063808"," 1"," 0"," 0"
1160470," 1802240"," 1"," 0"," 0"
1160720," 1163264"," 1"," 0"," 0"
1160970," 1032192"," 1"," 0"," 0"
1161220," 2031616"," 1"," 0"," 0"
1161470," 1867776"," 1"," 0"," 0"
1161720," 2048000"," 1"," 0"," 0"
1161970," 1825927"," 1"," 0"," 0"
1162220," 1523712"," 1"," 0"," 0"
1162470," 1572864"," 1"," 0"," 0"
1162720," 1818624"," 1"," 0"," 0"
1162970," 1605632"," 1"," 0"," 0"
1163220," 1736704"," 1"," 0"," 0"
1163470," 1884160"," 1"," 0"," 0"
1163720," 2146304"," 1"," 0"," 0"
1163970," 1900544"," 1"," 0"," 0"
1164221," 1966080"," 1"," 0"," 0"
1164470," 1957526"," 1"," 0"," 0"
1164720," 1785856"," 1"," 0"," 0"
1164970," 1982464"," 1"," 0"," 0"
1165220," 1933312"," 1"," 0"," 0"
1165470," 1802240"," 1"," 0"," 0"
1165720," 1245184"," 1"," 0"," 0"
1165970," 1933312"," 1"," 0"," 0"
1166220," 1949696"," 1"," 0"," 0"
1166470," 2113536"," 1"," 0"," 0"
1166719," 2023325"," 1"," 0"," 0"
1166970," 2162688"," 1"," 0"," 0"
1167220," 1818624"," 1"," 0"," 0"
1167470," 1409024"," 1"," 0"," 0"
1167720," 1687552"," 1"," 0"," 0"
1167970," 1982464"," 1"," 0"," 0"
1168220," 2064384"," 1"," 0"," 0"
1168470," 1294336"," 1"," 0"," 0"
1168720," 999424"," 1"," 0"," 0"
1168970," 1523712"," 1"," 0"," 0"
1169220," 1941076"," 1"," 0"," 0"
1169470," 1785856"," 1"," 0"," 0"
1169720," 2277376"," 1"," 0"," 0"
1169970," 1982464"," 1"," 0"," 0"
1170220," 2408448"," 1"," 0"," 0"
1170470," 2293760"," 1"," 0"," 0"
1170720," 1900544"," 1"," 0"," 0"
1170970," 1589248"," 1"," 0"," 0"
1171220," 1933312"," 1"," 0"," 0"
1171470," 1069236"," 1"," 0"," 0"
1171720," 1425408"," 1"," 0"," 0"
1171970," 1179648"," 1"," 0"," 0"
1172220," 1507328"," 1"," 0"," 0"
1172470," 1900544"," 1"," 0"," 0"
1172720," 1310720"," 1"," 0"," 0"
1172970," 1802240"," 1"," 0"," 0"
1173220," 2097152"," 1"," 0"," 0"
1173471," 1130496"," 1"," 0"," 0"
1173720," 1233734"," 1"," 0"," 0"
1173970," 1687552"," 1"," 0"," 0"
1174221," 1359872"," 1"," 0"," 0"
1174470," 1414682"," 1"," 0"," 0"
1174720," 2211840"," 1"," 0"," 0"
1174970," 2408448"," 1"," 0"," 0"
1175220," 917504"," 1"," 0"," 0"
1175471," 1916928"," 1"," 0"," 0"
1175720," 2072674"," 1"," 0"," 0"
1175970," 2555904"," 1"," 0"," 0"
1176220," 2441216"," 1"," 0"," 0"
1176470," 1589248"," 1"," 0"," 0"
1176720," 2434570"," 1"," 0"," 0"
1176970," 1966080"," 1"," 0"," 0"
1177220," 2080768"," 1"," 0"," 0"
1177470," 1884160"," 1"," 0"," 0"
1177721," 2048000"," 1"," 0"," 0"
1177970," 1579180"," 1"," 0"," 0"
1178220," 1261568"," 1"," 0"," 0"
1178470," 2080768"," 1"," 0"," 0"
1178721," 2179072"," 1"," 0"," 0"
1178970," 2451020"," 1"," 0"," 0"
1179220," 2162688"," 1"," 0"," 0"
1179471," 1835008"," 1"," 0"," 0"
1179721," 1818624"," 1"," 0"," 0"
1179970," 1858827"," 1"," 0"," 0"
1180220," 2064384"," 1"," 0"," 0"
1180470," 2064384"," 1"," 0"," 0"
1180721," 2162688"," 1"," 0"," 0"
1180970," 2253622"," 1"," 0"," 0"
1181220," 2473984"," 1"," 0"," 0"
1181470," 1736704"," 1"," 0"," 0"
1181721," 1949696"," 1"," 0"," 0"
1181970," 1809477"," 1"," 0"," 0"
1182220," 2654208"," 1"," 0"," 0"
1182470," 2064384"," 1"," 0"," 0"
1182721," 1916928"," 1"," 0"," 0"
1182970," 2138473"," 1"," 0"," 0"
1183220," 2654208"," 1"," 0"," 0"
1183470," 2670592"," 1"," 0"," 0"
1183720," 1916928"," 1"," 0"," 0"
1183970," 2105574"," 1"," 0"," 0"
1184220," 2113536"," 1"," 0"," 0"
1184470," 2375680"," 1"," 0"," 0"
1184720," 2392064"," 1"," 0"," 0"
1184971," 2146304"," 1"," 0"," 0"
1185220," 2302971"," 1"," 0"," 0"
1185470," 1835008"," 1"," 0"," 0"
1185720," 1687552"," 1"," 0"," 0"
1185971," 2490368"," 1"," 0"," 0"
1186220," 1760128"," 1"," 0"," 0"
1186470," 1441792"," 1"," 0"," 0"
1186720," 1785856"," 1"," 0"," 0"
1186970," 2342912"," 1"," 0"," 0"
1187221," 2211840"," 1"," 0"," 0"
1187470," 2220722"," 1"," 0"," 0"
1187720," 2523136"," 1"," 0"," 0"
1187970," 2080768"," 1"," 0"," 0"
1188221," 2670592"," 1"," 0"," 0"
1188470," 2171373"," 1"," 0"," 0"
1188720," 2211840"," 1"," 0"," 0"
1188970," 2277376"," 1"," 0"," 0"
1189221," 2654208"," 1"," 0"," 0"
1189470," 2664867"," 1"," 0"," 0"
1189720," 2080768"," 1"," 0"," 0"
1189970," 2375680"," 1"," 0"," 0"
1190221," 2310144"," 1"," 0"," 0"
1190470," 2220722"," 1"," 0"," 0"
1190720," 2097152"," 1"," 0"," 0"
1190971," 1228800"," 1"," 0"," 0"
1191220," 1809477"," 1"," 0"," 0"
1191470," 1425408"," 1"," 0"," 0"
1191720," 1507328"," 1"," 0"," 0"
1191971," 1507328"," 1"," 0"," 0"
1192220," 1250184"," 1"," 0"," 0"
1192470," 1048576"," 1"," 0"," 0"
1192721," 1179648"," 1"," 0"," 0"
1192970," 1217285"," 1"," 0"," 0"
1193220," 1622016"," 1"," 0"," 0"
1193470," 1638400"," 1"," 0"," 0"
1193721," 1359872"," 1"," 0"," 0"
1193970," 1200835"," 1"," 0"," 0"
1194220," 1900544"," 1"," 0"," 0"
1194470," 1392640"," 1"," 0"," 0"
1194721," 1818624"," 1"," 0"," 0"
1194970," 2566168"," 1"," 0"," 0"
1195220," 2146304"," 1"," 0"," 0"
1195471," 1851392"," 1"," 0"," 0"
1195720," 1546281"," 1"," 0"," 0"
1195970," 1933312"," 1"," 0"," 0"
1196220," 1966080"," 1"," 0"," 0"
1196470," 1769472"," 1"," 0"," 0"
1196721," 1015808"," 1"," 0"," 0"
1196970," 1480481"," 1"," 0"," 0"
1197220," 1671168"," 1"," 0"," 0"
1197470," 1425408"," 1"," 0"," 0"
1197721," 901120"," 1"," 0"," 0"
1197970," 1644979"," 1"," 0"," 0"
1198220," 1343488"," 1"," 0"," 0"
1198470," 1589248"," 1"," 0"," 0"
1198721," 2277376"," 1"," 0"," 0"
1198970," 2270072"," 1"," 0"," 0"
1199220," 2965504"," 1"," 0"," 0"
1199471," 2572288"," 1"," 0"," 0"
1199720," 2631967"," 1"," 0"," 0"
1199970," 1671168"," 1"," 0"," 0"
1200220," 1736704"," 1"," 0"," 0"
1200471," 1196032"," 1"," 0"," 0"
1200720," 2039775"," 1"," 0"," 0"
1200970," 2326528"," 1"," 0"," 0"
1201220," 2408448"," 1"," 0"," 0"
1201471," 1769472"," 1"," 0"," 0"
1201720," 2023325"," 1"," 0"," 0"
1201970," 2146304"," 1"," 0"," 0"
1202221," 1802240"," 1"," 0"," 0"
1202470," 937638"," 1"," 0"," 0"
1202720," 2097152"," 1"," 0"," 0"
1202970," 2179072"," 1"," 0"," 0"
1203221," 1851392"," 1"," 0"," 0"
1203470," 2023325"," 1"," 0"," 0"
1203720," 1196032"," 1"," 0"," 0"
1203970," 1933312"," 1"," 0"," 0"
1204221," 2326528"," 1"," 0"," 0"
1204470," 1579180"," 1"," 0"," 0"
1204720," 1949696"," 1"," 0"," 0"
1204970," 1818624"," 1"," 0"," 0"
1205221," 2605056"," 1"," 0"," 0"
1205470," 1941076"," 1"," 0"," 0"
1205720," 2048000"," 1"," 0"," 0"
1205970," 1720320"," 1"," 0"," 0"
1206220," 1900544"," 1"," 0"," 0"
1206471," 1540096"," 1"," 0"," 0"
1206720," 1908176"," 1"," 0"," 0"
1206971," 1589248"," 1"," 0"," 0"
1207221," 1425408"," 1"," 0"," 0"
1207470," 1825927"," 1"," 0"," 0"
1207721," 2080768"," 1"," 0"," 0"
1207970," 1760128"," 1"," 0"," 0"
1208220," 2097152"," 1"," 0"," 0"
1208470," 2228224"," 1"," 0"," 0"
1208721," 1785856"," 1"," 0"," 0"
1208970," 2401670"," 1"," 0"," 0"
1209220," 2359296"," 1"," 0"," 0"
1209470," 2883584"," 1"," 0"," 0"
1209721," 2490368"," 1"," 0"," 0"
1209970," 2516819"," 1"," 0"," 0"
1210220," 2654208"," 1"," 0"," 0"
1210470," 2572288"," 1"," 0"," 0"
1210720," 2326528"," 1"," 0"," 0"
1210971," 1933312"," 1"," 0"," 0"
1211220," 2319421"," 1"," 0"," 0"
1211470," 2146304"," 1"," 0"," 0"
1211720," 1687552"," 1"," 0"," 0"
1211970," 901120"," 1"," 0"," 0"
1212221," 1671168"," 1"," 0"," 0"
1212470," 1990425"," 1"," 0"," 0"
1212720," 1277952"," 1"," 0"," 0"
1212970," 1654784"," 1"," 0"," 0"
1213221," 1818624"," 1"," 0"," 0"
1213470," 2220722"," 1"," 0"," 0"
1213720," 2801664"," 1"," 0"," 0"
1213970," 1409024"," 1"," 0"," 0"
1214221," 1507328"," 1"," 0"," 0"
1214470," 2483919"," 1"," 0"," 0"
1214720," 2736128"," 1"," 0"," 0"
1214970," 2326528"," 1"," 0"," 0"
1215221," 2572288"," 1"," 0"," 0"
1215470," 2089124"," 1"," 0"," 0"
1215720," 2129920"," 1"," 0"," 0"
1215970," 2195456"," 1"," 0"," 0"
1216221," 2719744"," 1"," 0"," 0"
1216470," 2862265"," 1"," 0"," 0"
1216720," 2801664"," 1"," 0"," 0"
1216970," 2457600"," 1"," 0"," 0"
1217221," 3014656"," 1"," 0"," 0"
1217470," 2566168"," 1"," 0"," 0"
1217720," 2916352"," 1"," 0"," 0"
1217970," 2326528"," 1"," 0"," 0"
1218221," 2605056"," 1"," 0"," 0"
1218470," 2878714"," 1"," 0"," 0"
1218720," 2211840"," 1"," 0"," 0"
1218970," 950272"," 1"," 0"," 0"
1219221," 1392640"," 1"," 0"," 0"
1219470," 1299534"," 1"," 0"," 0"
1219720," 1441792"," 1"," 0"," 0"
1219970," 1196032"," 1"," 0"," 0"
1220221," 1064960"," 1"," 0"," 0"
1220470," 1381783"," 1"," 0"," 0"
1220720," 1916928"," 1"," 0"," 0"
1220970," 1507328"," 1"," 0"," 0"
1221220," 2310144"," 1"," 0"," 0"
1221471," 1589248"," 1"," 0"," 0"
1221720," 1727228"," 1"," 0"," 0"
1221970," 1703936"," 1"," 0"," 0"
1222220," 2785280"," 1"," 0"," 0"
1222471," 2260992"," 1"," 0"," 0"
1222720," 2895164"," 1"," 0"," 0"
1222970," 2686976"," 1"," 0"," 0"
1223220," 2539520"," 1"," 0"," 0"
1223471," 3047424"," 1"," 0"," 0"
1223721," 2506752"," 1"," 0"," 0"
1223970," 2401670"," 1"," 0"," 0"
1224220," 2441216"," 1"," 0"," 0"
1224471," 2523136"," 1"," 0"," 0"
1224721," 2097152"," 1"," 0"," 0"
1224970," 1990425"," 1"," 0"," 0"
1225221," 983040"," 1"," 0"," 0"
1225471," 1654784"," 1"," 0"," 0"
1225720," 1793028"," 1"," 0"," 0"
1225970," 1343488"," 1"," 0"," 0"
1226221," 1687552"," 1"," 0"," 0"
1226470," 2154923"," 1"," 0"," 0"
1226720," 1720320"," 1"," 0"," 0"
1226970," 1966080"," 1"," 0"," 0"
1227221," 1409024"," 1"," 0"," 0"
1227470," 2006875"," 1"," 0"," 0"
1227721," 1851392"," 1"," 0"," 0"
1227971," 1490944"," 1"," 0"," 0"
1228220," 954088"," 1"," 0"," 0"
1228470," 1720320"," 1"," 0"," 0"
1228721," 2473984"," 1"," 0"," 0"
1228970," 2072674"," 1"," 0"," 0"
1229220," 2899968"," 1"," 0"," 0"
1229470," 2342912"," 1"," 0"," 0"
1229721," 2342912"," 1"," 0"," 0"
1229970," 2845815"," 1"," 0"," 0"
1230220," 2736128"," 1"," 0"," 0"
1230471," 2588672"," 1"," 0"," 0"
1230720," 2796465"," 1"," 0"," 0"
1230970," 2441216"," 1"," 0"," 0"
1231220," 2850816"," 1"," 0"," 0"
1231471," 2850816"," 1"," 0"," 0"
1231720," 2977413"," 1"," 0"," 0"
1231970," 2883584"," 1"," 0"," 0"
1232220," 2785280"," 1"," 0"," 0"
1232471," 2359296"," 1"," 0"," 0"
1232720," 2960963"," 1"," 0"," 0"
1232970," 2195456"," 1"," 0"," 0"
1233220," 2818048"," 1"," 0"," 0"
1233471," 2752512"," 1"," 0"," 0"
1233720," 2730666"," 1"," 0"," 0"
1233970," 2392064"," 1"," 0"," 0"
1234220," 2965504"," 1"," 0"," 0"
1234471," 2818048"," 1"," 0"," 0"
1234720," 2615518"," 1"," 0"," 0"
1234970," 2359296"," 1"," 0"," 0"
1235221," 2883584"," 1"," 0"," 0"
1235470," 2747116"," 1"," 0"," 0"
1235720," 2719744"," 1"," 0"," 0"
1235970," 2785280"," 1"," 0"," 0"
1236221," 2473984"," 1"," 0"," 0"
1236470," 2664867"," 1"," 0"," 0"
1236720," 2998272"," 1"," 0"," 0"
1236970," 3129344"," 1"," 0"," 0"
1237221," 2801664"," 1"," 0"," 0"
1237470," 2631967"," 1"," 0"," 0"
1237720," 2621440"," 1"," 0"," 0"
1237971," 3129344"," 1"," 0"," 0"
1238220," 2549718"," 1"," 0"," 0"
1238470," 2572288"," 1"," 0"," 0"
1238720," 3096576"," 1"," 0"," 0"
1238971," 2686976"," 1"," 0"," 0"
1239220," 2747116"," 1"," 0"," 0"
1239470," 2801664"," 1"," 0"," 0"
1239721," 3112960"," 1"," 0"," 0"
1239970," 2845815"," 1"," 0"," 0"
1240220," 2703360"," 1"," 0"," 0"
1240471," 2981888"," 1"," 0"," 0"
1240720," 2697767"," 1"," 0"," 0"
1240970," 2752512"," 1"," 0"," 0"
1241221," 2621440"," 1"," 0"," 0"
1241471," 2768896"," 1"," 0"," 0"
1241720," 2451020"," 1"," 0"," 0"
1241970," 2768896"," 1"," 0"," 0"
1242221," 2998272"," 1"," 0"," 0"
1242470," 2944514"," 1"," 0"," 0"
1242720," 2752512"," 1"," 0"," 0"
1242970," 3014656"," 1"," 0"," 0"
1243221," 2785280"," 1"," 0"," 0"
1243470," 2763566"," 1"," 0"," 0"
1243720," 2555904"," 1"," 0"," 0"
1243971," 2392064"," 1"," 0"," 0"
1244220," 2664867"," 1"," 0"," 0"
1244470," 2637824"," 1"," 0"," 0"
1244721," 2768896"," 1"," 0"," 0"
1244970," 2615518"," 1"," 0"," 0"
1245220," 2752512"," 1"," 0"," 0"
1245471," 2752512"," 1"," 0"," 0"
1245720," 2714216"," 1"," 0"," 0"
1245970," 2719744"," 1"," 0"," 0"
1246221," 2719744"," 1"," 0"," 0"
1246470," 2631967"," 1"," 0"," 0"
1246720," 2719744"," 1"," 0"," 0"
1246970," 2588672"," 1"," 0"," 0"
1247221," 2998272"," 1"," 0"," 0"
1247470," 2829365"," 1"," 0"," 0"
1247720," 2818048"," 1"," 0"," 0"
1247971," 2523136"," 1"," 0"," 0"
1248220," 2533269"," 1"," 0"," 0"
1248470," 3014656"," 1"," 0"," 0"
1248720," 2801664"," 1"," 0"," 0"
1248971," 3063808"," 1"," 0"," 0"
1249220," 2928064"," 1"," 0"," 0"
1249470," 2932736"," 1"," 0"," 0"
1249721," 2703360"," 1"," 0"," 0"
1249971," 2654208"," 1"," 0"," 0"
1250220," 2714216"," 1"," 0"," 0"
1250470," 2883584"," 1"," 0"," 0"
1250721," 2179072"," 1"," 0"," 0"
1250970," 2648417"," 1"," 0"," 0"
1251220," 2506752"," 1"," 0"," 0"
1251471," 2555904"," 1"," 0"," 0"
1251721," 2719744"," 1"," 0"," 0"
1251970," 2566168"," 1"," 0"," 0"
1252221," 2916352"," 1"," 0"," 0"
1252471," 3162112"," 1"," 0"," 0"
1252720," 2319421"," 1"," 0"," 0"
1252970," 2621440"," 1"," 0"," 0"
1253221," 2703360"," 1"," 0"," 0"
1253470," 2960963"," 1"," 0"," 0"
1253720," 2932736"," 1"," 0"," 0"
1253970," 2981888"," 1"," 0"," 0"
1254221," 2801664"," 1"," 0"," 0"
1254470," 2747116"," 1"," 0"," 0"
1254720," 2670592"," 1"," 0"," 0"
1254971," 2916352"," 1"," 0"," 0"
1255220," 2664867"," 1"," 0"," 0"
1255470," 2686976"," 1"," 0"," 0"
1255720," 2867200"," 1"," 0"," 0"
1255971," 2834432"," 1"," 0"," 0"
1256220," 2714216"," 1"," 0"," 0"
1256470," 2932736"," 1"," 0"," 0"
1256720," 2605056"," 1"," 0"," 0"
1256971," 2637824"," 1"," 0"," 0"
1257220," 2928064"," 1"," 0"," 0"
1257470," 2457600"," 1"," 0"," 0"
1257721," 2588672"," 1"," 0"," 0"
1257970," 2928064"," 1"," 0"," 0"
1258220," 2555904"," 1"," 0"," 0"
1258471," 2998272"," 1"," 0"," 0"
1258720," 2796465"," 1"," 0"," 0"
1258970," 2801664"," 1"," 0"," 0"
1259221," 2768896"," 1"," 0"," 0"
1259471," 2408448"," 1"," 0"," 0"
1259720," 3059662"," 1"," 0"," 0"
1259970," 2490368"," 1"," 0"," 0"
1260221," 2588672"," 1"," 0"," 0"
1260470," 2549718"," 1"," 0"," 0"
1260720," 2572288"," 1"," 0"," 0"
1260971," 2932736"," 1"," 0"," 0"
1261221," 2506752"," 1"," 0"," 0"
1261470," 2681317"," 1"," 0"," 0"
1261720," 2523136"," 1"," 0"," 0"
1261971," 2736128"," 1"," 0"," 0"
1262220," 2878714"," 1"," 0"," 0"
1262470," 2621440"," 1"," 0"," 0"
1262720," 2654208"," 1"," 0"," 0"
1262971," 2768896"," 1"," 0"," 0"
1263220," 2928064"," 1"," 0"," 0"
1263470," 2686976"," 1"," 0"," 0"
1263721," 2785280"," 1"," 0"," 0"
1263970," 2928064"," 1"," 0"," 0"
1264220," 2424832"," 1"," 0"," 0"
1264471," 2736128"," 1"," 0"," 0"
1264720," 3125461"," 1"," 0"," 0"
1264970," 2736128"," 1"," 0"," 0"
1265221," 2834432"," 1"," 0"," 0"
1265470," 2911614"," 1"," 0"," 0"
1265720," 2949120"," 1"," 0"," 0"
1265970," 3080192"," 1"," 0"," 0"
1266221," 2424832"," 1"," 0"," 0"
1266470," 2056224"," 1"," 0"," 0"
1266721," 2555904"," 1"," 0"," 0"
1266970," 2993863"," 1"," 0"," 0"
1267220," 2752512"," 1"," 0"," 0"
1267470," 2818048"," 1"," 0"," 0"
1267721," 2736128"," 1"," 0"," 0"
1267970," 2928064"," 1"," 0"," 0"
1268220," 2310144"," 1"," 0"," 0"
1268471," 2457600"," 1"," 0"," 0"
1268720," 2878714"," 1"," 0"," 0"
1268970," 2883584"," 1"," 0"," 0"
1269221," 2408448"," 1"," 0"," 0"
1269471," 2785280"," 1"," 0"," 0"
1269720," 3043212"," 1"," 0"," 0"
1269970," 2965504"," 1"," 0"," 0"
1270220," 3129344"," 1"," 0"," 0"
1270470," 2928064"," 1"," 0"," 0"
1270720," 2932736"," 1"," 0"," 0"
1270970," 2883584"," 1"," 0"," 0"
1271221," 2670592"," 1"," 0"," 0"
1271470," 2812915"," 1"," 0"," 0"
1271720," 2801664"," 1"," 0"," 0"
1271970," 2064384"," 1"," 0"," 0"
1272221," 2850816"," 1"," 0"," 0"
1272470," 2845815"," 1"," 0"," 0"
1272720," 2883584"," 1"," 0"," 0"
1272971," 2719744"," 1"," 0"," 0"
1273220," 2697767"," 1"," 0"," 0"
1273470," 2686976"," 1"," 0"," 0"
1273721," 2850816"," 1"," 0"," 0"
1273970," 2533269"," 1"," 0"," 0"
1274220," 2686976"," 1"," 0"," 0"
1274471," 2850816"," 1"," 0"," 0"
1274720," 2714216"," 1"," 0"," 0"
1274970," 2260992"," 1"," 0"," 0"
1275220," 2736128"," 1"," 0"," 0"
1275471," 2850816"," 1"," 0"," 0"
1275720," 2993863"," 1"," 0"," 0"
1275970," 2752512"," 1"," 0"," 0"
1276220," 2572288"," 1"," 0"," 0"
1276471," 2736128"," 1"," 0"," 0"
1276720," 2911614"," 1"," 0"," 0"
1276970," 3047424"," 1"," 0"," 0"
1277221," 2752512"," 1"," 0"," 0"
1277470," 2401670"," 1"," 0"," 0"
1277720," 2981888"," 1"," 0"," 0"
1277970," 2441216"," 1"," 0"," 0"
1278221," 2064384"," 1"," 0"," 0"
1278470," 2780016"," 1"," 0"," 0"
1278720," 2899968"," 1"," 0"," 0"
1278970," 2686976"," 1"," 0"," 0"
1279221," 2605056"," 1"," 0"," 0"
1279470," 2829365"," 1"," 0"," 0"
1279720," 2719744"," 1"," 0"," 0"
1279971," 2424832"," 1"," 0"," 0"
1280220," 2993863"," 1"," 0"," 0"
1280470," 2555904"," 1"," 0"," 0"
1280720," 2850816"," 1"," 0"," 0"
1280971," 2113536"," 1"," 0"," 0"
1281220," 2582618"," 1"," 0"," 0"
1281470," 2392064"," 1"," 0"," 0"
1281720," 2523136"," 1"," 0"," 0"
1281971," 2867200"," 1"," 0"," 0"
1282220," 2516819"," 1"," 0"," 0"
1282470," 2686976"," 1"," 0"," 0"
1282720," 2605056"," 1"," 0"," 0"
1282971," 2785280"," 1"," 0"," 0"
1283220," 2615518"," 1"," 0"," 0"
1283470," 2473984"," 1"," 0"," 0"
1283721," 3063808"," 1"," 0"," 0"
1283970," 2796465"," 1"," 0"," 0"
1284220," 2736128"," 1"," 0"," 0"
1284470," 2719744"," 1"," 0"," 0"
1284721," 2965504"," 1"," 0"," 0"
1284970," 2960963"," 1"," 0"," 0"
1285220," 2490368"," 1"," 0"," 0"
1285471," 2162688"," 1"," 0"," 0"
1285721," 2621440"," 1"," 0"," 0"
1285970," 2335871"," 1"," 0"," 0"
1286221," 2637824"," 1"," 0"," 0"
1286470," 2747116"," 1"," 0"," 0"
1286720," 2523136"," 1"," 0"," 0"
1286971," 3096576"," 1"," 0"," 0"
1287221," 2473984"," 1"," 0"," 0"
1287470," 2566168"," 1"," 0"," 0"
1287720," 2736128"," 1"," 0"," 0"
1287971," 2441216"," 1"," 0"," 0"
1288220," 2697767"," 1"," 0"," 0"
1288470," 2768896"," 1"," 0"," 0"
1288720," 2605056"," 1"," 0"," 0"
1288971," 2588672"," 1"," 0"," 0"
1289220," 2549718"," 1"," 0"," 0"
1289470," 2899968"," 1"," 0"," 0"
1289720," 3178496"," 1"," 0"," 0"
1289971," 2850816"," 1"," 0"," 0"
1290220," 2796465"," 1"," 0"," 0"
1290470," 2785280"," 1"," 0"," 0"
1290720," 2834432"," 1"," 0"," 0"
1290971," 2916352"," 1"," 0"," 0"
1291220," 2714216"," 1"," 0"," 0"
1291470," 2555904"," 1"," 0"," 0"
1291720," 2949120"," 1"," 0"," 0"
1291971," 2703360"," 1"," 0"," 0"
1292220," 2319421"," 1"," 0"," 0"
1292470," 2736128"," 1"," 0"," 0"
1292720," 2719744"," 1"," 0"," 0"
1292971," 3309568"," 1"," 0"," 0"
1293220," 2500369"," 1"," 0"," 0"
1293470," 2408448"," 1"," 0"," 0"
1293721," 2572288"," 1"," 0"," 0"
1293970," 2615518"," 1"," 0"," 0"
1294220," 2654208"," 1"," 0"," 0"
1294470," 2555904"," 1"," 0"," 0"
1294721," 2637824"," 1"," 0"," 0"
1294970," 2664867"," 1"," 0"," 0"
1295220," 2621440"," 1"," 0"," 0"
1295471," 2916352"," 1"," 0"," 0"
1295720," 2154923"," 1"," 0"," 0"
1295970," 3063808"," 1"," 0"," 0"
1296220," 2686976"," 1"," 0"," 0"
1296471," 2539520"," 1"," 0"," 0"
1296720," 2763566"," 1"," 0"," 0"
1296970," 2572288"," 1"," 0"," 0"
1297221," 2801664"," 1"," 0"," 0"
1297470," 2664867"," 1"," 0"," 0"
1297720," 2441216"," 1"," 0"," 0"
1297970," 2949120"," 1"," 0"," 0"
1298221," 2588672"," 1"," 0"," 0"
1298470," 2747116"," 1"," 0"," 0"
1298720," 2719744"," 1"," 0"," 0"
1298970," 2375680"," 1"," 0"," 0"
1299221," 2654208"," 1"," 0"," 0"
1299470," 2451020"," 1"," 0"," 0"
1299720," 2441216"," 1"," 0"," 0"
1299971," 2654208"," 1"," 0"," 0"
1300220," 2368771"," 1"," 0"," 0"
1300470," 2195456"," 1"," 0"," 0"
1300720," 2965504"," 1"," 0"," 0"
1300971," 2359296"," 1"," 0"," 0"
1301220," 2599068"," 1"," 0"," 0"
1301470," 2818048"," 1"," 0"," 0"
1301721," 2572288"," 1"," 0"," 0"
1301970," 2862265"," 1"," 0"," 0"
1302220," 2949120"," 1"," 0"," 0"
1302471," 2654208"," 1"," 0"," 0"
1302720," 2648417"," 1"," 0"," 0"
1302970," 2539520"," 1"," 0"," 0"
1303220," 1982464"," 1"," 0"," 0"
1303471," 2523136"," 1"," 0"," 0"
1303720," 2451020"," 1"," 0"," 0"
1303970," 2064384"," 1"," 0"," 0"
1304221," 3063808"," 1"," 0"," 0"
1304470," 2270072"," 1"," 0"," 0"
1304720," 2211840"," 1"," 0"," 0"
1304971," 2916352"," 1"," 0"," 0"
1305221," 2277376"," 1"," 0"," 0"
1305470," 1677879"," 1"," 0"," 0"
1305720," 1916928"," 1"," 0"," 0"
1305971," 2359296"," 1"," 0"," 0"
1306220," 1941076"," 1"," 0"," 0"
1306470," 1802240"," 1"," 0"," 0"
1306721," 2588672"," 1"," 0"," 0"
1306970," 2582618"," 1"," 0"," 0"
1307220," 2539520"," 1"," 0"," 0"
1307470," 2424832"," 1"," 0"," 0"
1307721," 2473984"," 1"," 0"," 0"
1307970," 2796465"," 1"," 0"," 0"
1308220," 2342912"," 1"," 0"," 0"
1308471," 2588672"," 1"," 0"," 0"
1308721," 2146304"," 1"," 0"," 0"
1308970," 2714216"," 1"," 0"," 0"
1309220," 2719744"," 1"," 0"," 0"
1309471," 2916352"," 1"," 0"," 0"
1309720," 2664867"," 1"," 0"," 0"
1309970," 2768896"," 1"," 0"," 0"
1310220," 2244608"," 1"," 0"," 0"
1310470," 2703360"," 1"," 0"," 0"
1310721," 2834432"," 1"," 0"," 0"
1310970," 2500369"," 1"," 0"," 0"
1311220," 2605056"," 1"," 0"," 0"
1311471," 3031040"," 1"," 0"," 0"
1311721," 3063808"," 1"," 0"," 0"
1311970," 2697767"," 1"," 0"," 0"
1312220," 2424832"," 1"," 0"," 0"
1312471," 2342912"," 1"," 0"," 0"
1312720," 2697767"," 1"," 0"," 0"
1312970," 3014656"," 1"," 0"," 0"
1313220," 2686976"," 1"," 0"," 0"
1313471," 2949120"," 1"," 0"," 0"
1313720," 3026763"," 1"," 0"," 0"
1313970," 2588672"," 1"," 0"," 0"
1314221," 2883584"," 1"," 0"," 0"
1314470," 2780016"," 1"," 0"," 0"
1314720," 2981888"," 1"," 0"," 0"
1314970," 2424832"," 1"," 0"," 0"
1315221," 2359296"," 1"," 0"," 0"
1315470," 2911614"," 1"," 0"," 0"
1315720," 2686976"," 1"," 0"," 0"
1315970," 2605056"," 1"," 0"," 0"
1316221," 2818048"," 1"," 0"," 0"
1316470," 2648417"," 1"," 0"," 0"
1316720," 2719744"," 1"," 0"," 0"
1316971," 2342912"," 1"," 0"," 0"
1317220," 2664867"," 1"," 0"," 0"
1317470," 2359296"," 1"," 0"," 0"
1317720," 2097152"," 1"," 0"," 0"
1317971," 2506752"," 1"," 0"," 0"
1318220," 2714216"," 1"," 0"," 0"
1318470," 1933312"," 1"," 0"," 0"
1318721," 1818624"," 1"," 0"," 0"
1318970," 2451020"," 1"," 0"," 0"
1319220," 2375680"," 1"," 0"," 0"
1319471," 2342912"," 1"," 0"," 0"
1319720," 2253622"," 1"," 0"," 0"
1319970," 2064384"," 1"," 0"," 0"
1320220," 2670592"," 1"," 0"," 0"
1320471," 2424832"," 1"," 0"," 0"
1320720," 2780016"," 1"," 0"," 0"
1320970," 2441216"," 1"," 0"," 0"
1321221," 2506752"," 1"," 0"," 0"
1321470," 2681317"," 1"," 0"," 0"
1321720," 2523136"," 1"," 0"," 0"
1321971," 2736128"," 1"," 0"," 0"
1322220," 2878714"," 1"," 0"," 0"
1322470," 2621440"," 1"," 0"," 0"
1322720," 2654208"," 1"," 0"," 0"
1322971," 2768896"," 1"," 0"," 0"
1323220," 2928064"," 1"," 0"," 0"
1323470," 2686976"," 1"," 0"," 0"
1323721," 2785280"," 1"," 0"," 0"
1323970," 2928064"," 1"," 0"," 0"
1324220," 2424832"," 1"," 0"," 0"
1324471," 2736128"," 1"," 0"," 0"
1324720," 3125461"," 1"," 0"," 0"
1324970," 2736128"," 1"," 0"," 0"
1325221," 2834432"," 1"," 0"," 0"
1325470," 2911614"," 1"," 0"," 0"
1325720," 2949120"," 1"," 0"," 0"
1325970," 3080192"," 1"," 0"," 0"
1326221," 2424832"," 1"," 0"," 0"
1326470," 2056224"," 1"," 0"," 0"
1326721," 2555904"," 1"," 0"," 0"
1326970," 2993863"," 1"," 0"," 0"
1327220," 2752512"," 1"," 0"," 0"
1327470," 2818048"," 1"," 0"," 0"
1327721," 2736128"," 1"," 0"," 0"
1327970," 2928064"," 1"," 0"," 0"
1328220," 2310144"," 1"," 0"," 0"
1328471," 2457600"," 1"," 0"," 0"
1328720," 2878714"," 1"," 0"," 0"
1328970," 2883584"," 1"," 0"," 0"
1329221," 2408448"," 1"," 0"," 0"
1329471," 2785280"," 1"," 0"," 0"
1329720," 3043212"," 1"," 0"," 0"
1329970," 2965504"," 1"," 0"," 0"
1330220," 3129344"," 1"," 0"," 0"
1330470," 2928064"," 1"," 0"," 0"
1330720," 2932736"," 1"," 0"," 0"
1330970," 2883584"," 1"," 0"," 0"
1331221," 2670592"," 1"," 0"," 0"
1331470," 2812915"," 1"," 0"," 0"
1331720," 2801664"," 1"," 0"," 0"
1331970," 2064384"," 1"," 0"," 0"
1332221," 2850816"," 1"," 0"," 0"
1332470," 2845815"," 1"," 0"," 0"
1332720," 2883584"," 1"," 0"," 0"
1332971," 2719744"," 1"," 0"," 0"
1333220," 2697767"," 1"," 0"," 0"
1333470," 2686976"," 1"," 0"," 0"
1333721," 2850816"," 1"," 0"," 0"
1333970," 2533269"," 1"," 0"," 0"
1334220," 2686976"," 1"," 0"," 0"
1334471," 2850816"," 1"," 0"," 0"
1334720," 2714216"," 1"," 0"," 0"
1334970," 2260992"," 1"," 0"," 0"
1335220," 2736128"," 1"," 0"," 0"
1335471," 2850816"," 1"," 0"," 0"
1335720," 2993863"," 1"," 0"," 0"
1335970," 2752512"," 1"," 0"," 0"
1336220," 2572288"," 1"," 0"," 0"
1336471," 2736128"," 1"," 0"," 0"
1336720," 2911614"," 1"," 0"," 0"
1336970," 3047424"," 1"," 0"," 0"
1337221," 2752512"," 1"," 0"," 0"
1337470," 2401670"," 1"," 0"," 0"
1337720," 2981888"," 1"," 0"," 0"
1337970," 2441216"," 1"," 0"," 0"
1338221," 2064384"," 1"," 0"," 0"
1338470," 2780016"," 1"," 0"," 0"
1338720," 2899968"," 1"," 0"," 0"
1338970," 2686976"," 1"," 0"," 0"
1339221," 2605056"," 1"," 0"," 0"
1339470," 2829365"," 1"," 0"," 0"
1339720," 2719744"," 1"," 0"," 0"
1339971," 2424832"," 1"," 0"," 0"
1340220," 2993863"," 1"," 0"," 0"
1340470," 2555904"," 1"," 0"," 0"
1340720," 2850816"," 1"," 0"," 0"
1340971," 2113536"," 1"," 0"," 0"
1341220," 2582618"," 1"," 0"," 0"
1341470," 2392064"," 1"," 0"," 0"
1341720," 2523136"," 1"," 0"," 0"
1341971," 2867200"," 1"," 0"," 0"
1342220," 2516819"," 1"," 0"," 0"
1342470," 2686976"," 1"," 0"," 0"
1342720," 2605056"," 1"," 0"," 0"
1342971," 2785280"," 1"," 0"," 0"
1343220," 2615518"," 1"," 0"," 0"
1343470," 2473984"," 1"," 0"," 0"
1343721," 3063808"," 1"," 0"," 0"
1343970," 2796465"," 1"," 0"," 0"
1344220," 2736128"," 1"," 0"," 0"
1344470," 2719744"," 1"," 0"," 0"
1344721," 2965504"," 1"," 0"," 0"
1344970," 2960963"," 1"," 0"," 0"
1345220," 2490368"," 1"," 0"," 0"
1345471," 2162688"," 1"," 0"," 0"
1345721," 2621440"," 1"," 0"," 0"
1345970," 2335871"," 1"," 0"," 0"
1346221," 2637824"," 1"," 0"," 0"
1346470," 2747116"," 1"," 0"," 0"
1346720," 2523136"," 1"," 0"," 0"
1346971," 3096576"," 1"," 0"," 0"
1347221," 2473984"," 1"," 0"," 0"
1347470," 2566168"," 1"," 0"," 0"
1347720," 2736128"," 1"," 0"," 0"
1347971," 2441216"," 1"," 0"," 0"
1348220," 2697767"," 1"," 0"," 0"
1348470," 2768896"," 1"," 0"," 0"
1348720," 2605056"," 1"," 0"," 0"
1348971," 2588672"," 1"," 0"," 0"
1349220," 2549718"," 1"," 0"," 0"
1349470," 2899968"," 1"," 0"," 0"
1349720," 3178496"," 1"," 0"," 0"
1349971," 2850816"," 1"," 0"," 0"
1350220," 2796465"," 1"," 0"," 0"
1350470," 2785280"," 1"," 0"," 0"
1350720," 2834432"," 1"," 0"," 0"
1350971," 2916352"," 1"," 0"," 0"
1351220," 2714216"," 1"," 0"," 0"
1351470," 2555904"," 1"," 0"," 0"
1351720," 2949120"," 1"," 0"," 0"
1351971," 2703360"," 1"," 0"," 0"
1352220," 2319421"," 1"," 0"," 0"
1352470," 2736128"," 1"," 0"," 0"
1352720," 2719744"," 1"," 0"," 0"
1352971," 3309568"," 1"," 0"," 0"
1353220," 2500369"," 1"," 0"," 0"
1353470," 2408448"," 1"," 0"," 0"
1353721," 2572288"," 1"," 0"," 0"
1353970," 2615518"," 1"," 0"," 0"
1354220," 2654208"," 1"," 0"," 0"
1354470," 2555904"," 1"," 0"," 0"
1354721," 2637824"," 1"," 0"," 0"
1354970," 2664867"," 1"," 0"," 0"
1355220," 2621440"," 1"," 0"," 0"
1355471," 2916352"," 1"," 0"," 0"
1355720," 2154923"," 1"," 0"," 0"
1355970," 3063808"," 1"," 0"," 0"
1356220," 2686976"," 1"," 0"," 0"
1356471," 2539520"," 1"," 0"," 0"
1356720," 2763566"," 1"," 0"," 0"
1356970," 2572288"," 1"," 0"," 0"
1357221," 2801664"," 1"," 0"," 0"
1357470," 2664867"," 1"," 0"," 0"
1357720," 2441216"," 1"," 0"," 0"
1357970," 2949120"," 1"," 0"," 0"
1358221," 2588672"," 1"," 0"," 0"
1358470," 2747116"," 1"," 0"," 0"
1358720," 2719744"," 1"," 0"," 0"
1358970," 2375680"," 1"," 0"," 0"
1359221," 2654208"," 1"," 0"," 0"
1359470," 2451020"," 1"," 0"," 0"
1359720," 2441216"," 1"," 0"," 0"
1359971," 2654208"," 1"," 0"," 0"
1360220," 2368771"," 1"," 0"," 0"
1360470," 2195456"," 1"," 0"," 0"
1360720," 2965504"," 1"," 0"," 0"
1360971," 2359296"," 1"," 0"," 0"
1361220," 2599068"," 1"," 0"," 0"
1361470," 2818048"," 1"," 0"," 0"
1361721," 2572288"," 1"," 0"," 0"
1361970," 2862265"," 1"," 0"," 0"
1362220," 2949120"," 1"," 0"," 0"
1362471," 2654208"," 1"," 0"," 0"
1362720," 2648417"," 1"," 0"," 0"
1362970," 2539520"," 1"," 0"," 0"
1363220," 1982464"," 1"," 0"," 0"
1363471," 2523136"," 1"," 0"," 0"
1363720," 2451020"," 1"," 0"," 0"
1363970," 2064384"," 1"," 0"," 0"
1364221," 3063808"," 1"," 0"," 0"
1364470," 2270072"," 1"," 0"," 0"
1364720," 2211840"," 1"," 0"," 0"
1364971," 2916352"," 1"," 0"," 0"
1365221," 2277376"," 1"," 0"," 0"
1365470," 1677879"," 1"," 0"," 0"
1365720," 1916928"," 1"," 0"," 0"
1365971," 2359296"," 1"," 0"," 0"
1366220," 1941076"," 1"," 0"," 0"
1366470," 1802240"," 1"," 0"," 0"
1366721," 2588672"," 1"," 0"," 0"
1366970," 2582618"," 1"," 0"," 0"
1367220," 2539520"," 1"," 0"," 0"
1367470," 2424832"," 1"," 0"," 0"
1367721," 2473984"," 1"," 0"," 0"
1367970," 2796465"," 1"," 0"," 0"
1368220," 2342912"," 1"," 0"," 0"
1368471," 2588672"," 1"," 0"," 0"
1368721," 2146304"," 1"," 0"," 0"
1368970," 2714216"," 1"," 0"," 0"
1369220," 2719744"," 1"," 0"," 0"
1369471," 2916352"," 1"," 0"," 0"
1369720," 2664867"," 1"," 0"," 0"
1369970," 2768896"," 1"," 0"," 0"
1370220," 2244608"," 1"," 0"," 0"
1370470," 2703360"," 1"," 0"," 0"
1370721," 2834432"," 1"," 0"," 0"
1370970," 2500369"," 1"," 0"," 0"
1371220," 2605056"," 1"," 0"," 0"
1371471," 3031040"," 1"," 0"," 0"
1371721," 3063808"," 1"," 0"," 0"
1371970," 2697767"," 1"," 0"," 0"
1372220," 2424832"," 1"," 0"," 0"
1372471," 2342912"," 1"," 0"," 0"
1372720," 2697767"," 1"," 0"," 0"
1372970," 3014656"," 1"," 0"," 0"
1373220," 2686976"," 1"," 0"," 0"
1373471," 2949120"," 1"," 0"," 0"
1373720," 3026763"," 1"," 0"," 0"
1373970," 2588672"," 1"," 0"," 0"
1374221," 2883584"," 1"," 0"," 0"
1374470," 2780016"," 1"," 0"," 0"
1374720," 2981888"," 1"," 0"," 0"
1374970," 2424832"," 1"," 0"," 0"
1375221," 2359296"," 1"," 0"," 0"
1375470," 2911614"," 1"," 0"," 0"
1375720," 2686976"," 1"," 0"," 0"
1375970," 2605056"," 1"," 0"," 0"
1376221," 2818048"," 1"," 0"," 0"
1376470," 2648417"," 1"," 0"," 0"
1376720," 2719744"," 1"," 0"," 0"
1376971," 2342912"," 1"," 0"," 0"
1377220," 2664867"," 1"," 0"," 0"
1377470," 2359296"," 1"," 0"," 0"
1377720," 2097152"," 1"," 0"," 0"
1377971," 2506752"," 1"," 0"," 0"
1378220," 2714216"," 1"," 0"," 0"
1380471,2424832,1,0,0
1380964,2064384,1,0,0
1381214,2441216,1,0,0
1381464,2408448,1,0,0
1381714,2451020,1,0,0
1381964,2539520,1,0,0
1382214,2588672,1,0,0
1382464,2867200,1,0,0
1382714,2533269,1,0,0
1382964,2359296,1,0,0
1383214,2326528,1,0,0
1383464,2260992,1,0,0
1383714,2829365,1,0,0
1383964,2670592,1,0,0
1384214,2605056,1,0,0
1384464,3031040,1,0,0
1384714,2588672,1,0,0
1384964,2796465,1,0,0
1385214,2736128,1,0,0
1385464,2916352,1,0,0
1385714,2457600,1,0,0
1385964,2648417,1,0,0
1386214,2506752,1,0,0
1386464,2801664,1,0,0
1386714,2932736,1,0,0
1386964,2588672,1,0,0
1387214,2483919,1,0,0
1387464,2686976,1,0,0
1387714,2637824,1,0,0
1387964,2605056,1,0,0
1388214,2253622,1,0,0
1388464,2441216,1,0,0
1388714,2719744,1,0,0
1388964,2998272,1,0,0
1389214,2179072,1,0,0
1389464,2401670,1,0,0
1389714,2473984,1,0,0
1389964,2359296,1,0,0
1390214,2801664,1,0,0
1390464,2895164,1,0,0
1390714,3063808,1,0,0
1390964,2523136,1,0,0
1391214,2834432,1,0,0
1391464,2697767,1,0,0
1391714,2850816,1,0,0
1391964,3129344,1,0,0
1392214,2932736,1,0,0
1392464,2631967,1,0,0
1392714,2654208,1,0,0
1392964,2719744,1,0,0
1393214,2719744,1,0,0
1393464,2352321,1,0,0
1393714,2473984,1,0,0
1393964,2768896,1,0,0
1394214,2385220,1,0,0
1394464,2277376,1,0,0
1394714,2736128,1,0,0
1394964,2621440,1,0,0
1395215,2615518,1,0,0
1395464,2703360,1,0,0
1395714,2195456,1,0,0
1395964,2031616,1,0,0
1396214,2441216,1,0,0
1396464,2401670,1,0,0
1396714,2605056,1,0,0
1396964,2555904,1,0,0
1397214,2467469,1,0,0
1397464,2441216,1,0,0
1397714,2490368,1,0,0
1397964,2998272,1,0,0
1398214,2664867,1,0,0
1398464,2670592,1,0,0
1398714,2244608,1,0,0
1398964,2385220,1,0,0
1399214,2572288,1,0,0
1399464,2801664,1,0,0
1399714,2648417,1,0,0
1399964,2883584,1,0,0
1400214,2048000,1,0,0
1400464,2516819,1,0,0
1400714,2867200,1,0,0
1400964,2588672,1,0,0
1401214,2686976,1,0,0
1401464,2154923,1,0,0
1401714,2310144,1,0,0
1401964,2473984,1,0,0
1402214,2418120,1,0,0
1402464,2736128,1,0,0
1402714,2424832,1,0,0
1402964,2204273,1,0,0
1403214,2785280,1,0,0
1403464,2785280,1,0,0
1403714,2533269,1,0,0
1403964,2670592,1,0,0
1404214,2523136,1,0,0
1404464,2195456,1,0,0
1404714,2516819,1,0,0
1404964,2228224,1,0,0
1405214,2342912,1,0,0
1405464,2490368,1,0,0
1405714,2237172,1,0,0
1405964,2523136,1,0,0
1406214,2686976,1,0,0
1406464,3145728,1,0,0
1406714,2768896,1,0,0
1406964,1908176,1,0,0
1407214,2260992,1,0,0
1407464,2097152,1,0,0
1407714,2483919,1,0,0
1407964,2703360,1,0,0
1408214,2359296,1,0,0
1408464,2631967,1,0,0
1408714,2310144,1,0,0
1408964,2703360,1,0,0
1409214,3125461,1,0,0
1409464,2752512,1,0,0
1409714,2703360,1,0,0
1409964,2862265,1,0,0
1410214,3178496,1,0,0
1410464,2785280,1,0,0
1410714,2490368,1,0,0
1410964,2385220,1,0,0
1411214,3014656,1,0,0
1411464,2703360,1,0,0
1411714,2916352,1,0,0
1411964,2977413,1,0,0
1412214,2916352,1,0,0
1412464,2637824,1,0,0
1412714,2899968,1,0,0
1412964,2916352,1,0,0
1413214,2993863,1,0,0
1413465,2375680,1,0,0
1413714,2736128,1,0,0
1413964,2588672,1,0,0
1414214,3010313,1,0,0
1414464,2850816,1,0,0
1414714,2965504,1,0,0
1414964,3162112,1,0,0
1415214,2895164,1,0,0
1415464,2965504,1,0,0
1415714,3211264,1,0,0
1415964,2883584,1,0,0
1416214,2949120,1,0,0
1416464,2714216,1,0,0
1416714,2801664,1,0,0
1416964,2375680,1,0,0
1417214,2818048,1,0,0
1417464,2829365,1,0,0
1417714,2441216,1,0,0
1417964,2736128,1,0,0
1418215,2949120,1,0,0
1418464,3080192,1,0,0
1418714,3125461,1,0,0
1418964,3014656,1,0,0
1419214,3047424,1,0,0
1419464,2631967,1,0,0
1419714,2965504,1,0,0
1419964,2834432,1,0,0
1420214,2862265,1,0,0
1420464,2834432,1,0,0
1420714,2588672,1,0,0
1420964,3244032,1,0,0
1421214,3010313,1,0,0
1421464,3096576,1,0,0
1421714,2523136,1,0,0
1421964,2441216,1,0,0
1422214,2829365,1,0,0
1422464,2818048,1,0,0
1422714,3014656,1,0,0
1422965,2834432,1,0,0
1423214,2899968,1,0,0
1423464,2714216,1,0,0
1423714,3063808,1,0,0
1423964,2834432,1,0,0
1424214,2752512,1,0,0
1424464,2516819,1,0,0
1424714,2965504,1,0,0
1424964,2998272,1,0,0
1425214,3047424,1,0,0
1425464,2605056,1,0,0
1425714,2549718,1,0,0
1425964,2932736,1,0,0
1426214,2949120,1,0,0
1426464,2932736,1,0,0
1426714,2867200,1,0,0
1426964,2960963,1,0,0
1427214,3178496,1,0,0
1427464,2424832,1,0,0
1427714,3112960,1,0,0
1427964,2829365,1,0,0
1428214,2228224,1,0,0
1428464,2981888,1,0,0
1428714,2785280,1,0,0
1428964,2588672,1,0,0
1429214,2697767,1,0,0
1429464,2785280,1,0,0
1429714,2359296,1,0,0
1429964,2719744,1,0,0
1430214,2401670,1,0,0
1430464,2752512,1,0,0
1430714,2719744,1,0,0
1430964,3178496,1,0,0
1431214,2719744,1,0,0
1431464,3092562,1,0,0
1431714,3260416,1,0,0
1431964,3031040,1,0,0
1432214,2883584,1,0,0
1432464,2277376,1,0,0
1432714,2523136,1,0,0
1432964,3125461,1,0,0
1433214,2048000,1,0,0
1433464,2179072,1,0,0
1433714,2326528,1,0,0
1433964,2780016,1,0,0
1434214,2113536,1,0,0
1434464,2834432,1,0,0
1434714,3080192,1,0,0
1434964,2878714,1,0,0
1435214,2899968,1,0,0
1435464,2408448,1,0,0
1435714,2621440,1,0,0
1435964,2818048,1,0,0
1436214,2895164,1,0,0
1436464,2719744,1,0,0
1436714,3014656,1,0,0
1436964,2818048,1,0,0
1437214,2631967,1,0,0
1437464,2506752,1,0,0
1437714,2326528,1,0,0
1437964,2686976,1,0,0
1438214,2253622,1,0,0
1438464,2686976,1,0,0
1438714,2899968,1,0,0
1438964,2621440,1,0,0
1439214,2883584,1,0,0
1439464,2483919,1,0,0
1439714,2572288,1,0,0
1439964,2899968,1,0,0
1440214,2801664,1,0,0
1440464,2434570,1,0,0
1440714,2981888,1,0,0
1440964,2375680,1,0,0
1441214,2768896,1,0,0
1441464,3063808,1,0,0
1441714,2763566,1,0,0
1441964,3178496,1,0,0
1442214,2850816,1,0,0
1442464,2916352,1,0,0
1442714,3026763,1,0,0
1442964,2293760,1,0,0
1443214,2277376,1,0,0
1443464,2736128,1,0,0
1443714,2763566,1,0,0
1443964,2834432,1,0,0
1444214,2473984,1,0,0
1444464,2572288,1,0,0
1444714,2566168,1,0,0
1444964,1900544,1,0,0
1445214,1622016,1,0,0
1445465,1736704,1,0,0
1445714,2270072,1,0,0
1445964,2228224,1,0,0
1446214,1720320,1,0,0
1446464,2342912,1,0,0
1446714,2582618,1,0,0
1446964,2277376,1,0,0
1447214,2703360,1,0,0
1447464,2686976,1,0,0
1447714,2845815,1,0,0
1447964,3244032,1,0,0
1448214,2605056,1,0,0
1448464,3372208,1,0,0
1448714,3031040,1,0,0
1448964,2818048,1,0,0
1449214,2932736,1,0,0
1449464,2730666,1,0,0
1449714,2916352,1,0,0
1449964,2703360,1,0,0
1450215,2763566,1,0,0
1450464,3047424,1,0,0
1450714,3014656,1,0,0
1450964,2270072,1,0,0
1451214,2670592,1,0,0
1451464,2588672,1,0,0
1451714,3109012,1,0,0
1451964,3063808,1,0,0
1452214,2473984,1,0,0
1452464,2375680,1,0,0
1452714,2664867,1,0,0
1452964,2228224,1,0,0
1453214,2260992,1,0,0
1453464,2928064,1,0,0
1453714,2637824,1,0,0
1453964,2703360,1,0,0
1454214,2768896,1,0,0
1454464,2368771,1,0,0
1454714,2064384,1,0,0
1454964,2375680,1,0,0
1455214,2588672,1,0,0
1455464,1949696,1,0,0
1455714,2483919,1,0,0
1455964,2818048,1,0,0
1456214,2588672,1,0,0
1456464,2539520,1,0,0
1456714,2981888,1,0,0
1456964,2703360,1,0,0
1457214,2850816,1,0,0
1457464,2555904,1,0,0
1457714,2883584,1,0,0
1457964,2965504,1,0,0
1458214,2599068,1,0,0
1458464,2736128,1,0,0
1458714,2572288,1,0,0
1458964,2899968,1,0,0
1459214,2670592,1,0,0
1459464,3096576,1,0,0
1459715,2582618,1,0,0
1459964,2162688,1,0,0
1460214,2818048,1,0,0
1460464,2801664,1,0,0
1460714,2780016,1,0,0
1460964,2572288,1,0,0
1461214,2588672,1,0,0
1461464,2768896,1,0,0
1461714,2664867,1,0,0
1461964,2899968,1,0,0
1462214,2736128,1,0,0
1462464,2714216,1,0,0
1462714,2834432,1,0,0
1462964,2768896,1,0,0
1463214,2654208,1,0,0
1463464,2916352,1,0,0
1463715,2631967,1,0,0
1463964,2867200,1,0,0
1464214,2621440,1,0,0
1464464,2146304,1,0,0
1464714,2714216,1,0,0
1464964,2211840,1,0,0
1465214,2228224,1,0,0
1465464,1891726,1,0,0
1465714,2375680,1,0,0
1465964,1720320,1,0,0
1466214,1327104,1,0,0
1466464,2056224,1,0,0
1466714,2129920,1,0,0
1466964,2228224,1,0,0
1467214,2523136,1,0,0
1467464,2342912,1,0,0
1467714,2747116,1,0,0
1467964,2506752,1,0,0
1468214,2080768,1,0,0
1468464,2539520,1,0,0
1468714,2237172,1,0,0
1468964,2244608,1,0,0
1469214,2031616,1,0,0
1469464,2670592,1,0,0
1469714,2747116,1,0,0
1469964,2670592,1,0,0
1470214,2392064,1,0,0
1470464,2228224,1,0,0
1470714,1736704,1,0,0
1470964,2714216,1,0,0
1471214,2392064,1,0,0
1471464,2146304,1,0,0
1471714,1982464,1,0,0
1471964,2237172,1,0,0
1472214,2031616,1,0,0
1472464,2326528,1,0,0
1472715,2506752,1,0,0
1472964,2187823,1,0,0
1473214,1900544,1,0,0
1473464,1769472,1,0,0
1473714,1343488,1,0,0
1473964,1743678,1,0,0
1474214,2195456,1,0,0
1474464,2195456,1,0,0
1474714,2244608,1,0,0
1474964,2539520,1,0,0
1475214,2286522,1,0,0
1475464,1933312,1,0,0
1475714,2048000,1,0,0
1475964,1949696,1,0,0
1476214,2286522,1,0,0
1476464,1884160,1,0,0
1476714,2473984,1,0,0
1476964,2129920,1,0,0
1477215,2506752,1,0,0
1477464,2451020,1,0,0
1477714,2326528,1,0,0
1477964,2572288,1,0,0
1478214,2506752,1,0,0
1478464,2179072,1,0,0
1478714,1941076,1,0,0
1478964,2244608,1,0,0
1479214,2834432,1,0,0
1479464,2392064,1,0,0
1479714,3043212,1,0,0
1479964,2965504,1,0,0
1480214,2801664,1,0,0
1480464,2648417,1,0,0
1480714,2310144,1,0,0
1480964,2670592,1,0,0
1481214,2631967,1,0,0
1481464,2162688,1,0,0
1481714,2244608,1,0,0
1481964,2277376,1,0,0
1482214,2179072,1,0,0
1482464,1990425,1,0,0
1482714,1507328,1,0,0
1482964,1851392,1,0,0
1483214,2048000,1,0,0
1483464,2293760,1,0,0
1483714,1825927,1,0,0
1483964,2457600,1,0,0
1484215,2637824,1,0,0
1484464,2097152,1,0,0
1484714,2637824,1,0,0
1484964,2056224,1,0,0
1485214,2736128,1,0,0
1485464,2752512,1,0,0
1485714,2703360,1,0,0
1485964,2768896,1,0,0
1486214,2747116,1,0,0
1486465,2588672,1,0,0
1486714,2670592,1,0,0
1486964,2326528,1,0,0
1487214,2352321,1,0,0
1487464,2195456,1,0,0
1487714,2326528,1,0,0
1487964,2599068,1,0,0
1488214,2293760,1,0,0
1488464,2845815,1,0,0
1488714,2605056,1,0,0
1488964,2539520,1,0,0
1489214,2539520,1,0,0
1489464,2516819,1,0,0
1489714,2539520,1,0,0
1489964,2621440,1,0,0
1490214,2670592,1,0,0
1490464,2812915,1,0,0
1490715,2736128,1,0,0
1490964,2555904,1,0,0
1491214,3063808,1,0,0
1491464,3010313,1,0,0
1491714,2588672,1,0,0
1491964,2965504,1,0,0
1492214,2555904,1,0,0
1492464,2681317,1,0,0
1492714,2359296,1,0,0
1492964,2392064,1,0,0
1493214,2080768,1,0,0
1493464,2599068,1,0,0
1493714,2392064,1,0,0
1493964,2654208,1,0,0
1494214,2648417,1,0,0
1494464,2965504,1,0,0
1494714,2834432,1,0,0
1494964,1990425,1,0,0
1495214,2686976,1,0,0
1495464,2457600,1,0,0
1495714,2359296,1,0,0
1495964,2549718,1,0,0
1496214,2310144,1,0,0
1496464,2408448,1,0,0
1496714,2253622,1,0,0
1496964,3129344,1,0,0
1497214,2801664,1,0,0
1497464,2631967,1,0,0
1497714,2621440,1,0,0
1497964,3129344,1,0,0
1498214,2549718,1,0,0
1498464,2572288,1,0,0
1498714,3096576,1,0,0
1498964,2686976,1,0,0
1499214,2747116,1,0,0
1499464,2801664,1,0,0
1499714,3112960,1,0,0
1499964,2845815,1,0,0
1500214,2703360,1,0,0
1500464,2981888,1,0,0
1500714,2697767,1,0,0
1500964,2752512,1,0,0
1501214,2621440,1,0,0
1501464,2768896,1,0,0
1501714,2451020,1,0,0
1501964,2768896,1,0,0
1502214,2998272,1,0,0
1502464,2944514,1,0,0
1502714,2752512,1,0,0
1502964,3014656,1,0,0
1503214,2785280,1,0,0
1503464,2763566,1,0,0
1503714,2555904,1,0,0
1503964,2392064,1,0,0
1504214,2664867,1,0,0
1504464,2637824,1,0,0
1504714,2768896,1,0,0
1504964,2615518,1,0,0
1505214,2752512,1,0,0
1505464,2752512,1,0,0
1505714,2714216,1,0,0
1505964,2719744,1,0,0
1506214,2719744,1,0,0
1506464,2631967,1,0,0
1506714,2719744,1,0,0
1506964,2588672,1,0,0
1507214,2998272,1,0,0
1507464,2829365,1,0,0
1507714,2818048,1,0,0
1507964,2523136,1,0,0
1508214,2533269,1,0,0
1508464,3014656,1,0,0
1508714,2801664,1,0,0
1508964,3063808,1,0,0
1509214,2928064,1,0,0
1509464,2932736,1,0,0
1509714,2703360,1,0,0
1509964,2654208,1,0,0
1510214,2714216,1,0,0
1510464,2883584,1,0,0
1510714,2179072,1,0,0
1510964,2648417,1,0,0
1511214,2506752,1,0,0
1511464,2555904,1,0,0
1511714,2719744,1,0,0
1511964,2566168,1,0,0
1512214,2916352,1,0,0
1512464,3162112,1,0,0
1512714,2319421,1,0,0
1512964,2621440,1,0,0
1513214,2703360,1,0,0
1513464,2960963,1,0,0
1513714,2932736,1,0,0
1513964,2981888,1,0,0
1514214,2801664,1,0,0
1514464,2747116,1,0,0
1514714,2670592,1,0,0
1514964,2916352,1,0,0
1515214,2664867,1,0,0
1515465,2686976,1,0,0
1515714,2867200,1,0,0
1515964,2834432,1,0,0
1516214,2714216,1,0,0
1516464,2932736,1,0,0
1516714,2605056,1,0,0
1516964,2637824,1,0,0
1517214,2928064,1,0,0
1517464,2457600,1,0,0
1517714,2588672,1,0,0
1517964,2928064,1,0,0
1518214,2555904,1,0,0
1518464,2998272,1,0,0
1518714,2796465,1,0,0
1518964,2801664,1,0,0
1519214,2768896,1,0,0
1519464,2408448,1,0,0
1519714,3059662,1,0,0
1519964,2490368,1,0,0
1520214,2588672,1,0,0
1520464,2549718,1,0,0
1520714,2572288,1,0,0
1520964,2932736,1,0,0
1521214,2506752,1,0,0
1521464,2681317,1,0,0
1521714,2523136,1,0,0
1521964,2736128,1,0,0
1522214,2878714,1,0,0
1522464,2621440,1,0,0
1522714,2654208,1,0,0
1522964,2768896,1,0,0
1523214,2928064,1,0,0
1523464,2686976,1,0,0
1523714,2785280,1,0,0
1523964,2928064,1,0,0
1524214,2424832,1,0,0
1524464,2736128,1,0,0
1524714,3125461,1,0,0
1524964,2736128,1,0,0
1525214,2834432,1,0,0
1525464,2911614,1,0,0
1525714,2949120,1,0,0
1525964,3080192,1,0,0
1526214,2424832,1,0,0
1526465,2056224,1,0,0
1526714,2555904,1,0,0
1526964,2993863,1,0,0
1527214,2752512,1,0,0
1527464,2818048,1,0,0
1527714,2736128,1,0,0
1527964,2928064,1,0,0
1528214,2310144,1,0,0
1528464,2457600,1,0,0
1528714,2878714,1,0,0
1528964,2883584,1,0,0
1529214,2408448,1,0,0
1529464,2785280,1,0,0
1529714,3043212,1,0,0
1529964,2965504,1,0,0
1530214,3129344,1,0,0
1530464,2928064,1,0,0
1530714,2932736,1,0,0
1530964,2883584,1,0,0
1531214,2670592,1,0,0
1531464,3112915,1,0,0
1531714,2801664,1,0,0
1531964,2064384,1,0,0
1532214,2850816,1,0,0
1532464,2845815,1,0,0
1532714,2883584,1,0,0
1532964,2719744,1,0,0
1533214,2697767,1,0,0
1533464,2686976,1,0,0
1533714,2441216,1,0,0
1533964,2408448,1,0,0
1534214,2451020,1,0,0
1534464,2539520,1,0,0
1534714,2588672,1,0,0
1534964,2867200,1,0,0
1535214,2533269,1,0,0
1535464,2359296,1,0,0
1535714,2326528,1,0,0
1535964,2260992,1,0,0
1536214,2829365,1,0,0
1536464,2670592,1,0,0
1536714,2605056,1,0,0
1536964,3031040,1,0,0
1537214,2588672,1,0,0
1537464,2796465,1,0,0
1537714,2736128,1,0,0
1537965,2916352,1,0,0
1538214,2457600,1,0,0
1538464,2648417,1,0,0
1538714,2506752,1,0,0
1538964,2801664,1,0,0
1539214,2932736,1,0,0
1539464,2588672,1,0,0
1539714,2483919,1,0,0
1539964,2686976,1,0,0
1540215,2637824,1,0,0
1540464,2605056,1,0,0
1540714,2253622,1,0,0
1540964,2441216,1,0,0
1541214,2719744,1,0,0
1541464,2998272,1,0,0
1541714,2179072,1,0,0
1541964,2401670,1,0,0
1542214,2473984,1,0,0
1542465,2359296,1,0,0
1542714,2801664,1,0,0
1542964,2895164,1,0,0
1543214,3063808,1,0,0
1543464,2523136,1,0,0
1543714,2834432,1,0,0
1543964,2697767,1,0,0
1544214,2850816,1,0,0
1544464,3129344,1,0,0
1544714,2932736,1,0,0
1544964,2631967,1,0,0
1545214,2654208,1,0,0
1545464,2719744,1,0,0
1545714,2719744,1,0,0
1545964,2352321,1,0,0
1546214,2473984,1,0,0
1546464,2768896,1,0,0
1546714,2385220,1,0,0
1546965,2277376,1,0,0
1547214,2736128,1,0,0
1547464,2621440,1,0,0
1547714,2615518,1,0,0
1547964,2703360,1,0,0
1548214,2195456,1,0,0
1548464,2031616,1,0,0
1548714,2441216,1,0,0
1548965,2401670,1,0,0
1549214,2605056,1,0,0
1549464,2555904,1,0,0
1549714,2467469,1,0,0
1549964,2441216,1,0,0
1550214,2490368,1,0,0
1550464,2998272,1,0,0
1550714,2664867,1,0,0
1550964,2670592,1,0,0
1551215,2244608,1,0,0
1551464,2385220,1,0,0
1551714,2572288,1,0,0
1551964,2801664,1,0,0
1552214,2648417,1,0,0
1552464,2883584,1,0,0
1552714,2048000,1,0,0
1552964,2516819,1,0,0
1553214,2867200,1,0,0
1553465,2588672,1,0,0
1553714,2686976,1,0,0
1553964,2154923,1,0,0
1554214,2310144,1,0,0
1554464,2473984,1,0,0
1554714,2418120,1,0,0
1554964,2736128,1,0,0
1555214,2424832,1,0,0
1555464,2204273,1,0,0
1555715,2785280,1,0,0
1555964,2785280,1,0,0
1556214,2533269,1,0,0
1556464,2670592,1,0,0
1556714,2523136,1,0,0
1556964,2195456,1,0,0
1557214,2516819,1,0,0
1557464,2228224,1,0,0
1557714,2342912,1,0,0
1557964,2490368,1,0,0
1558214,2237172,1,0,0
1558464,2523136,1,0,0
1558714,2162688,1,0,0
1558964,2500369,1,0,0
1559214,2244608,1,0,0
1559464,2195456,1,0,0
1559714,2523136,1,0,0
1559964,2533269,1,0,0
1560214,2473984,1,0,0
1560464,2719744,1,0,0
1560714,2451020,1,0,0
1560964,2703360,1,0,0
1561214,2277376,1,0,0
1561464,2588672,1,0,0
1561714,2270072,1,0,0
1561964,2293760,1,0,0
1562214,2146304,1,0,0
1562464,2122024,1,0,0
1562714,1425408,1,0,0
1562964,2335871,1,0,0
1563214,2654208,1,0,0
1563464,1884160,1,0,0
1563714,2834432,1,0,0
1563964,1973975,1,0,0
1564214,2048000,1,0,0
1564464,1982464,1,0,0
1564714,2523136,1,0,0
1564964,2048000,1,0,0
1565214,2500369,1,0,0
1565464,2293760,1,0,0
1565714,2473984,1,0,0
1565964,2654208,1,0,0
1566214,2162688,1,0,0
1566464,2719744,1,0,0
1566714,2375680,1,0,0
1566964,2768896,1,0,0
1567214,2473984,1,0,0
1567464,2129920,1,0,0
1567714,2812915,1,0,0
1567964,2179072,1,0,0
1568214,2998272,1,0,0
1568464,2572288,1,0,0
1568714,2555904,1,0,0
1568964,2555904,1,0,0
1569214,2228224,1,0,0
1569464,2719744,1,0,0
1569714,2335871,1,0,0
1569964,2768896,1,0,0
1570214,2244608,1,0,0
1570464,2703360,1,0,0
1570714,2834432,1,0,0
1570964,2500369,1,0,0
1571214,2605056,1,0,0
1571464,3031040,1,0,0
1571714,3063808,1,0,0
1571964,2697767,1,0,0
1572214,2424832,1,0,0
1572464,2342912,1,0,0
1572714,2697767,1,0,0
1572964,3014656,1,0,0
1573214,2686976,1,0,0
1573464,2949120,1,0,0
1573714,3026763,1,0,0
1573964,2588672,1,0,0
1574214,2883584,1,0,0
1574464,2780016,1,0,0
1574714,2981888,1,0,0
1574964,2424832,1,0,0
1575214,2359296,1,0,0
1575464,2911614,1,0,0
1575714,2686976,1,0,0
1575964,2605056,1,0,0
1576215,2818048,1,0,0
1576464,2648417,1,0,0
1576714,2719744,1,0,0
1576964,2342912,1,0,0
1577214,2664867,1,0,0
1577464,2359296,1,0,0
1577714,2097152,1,0,0
1577964,2506752,1,0,0
1578214,2714216,1,0,0
1578465,1933312,1,0,0
1578714,1818624,1,0,0
1578964,2451020,1,0,0
1579214,2375680,1,0,0
1579464,2342912,1,0,0
1579714,2253622,1,0,0
1579964,2064384,1,0,0
1580214,2670592,1,0,0
1580464,2424832,1,0,0
1580714,2780016,1,0,0
1580964,2441216,1,0,0
1581214,2506752,1,0,0
1581464,2681317,1,0,0
1581714,2523136,1,0,0
1581964,2736128,1,0,0
1582214,2878714,1,0,0
1582464,2621440,1,0,0
1582714,2654208,1,0,0
1582965,2768896,1,0,0
1583214,2928064,1,0,0
1583464,2686976,1,0,0
1583714,2785280,1,0,0
1583964,2928064,1,0,0
1584214,2424832,1,0,0
1584464,2736128,1,0,0
1584714,3125461,1,0,0
1584964,2736128,1,0,0
1585214,2834432,1,0,0
1585464,2911614,1,0,0
1585714,2949120,1,0,0
1585964,3080192,1,0,0
1586214,2424832,1,0,0
1586464,2056224,1,0,0
1586714,2555904,1,0,0
1586964,2993863,1,0,0
1587214,2752512,1,0,0
1587464,2818048,1,0,0
1587714,2736128,1,0,0
1587964,2928064,1,0,0
1588214,2310144,1,0,0
1588464,2457600,1,0,0
1588714,2878714,1,0,0
1588964,2883584,1,0,0
1589214,2408448,1,0,0
1589464,2785280,1,0,0
1589714,1916928,1,0,0
1589964,2293760,1,0,0
1590214,2780016,1,0,0
1590464,2195456,1,0,0
1590714,2031616,1,0,0
1590964,2056224,1,0,0
1591214,2244608,1,0,0
1591464,2588672,1,0,0
1591714,2113536,1,0,0
1591964,2796465,1,0,0
1592214,2228224,1,0,0
1592464,2129920,1,0,0
1592714,2703360,1,0,0
1592964,3076112,1,0,0
1593214,2523136,1,0,0
1593464,2605056,1,0,0
1593714,2506752,1,0,0
1593964,2686976,1,0,0
1594214,2072674,1,0,0
1594464,2457600,1,0,0
1594714,2588672,1,0,0
1594964,2899968,1,0,0
1595214,2549718,1,0,0
1595464,2310144,1,0,0
1595714,2031616,1,0,0
1595964,2146304,1,0,0
1596214,2211840,1,0,0
1596464,1957526,1,0,0
1596714,2080768,1,0,0
1596964,2244608,1,0,0
1597214,2621440,1,0,0
1597464,2549718,1,0,0
1597714,2342912,1,0,0
1597964,2752512,1,0,0
1598214,2392064,1,0,0
1598464,2664867,1,0,0
1598714,2949120,1,0,0
1598964,2555904,1,0,0
1599214,2850816,1,0,0
1599464,1941076,1,0,0
1599714,2523136,1,0,0
1599964,2441216,1,0,0
1600214,3014656,1,0,0
1600464,3096576,1,0,0
1600714,2993863,1,0,0
1600964,2359296,1,0,0
1601214,2949120,1,0,0
1601464,2703360,1,0,0
1601714,2681317,1,0,0
1601964,2572288,1,0,0
1602214,2516819,1,0,0
1602464,2686976,1,0,0
1602714,2605056,1,0,0
1602964,2785280,1,0,0
1603214,2615518,1,0,0
1603464,2473984,1,0,0
1603714,3063808,1,0,0
1603964,2796465,1,0,0
1604214,2736128,1,0,0
1604464,2719744,1,0,0
1604714,2965504,1,0,0
1604964,2960963,1,0,0
1605214,2490368,1,0,0
1605464,2993863,1,0,0
1605714,2752512,1,0,0
1605964,2572288,1,0,0
1606214,2736128,1,0,0
1606464,2911614,1,0,0
1606714,3047424,1,0,0
1606964,2752512,1,0,0
1607214,2401670,1,0,0
1607464,2981888,1,0,0
1607714,2441216,1,0,0
1607964,2064384,1,0,0
1608214,2780016,1,0,0
1608464,2899968,1,0,0
1608714,2686976,1,0,0
1608964,2605056,1,0,0
1609214,2829365,1,0,0
1609464,2719744,1,0,0
1609714,2424832,1,0,0
1609964,2993863,1,0,0
1610214,2555904,1,0,0
1610464,2850816,1,0,0
1610714,2113536,1,0,0
1610964,2582618,1,0,0
1611214,2392064,1,0,0
1611464,2523136,1,0,0
1611714,2867200,1,0,0
1611964,2516819,1,0,0
1612214,2686976,1,0,0
1612464,2605056,1,0,0
1612714,2785280,1,0,0
1612964,2615518,1,0,0
1613214,2473984,1,0,0
1613464,3063808,1,0,0
1613714,2796465,1,0,0
1613964,2736128,1,0,0
1614214,2719744,1,0,0
1614464,2965504,1,0,0
1614714,2960963,1,0,0
1614964,2490368,1,0,0
1615214,2162688,1,0,0
1615464,2621440,1,0,0
1615715,2335871,1,0,0
1615964,2637824,1,0,0
1616214,2747116,1,0,0
1616464,2523136,1,0,0
1616714,3096576,1,0,0
1616964,2473984,1,0,0
1617214,2566168,1,0,0
1617464,2736128,1,0,0
1617714,2441216,1,0,0
1617964,2697767,1,0,0
1618214,2768896,1,0,0
1618464,2605056,1,0,0
1618714,2588672,1,0,0
1618964,2549718,1,0,0
1619214,2899968,1,0,0
1619464,3178496,1,0,0
1619714,2850816,1,0,0
1619964,2064384,1,0,0
1620214,2441216,1,0,0
1620464,2408448,1,0,0
1620714,2451020,1,0,0
1620964,2539520,1,0,0
1621214,2588672,1,0,0
1621464,2867200,1,0,0
1621714,2533269,1,0,0
1621964,2359296,1,0,0
1622214,2326528,1,0,0
1622464,2260992,1,0,0
1622714,2829365,1,0,0
1622964,2670592,1,0,0
1623214,2605056,1,0,0
1623464,3031040,1,0,0
1623714,2588672,1,0,0
1623964,2796465,1,0,0
1624214,2736128,1,0,0
1624464,2916352,1,0,0
1624714,2457600,1,0,0
1624964,2648417,1,0,0
1625214,2506752,1,0,0
1625464,2801664,1,0,0
1625714,2932736,1,0,0
1625964,2588672,1,0,0
1626214,2483919,1,0,0
1626464,2686976,1,0,0
1626714,2637824,1,0,0
1626964,2605056,1,0,0
1627214,2253622,1,0,0
1627464,2441216,1,0,0
1627714,2719744,1,0,0
1627964,2998272,1,0,0
1628214,2179072,1,0,0
1628464,2401670,1,0,0
1628714,2473984,1,0,0
1628964,2359296,1,0,0
1629214,2801664,1,0,0
1629464,2895164,1,0,0
1629714,3063808,1,0,0
1629964,2523136,1,0,0
1630214,2834432,1,0,0
1630464,2697767,1,0,0
1630714,2850816,1,0,0
1630964,3129344,1,0,0
1631214,2932736,1,0,0
1631464,2631967,1,0,0
1631714,2654208,1,0,0
1631964,2719744,1,0,0
1632214,2719744,1,0,0
1632464,2352321,1,0,0
1632714,2473984,1,0,0
1632964,2768896,1,0,0
1633214,2385220,1,0,0
1633464,2277376,1,0,0
1633714,2736128,1,0,0
1633964,2621440,1,0,0
1634214,2615518,1,0,0
1634464,2703360,1,0,0
1634714,2195456,1,0,0
1634964,2031616,1,0,0
1635214,2441216,1,0,0
1635464,2401670,1,0,0
1635714,2605056,1,0,0
1635964,2555904,1,0,0
1636214,2467469,1,0,0
1636464,2441216,1,0,0
1636714,2490368,1,0,0
1636964,2998272,1,0,0
1637214,2664867,1,0,0
1637464,2670592,1,0,0
1637714,2244608,1,0,0
1637964,2385220,1,0,0
1638214,2572288,1,0,0
1638464,2801664,1,0,0
1638714,2648417,1,0,0
1638964,2883584,1,0,0
1639215,2048000,1,0,0
1639464,2516819,1,0,0
1639714,2867200,1,0,0
1639964,2588672,1,0,0
1640214,2686976,1,0,0
1640464,2154923,1,0,0
1640714,2310144,1,0,0
1640964,2473984,1,0,0
1641214,2418120,1,0,0
1641464,2736128,1,0,0
1641714,2424832,1,0,0
1641964,2204273,1,0,0
1642214,2785280,1,0,0
1642464,2785280,1,0,0
1642714,2533269,1,0,0
1642964,2670592,1,0,0
1643214,2523136,1,0,0
1643464,2195456,1,0,0
1643714,2516819,1,0,0
1643964,2228224,1,0,0
1644214,2342912,1,0,0
1644464,2490368,1,0,0
1644714,2237172,1,0,0
1644964,2523136,1,0,0
1645214,2162688,1,0,0
1645464,2500369,1,0,0
1645714,2244608,1,0,0
1645964,2195456,1,0,0
1646214,2523136,1,0,0
1646464,2533269,1,0,0
1646714,2473984,1,0,0
1646964,2719744,1,0,0
1647214,2451020,1,0,0
1647464,2703360,1,0,0
1647714,2277376,1,0,0
1647964,2588672,1,0,0
1648214,2270072,1,0,0
1648464,2293760,1,0,0
1648714,2146304,1,0,0
1648964,2122024,1,0,0
1649214,1425408,1,0,0
1649464,2335871,1,0,0
1649714,2654208,1,0,0
1649964,1884160,1,0,0
1650214,2834432,1,0,0
1650465,1973975,1,0,0
1650714,2048000,1,0,0
1650964,1982464,1,0,0
1651214,2523136,1,0,0
1651464,2048000,1,0,0
1651714,2500369,1,0,0
1651964,2293760,1,0,0
1652214,2473984,1,0,0
1652464,2654208,1,0,0
1652714,2162688,1,0,0
1652964,2719744,1,0,0
1653214,2375680,1,0,0
1653464,2768896,1,0,0
1653714,2473984,1,0,0
1653964,2129920,1,0,0
1654214,2812915,1,0,0
1654464,2179072,1,0,0
1654714,2998272,1,0,0
1654964,2572288,1,0,0
1655214,2555904,1,0,0
1655464,2555904,1,0,0
1655714,2228224,1,0,0
1655964,2719744,1,0,0
1656214,2335871,1,0,0
1656464,1802240,1,0,0
1656714,2719744,1,0,0
1656964,2031616,1,0,0
1657214,2506752,1,0,0
1657464,2375680,1,0,0
1657714,2621440,1,0,0
1657964,2375680,1,0,0
1658214,1703936,1,0,0
1658464,1562730,1,0,0
1658714,1196032,1,0,0
1658964,1982464,1,0,0
1659214,2883584,1,0,0
1659464,2113536,1,0,0
1659714,2342912,1,0,0
1659964,2097152,1,0,0
1660214,2473984,1,0,0
1660464,2998272,1,0,0
1660714,2237172,1,0,0
1660964,2457600,1,0,0
1661214,2179072,1,0,0
1661464,2375680,1,0,0
1661714,2703360,1,0,0
1661964,2146304,1,0,0
1662214,2424832,1,0,0
1662464,1835008,1,0,0
1662714,2473984,1,0,0
1662964,1957526,1,0,0
1663214,2179072,1,0,0
1663464,2162688,1,0,0
1663714,2113536,1,0,0
1663964,1687552,1,0,0
1664214,2457600,1,0,0
1664464,1802240,1,0,0
1664714,1867776,1,0,0
1664964,1628530,1,0,0
1665214,1409024,1,0,0
1665464,1884160,1,0,0
1665714,2211840,1,0,0
1665964,2615518,1,0,0
1666214,1785856,1,0,0
1666465,2310144,1,0,0
1666714,2845815,1,0,0
1666964,2539520,1,0,0
1667214,2845815,1,0,0
1667464,2801664,1,0,0
1667714,3112960,1,0,0
1667964,2424832,1,0,0
1668214,1941076,1,0,0
1668464,2113536,1,0,0
1668714,2637824,1,0,0
1668964,2747116,1,0,0
1669214,3063808,1,0,0
1669464,2555904,1,0,0
1669714,2031616,1,0,0
1669964,1381783,1,0,0
1670214,2686976,1,0,0
1670464,2523136,1,0,0
1670714,2566168,1,0,0
1670964,2981888,1,0,0
1671214,2801664,1,0,0
1671464,2277376,1,0,0
1671714,2664867,1,0,0
1671964,2834432,1,0,0
1672214,2588672,1,0,0
1672464,2752512,1,0,0
1672714,2845815,1,0,0
1672964,2670592,1,0,0
1673214,2523136,1,0,0
1673464,2048000,1,0,0
1673714,2812915,1,0,0
1673964,2867200,1,0,0
1674214,2637824,1,0,0
1674464,2270072,1,0,0
1674714,2670592,1,0,0
1674964,2998272,1,0,0
1675214,2473984,1,0,0
1675464,2105574,1,0,0
1675714,2048000,1,0,0
1675964,2965504,1,0,0
1676214,3063808,1,0,0
1676464,2572288,1,0,0
1676714,2441216,1,0,0
1676964,2862265,1,0,0
1677214,2277376,1,0,0
1677464,2392064,1,0,0
1677714,2211840,1,0,0
1677964,2719744,1,0,0
1678214,2319421,1,0,0
1678464,2473984,1,0,0
1678714,2473984,1,0,0
1678964,2171373,1,0,0
1679214,2506752,1,0,0
1679464,2277376,1,0,0
1679714,2359296,1,0,0
1679964,2286522,1,0,0
1680214,2615518,1,0,0
1680464,2654208,1,0,0
1680714,2555904,1,0,0
1680964,2637824,1,0,0
1681214,2664867,1,0,0
1681464,2621440,1,0,0
1681714,2916352,1,0,0
1681964,2154923,1,0,0
1682214,3063808,1,0,0
1682464,2686976,1,0,0
1682714,2539520,1,0,0
1682964,2763566,1,0,0
1683214,2572288,1,0,0
1683464,2801664,1,0,0
1683714,2664867,1,0,0
1683964,2441216,1,0,0
1684214,2949120,1,0,0
1684464,2588672,1,0,0
1684714,2747116,1,0,0
1684964,2719744,1,0,0
1685214,2375680,1,0,0
1685464,2654208,1,0,0
1685714,2451020,1,0,0
1685964,2441216,1,0,0
1686214,2654208,1,0,0
1686464,2368771,1,0,0
1686714,2195456,1,0,0
1686964,2965504,1,0,0
1687214,2359296,1,0,0
1687464,2599068,1,0,0
1687714,2818048,1,0,0
1687964,2572288,1,0,0
1688214,2862265,1,0,0
1688464,2949120,1,0,0
1688714,2654208,1,0,0
1688964,2648417,1,0,0
1689214,2539520,1,0,0
1689465,1982464,1,0,0
1689714,2523136,1,0,0
1689964,2451020,1,0,0
1690214,2064384,1,0,0
1690464,3063808,1,0,0
1690714,2270072,1,0,0
1690964,2211840,1,0,0
1691214,2916352,1,0,0
1691464,2277376,1,0,0
1691714,1677879,1,0,0
1691964,1916928,1,0,0
1692214,2359296,1,0,0
1692464,1941076,1,0,0
1692714,1802240,1,0,0
1692964,2588672,1,0,0
1693214,2582618,1,0,0
1693464,2539520,1,0,0
1693714,2424832,1,0,0
1693964,2473984,1,0,0
1694214,2796465,1,0,0
1694464,2342912,1,0,0
1694714,2588672,1,0,0
1694964,2146304,1,0,0
1695214,2714216,1,0,0
1695464,2719744,1,0,0
1695714,2916352,1,0,0
1695964,2664867,1,0,0
1696214,2768896,1,0,0
1696464,2244608,1,0,0
1696714,2703360,1,0,0
1696964,2834432,1,0,0
1697214,2500369,1,0,0
1697464,2605056,1,0,0
1697714,3031040,1,0,0
1697964,3063808,1,0,0
1698214,2697767,1,0,0
1698464,2424832,1,0,0
1698714,2342912,1,0,0
1698964,2697767,1,0,0
1699214,3014656,1,0,0
1699464,2686976,1,0,0
1699714,2949120,1,0,0
1699964,3026763,1,0,0
1700214,2588672,1,0,0
1700464,2883584,1,0,0
1700714,2780016,1,0,0
1700964,2981888,1,0,0
1701214,2424832,1,0,0
1701464,2359296,1,0,0
1701714,2911614,1,0,0
1701964,2686976,1,0,0
1702214,2605056,1,0,0
1702464,2818048,1,0,0
1702714,2648417,1,0,0
1702964,2719744,1,0,0
1703214,2342912,1,0,0
1703464,2664867,1,0,0
1703714,2359296,1,0,0
1703964,2097152,1,0,0
1704214,2506752,1,0,0
1704464,2714216,1,0,0
1704714,1933312,1,0,0
1704964,1818624,1,0,0
1705214,2451020,1,0,0
1705464,2375680,1,0,0
1705714,2342912,1,0,0
1705964,2253622,1,0,0
1706214,2064384,1,0,0
1706464,2670592,1,0,0
1706714,2424832,1,0,0
1706964,2780016,1,0,0
1707214,2441216,1,0,0
1707464,2506752,1,0,0
1707714,2681317,1,0,0
1707964,2523136,1,0,0
1708215,2736128,1,0,0
1708464,2878714,1,0,0
1708714,2621440,1,0,0
1708964,2654208,1,0,0
1709214,2768896,1,0,0
1709464,2928064,1,0,0
1709714,2686976,1,0,0
1709964,2785280,1,0,0
1710215,2928064,1,0,0
1710464,2424832,1,0,0
1710714,2736128,1,0,0
1710964,3125461,1,0,0
1711214,2736128,1,0,0
1711464,2834432,1,0,0
1711714,2911614,1,0,0
1711964,2949120,1,0,0
1712214,3080192,1,0,0
1712464,2424832,1,0,0
1712714,2056224,1,0,0
1712964,2555904,1,0,0
1713214,2993863,1,0,0
1713464,2752512,1,0,0
1713714,2818048,1,0,0
1713964,2736128,1,0,0
1714214,2928064,1,0,0
1714464,2310144,1,0,0
1714714,2457600,1,0,0
1714964,2878714,1,0,0
1715214,2883584,1,0,0
1715464,2408448,1,0,0
1715714,2785280,1,0,0
1715964,3043212,1,0,0
1716214,2965504,1,0,0
1716464,3129344,1,0,0
1716714,2928064,1,0,0
1716964,2932736,1,0,0
1717214,2883584,1,0,0
1717464,2670592,1,0,0
1717714,2812915,1,0,0
1717964,2801664,1,0,0
1718214,2064384,1,0,0
1718464,2850816,1,0,0
1718714,2845815,1,0,0
1718964,2883584,1,0,0
1719214,2719744,1,0,0
1719464,2697767,1,0,0
1719714,2686976,1,0,0
1719964,2850816,1,0,0
1720214,2533269,1,0,0
1720464,2686976,1,0,0
1720714,2850816,1,0,0
1720964,2714216,1,0,0
1721214,2260992,1,0,0
1721464,2736128,1,0,0
1721714,2850816,1,0,0
1721964,2993863,1,0,0
1722214,2752512,1,0,0
1722464,2572288,1,0,0
1722714,2736128,1,0,0
1722964,2911614,1,0,0
1723214,3047424,1,0,0
1723464,2752512,1,0,0
1723714,2401670,1,0,0
1723964,2981888,1,0,0
1724214,2441216,1,0,0
1724464,2064384,1,0,0
1724714,2780016,1,0,0
1724964,2899968,1,0,0
1725214,2686976,1,0,0
1725464,2605056,1,0,0
1725714,2829365,1,0,0
1725964,2719744,1,0,0
1726214,2424832,1,0,0
1726464,2993863,1,0,0
1726714,2555904,1,0,0
1726964,2850816,1,0,0
1727214,2113536,1,0,0
1727464,2582618,1,0,0
1727714,2392064,1,0,0
1727964,2523136,1,0,0
1728215,2867200,1,0,0
1728464,2516819,1,0,0
1728714,2686976,1,0,0
1728964,2605056,1,0,0
1729214,2785280,1,0,0
1729464,2615518,1,0,0
1729714,2473984,1,0,0
1729964,3063808,1,0,0
1730215,2796465,1,0,0
1730464,2736128,1,0,0
1730714,2719744,1,0,0
1730964,2965504,1,0,0
1731214,2960963,1,0,0
1731464,2490368,1,0,0
1731714,2162688,1,0,0
1731964,2621440,1,0,0
1732214,2335871,1,0,0
1732465,2637824,1,0,0
1732714,2747116,1,0,0
1732964,2523136,1,0,0
1733214,3096576,1,0,0
1733464,2473984,1,0,0
1733714,2566168,1,0,0
1733964,2736128,1,0,0
1734214,2441216,1,0,0
1734464,2697767,1,0,0
1734714,2768896,1,0,0
1734964,2605056,1,0,0
1735214,2588672,1,0,0
1735464,2549718,1,0,0
1735714,2899968,1,0,0
1735964,3178496,1,0,0
1736214,2850816,1,0,0
1736464,2796465,1,0,0
1736714,2785280,1,0,0
1736964,2834432,1,0,0
1737214,2916352,1,0,0
1737464,2714216,1,0,0
1737714,2555904,1,0,0
1737964,2949120,1,0,0
1738214,2703360,1,0,0
1738464,2319421,1,0,0
1738714,2736128,1,0,0
1738964,2719744,1,0,0
1739214,3309568,1,0,0
1739464,2500369,1,0,0
1739714,2408448,1,0,0
1739964,2572288,1,0,0
1740214,2615518,1,0,0
1740464,2654208,1,0,0
1740714,2555904,1,0,0
1740964,2637824,1,0,0
1741214,2664867,1,0,0
1741464,2621440,1,0,0
1741714,2916352,1,0,0
1741964,2154923,1,0,0
1742214,3063808,1,0,0
1742464,2686976,1,0,0
1742714,2539520,1,0,0
1742964,2763566,1,0,0
1743214,2572288,1,0,0
1743464,2801664,1,0,0
1743714,2664867,1,0,0
1743964,2441216,1,0,0
1744215,2949120,1,0,0
1744464,2588672,1,0,0
1744714,2747116,1,0,0
1744964,2719744,1,0,0
1745214,2375680,1,0,0
1745464,2654208,1,0,0
1745714,2451020,1,0,0
1745964,2441216,1,0,0
1746214,2654208,1,0,0
1746464,2368771,1,0,0
1746714,2195456,1,0,0
1746964,2965504,1,0,0
1747214,2359296,1,0,0
1747464,2599068,1,0,0
1747714,2818048,1,0,0
1747964,2572288,1,0,0
1748214,2862265,1,0,0
1748464,2949120,1,0,0
1748714,2654208,1,0,0
1748964,2648417,1,0,0
1749214,2539520,1,0,0
1749464,1982464,1,0,0
1749714,2523136,1,0,0
1749964,2451020,1,0,0
1750214,2064384,1,0,0
1750464,3063808,1,0,0
1750714,2270072,1,0,0
1750964,2211840,1,0,0
1751214,2916352,1,0,0
1751464,2277376,1,0,0
1751714,1677879,1,0,0
1751964,1916928,1,0,0
1752214,2359296,1,0,0
1752464,3129344,1,0,0
1752714,2801664,1,0,0
1752964,2631967,1,0,0
1753214,2621440,1,0,0
1753464,3129344,1,0,0
1753714,2549718,1,0,0
1753964,2572288,1,0,0
1754214,3096576,1,0,0
1754464,2686976,1,0,0
1754714,2747116,1,0,0
1754964,2801664,1,0,0
1755214,3112960,1,0,0
1755464,2845815,1,0,0
1755714,2703360,1,0,0
1755964,2981888,1,0,0
1756214,2697767,1,0,0
1756464,2752512,1,0,0
1756714,2621440,1,0,0
1756964,2768896,1,0,0
1757214,2451020,1,0,0
1757464,2768896,1,0,0
1757714,2998272,1,0,0
1757964,2944514,1,0,0
1758214,2752512,1,0,0
1758464,3014656,1,0,0
1758714,2785280,1,0,0
1758964,2763566,1,0,0
1759214,2555904,1,0,0
1759464,2392064,1,0,0
1759714,2664867,1,0,0
1759964,2637824,1,0,0
1760214,2768896,1,0,0
1760464,2615518,1,0,0
1760714,2752512,1,0,0
1760964,2752512,1,0,0
1761214,2714216,1,0,0
1761464,2719744,1,0,0
1761714,2719744,1,0,0
1761964,2631967,1,0,0
1762214,2719744,1,0,0
1762464,2588672,1,0,0
1762714,2998272,1,0,0
1762964,2829365,1,0,0
1763214,2818048,1,0,0
1763464,2523136,1,0,0
1763714,2533269,1,0,0
1763964,3014656,1,0,0
1764214,2801664,1,0,0
1764464,3063808,1,0,0
1764714,2928064,1,0,0
1764964,2932736,1,0,0
1765214,2703360,1,0,0
1765464,2654208,1,0,0
1765714,2714216,1,0,0
1765964,2883584,1,0,0
1766214,2179072,1,0,0
1766464,2648417,1,0,0
1766714,2506752,1,0,0
1766964,2555904,1,0,0
1767214,2719744,1,0,0
1767464,2566168,1,0,0
1767714,2916352,1,0,0
1767964,3162112,1,0,0
1768214,2319421,1,0,0
1768464,2621440,1,0,0
1768714,2703360,1,0,0
1768964,2960963,1,0,0
1769214,2932736,1,0,0
1769464,2981888,1,0,0
1769714,2801664,1,0,0
1769964,2747116,1,0,0
1770214,2670592,1,0,0
1770464,2916352,1,0,0
1770714,2664867,1,0,0
1770964,2686976,1,0,0
1771214,2867200,1,0,0
1771464,2834432,1,0,0
1771714,2714216,1,0,0
1771965,2932736,1,0,0
1772214,2605056,1,0,0
1772464,2637824,1,0,0
1772714,2928064,1,0,0
1772964,2457600,1,0,0
1773214,2588672,1,0,0
1773464,2928064,1,0,0
1773714,2555904,1,0,0
1773964,2998272,1,0,0
1774214,2796465,1,0,0
1774464,2801664,1,0,0
1774714,2768896,1,0,0
1774964,2408448,1,0,0
1775214,3059662,1,0,0
1775464,2490368,1,0,0
1775714,2588672,1,0,0
1775964,2549718,1,0,0
1776214,2572288,1,0,0
1776464,2932736,1,0,0
1776714,2506752,1,0,0
1776964,2681317,1,0,0
1777214,2523136,1,0,0
1777464,2736128,1,0,0
1777714,2878714,1,0,0
1777964,2621440,1,0,0
1778214,2654208,1,0,0
1778464,2768896,1,0,0
1778714,2928064,1,0,0
1778964,2686976,1,0,0
1779214,2785280,1,0,0
1779464,2928064,1,0,0
1779714,2424832,1,0,0
1779964,2736128,1,0,0
1780214,3125461,1,0,0
1780464,2736128,1,0,0
1780714,2834432,1,0,0
1780965,2911614,1,0,0
1781214,2949120,1,0,0
1781464,3080192,1,0,0
1781714,2424832,1,0,0
1781964,2056224,1,0,0
1782214,2555904,1,0,0
1782464,2993863,1,0,0
1782714,2752512,1,0,0
1782964,2818048,1,0,0
1783214,2736128,1,0,0
1783464,2928064,1,0,0
1783714,2310144,1,0,0
1783964,2457600,1,0,0
1784214,2878714,1,0,0
1784464,2883584,1,0,0
1784714,2408448,1,0,0
1784964,2785280,1,0,0
1785214,3043212,1,0,0
1785464,2965504,1,0,0
1785714,3129344,1,0,0
1785964,2928064,1,0,0
1786214,2932736,1,0,0
1786464,2883584,1,0,0
1786714,2670592,1,0,0
1786964,2812915,1,0,0
1787214,2801664,1,0,0
1787465,2064384,1,0,0
1787714,2850816,1,0,0
1787964,2845815,1,0,0
1788214,2883584,1,0,0
1788464,2719744,1,0,0
1788714,2697767,1,0,0
1788964,2686976,1,0,0
1789214,2441216,1,0,0
1789464,2408448,1,0,0
1789714,2451020,1,0,0
1789964,2539520,1,0,0
1790214,2588672,1,0,0
1790464,2867200,1,0,0
1790714,2533269,1,0,0
1790964,2359296,1,0,0
1791214,2326528,1,0,0
1791464,2260992,1,0,0
1791714,2829365,1,0,0
1791964,2670592,1,0,0
1792214,2605056,1,0,0
1792464,3031040,1,0,0
1792714,2588672,1,0,0
1792964,2796465,1,0,0
1793214,2736128,1,0,0
1793464,2916352,1,0,0
1793714,2457600,1,0,0
1793965,2648417,1,0,0
1794214,2506752,1,0,0
1794464,2801664,1,0,0
1794714,2932736,1,0,0
1794964,2588672,1,0,0
1795214,2483919,1,0,0
1795464,2686976,1,0,0
1795714,2637824,1,0,0
1795964,2605056,1,0,0
1796214,2253622,1,0,0
1796464,2441216,1,0,0
1796714,2719744,1,0,0
1796964,2998272,1,0,0
1797214,2179072,1,0,0
1797464,2401670,1,0,0
1797714,2473984,1,0,0
1797964,2359296,1,0,0
1798214,2801664,1,0,0
1798464,2895164,1,0,0
1798714,3063808,1,0,0
1798964,2523136,1,0,0
1799214,2834432,1,0,0
1799464,2697767,1,0,0
1799714,2850816,1,0,0
1799964,3129344,1,0,0
1800214,2932736,1,0,0
1800464,2631967,1,0,0
1800714,2654208,1,0,0
1800964,2719744,1,0,0
1801214,2719744,1,0,0
1801464,2352321,1,0,0
1801714,2473984,1,0,0
1801964,2768896,1,0,0
1802214,2385220,1,0,0
1802464,2277376,1,0,0
1802714,2736128,1,0,0
1802964,2621440,1,0,0
1803214,2615518,1,0,0
1803464,2703360,1,0,0
1803714,2195456,1,0,0
1803964,2031616,1,0,0
1804214,2441216,1,0,0
1804464,2401670,1,0,0
1804714,2605056,1,0,0
1804964,2555904,1,0,0
1805214,2467469,1,0,0
1805464,2441216,1,0,0
1805714,2490368,1,0,0
1805964,2998272,1,0,0
1806214,2664867,1,0,0
1806464,2670592,1,0,0
1806714,2244608,1,0,0
1806964,2385220,1,0,0
1807214,2572288,1,0,0
1807464,2801664,1,0,0
1807714,2648417,1,0,0
1807965,2883584,1,0,0
1808214,2048000,1,0,0
1808464,2516819,1,0,0
1808714,2867200,1,0,0
1808964,2588672,1,0,0
1809214,2686976,1,0,0
1809464,2154923,1,0,0
1809715,2310144,1,0,0
1809964,2473984,1,0,0
1810214,2418120,1,0,0
1810464,2736128,1,0,0
1810714,2424832,1,0,0
1810964,2204273,1,0,0
1811214,2785280,1,0,0
1811464,2785280,1,0,0
1811714,2533269,1,0,0
1811964,2670592,1,0,0
1812214,2523136,1,0,0
1812464,2195456,1,0,0
1812714,2516819,1,0,0
1812964,2228224,1,0,0
1813214,2342912,1,0,0
1813464,2490368,1,0,0
1813714,2237172,1,0,0
1813964,2523136,1,0,0
1814214,2162688,1,0,0
1814464,2500369,1,0,0
1814714,2244608,1,0,0
1814964,2195456,1,0,0
1815214,2523136,1,0,0
1815464,2533269,1,0,0
1815714,2473984,1,0,0
1815964,2719744,1,0,0
1816214,2451020,1,0,0
1816464,2703360,1,0,0
1816714,2277376,1,0,0
1816964,2588672,1,0,0
1817214,2270072,1,0,0
1817464,2293760,1,0,0
1817714,2146304,1,0,0
1817964,2122024,1,0,0
1818214,1425408,1,0,0
1818464,2335871,1,0,0
1818714,2654208,1,0,0
1818965,1884160,1,0,0
1819214,2834432,1,0,0
1819464,1973975,1,0,0
1819714,2048000,1,0,0
1819964,1982464,1,0,0
1820214,2523136,1,0,0
1820464,2048000,1,0,0
1820714,2500369,1,0,0
1820964,2293760,1,0,0
1821215,2473984,1,0,0
1821464,2654208,1,0,0
1821714,2162688,1,0,0
1821964,2473984,1,0,0
1822214,2768896,1,0,0
1822464,2385220,1,0,0
1822714,2277376,1,0,0
1822964,2736128,1,0,0
1823214,2621440,1,0,0
1823465,2615518,1,0,0
1823714,2703360,1,0,0
1823964,2195456,1,0,0
1824214,2031616,1,0,0
1824464,2441216,1,0,0
1824714,2401670,1,0,0
1824964,2605056,1,0,0
1825214,2555904,1,0,0
1825464,2467469,1,0,0
1825714,2441216,1,0,0
1825964,2490368,1,0,0
1826214,2998272,1,0,0
1826464,2664867,1,0,0
1826714,2670592,1,0,0
1826964,2244608,1,0,0
1827214,2385220,1,0,0
1827464,2572288,1,0,0
1827714,2801664,1,0,0
1827964,2648417,1,0,0
1828214,2883584,1,0,0
1828464,2048000,1,0,0
1828714,2516819,1,0,0
1828964,2867200,1,0,0
1829214,2588672,1,0,0
1829464,2686976,1,0,0
1829714,2154923,1,0,0
1829964,2310144,1,0,0
1830215,2473984,1,0,0
1830464,2418120,1,0,0
1830714,2736128,1,0,0
1830964,2424832,1,0,0
1831214,2204273,1,0,0
1831464,2785280,1,0,0
1831714,2785280,1,0,0
1831964,2533269,1,0,0
1832214,2670592,1,0,0
1832464,2523136,1,0,0
1832714,2195456,1,0,0
1832964,2516819,1,0,0
1833214,2228224,1,0,0
1833464,2342912,1,0,0
1833714,2490368,1,0,0
1833964,2237172,1,0,0
1834214,2523136,1,0,0
1834464,2686976,1,0,0
1834714,3145728,1,0,0
1834964,2768896,1,0,0
1835214,1908176,1,0,0
1835464,2260992,1,0,0
1835714,2097152,1,0,0
1835964,2483919,1,0,0
1836214,2703360,1,0,0
1836464,2359296,1,0,0
1836714,2631967,1,0,0
1836964,2310144,1,0,0
1837214,2703360,1,0,0
1837464,3125461,1,0,0
1837714,2752512,1,0,0
1837964,2703360,1,0,0
1838214,2862265,1,0,0
1838464,3178496,1,0,0
1838714,2785280,1,0,0
1838964,2490368,1,0,0
1839214,2385220,1,0,0
1839464,3014656,1,0,0
1839714,2703360,1,0,0
1839964,2916352,1,0,0
1840214,2977413,1,0,0
1840464,2916352,1,0,0
1840714,2637824,1,0,0
1840964,2899968,1,0,0
1841215,2916352,1,0,0
1841464,2993863,1,0,0
1841714,2375680,1,0,0
1841964,2736128,1,0,0
1842214,2588672,1,0,0
1842464,3010313,1,0,0
1842714,2850816,1,0,0
1842964,2965504,1,0,0
1843214,3162112,1,0,0
1843464,2895164,1,0,0
1843714,2965504,1,0,0
1843964,3211264,1,0,0
1844214,2883584,1,0,0
1844464,2949120,1,0,0
1844714,2714216,1,0,0
1844964,2801664,1,0,0
1845214,2375680,1,0,0
1845464,2818048,1,0,0
1845714,2829365,1,0,0
1845964,2441216,1,0,0
1846214,2736128,1,0,0
1846464,2949120,1,0,0
1846714,3080192,1,0,0
1846964,3125461,1,0,0
1847214,3014656,1,0,0
1847464,3047424,1,0,0
1847714,2631967,1,0,0
1847964,2965504,1,0,0
1848214,2834432,1,0,0
1848464,2862265,1,0,0
1848714,2834432,1,0,0
1848964,2588672,1,0,0
1849214,3244032,1,0,0
1849464,3010313,1,0,0
1849714,3096576,1,0,0
1849964,2523136,1,0,0
1850214,2441216,1,0,0
1850464,2829365,1,0,0
1850714,2818048,1,0,0
1850964,3014656,1,0,0
1851214,2834432,1,0,0
1851464,2899968,1,0,0
1851714,2714216,1,0,0
1851964,3063808,1,0,0
1852214,2834432,1,0,0
1852464,2752512,1,0,0
1852714,2516819,1,0,0
1852964,2965504,1,0,0
1853214,2998272,1,0,0
1853464,3047424,1,0,0
1853714,2605056,1,0,0
1853964,2549718,1,0,0
1854214,2932736,1,0,0
1854464,2949120,1,0,0
1854714,2932736,1,0,0
1854964,2867200,1,0,0
1855214,2960963,1,0,0
1855464,3178496,1,0,0
1855714,2424832,1,0,0
1855964,3112960,1,0,0
1856214,2829365,1,0,0
1856464,2228224,1,0,0
1856714,2981888,1,0,0
1856964,2785280,1,0,0
1857214,2588672,1,0,0
1857464,2697767,1,0,0
1857714,2785280,1,0,0
1857964,2359296,1,0,0
1858214,2719744,1,0,0
1858464,2401670,1,0,0
1858714,2752512,1,0,0
1858964,2719744,1,0,0
1859214,3178496,1,0,0
1859464,2719744,1,0,0
1859714,3092562,1,0,0
1859964,3260416,1,0,0
1860214,3031040,1,0,0
1860464,2883584,1,0,0
1860714,2277376,1,0,0
1860964,2523136,1,0,0
1861214,3125461,1,0,0
1861464,2048000,1,0,0
1861714,2179072,1,0,0
1861964,2326528,1,0,0
1862214,2780016,1,0,0
1862464,2113536,1,0,0
1862714,2834432,1,0,0
1862964,3080192,1,0,0
1863214,2878714,1,0,0
1863464,2899968,1,0,0
1863714,2408448,1,0,0
1863964,2621440,1,0,0
1864214,2818048,1,0,0
1864464,2895164,1,0,0
1864714,2719744,1,0,0
1864964,3014656,1,0,0
1865214,2818048,1,0,0
1865464,2631967,1,0,0
1865714,2506752,1,0,0
1865964,2326528,1,0,0
1866214,2686976,1,0,0
1866464,2253622,1,0,0
1866714,2686976,1,0,0
1866964,2899968,1,0,0
1867214,2621440,1,0,0
1867464,2883584,1,0,0
1867714,2483919,1,0,0
1867964,2572288,1,0,0
1868214,2899968,1,0,0
1868464,2801664,1,0,0
1868715,2434570,1,0,0
1868964,2981888,1,0,0
1869214,2375680,1,0,0
1869464,2768896,1,0,0
1869714,3063808,1,0,0
1869964,2763566,1,0,0
1870214,3178496,1,0,0
1870464,2850816,1,0,0
1870714,2916352,1,0,0
1870964,3026763,1,0,0
1871214,2293760,1,0,0
1871464,2277376,1,0,0
1871714,2736128,1,0,0
1871964,2763566,1,0,0
1872214,2834432,1,0,0
1872464,2473984,1,0,0
1872714,2572288,1,0,0
1872964,2566168,1,0,0
1873214,1900544,1,0,0
1873464,1622016,1,0,0
1873714,1736704,1,0,0
1873964,2270072,1,0,0
1874214,2228224,1,0,0
1874464,1720320,1,0,0
1874714,2342912,1,0,0
1874964,2582618,1,0,0
1875214,2277376,1,0,0
1875464,2703360,1,0,0
1875714,2686976,1,0,0
1875965,2845815,1,0,0
1876214,3244032,1,0,0
1876464,2605056,1,0,0
1876714,3372208,1,0,0
1876964,3031040,1,0,0
1877214,2818048,1,0,0
1877464,2932736,1,0,0
1877714,2730666,1,0,0
1877964,2916352,1,0,0
1878215,2703360,1,0,0
1878464,2763566,1,0,0
1878714,3047424,1,0,0
1878964,3014656,1,0,0
1879214,2270072,1,0,0
1879464,2670592,1,0,0
1879714,2588672,1,0,0
1879964,3109012,1,0,0
1880214,3063808,1,0,0
1880464,2473984,1,0,0
1880714,2375680,1,0,0
1880964,2664867,1,0,0
1881214,2228224,1,0,0
1881464,2260992,1,0,0
1881714,2928064,1,0,0
1881964,2637824,1,0,0
1882214,2703360,1,0,0
1882464,2768896,1,0,0
1882714,2368771,1,0,0
1882964,2064384,1,0,0
1883214,2375680,1,0,0
1883464,2588672,1,0,0
1883714,1949696,1,0,0
1883964,2483919,1,0,0
1884214,2818048,1,0,0
1884464,2588672,1,0,0
1884714,2539520,1,0,0
1884964,2981888,1,0,0
1885214,2703360,1,0,0
1885464,2850816,1,0,0
1885714,2555904,1,0,0
1885964,2883584,1,0,0
1886214,2965504,1,0,0
1886464,2599068,1,0,0
1886714,2736128,1,0,0
1886964,2572288,1,0,0
1887214,2899968,1,0,0
1887464,2670592,1,0,0
1887714,3096576,1,0,0
1887964,2582618,1,0,0
1888214,2162688,1,0,0
1888464,2818048,1,0,0
1888714,2801664,1,0,0
1888964,2780016,1,0,0
1889214,2572288,1,0,0
1889464,2588672,1,0,0
1889714,2768896,1,0,0
1889964,2664867,1,0,0
1890214,2899968,1,0,0
1890464,2736128,1,0,0
1890714,2714216,1,0,0
1890964,2834432,1,0,0
1891214,2768896,1,0,0
1891464,2654208,1,0,0
1891714,2916352,1,0,0
1891964,2631967,1,0,0
1892214,2867200,1,0,0
1892464,2621440,1,0,0
1892714,2146304,1,0,0
1892964,2714216,1,0,0
1893214,2211840,1,0,0
1893464,2228224,1,0,0
1893714,1891726,1,0,0
1893964,2375680,1,0,0
1894214,1720320,1,0,0
1894464,1327104,1,0,0
1894714,2056224,1,0,0
1894964,2129920,1,0,0
1895214,2228224,1,0,0
1895463,2523136,1,0,0
1895714,2342912,1,0,0
1895964,2747116,1,0,0
1896214,2506752,1,0,0
1896464,2080768,1,0,0
1896714,2539520,1,0,0
1896964,2237172,1,0,0
1897214,2244608,1,0,0
1897464,2031616,1,0,0
1897714,2670592,1,0,0
1897964,2747116,1,0,0
1898214,2670592,1,0,0
1898464,2392064,1,0,0
1898714,2228224,1,0,0
1898964,1736704,1,0,0
1899214,2714216,1,0,0
1899464,2392064,1,0,0
1899714,2146304,1,0,0
1899964,1982464,1,0,0
1900214,2237172,1,0,0
1900464,2031616,1,0,0
1900714,2326528,1,0,0
1900964,2506752,1,0,0
1901214,2187823,1,0,0
1901464,1900544,1,0,0
1901714,1769472,1,0,0
1901964,1343488,1,0,0
1902214,1743678,1,0,0
1902465,2195456,1,0,0
1902714,2195456,1,0,0
1902964,2244608,1,0,0
1903214,2539520,1,0,0
1903464,2286522,1,0,0
1903714,1933312,1,0,0
1903964,2048000,1,0,0
1904214,1949696,1,0,0
1904464,2286522,1,0,0
1904714,1884160,1,0,0
1904964,2473984,1,0,0
1905214,2129920,1,0,0
1905464,2506752,1,0,0
1905714,2451020,1,0,0
1905964,2326528,1,0,0
1906214,2572288,1,0,0
1906464,2506752,1,0,0
1906714,2179072,1,0,0
1906964,1941076,1,0,0
1907215,2244608,1,0,0
1907464,2834432,1,0,0
1907714,2392064,1,0,0
1907964,3043212,1,0,0
1908214,2965504,1,0,0
1908464,2801664,1,0,0
1908714,2648417,1,0,0
1908964,2310144,1,0,0
1909214,2670592,1,0,0
1909465,2631967,1,0,0
1909714,2162688,1,0,0
1909964,2244608,1,0,0
1910214,2277376,1,0,0
1910464,2179072,1,0,0
1910714,1990425,1,0,0
1910964,1507328,1,0,0
1911214,1851392,1,0,0
1911464,2048000,1,0,0
1911714,2293760,1,0,0
1911964,1825927,1,0,0
1912214,2457600,1,0,0
1912464,2637824,1,0,0
1912714,2097152,1,0,0
1912964,2637824,1,0,0
1913214,2056224,1,0,0
1913464,2736128,1,0,0
1913714,2752512,1,0,0
1913965,2703360,1,0,0
1914214,2768896,1,0,0
1914464,2747116,1,0,0
1914714,2588672,1,0,0
1914964,2670592,1,0,0
1915214,2326528,1,0,0
1915464,2352321,1,0,0
1915714,2195456,1,0,0
1915964,2326528,1,0,0
1916215,2599068,1,0,0
1916464,2293760,1,0,0
1916714,2845815,1,0,0
1916964,2605056,1,0,0
1917214,2539520,1,0,0
1917464,2539520,1,0,0
1917714,2516819,1,0,0
1917964,2539520,1,0,0
1918214,2621440,1,0,0
1918465,2670592,1,0,0
1918714,2812915,1,0,0
1918964,2736128,1,0,0
1919214,2555904,1,0,0
1919464,3063808,1,0,0
1919714,3010313,1,0,0
1919964,2588672,1,0,0
1920214,2965504,1,0,0
1920464,2555904,1,0,0
1920714,2681317,1,0,0
1920964,2359296,1,0,0
1921214,2392064,1,0,0
1921464,2080768,1,0,0
1921714,2599068,1,0,0
1921964,2392064,1,0,0
1922214,2654208,1,0,0
1922464,2648417,1,0,0
1922714,2965504,1,0,0
1922964,2834432,1,0,0
1923214,1990425,1,0,0
1923464,2686976,1,0,0
1923714,2457600,1,0,0
1923964,2359296,1,0,0
1924214,2549718,1,0,0
1924464,2310144,1,0,0
1924714,2408448,1,0,0
1924964,2253622,1,0,0
1925214,3129344,1,0,0
1925464,2801664,1,0,0
1925714,2631967,1,0,0
1925964,2621440,1,0,0
1926214,3129344,1,0,0
1926464,2549718,1,0,0
1926714,2572288,1,0,0
1926964,3096576,1,0,0
1927214,2686976,1,0,0
1927464,2747116,1,0,0
1927714,2801664,1,0,0
1927964,3112960,1,0,0
1928214,2845815,1,0,0
1928464,2703360,1,0,0
1928714,2981888,1,0,0
1928964,2697767,1,0,0
1929214,2752512,1,0,0
1929464,2621440,1,0,0
1929714,2768896,1,0,0
1929964,2451020,1,0,0
1930214,2768896,1,0,0
1930464,2998272,1,0,0
1930714,2944514,1,0,0
1930964,2752512,1,0,0
1931214,3014656,1,0,0
1931464,2785280,1,0,0
1931714,2763566,1,0,0
1931964,2555904,1,0,0
1932214,2392064,1,0,0
1932464,2664867,1,0,0
1932714,2637824,1,0,0
1932964,2768896,1,0,0
1933214,2615518,1,0,0
1933464,2752512,1,0,0
1933714,2752512,1,0,0
1933964,2714216,1,0,0
1934214,2719744,1,0,0
1934464,2719744,1,0,0
1934714,2631967,1,0,0
1934964,2719744,1,0,0
1935214,2588672,1,0,0
1935464,2998272,1,0,0
1935714,2829365,1,0,0
1935964,2818048,1,0,0
1936214,2523136,1,0,0
1936464,2533269,1,0,0
1936714,3014656,1,0,0
1936964,2801664,1,0,0
1937215,3063808,1,0,0
1937464,2928064,1,0,0
1937714,2932736,1,0,0
1937964,2703360,1,0,0
1938214,2654208,1,0,0
1938464,2714216,1,0,0
1938714,2883584,1,0,0
1938964,2179072,1,0,0
1939214,2648417,1,0,0
1939464,2506752,1,0,0
1939714,2555904,1,0,0
1939964,2719744,1,0,0
1940214,2566168,1,0,0
1940464,2916352,1,0,0
1940714,3162112,1,0,0
1940964,2319421,1,0,0
1941214,2621440,1,0,0
1941465,2703360,1,0,0
1941714,2960963,1,0,0
1941964,2932736,1,0,0
1942214,2981888,1,0,0
1942464,2801664,1,0,0
1942714,2747116,1,0,0
1942965,2670592,1,0,0
1943215,2916352,1,0,0
1943464,2664867,1,0,0
1943714,2686976,1,0,0
1943964,2867200,1,0,0
1944215,2834432,1,0,0
1944464,2714216,1,0,0
1944714,2932736,1,0,0
1944964,2605056,1,0,0
1945214,2637824,1,0,0
1945465,2928064,1,0,0
1945714,2457600,1,0,0
1945964,2588672,1,0,0
1946214,2928064,1,0,0
1946464,2555904,1,0,0
1946714,2998272,1,0,0
1946965,2796465,1,0,0
1947214,2801664,1,0,0
1947464,2768896,1,0,0
1947714,2408448,1,0,0
1947964,3059662,1,0,0
1948215,2490368,1,0,0
1948464,2588672,1,0,0
1948714,2549718,1,0,0
1948964,2572288,1,0,0
1949214,2932736,1,0,0
1949465,2506752,1,0,0
1949714,2681317,1,0,0
1949964,2523136,1,0,0
1950214,2736128,1,0,0
1950464,2878714,1,0,0
1950714,2621440,1,0,0
1950964,2654208,1,0,0
1951214,2768896,1,0,0
1951464,2928064,1,0,0
1951714,2686976,1,0,0
1951965,2785280,1,0,0
1952214,2928064,1,0,0
1952464,2424832,1,0,0
1952714,2736128,1,0,0
1952964,3125461,1,0,0
1953215,2736128,1,0,0
1953464,2834432,1,0,0
1953714,2911614,1,0,0
1953964,2949120,1,0,0
1954215,3080192,1,0,0
1954464,2424832,1,0,0
1954714,2056224,1,0,0
1954964,2555904,1,0,0
1955215,2993863,1,0,0
1955464,2752512,1,0,0
1955714,2818048,1,0,0
1955964,2736128,1,0,0
1956214,2928064,1,0,0
1956465,2310144,1,0,0
1956714,2457600,1,0,0
1956964,2878714,1,0,0
1957214,2883584,1,0,0
1957465,2408448,1,0,0
1957714,2785280,1,0,0
1957964,3043212,1,0,0
1958214,2965504,1,0,0
1958465,3129344,1,0,0
1958714,2928064,1,0,0
1958964,2932736,1,0,0
1959214,2883584,1,0,0
1959464,2670592,1,0,0
1959715,3112915,1,0,0
1959964,2801664,1,0,0
1960214,2064384,1,0,0
1960464,2850816,1,0,0
1960714,2845815,1,0,0
1960964,2883584,1,0,0
1961215,2719744,1,0,0
1961464,2697767,1,0,0
1961714,2686976,1,0,0
1961964,2441216,1,0,0
1962214,2408448,1,0,0
1962465,2451020,1,0,0
1962714,2539520,1,0,0
1962964,2588672,1,0,0
1963214,2867200,1,0,0
1963464,2533269,1,0,0
1963715,2359296,1,0,0
1963964,2326528,1,0,0
1964214,2260992,1,0,0
1964464,2829365,1,0,0
1964715,2670592,1,0,0
1964965,2605056,1,0,0
1965214,3031040,1,0,0
1965464,2588672,1,0,0
1965714,2796465,1,0,0
1965964,2736128,1,0,0
1966215,2916352,1,0,0
1966464,2457600,1,0,0
1966714,2648417,1,0,0
1966964,2506752,1,0,0
1967214,2801664,1,0,0
1967465,2932736,1,0,0
1967714,2588672,1,0,0
1967964,2483919,1,0,0
1968214,2686976,1,0,0
1968465,2637824,1,0,0
1968714,2605056,1,0,0
1968964,2253622,1,0,0
1969214,2441216,1,0,0
1969464,2719744,1,0,0
1969715,2998272,1,0,0
1969964,2179072,1,0,0
1970214,2401670,1,0,0
1970464,2473984,1,0,0
1970715,2359296,1,0,0
1970964,2801664,1,0,0
1971214,2895164,1,0,0
1971464,3063808,1,0,0
1971714,2523136,1,0,0
1971965,2834432,1,0,0
1972214,2697767,1,0,0
1972464,2850816,1,0,0
1972714,3129344,1,0,0
1972964,2932736,1,0,0
1973215,2631967,1,0,0
1973464,2654208,1,0,0
1973714,2719744,1,0,0
1973964,2719744,1,0,0
1974215,2352321,1,0,0
1974465,2473984,1,0,0
1974714,2768896,1,0,0
1974964,2385220,1,0,0
1975215,2277376,1,0,0
1975464,2736128,1,0,0
1975714,2621440,1,0,0
1975964,2615518,1,0,0
1976215,2703360,1,0,0
1976464,2195456,1,0,0
1976714,2031616,1,0,0
1976964,2441216,1,0,0
1977214,2401670,1,0,0
1977464,2605056,1,0,0
1977715,2555904,1,0,0
1977964,2467469,1,0,0
1978214,2441216,1,0,0
1978464,2490368,1,0,0
1978714,2998272,1,0,0
1978965,2664867,1,0,0
1979214,2670592,1,0,0
1979464,2244608,1,0,0
1979714,2385220,1,0,0
1979965,2572288,1,0,0
1980214,2801664,1,0,0
1980464,2648417,1,0,0
1980714,2883584,1,0,0
1980965,2048000,1,0,0
1981214,2516819,1,0,0
1981464,2867200,1,0,0
1981714,2588672,1,0,0
1981964,2686976,1,0,0
1982215,2154923,1,0,0
1982464,2310144,1,0,0
1982714,2473984,1,0,0
1982964,2418120,1,0,0
1983214,2736128,1,0,0
1983465,2424832,1,0,0
1983714,2204273,1,0,0
1983964,2785280,1,0,0
1984214,2785280,1,0,0
1984465,2533269,1,0,0
1984714,2670592,1,0,0
1984964,2523136,1,0,0
1985214,2195456,1,0,0
1985464,2516819,1,0,0
1985715,2228224,1,0,0
1985964,2342912,1,0,0
1986214,2490368,1,0,0
1986464,2237172,1,0,0
1986714,2523136,1,0,0
1986965,2162688,1,0,0
1987214,2500369,1,0,0
1987464,2244608,1,0,0
1987714,2195456,1,0,0
1987964,2523136,1,0,0
1988215,2533269,1,0,0
1988464,2473984,1,0,0
1988714,2719744,1,0,0
1988964,2451020,1,0,0
1989215,2703360,1,0,0
1989464,2277376,1,0,0
1989714,2588672,1,0,0
1989964,2270072,1,0,0
1990215,2293760,1,0,0
1990464,2146304,1,0,0
1990714,2122024,1,0,0
1990964,1425408,1,0,0
1991214,2335871,1,0,0
1991465,2654208,1,0,0
1991714,1884160,1,0,0
1991964,2834432,1,0,0
1992214,1973975,1,0,0
1992464,2048000,1,0,0
1992715,1982464,1,0,0
1992964,2523136,1,0,0
1993214,2048000,1,0,0
1993464,2500369,1,0,0
1993715,2293760,1,0,0
1993964,2473984,1,0,0
1994214,2654208,1,0,0
1994464,2162688,1,0,0
1994714,2719744,1,0,0
1994964,2375680,1,0,0
1995215,2768896,1,0,0
1995464,2473984,1,0,0
1995714,2129920,1,0,0
1995965,2812915,1,0,0
1996214,2179072,1,0,0
1996465,2998272,1,0,0
1996715,2572288,1,0,0
1996964,2555904,1,0,0
1997214,2555904,1,0,0
1997464,2228224,1,0,0
1997714,2719744,1,0,0
1997964,2335871,1,0,0
1998214,2768896,1,0,0
1998464,2244608,1,0,0
1998714,2703360,1,0,0
1998964,2834432,1,0,0
1999214,2500369,1,0,0
1999464,2605056,1,0,0
1999714,3031040,1,0,0
1999964,3063808,1,0,0
2000214,2697767,1,0,0
2000464,2424832,1,0,0
2000715,2342912,1,0,0
2000964,2697767,1,0,0
2001214,3014656,1,0,0
2001464,2686976,1,0,0
2001715,2949120,1,0,0
2001964,3026763,1,0,0
2002214,2588672,1,0,0
2002464,2883584,1,0,0
2002714,2780016,1,0,0
2002964,2981888,1,0,0
2003215,2424832,1,0,0
2003464,2359296,1,0,0
2003714,2911614,1,0,0
2003964,2686976,1,0,0
2004215,2605056,1,0,0
2004465,2818048,1,0,0
2004714,2648417,1,0,0
2004964,2719744,1,0,0
2005214,2342912,1,0,0
2005465,2664867,1,0,0
2005714,2359296,1,0,0
2005964,2097152,1,0,0
2006214,2506752,1,0,0
2006465,2714216,1,0,0
2006714,1933312,1,0,0
2006964,1818624,1,0,0
2007214,2451020,1,0,0
2007464,2375680,1,0,0
2007715,2342912,1,0,0
2007964,2253622,1,0,0
2008214,2064384,1,0,0
2008464,2670592,1,0,0
2008714,2424832,1,0,0
2008965,2780016,1,0,0
2009214,2441216,1,0,0
2009464,2506752,1,0,0
2009714,2681317,1,0,0
2009964,2523136,1,0,0
2010215,2736128,1,0,0
2010464,2878714,1,0,0
2010714,2621440,1,0,0
2010964,2654208,1,0,0
2011215,2768896,1,0,0
2011464,2928064,1,0,0
2011714,2686976,1,0,0
2011964,2785280,1,0,0
2012215,2928064,1,0,0
2012464,2424832,1,0,0
2012714,2736128,1,0,0
2012964,3125461,1,0,0
2013215,2736128,1,0,0
2013464,2834432,1,0,0
2013714,2911614,1,0,0
2013964,2949120,1,0,0
2014214,3080192,1,0,0
2014465,2424832,1,0,0
2014714,2056224,1,0,0
2014964,2555904,1,0,0
2015214,2993863,1,0,0
2015464,2752512,1,0,0
2015715,2818048,1,0,0
2015964,2736128,1,0,0
2016214,2928064,1,0,0
2016464,2310144,1,0,0
2016714,2457600,1,0,0
2016965,2878714,1,0,0
2017214,2883584,1,0,0
2017464,2408448,1,0,0
2017714,2785280,1,0,0
2017965,1916928,1,0,0
2018214,2293760,1,0,0
2018464,2780016,1,0,0
2018714,2195456,1,0,0
2018964,2031616,1,0,0
2019215,2056224,1,0,0
2019464,2244608,1,0,0
2019714,2588672,1,0,0
2019964,2113536,1,0,0
2020214,2796465,1,0,0
2020465,2228224,1,0,0
2020714,2129920,1,0,0
2020964,2703360,1,0,0
2021214,3076112,1,0,0
2021465,2523136,1,0,0
2021715,2605056,1,0,0
2021964,2506752,1,0,0
2022214,2686976,1,0,0
2022464,2072674,1,0,0
2022714,2457600,1,0,0
2022965,2588672,1,0,0
2023214,2899968,1,0,0
2023464,2549718,1,0,0
2023714,2310144,1,0,0
2023964,2031616,1,0,0
2024215,2146304,1,0,0
2024464,2211840,1,0,0
2024714,1957526,1,0,0
2024964,2080768,1,0,0
2025215,2244608,1,0,0
2025464,2621440,1,0,0
2025714,2549718,1,0,0
2025964,2342912,1,0,0
2026214,2752512,1,0,0
2026464,2392064,1,0,0
2026714,2664867,1,0,0
2026964,2949120,1,0,0
2027214,2555904,1,0,0
2027464,2850816,1,0,0
2027714,1941076,1,0,0
2027964,2523136,1,0,0
2028214,2441216,1,0,0
2028464,3014656,1,0,0
2028714,3096576,1,0,0
2028964,2993863,1,0,0
2029214,2359296,1,0,0
2029464,2949120,1,0,0
2029714,2703360,1,0,0
2029964,2681317,1,0,0
2030214,2572288,1,0,0
2030464,2516819,1,0,0
2030714,2686976,1,0,0
2030964,2605056,1,0,0
2031214,2785280,1,0,0
2031464,2615518,1,0,0
2031714,2473984,1,0,0
2031964,3063808,1,0,0
2032214,2796465,1,0,0
2032464,2736128,1,0,0
2032714,2719744,1,0,0
2032964,2965504,1,0,0
2033214,2960963,1,0,0
2033464,2490368,1,0,0
2033714,2993863,1,0,0
2033964,2752512,1,0,0
2034214,2572288,1,0,0
2034464,2736128,1,0,0
2034714,2911614,1,0,0
2034964,3047424,1,0,0
2035214,2752512,1,0,0
2035464,2401670,1,0,0
2035714,2981888,1,0,0
2035964,2441216,1,0,0
2036214,2064384,1,0,0
2036464,2780016,1,0,0
2036714,2899968,1,0,0
2036964,2686976,1,0,0
2037214,2605056,1,0,0
2037464,2829365,1,0,0
2037714,2719744,1,0,0
2037964,2424832,1,0,0
2038215,2993863,1,0,0
2038464,2555904,1,0,0
2038714,2850816,1,0,0
2038964,2113536,1,0,0
2039214,2582618,1,0,0
2039464,2392064,1,0,0
2039714,2523136,1,0,0
2039964,2867200,1,0,0
2040214,2516819,1,0,0
2040464,2686976,1,0,0
2040714,2605056,1,0,0
2040964,2785280,1,0,0
2041214,2615518,1,0,0
2041464,2473984,1,0,0
2041714,3063808,1,0,0
2041964,2796465,1,0,0
2042214,2736128,1,0,0
2042464,2719744,1,0,0
2042714,2965504,1,0,0
2042964,2960963,1,0,0
2043214,2490368,1,0,0
2043464,2162688,1,0,0
2043714,2621440,1,0,0
2043964,2335871,1,0,0
2044214,2637824,1,0,0
2044464,2747116,1,0,0
2044714,2523136,1,0,0
2044964,3096576,1,0,0
2045214,2473984,1,0,0
2045464,2566168,1,0,0
2045714,2736128,1,0,0
2045964,2441216,1,0,0
2046214,2697767,1,0,0
2046464,2768896,1,0,0
2046714,2605056,1,0,0
2046964,2588672,1,0,0
2047214,2549718,1,0,0
2047464,2899968,1,0,0
2047714,3178496,1,0,0
2047964,2850816,1,0,0
2048214,2064384,1,0,0
2048464,2441216,1,0,0
2048714,2408448,1,0,0
2048964,2451020,1,0,0
2049214,2539520,1,0,0
2049464,2588672,1,0,0
2049714,2867200,1,0,0
2049964,2533269,1,0,0
2050214,2359296,1,0,0
2050464,2326528,1,0,0
2050714,2260992,1,0,0
2050964,2829365,1,0,0
2051215,2670592,1,0,0
2051464,2605056,1,0,0
2051714,3031040,1,0,0
2051964,2588672,1,0,0
2052214,2796465,1,0,0
2052464,2736128,1,0,0
2052714,2916352,1,0,0
2052964,2457600,1,0,0
2053214,2648417,1,0,0
2053465,2506752,1,0,0
2053714,2801664,1,0,0
2053964,2932736,1,0,0
2054214,2588672,1,0,0
2054464,2483919,1,0,0
2054714,2686976,1,0,0
2054964,2637824,1,0,0
2055214,2605056,1,0,0
2055464,2253622,1,0,0
2055714,2441216,1,0,0
2055964,2719744,1,0,0
2056214,2998272,1,0,0
2056464,2179072,1,0,0
2056714,2401670,1,0,0
2056964,2473984,1,0,0
2057214,2359296,1,0,0
2057464,2801664,1,0,0
2057714,2895164,1,0,0
2057964,3063808,1,0,0
2058214,2523136,1,0,0
2058464,2834432,1,0,0
2058714,2697767,1,0,0
2058964,2850816,1,0,0
2059214,3129344,1,0,0
2059464,2932736,1,0,0
2059714,2631967,1,0,0
2059964,2654208,1,0,0
2060214,2719744,1,0,0
2060464,2719744,1,0,0
2060714,2352321,1,0,0
2060964,2473984,1,0,0
2061214,2768896,1,0,0
2061464,2385220,1,0,0
2061714,2277376,1,0,0
2061964,2736128,1,0,0
2062214,2621440,1,0,0
2062465,2615518,1,0,0
2062714,2703360,1,0,0
2062964,2195456,1,0,0
2063214,2031616,1,0,0
2063464,2441216,1,0,0
2063714,2401670,1,0,0
2063964,2605056,1,0,0
2064214,2555904,1,0,0
2064464,2467469,1,0,0
2064714,2441216,1,0,0
2064964,2490368,1,0,0
2065214,2998272,1,0,0
2065464,2664867,1,0,0
2065714,2670592,1,0,0
2065964,2244608,1,0,0
2066214,2385220,1,0,0
2066464,2572288,1,0,0
2066714,2801664,1,0,0
2066964,2648417,1,0,0
2067214,2883584,1,0,0
2067464,2048000,1,0,0
2067714,2516819,1,0,0
2067964,2867200,1,0,0
2068214,2588672,1,0,0
2068464,2686976,1,0,0
2068714,2154923,1,0,0
2068964,2310144,1,0,0
2069214,2473984,1,0,0
2069464,2418120,1,0,0
2069714,2736128,1,0,0
2069964,2424832,1,0,0
2070214,2204273,1,0,0
2070464,2785280,1,0,0
2070714,2785280,1,0,0
2070964,2533269,1,0,0
2071214,2670592,1,0,0
2071464,2523136,1,0,0
2071714,2195456,1,0,0
2071964,2516819,1,0,0
2072214,2228224,1,0,0
2072464,2342912,1,0,0
2072714,2490368,1,0,0
2072964,2237172,1,0,0
2073214,2523136,1,0,0
2073464,2162688,1,0,0
2073714,2500369,1,0,0
2073964,2244608,1,0,0
2074214,2195456,1,0,0
2074464,2523136,1,0,0
2074714,2533269,1,0,0
2074964,2473984,1,0,0
2075214,2719744,1,0,0
2075464,2451020,1,0,0
2075714,2703360,1,0,0
2075964,2277376,1,0,0
2076214,2588672,1,0,0
2076464,2270072,1,0,0
2076714,2293760,1,0,0
2076964,2146304,1,0,0
2077214,2122024,1,0,0
2077464,1425408,1,0,0
2077714,2335871,1,0,0
2077964,2654208,1,0,0
2078214,1884160,1,0,0
2078464,2834432,1,0,0
2078714,1973975,1,0,0
2078964,2048000,1,0,0
2079214,1982464,1,0,0
2079464,2523136,1,0,0
2079714,2048000,1,0,0
2079964,2500369,1,0,0
2080214,2293760,1,0,0
2080464,2473984,1,0,0
2080714,2654208,1,0,0
2080964,2162688,1,0,0
2081214,2719744,1,0,0
2081464,2375680,1,0,0
2081714,2768896,1,0,0
2081964,2473984,1,0,0
2082214,2129920,1,0,0
2082464,2812915,1,0,0
2082714,2179072,1,0,0
2082964,2998272,1,0,0
2083214,2572288,1,0,0
2083464,2555904,1,0,0
2083714,2555904,1,0,0
2083964,2228224,1,0,0
2084214,2719744,1,0,0
2084464,2335871,1,0,0
2084714,1802240,1,0,0
2084964,2719744,1,0,0
2085214,2031616,1,0,0
2085464,2506752,1,0,0
2085714,2375680,1,0,0
2085964,2621440,1,0,0
2086214,2375680,1,0,0
2086464,1703936,1,0,0
2086714,2523136,1,0,0
2086964,2533269,1,0,0
2087214,2473984,1,0,0
2087464,2719744,1,0,0
2087714,2451020,1,0,0
2087964,2703360,1,0,0
2088214,2277376,1,0,0
2088464,2588672,1,0,0
2088714,2270072,1,0,0
2088964,2293760,1,0,0
2089214,2146304,1,0,0
2089464,2122024,1,0,0
2089714,1425408,1,0,0
2089964,2335871,1,0,0
2090215,2654208,1,0,0
2090464,1884160,1,0,0
2090714,2834432,1,0,0
2090964,1973975,1,0,0
2091214,2048000,1,0,0
2091464,1982464,1,0,0
2091714,2523136,1,0,0
2091964,2048000,1,0,0
2092214,2500369,1,0,0
2092464,2293760,1,0,0
2092714,2473984,1,0,0
2092964,2654208,1,0,0
2093214,2162688,1,0,0
2093464,2719744,1,0,0
2093714,2375680,1,0,0
2093964,2768896,1,0,0
2094214,2473984,1,0,0
2094464,2129920,1,0,0
2094714,2993863,1,0,0
2094964,2752512,1,0,0
2095214,2818048,1,0,0
2095464,2736128,1,0,0
2095714,2928064,1,0,0
2095964,2310144,1,0,0
2096214,2457600,1,0,0
2096465,2878714,1,0,0
2096714,2883584,1,0,0
2096964,2408448,1,0,0
2097214,2785280,1,0,0
2097464,3043212,1,0,0
2097714,2965504,1,0,0
2097964,3129344,1,0,0
2098214,2928064,1,0,0
2098464,2932736,1,0,0
2098714,2883584,1,0,0
2098964,2670592,1,0,0
2099214,2812915,1,0,0
2099464,2801664,1,0,0
2099714,2064384,1,0,0
2099964,2850816,1,0,0
2100214,2845815,1,0,0
2100464,2883584,1,0,0
2100714,2719744,1,0,0
2100964,2697767,1,0,0
2101214,2686976,1,0,0
2101464,2441216,1,0,0
2101714,2408448,1,0,0
2101964,2451020,1,0,0
2102214,2539520,1,0,0
2102464,2588672,1,0,0
2102714,2867200,1,0,0
2102964,2533269,1,0,0
2103214,2359296,1,0,0
2103464,2326528,1,0,0
2103714,2260992,1,0,0
2103964,2829365,1,0,0
2104214,2796465,1,0,0
2104464,2801664,1,0,0
2104714,2768896,1,0,0
2104964,2408448,1,0,0
2105214,3059662,1,0,0
2105464,2490368,1,0,0
2105714,2588672,1,0,0
2105964,2549718,1,0,0
2106214,2572288,1,0,0
2106464,2932736,1,0,0
2106714,2506752,1,0,0
2106964,2681317,1,0,0
2107214,2523136,1,0,0
2107464,2736128,1,0,0
2107714,2878714,1,0,0
2107964,2621440,1,0,0
2108215,2654208,1,0,0
2108464,2768896,1,0,0
2108714,2928064,1,0,0
2108964,2686976,1,0,0
2109214,2785280,1,0,0
2109464,2928064,1,0,0
2109714,2424832,1,0,0
2109964,2736128,1,0,0
2110214,3125461,1,0,0
2110464,2736128,1,0,0
2110714,2834432,1,0,0
2110964,2911614,1,0,0
2111214,2949120,1,0,0
2111464,3080192,1,0,0
2111714,2736128,1,0,0
2111964,3125461,1,0,0
2112214,2736128,1,0,0
2112464,2834432,1,0,0
2112714,2911614,1,0,0
2112964,2949120,1,0,0
2113214,3080192,1,0,0
2113464,2424832,1,0,0
2113714,2056224,1,0,0
2113964,2555904,1,0,0
2114214,2993863,1,0,0
2114464,2752512,1,0,0
2114714,2818048,1,0,0
2114964,2736128,1,0,0
2115215,2928064,1,0,0
2115464,2310144,1,0,0
2115714," 1753088",1,0,0
2115964," 2555904",1,0,0
2116214," 1924626",1,0,0
2116464," 2293760",1,0,0
2116714," 1916928",1,0,0
2116964," 2293760",1,0,0
2117214," 2780016",1,0,0
2117465," 2195456",1,0,0
2117714," 2031616",1,0,0
2117964," 2056224",1,0,0
2118214," 2244608",1,0,0
2118464," 2588672",1,0,0
2118714," 2113536",1,0,0
2118964," 2796465",1,0,0
2119214," 2228224",1,0,0
2119464," 2129920",1,0,0
2119714," 2703360",1,0,0
2119964," 3076112",1,0,0
2120214," 2523136",1,0,0
2120464," 2605056",1,0,0
2120714," 2506752",1,0,0
2120964," 2686976",1,0,0
2121214," 2072674",1,0,0
2121464," 2457600",1,0,0
2121714," 2588672",1,0,0
2121964," 2899968",1,0,0
2122214," 2549718",1,0,0
2122464," 2310144",1,0,0
2122714," 2031616",1,0,0
2122964," 2146304",1,0,0
2123214," 2211840",1,0,0
2123464," 1957526",1,0,0
2123714," 2080768",1,0,0
2123964," 2244608",1,0,0
2124214," 2621440",1,0,0
2124464," 2549718",1,0,0
2124714," 2342912",1,0,0
2124964," 2752512",1,0,0
2125214," 2392064",1,0,0
2125464," 2664867",1,0,0
2125714," 2949120",1,0,0
2125964," 2555904",1,0,0
2126214," 2850816",1,0,0
2126464," 1941076",1,0,0
2126714," 2523136",1,0,0
2126964," 2441216",1,0,0
2127214," 3014656",1,0,0
2127464," 3096576",1,0,0
2127714," 2993863",1,0,0
2127964," 2359296",1,0,0
2128214," 2949120",1,0,0
2128464," 2703360",1,0,0
2128714," 2681317",1,0,0
2128964," 2572288",1,0,0
2129215," 2375680",1,0,0
2129464," 2408448",1,0,0
2129714," 2326528",1,0,0
2129964," 2335871",1,0,0
2130214," 2555904",1,0,0
2130464," 2359296",1,0,0
2130714," 2113536",1,0,0
2130964," 2253622",1,0,0
2131214," 1900544",1,0,0
2131464," 2457600",1,0,0
2131714," 2441216",1,0,0
2131964," 2730666",1,0,0
2132214," 2424832",1,0,0
2132464," 1769472",1,0,0
2132714," 2719744",1,0,0
2132964," 2244608",1,0,0
2133214," 1858827",1,0,0
2133464," 2097152",1,0,0
2133714," 2523136",1,0,0
2133964," 2293760",1,0,0
2134214," 2154923",1,0,0
2134464," 1867776",1,0,0
2134714," 2342912",1,0,0
2134964," 2867200",1,0,0
2135214," 2730666",1,0,0
2135464," 1982464",1,0,0
2135714," 1982464",1,0,0
2135964," 2097152",1,0,0
2136214," 2270072",1,0,0
2136464," 2048000",1,0,0
2136714," 1949696",1,0,0
2136964," 2490368",1,0,0
2137214," 2244608",1,0,0
2137464," 1167935",1,0,0
2137714," 1818624",1,0,0
2137964," 2441216",1,0,0
2138214," 1998848",1,0,0
2138464," 1835008",1,0,0
2138714," 2039775",1,0,0
2138964," 2228224",1,0,0
2139214," 2277376",1,0,0
2139464," 2375680",1,0,0
2139714," 2555904",1,0,0
2139964," 2763566",1,0,0
2140214," 1523712",1,0,0
2140465," 2310144",1,0,0
2140714," 2506752",1,0,0
2140964," 2253622",1,0,0
2141214," 2818048",1,0,0
2141464," 2473984",1,0,0
2141714," 2555904",1,0,0
2141964," 2006875",1,0,0
2142214," 2359296",1,0,0
2142464," 2048000",1,0,0
2142714," 2490368",1,0,0
2142964," 2467469",1,0,0
2143214," 2899968",1,0,0
2143464," 3063808",1,0,0
2143714," 2605056",1,0,0
2143964," 2097152",1,0,0
2144214," 2648417",1,0,0
2144464," 3031040",1,0,0
2144714," 2768896",1,0,0
2144964," 2588672",1,0,0
2145214," 2253622",1,0,0
2145464," 2555904",1,0,0
2145714," 2736128",1,0,0
2145964," 2605056",1,0,0
2146214," 2747116",1,0,0
2146464," 2539520",1,0,0
2146714," 2539520",1,0,0
2146964," 2796465",1,0,0
2147214," 2375680",1,0,0
2147465," 2867200",1,0,0
2147714," 2883584",1,0,0
2147964," 2867200",1,0,0
2148214," 2697767",1,0,0
2148464," 3096576",1,0,0
2148714," 2752512",1,0,0
2148964," 3293184",1,0,0
2149214," 2326528",1,0,0
2149464," 2286522",1,0,0
2149714," 2228224",1,0,0
2149964," 2588672",1,0,0
2150214," 2883584",1,0,0
2150464," 2500369",1,0,0
2150714," 1769472",1,0,0
2150964," 2637824",1,0,0
2151214," 2473984",1,0,0
2151464," 2335871",1,0,0
2151714," 2048000",1,0,0
2151964," 1703936",1,0,0
2152214," 2220722",1,0,0
2152464," 1982464",1,0,0
2152714," 2326528",1,0,0
2152964," 2670592",1,0,0
2153214," 2451020",1,0,0
2153464," 2703360",1,0,0
2153714," 2654208",1,0,0
2153964," 2850816",1,0,0
2154214," 3211264",1,0,0
2154464," 1973975",1,0,0
2154714," 2277376",1,0,0
2154964," 2867200",1,0,0
2155214," 2418120",1,0,0
2155464," 1966080",1,0,0
2155714," 1982464",1,0,0
2155964," 1982464",1,0,0
2156214," 2549718",1,0,0
2156464," 2048000",1,0,0
2156714," 2752512",1,0,0
2156964," 2441216",1,0,0
2157214," 1638400",1,0,0
2157464," 2220722",1,0,0
2157714," 3096576",1,0,0
2157964," 3112960",1,0,0
2158214," 2408448",1,0,0
2158464," 2434570",1,0,0
2158714," 2310144",1,0,0
2158964," 1671168",1,0,0
2159214," 2490368",1,0,0
2159464," 3010313",1,0,0
2159714," 2424832",1,0,0
2159964," 2293760",1,0,0
2160214," 2473984",1,0,0
2160464," 2932736",1,0,0
2160714," 2451020",1,0,0
2160964," 2637824",1,0,0
2161215," 1687552",1,0,0
2161464," 2812915",1,0,0
2161714," 1867776",1,0,0
2161964," 2260992",1,0,0
2162214," 2523136",1,0,0
2162464," 2401670",1,0,0
2162714," 2441216",1,0,0
2162964," 1900544",1,0,0
2163214," 2818048",1,0,0
2163464," 2686976",1,0,0
2163714," 2631967",1,0,0
2163964," 2883584",1,0,0
2164214," 2670592",1,0,0
2164464," 2359296",1,0,0
2164714," 2730666",1,0,0
2164964," 2588672",1,0,0
2165214," 2293760",1,0,0
2165464," 2015232",1,0,0
2165714," 1546281",1,0,0
2165964," 2113536",1,0,0
2166214," 2293760",1,0,0
2166464," 2703360",1,0,0
2166714," 2359296",1,0,0
2166964," 2895164",1,0,0
2167214," 2244608",1,0,0
2167464," 1802240",1,0,0
2167714," 1867776",1,0,0
2167964," 1628530",1,0,0
2168215," 1409024",1,0,0
2168464," 1884160",1,0,0
2168714," 2211840",1,0,0
2168964," 2615518",1,0,0
2169214," 1785856",1,0,0
2169464," 2310144",1,0,0
2169714," 2845815",1,0,0
2169964," 2539520",1,0,0
2170214," 2845815",1,0,0
2170464," 2801664",1,0,0
2170714," 3112960",1,0,0
2170964," 2424832",1,0,0
2171214," 1941076",1,0,0
2171464," 2113536",1,0,0
2171714," 2637824",1,0,0
2171964," 2747116",1,0,0
2172214," 3063808",1,0,0
2172464," 2555904",1,0,0
2172714," 2031616",1,0,0
2172964," 1381783",1,0,0
2173214," 2686976",1,0,0
2173464," 2523136",1,0,0
2173714," 2566168",1,0,0
2173964," 2981888",1,0,0
2174214," 2801664",1,0,0
2174464," 2277376",1,0,0
2174714," 2664867",1,0,0
2174964," 2834432",1,0,0
2175214," 2588672",1,0,0
2175464," 2752512",1,0,0
2175714," 2845815",1,0,0
2175964," 2670592",1,0,0
2176214," 2523136",1,0,0
2176464," 2048000",1,0,0
2176714," 2812915",1,0,0
2176964," 2867200",1,0,0
2177214," 2637824",1,0,0
2177464," 2270072",1,0,0
2177714," 2670592",1,0,0
2177964," 2998272",1,0,0
2178214," 2473984",1,0,0
2178464," 2105574",1,0,0
2178714," 2048000",1,0,0
2178964," 2965504",1,0,0
2179214," 2237172",1,0,0
2179464," 2342912",1,0,0
2179714," 2129920",1,0,0
2179964," 1982464",1,0,0
2180215," 2812915",1,0,0
2180464," 2555904",1,0,0
2180714," 2113536",1,0,0
2180964," 2670592",1,0,0
2181214," 2566168",1,0,0
2181464," 2523136",1,0,0
2181714," 2506752",1,0,0
2181964," 1858827",1,0,0
2182214," 2473984",1,0,0
2182464," 2506752",1,0,0
2182714," 2500369",1,0,0
2182964," 2342912",1,0,0
2183214," 2310144",1,0,0
2183464," 2582618",1,0,0
2183714," 2801664",1,0,0
2183964," 3096576",1,0,0
2184214," 2648417",1,0,0
2184464," 2392064",1,0,0
2184714," 2916352",1,0,0
2184964," 2714216",1,0,0
2185214," 2703360",1,0,0
2185464," 2834432",1,0,0
2185714," 2451020",1,0,0
2185964," 2686976",1,0,0
2186214," 3145728",1,0,0
2186464," 2768896",1,0,0
2186714," 1908176",1,0,0
2186964," 2260992",1,0,0
2187214," 2097152",1,0,0
2187464," 2483919",1,0,0
2187714," 2703360",1,0,0
2187964," 2359296",1,0,0
2188214," 2631967",1,0,0
2188464," 2310144",1,0,0
2188714," 2703360",1,0,0
2188964," 3125461",1,0,0
2189214," 2752512",1,0,0
2189464," 2703360",1,0,0
2189714," 2862265",1,0,0
2189964," 3178496",1,0,0
2190214," 2785280",1,0,0
2190464," 2490368",1,0,0
2190714," 2385220",1,0,0
2190964," 3014656",1,0,0
2191214," 2703360",1,0,0
2191464," 2916352",1,0,0
2191714," 2977413",1,0,0
2191964," 2916352",1,0,0
2192214," 2637824",1,0,0
2192464," 2899968",1,0,0
2192714," 2916352",1,0,0
2192964," 2993863",1,0,0
2193214," 2375680",1,0,0
2193464," 2736128",1,0,0
2193714," 2588672",1,0,0
2193964," 3010313",1,0,0
2194215," 2850816",1,0,0
2194464," 2965504",1,0,0
2194714," 3162112",1,0,0
2194964," 2895164",1,0,0
2195214," 2965504",1,0,0
2195464," 3211264",1,0,0
2195714," 2883584",1,0,0
2195964," 2949120",1,0,0
2196214," 2714216",1,0,0
2196464," 2801664",1,0,0
2196714," 2375680",1,0,0
2196964," 2818048",1,0,0
2197214," 2829365",1,0,0
2197464," 2441216",1,0,0
2197714," 2736128",1,0,0
2197964," 2949120",1,0,0
2198214," 3080192",1,0,0
2198464," 3125461",1,0,0
2198714," 3014656",1,0,0
2198964," 3047424",1,0,0
2199214," 2631967",1,0,0
2199464," 2965504",1,0,0
2199714," 2834432",1,0,0
2199964," 2862265",1,0,0
2200214," 2834432",1,0,0
2200464," 2588672",1,0,0
2200714," 3244032",1,0,0
2200964," 3010313",1,0,0
2201214," 3096576",1,0,0
2201464," 2523136",1,0,0
2201714," 2441216",1,0,0
2201964," 2829365",1,0,0
2202214," 2818048",1,0,0
2202464," 3014656",1,0,0
2202714," 2834432",1,0,0
2202964," 2899968",1,0,0
2203214," 2714216",1,0,0
2203464," 3063808",1,0,0
2203714," 2834432",1,0,0
2203964," 2752512",1,0,0
2204214," 2516819",1,0,0
2204464," 2965504",1,0,0
2204714," 2998272",1,0,0
2204964," 3047424",1,0,0
2205214," 2605056",1,0,0
2205464," 2549718",1,0,0
2205714," 2932736",1,0,0
2205964," 2949120",1,0,0
2206214," 2932736",1,0,0
2206464," 2867200",1,0,0
2206714," 2960963",1,0,0
2206964," 3178496",1,0,0
2207214," 2424832",1,0,0
2207464," 3112960",1,0,0
2207714," 2829365",1,0,0
2207964," 2228224",1,0,0
2208214," 2981888",1,0,0
2208464," 2785280",1,0,0
2208714," 2588672",1,0,0
2208964," 2697767",1,0,0
2209214," 2785280",1,0,0
2209464," 2359296",1,0,0
2209714," 2719744",1,0,0
2209964," 2401670",1,0,0
2210214," 2752512",1,0,0
2210465," 2719744",1,0,0
2210714," 3178496",1,0,0
2210964," 2719744",1,0,0
2211214," 3092562",1,0,0
2211464," 3260416",1,0,0
2211714," 3031040",1,0,0
2211964," 2883584",1,0,0
2212214," 2277376",1,0,0
2212464," 2523136",1,0,0
2212714," 3125461",1,0,0
2212964," 2048000",1,0,0
2213214," 2179072",1,0,0
2213464," 2326528",1,0,0
2213714," 2780016",1,0,0
2213964," 2113536",1,0,0
2214214," 2834432",1,0,0
2214464," 3080192",1,0,0
2214714," 2878714",1,0,0
2214964," 2899968",1,0,0
2215214," 2408448",1,0,0
2215464," 2621440",1,0,0
2215714," 2818048",1,0,0
2215964," 2895164",1,0,0
2216214," 2719744",1,0,0
2216464," 3014656",1,0,0
2216714," 2818048",1,0,0
2216964," 2631967",1,0,0
2217214," 2506752",1,0,0
2217464," 2326528",1,0,0
2217714," 2686976",1,0,0
2217964," 2253622",1,0,0
2218214," 2686976",1,0,0
2218464," 2899968",1,0,0
2218714," 2621440",1,0,0
2218964," 2883584",1,0,0
2219214," 2483919",1,0,0
2219464," 2572288",1,0,0
2219714," 2899968",1,0,0
2219964," 2801664",1,0,0
2220214," 2434570",1,0,0
2220464," 2981888",1,0,0
2220714," 2375680",1,0,0
2220964," 2768896",1,0,0
2221214," 3063808",1,0,0
2221464," 2763566",1,0,0
2221714," 3178496",1,0,0
2221964," 2850816",1,0,0
2222214," 2916352",1,0,0
2222464," 3026763",1,0,0
2222714," 2293760",1,0,0
2222964," 2277376",1,0,0
2223214," 2736128",1,0,0
2223464," 2763566",1,0,0
2223714," 2834432",1,0,0
2223964," 2473984",1,0,0
2224214," 2572288",1,0,0
2224464," 2566168",1,0,0
2224714," 1900544",1,0,0
2224964," 1622016",1,0,0
2225214," 1736704",1,0,0
2225464," 2270072",1,0,0
2225714," 2228224",1,0,0
2225964," 1720320",1,0,0
2226214," 2342912",1,0,0
2226464," 2582618",1,0,0
2226714," 2277376",1,0,0
2226964," 2703360",1,0,0
2227214," 2686976",1,0,0
2227464," 2845815",1,0,0
2227714," 3244032",1,0,0
2227964," 2605056",1,0,0
2228214," 3372208",1,0,0
2228464," 3031040",1,0,0
2228714," 2818048",1,0,0
2228964," 2932736",1,0,0
2229214," 2730666",1,0,0
2229464," 2916352",1,0,0
2229714," 2703360",1,0,0
2229964," 2763566",1,0,0
2230214," 3047424",1,0,0
2230464," 3014656",1,0,0
2230714," 2270072",1,0,0
2230964," 2670592",1,0,0
2231214," 2588672",1,0,0
2231464,3129344,1,0,0
2231714,2801664,1,0,0
2231964,2631967,1,0,0
2232214,2621440,1,0,0
2232464,3129344,1,0,0
2232714,2549718,1,0,0
2232964,2572288,1,0,0
2233214,3096576,1,0,0
2233464,2686976,1,0,0
2233714,2747116,1,0,0
2233964,2801664,1,0,0
2234214,3112960,1,0,0
2234464,2845815,1,0,0
2234714,2703360,1,0,0
2234964,2981888,1,0,0
2235214,2697767,1,0,0
2235464,2752512,1,0,0
2235714,2621440,1,0,0
2235964,2768896,1,0,0
2236214,2451020,1,0,0
2236464,2768896,1,0,0
2236714,2998272,1,0,0
2236964,2944514,1,0,0
2237214,2752512,1,0,0
2237464,3014656,1,0,0
2237714,2785280,1,0,0
2237964,2763566,1,0,0
2238214,2555904,1,0,0
2238464,2392064,1,0,0
2238714,2664867,1,0,0
2238964,2637824,1,0,0
2239214,2768896,1,0,0
2239464,2615518,1,0,0
2239714,2752512,1,0,0
2239964,2752512,1,0,0
2240214,2714216,1,0,0
2240464,2719744,1,0,0
2240714,2719744,1,0,0
2240964,2631967,1,0,0
2241214,2719744,1,0,0
2241464,2588672,1,0,0
2241714,2998272,1,0,0
2241964,2829365,1,0,0
2242214,2818048,1,0,0
2242464,2523136,1,0,0
2242714,2533269,1,0,0
2242964,3014656,1,0,0
2243214,2801664,1,0,0
2243464,3063808,1,0,0
2243714,2928064,1,0,0
2243964,2932736,1,0,0
2244214,2703360,1,0,0
2244464,2654208,1,0,0
2244714,2714216,1,0,0
2244964,2883584,1,0,0
2245214,2179072,1,0,0
2245464,2648417,1,0,0
2245714,2506752,1,0,0
2245964,2555904,1,0,0
2246214,2719744,1,0,0
2246464,2566168,1,0,0
2246715,2916352,1,0,0
2246964,3162112,1,0,0
2247214,2319421,1,0,0
2247464,2621440,1,0,0
2247714,2703360,1,0,0
2247964,2960963,1,0,0
2248214,2932736,1,0,0
2248464,2981888,1,0,0
2248714,2801664,1,0,0
2248964,2747116,1,0,0
2249214,2670592,1,0,0
2249464,2916352,1,0,0
2249714,2664867,1,0,0
2249964,2686976,1,0,0
2250214,2867200,1,0,0
2250464,2834432,1,0,0
2250714,2714216,1,0,0
2250964,2932736,1,0,0
2251214,2605056,1,0,0
2251464,2637824,1,0,0
2251714,2928064,1,0,0
2251964,2457600,1,0,0
2252214,2588672,1,0,0
2252464,2928064,1,0,0
2252714,2555904,1,0,0
2252964,2998272,1,0,0
2253214,2796465,1,0,0
2253464,2801664,1,0,0
2253714,2768896,1,0,0
2253964,2408448,1,0,0
2254214,3059662,1,0,0
2254464,2490368,1,0,0
2254714,2588672,1,0,0
2254964,2549718,1,0,0
2255214,2572288,1,0,0
2255464,2932736,1,0,0
2255714,2506752,1,0,0
2255965,2681317,1,0,0
2256214,2523136,1,0,0
2256464,2736128,1,0,0
2256714,2878714,1,0,0
2256964,2621440,1,0,0
2257214,2654208,1,0,0
2257464,2768896,1,0,0
2257714,2928064,1,0,0
2257964,2686976,1,0,0
2258214,2785280,1,0,0
2258464,2928064,1,0,0
2258714,2424832,1,0,0
2258964,2736128,1,0,0
2259214,3125461,1,0,0
2259464,2736128,1,0,0
2259714,2834432,1,0,0
2259964,2911614,1,0,0
2260214,2949120,1,0,0
2260464,3080192,1,0,0
2260714,2424832,1,0,0
2260964,2056224,1,0,0
2261214,2555904,1,0,0
2261464,2993863,1,0,0
2261714,2752512,1,0,0
2261964,2818048,1,0,0
2262214,2736128,1,0,0
2262464,2928064,1,0,0
2262714,2310144,1,0,0
2262964,2457600,1,0,0
2263214,2878714,1,0,0
2263464,2883584,1,0,0
2263714,2408448,1,0,0
2263964,2785280,1,0,0
2264214,3043212,1,0,0
2264464,2965504,1,0,0
2264714,3129344,1,0,0
2264965,2928064,1,0,0
2265214,2932736,1,0,0
2265464,2883584,1,0,0
2265714,2670592,1,0,0
2265964,2812915,1,0,0
2266214,2801664,1,0,0
2266464,2064384,1,0,0
2266714,2850816,1,0,0
2266964,2845815,1,0,0
2267214,2883584,1,0,0
2267464,2719744,1,0,0
2267714,2697767,1,0,0
2267964,2686976,1,0,0
2268214,2850816,1,0,0
2268464,2533269,1,0,0
2268714,2686976,1,0,0
2268964,2850816,1,0,0
2269214,2714216,1,0,0
2269464,2260992,1,0,0
2269714,2736128,1,0,0
2269964,2850816,1,0,0
2270214,2993863,1,0,0
2270464,2752512,1,0,0
2270714,2572288,1,0,0
2270964,2736128,1,0,0
2271214,2911614,1,0,0
2271464,3047424,1,0,0
2271714,2752512,1,0,0
2271964,2401670,1,0,0
2272214,2981888,1,0,0
2272464,2441216,1,0,0
2272714,2064384,1,0,0
2272964,2780016,1,0,0
2273214,2899968,1,0,0
2273464,2686976,1,0,0
2273714,2605056,1,0,0
2273964,2829365,1,0,0
2274214,2719744,1,0,0
2274464,2424832,1,0,0
2274714,2993863,1,0,0
2274964,2555904,1,0,0
2275214,2850816,1,0,0
2275464,2113536,1,0,0
2275714,2582618,1,0,0
2275964,2392064,1,0,0
2276214,2523136,1,0,0
2276464,2867200,1,0,0
2276714,2516819,1,0,0
2276964,2686976,1,0,0
2277214,2605056,1,0,0
2277464,2785280,1,0,0
2277714,2615518,1,0,0
2277964,2473984,1,0,0
2278215,3063808,1,0,0
2278464,2796465,1,0,0
2278714,2736128,1,0,0
2278964,2719744,1,0,0
2279214,2965504,1,0,0
2279464,2960963,1,0,0
2279714,2490368,1,0,0
2279964,2162688,1,0,0
2280214,2621440,1,0,0
2280465,2335871,1,0,0
2280714,2637824,1,0,0
2280964,2747116,1,0,0
2281214,2523136,1,0,0
2281464,3096576,1,0,0
2281714,2473984,1,0,0
2281964,2566168,1,0,0
2282214,2736128,1,0,0
2282464,2441216,1,0,0
2282714,2697767,1,0,0
2282964,2768896,1,0,0
2283214,2605056,1,0,0
2283464,2588672,1,0,0
2283714,2549718,1,0,0
2283964,2899968,1,0,0
2284214,3178496,1,0,0
2284464,2850816,1,0,0
2284714,2796465,1,0,0
2284964,2785280,1,0,0
2285214,2834432,1,0,0
2285464,2916352,1,0,0
2285714,2714216,1,0,0
2285964,2555904,1,0,0
2286214,2949120,1,0,0
2286464,2703360,1,0,0
2286714,2319421,1,0,0
2286964,2736128,1,0,0
2287214,2719744,1,0,0
2287464,3309568,1,0,0
2287714,2500369,1,0,0
2287964,2408448,1,0,0
2288214,2572288,1,0,0
2288464,2615518,1,0,0
2288714,2654208,1,0,0
2288964,2555904,1,0,0
2289214,2637824,1,0,0
2289464,2664867,1,0,0
2289714,2621440,1,0,0
2289964,2916352,1,0,0
2290214,2154923,1,0,0
2290464,3063808,1,0,0
2290714,2686976,1,0,0
2290964,2539520,1,0,0
2291214,2763566,1,0,0
2291464,2572288,1,0,0
2291714,2801664,1,0,0
2291964,2664867,1,0,0
2292214,2441216,1,0,0
2292464,2949120,1,0,0
2292714,2588672,1,0,0
2292964,2747116,1,0,0
2293214,2719744,1,0,0
2293464,2375680,1,0,0
2293714,2654208,1,0,0
2293964,2451020,1,0,0
2294214,2441216,1,0,0
2294464,2654208,1,0,0
2294714,2368771,1,0,0
2294964,2195456,1,0,0
2295214,2965504,1,0,0
2295464,2359296,1,0,0
2295714,2599068,1,0,0
2295964,2818048,1,0,0
2296214,2572288,1,0,0
2296464,2862265,1,0,0
2296714,2949120,1,0,0
2296964,2654208,1,0,0
2297214,2648417,1,0,0
2297464,2539520,1,0,0
2297714,1982464,1,0,0
2297964,2523136,1,0,0
2298214,2451020,1,0,0
2298464,2064384,1,0,0
2298714,3063808,1,0,0
2298964,2270072,1,0,0
2299214,2211840,1,0,0
2299464,2916352,1,0,0
2299714,2277376,1,0,0
2299964,1677879,1,0,0
2300214,1916928,1,0,0
2300464,2359296,1,0,0
2300714,1941076,1,0,0
2300964,1802240,1,0,0
2301214,2588672,1,0,0
2301464,2582618,1,0,0
2301714,2539520,1,0,0
2301964,2424832,1,0,0
2302214,2473984,1,0,0
2302464,2796465,1,0,0
2302714,2342912,1,0,0
2302964,2588672,1,0,0
2303214,2146304,1,0,0
2303464,2714216,1,0,0
2303715,2719744,1,0,0
2303964,2916352,1,0,0
2304214,2664867,1,0,0
2304464,2768896,1,0,0
2304714,2244608,1,0,0
2304964,2703360,1,0,0
2305214,2834432,1,0,0
2305464,2500369,1,0,0
2305714,2605056,1,0,0
2305964,3031040,1,0,0
2306214,3063808,1,0,0
2306464,2697767,1,0,0
2306714,2424832,1,0,0
2306964,2342912,1,0,0
2307214,2697767,1,0,0
2307464,3014656,1,0,0
2307714,2686976,1,0,0
2307964,2949120,1,0,0
2308214,3026763,1,0,0
2308464,2588672,1,0,0
2308714,2883584,1,0,0
2308964,2780016,1,0,0
2309214,2981888,1,0,0
2309464,2424832,1,0,0
2309714,2359296,1,0,0
2309964,2911614,1,0,0
2310214,2686976,1,0,0
2310464,2605056,1,0,0
2310715,2818048,1,0,0
2310964,2648417,1,0,0
2311214,2719744,1,0,0
2311464,2342912,1,0,0
2311714,2664867,1,0,0
2311964,2359296,1,0,0
2312214,2097152,1,0,0
2312464,2506752,1,0,0
2312714,2714216,1,0,0
2312964,1933312,1,0,0
2313215,1818624,1,0,0
2313464,2451020,1,0,0
2313714,2375680,1,0,0
2313964,2342912,1,0,0
2314214,2253622,1,0,0
2314464,2064384,1,0,0
2314714,2670592,1,0,0
2314965,2424832,1,0,0
2315214,2780016,1,0,0
2315464,2441216,1,0,0
2315714,2506752,1,0,0
2315964,2681317,1,0,0
2316214,2523136,1,0,0
2316464,2736128,1,0,0
2316714,2878714,1,0,0
2316964,2621440,1,0,0
2317214,2654208,1,0,0
2317464,2768896,1,0,0
2317714,2928064,1,0,0
2317964,2686976,1,0,0
2318214,2785280,1,0,0
2318464,2928064,1,0,0
2318714,2424832,1,0,0
2318964,2736128,1,0,0
2319214,3125461,1,0,0
2319464,2736128,1,0,0
2319714,2834432,1,0,0
2319964,2911614,1,0,0
2320214,2949120,1,0,0
2320464,3080192,1,0,0
2320714,2424832,1,0,0
2320964,2056224,1,0,0
2321215,2555904,1,0,0
2321464,2993863,1,0,0
2321714,2752512,1,0,0
2321964,2818048,1,0,0
2322214,2736128,1,0,0
2322464,2928064,1,0,0
2322714,2310144,1,0,0
2322964,2457600,1,0,0
2323214,2878714,1,0,0
2323464,2883584,1,0,0
2323714,2408448,1,0,0
2323964,2785280,1,0,0
2324214,3043212,1,0,0
2324464,2965504,1,0,0
2324714,3129344,1,0,0
2324964,2928064,1,0,0
2325214,2932736,1,0,0
2325464,2883584,1,0,0
2325714,2670592,1,0,0
2325964,2812915,1,0,0
2326214,2801664,1,0,0
2326464,2064384,1,0,0
2326714,2850816,1,0,0
2326964,2845815,1,0,0
2327214,2883584,1,0,0
2327464,2719744,1,0,0
2327714,2697767,1,0,0
2327964,2686976,1,0,0
2328214,2850816,1,0,0
2328464,2533269,1,0,0
2328714,2686976,1,0,0
2328964,2850816,1,0,0
2329214,2714216,1,0,0
2329464,2260992,1,0,0
2329714,2736128,1,0,0
2329964,2850816,1,0,0
2330214,2993863,1,0,0
2330464,2752512,1,0,0
2330714,2572288,1,0,0
2330964,2736128,1,0,0
2331214,2911614,1,0,0
2331464,3047424,1,0,0
2331714,2752512,1,0,0
2331964,2401670,1,0,0
2332215,2981888,1,0,0
2332464,2441216,1,0,0
2332714,2064384,1,0,0
2332964,2780016,1,0,0
2333214,2899968,1,0,0
2333464,2686976,1,0,0
2333714,2605056,1,0,0
2333964,2829365,1,0,0
2334214,2719744,1,0,0
2334464,2424832,1,0,0
2334714,2993863,1,0,0
2334964,2555904,1,0,0
2335214,2850816,1,0,0
2335464,2113536,1,0,0
2335714,2582618,1,0,0
2335964,2392064,1,0,0
2336214,2523136,1,0,0
2336465,2867200,1,0,0
2336714,2516819,1,0,0
2336964,2686976,1,0,0
2337214,2605056,1,0,0
2337464,2785280,1,0,0
2337714,2615518,1,0,0
2337964,2473984,1,0,0
2338214,3063808,1,0,0
2338464,2796465,1,0,0
2338715,2736128,1,0,0
2338964,2719744,1,0,0
2339214,2965504,1,0,0
2339464,2960963,1,0,0
2339714,2490368,1,0,0
2339964,2162688,1,0,0
2340214,2621440,1,0,0
2340464,2335871,1,0,0
2340714,2637824,1,0,0
2340965,2747116,1,0,0
2341214,2523136,1,0,0
2341464,3096576,1,0,0
2341714,2473984,1,0,0
2341964,2566168,1,0,0
2342214,2736128,1,0,0
2342464,2441216,1,0,0
2342714,2697767,1,0,0
2342964,2768896,1,0,0
2343214,2605056,1,0,0
2343464,2588672,1,0,0
2343714,2549718,1,0,0
2343964,2899968,1,0,0
2344214,3178496,1,0,0
2344464,2850816,1,0,0
2344714,2796465,1,0,0
2344964,2785280,1,0,0
2345214,2834432,1,0,0
2345464,2916352,1,0,0
2345715,2714216,1,0,0
2345964,2555904,1,0,0
2346214,2949120,1,0,0
2346464,2703360,1,0,0
2346714,2319421,1,0,0
2346964,2736128,1,0,0
2347214,2719744,1,0,0
2347464,3309568,1,0,0
2347714,2500369,1,0,0
2347964,2408448,1,0,0
2348215,2572288,1,0,0
2348464,2615518,1,0,0
2348714,2654208,1,0,0
2348964,2555904,1,0,0
2349214,2637824,1,0,0
2349464,2664867,1,0,0
2349714,2621440,1,0,0
2349964,2916352,1,0,0
2350214,2154923,1,0,0
2350464,3063808,1,0,0
2350714,2686976,1,0,0
2350964,2539520,1,0,0
2351214,2763566,1,0,0
2351464,2572288,1,0,0
2351714,2801664,1,0,0
2351964,2664867,1,0,0
2352214,2441216,1,0,0
2352464,2949120,1,0,0
2352714,2588672,1,0,0
2352964,2747116,1,0,0
2353214,2719744,1,0,0
2353464,2375680,1,0,0
2353714,2654208,1,0,0
2353964,2451020,1,0,0
2354214,2441216,1,0,0
2354464,2654208,1,0,0
2354714,2368771,1,0,0
2354964,2195456,1,0,0
2355214,2965504,1,0,0
2355464,2359296,1,0,0
2355714,2599068,1,0,0
2355964,2818048,1,0,0
2356214,2572288,1,0,0
2356464,2862265,1,0,0
2356714,2949120,1,0,0
2356964,2654208,1,0,0
2357214,2648417,1,0,0
2357465,2539520,1,0,0
2357714,1982464,1,0,0
2357964,2523136,1,0,0
2358214,2451020,1,0,0
2358464,2064384,1,0,0
2358714,3063808,1,0,0
2358964,2270072,1,0,0
2359214,2211840,1,0,0
2359464,2916352,1,0,0
2359714,2277376,1,0,0
2359964,1677879,1,0,0
2360214,1916928,1,0,0
2360464,2359296,1,0,0
2360714,1941076,1,0,0
2360964,1802240,1,0,0
2361214,2588672,1,0,0
2361464,2582618,1,0,0
2361714,2539520,1,0,0
2361964,2424832,1,0,0
2362214,2473984,1,0,0
2362464,2796465,1,0,0
2362714,2342912,1,0,0
2362964,2588672,1,0,0
2363214,2146304,1,0,0
2363464,2714216,1,0,0
2363714,2719744,1,0,0
2363964,2916352,1,0,0
2364214,2664867,1,0,0
2364464,2768896,1,0,0
2364714,2244608,1,0,0
2364964,2703360,1,0,0
2365214,2834432,1,0,0
2365464,2500369,1,0,0
2365714,2605056,1,0,0
2365964,3031040,1,0,0
2366214,3063808,1,0,0
2366464,2697767,1,0,0
2366715,2424832,1,0,0
2366964,2342912,1,0,0
2367214,2697767,1,0,0
2367464,3014656,1,0,0
2367714,2686976,1,0,0
2367964,2949120,1,0,0
2368214,3026763,1,0,0
2368464,2588672,1,0,0
2368714,2883584,1,0,0
2368965,2780016,1,0,0
2369214,2981888,1,0,0
2369464,2424832,1,0,0
2369714,2359296,1,0,0
2369964,2911614,1,0,0
2370214,2686976,1,0,0
2370464,2605056,1,0,0
2370714,2818048,1,0,0
2370964,2648417,1,0,0
2371214,2719744,1,0,0
2371464,2342912,1,0,0
2371714,2664867,1,0,0
2371964,2359296,1,0,0
2372214,2097152,1,0,0
2372464,2506752,1,0,0
2372714,2714216,1,0,0
2372964,1933312,1,0,0
2373214,1818624,1,0,0
2373464,2451020,1,0,0
2373714,2375680,1,0,0
2373964,2342912,1,0,0
2374214,2253622,1,0,0
2374464,2064384,1,0,0
2374714,2670592,1,0,0
2374964,2424832,1,0,0
2375214,2780016,1,0,0
2375464," 2195456",1,0,0
2375714," 2368771",1,0,0
2375964," 1376256",1,0,0
2376214," 2080768",1,0,0
2376464," 2162688",1,0,0
2376714," 2072674",1,0,0
2376964," 2048000",1,0,0
2377214," 1507328",1,0,0
2377464," 2637824",1,0,0
2377714," 1392640",1,0,0
2377964," 1447582",1,0,0
2378214," 1622016",1,0,0
2378464," 1736704",1,0,0
2378714," 1622016",1,0,0
2378964," 2039775",1,0,0
2379214," 2605056",1,0,0
2379464," 2408448",1,0,0
2379714," 1835008",1,0,0
2379964," 1941076",1,0,0
2380214," 1982464",1,0,0
2380464," 2048000",1,0,0
2380714," 1638400",1,0,0
2380964," 1743678",1,0,0
2381214," 1949696",1,0,0
2381464," 1966080",1,0,0
2381714," 1933312",1,0,0
2381964," 1842377",1,0,0
2382214," 1736704",1,0,0
2382464," 2523136",1,0,0
2382714," 2424832",1,0,0
2382964," 2539520",1,0,0
2383214," 2187823",1,0,0
2383464," 2654208",1,0,0
2383714," 2605056",1,0,0
2383964," 2490368",1,0,0
2384214," 2747116",1,0,0
2384464," 2473984",1,0,0
2384714," 2719744",1,0,0
2384964," 2664867",1,0,0
2385214," 2605056",1,0,0
2385464," 2359296",1,0,0
2385714," 2686976",1,0,0
2385964," 2392064",1,0,0
2386214," 2714216",1,0,0
2386464," 2113536",1,0,0
2386714," 2588672",1,0,0
2386964," 1933312",1,0,0
2387214," 2368771",1,0,0
2387464," 2342912",1,0,0
2387714," 2555904",1,0,0
2387964," 2703360",1,0,0
2388214," 2899968",1,0,0
2388464," 2385220",1,0,0
2388714," 1835008",1,0,0
2388964," 2392064",1,0,0
2389214," 2490368",1,0,0
2389464," 2549718",1,0,0
2389715," 2703360",1,0,0
2389964," 2555904",1,0,0
2390214," 2730666",1,0,0
2390464," 2867200",1,0,0
2390714," 2998272",1,0,0
2390964," 2621440",1,0,0
2391214," 2993863",1,0,0
2391464," 2359296",1,0,0
2391714," 2179072",1,0,0
2391964," 2631967",1,0,0
2392214," 2850816",1,0,0
2392464," 2932736",1,0,0
2392714," 2293760",1,0,0
2392964," 2768896",1,0,0
2393214," 2812915",1,0,0
2393464," 2637824",1,0,0
2393714," 2342912",1,0,0
2393965," 2736128",1,0,0
2394214," 2664867",1,0,0
2394464," 2883584",1,0,0
2394714," 2572288",1,0,0
2394964," 2605056",1,0,0
2395214," 2752512",1,0,0
2395464," 2418120",1,0,0
2395714," 2949120",1,0,0
2395964," 3194880",1,0,0
2396215," 2752512",1,0,0
2396464," 2566168",1,0,0
2396714," 2670592",1,0,0
2396964," 2801664",1,0,0
2397214," 2654208",1,0,0
2397464," 2277376",1,0,0
2397714," 2533269",1,0,0
2397964," 2932736",1,0,0
2398214," 2801664",1,0,0
2398465," 2785280",1,0,0
2398714," 2730666",1,0,0
2398964," 2572288",1,0,0
2399214," 2441216",1,0,0
2399464," 2424832",1,0,0
2399714," 2506752",1,0,0
2399964," 2302971",1,0,0
2400214," 2392064",1,0,0
2400464," 2605056",1,0,0
2400714," 2424832",1,0,0
2400964," 2533269",1,0,0
2401214," 2621440",1,0,0
2401464," 2211840",1,0,0
2401714," 2392064",1,0,0
2401964," 2582618",1,0,0
2402214," 2015232",1,0,0
2402464," 2932736",1,0,0
2402714," 2932736",1,0,0
2402964," 2899968",1,0,0
2403214," 2801664",1,0,0
2403464," 2500369",1,0,0
2403714," 2621440",1,0,0
2403964," 2572288",1,0,0
2404214," 2392064",1,0,0
2404464," 2818048",1,0,0
2404714," 2467469",1,0,0
2404964," 2768896",1,0,0
2405214," 2719744",1,0,0
2405464," 2686976",1,0,0
2405714," 2631967",1,0,0
2405964," 1982464",1,0,0
2406214," 2555904",1,0,0
2406464," 2392064",1,0,0
2406714," 2244608",1,0,0
2406964," 2483919",1,0,0
2407214," 2473984",1,0,0
2407464," 2424832",1,0,0
2407714," 2621440",1,0,0
2407964," 2418120",1,0,0
2408214," 2801664",1,0,0
2408464," 2473984",1,0,0
2408714," 2408448",1,0,0
2408964," 2392064",1,0,0
2409214," 2319421",1,0,0
2409464," 2031616",1,0,0
2409714," 1949696",1,0,0
2409965," 2146304",1,0,0
2410214," 2302971",1,0,0
2410464," 1933312",1,0,0
2410714," 2195456",1,0,0
2410964," 1743678",1,0,0
2411214," 2867200",1,0,0
2411464," 2015232",1,0,0
2411714," 2686976",1,0,0
2411964," 2451020",1,0,0
2412215," 2637824",1,0,0
2412464," 2441216",1,0,0
2412714," 2523136",1,0,0
2412964," 2812915",1,0,0
2413214," 2621440",1,0,0
2413464," 2523136",1,0,0
2413714," 2867200",1,0,0
2413964," 2539520",1,0,0
2414214," 2072674",1,0,0
2414464," 2703360",1,0,0
2414714," 1605632",1,0,0
2414964," 2080768",1,0,0
2415214," 2960963",1,0,0
2415464," 3063808",1,0,0
2415714," 2146304",1,0,0
2415964," 2457600",1,0,0
2416214," 2785280",1,0,0
2416464," 2812915",1,0,0
2416714," 2392064",1,0,0
2416964," 3047424",1,0,0
2417214," 2549718",1,0,0
2417464," 1638400",1,0,0
2417714," 2162688",1,0,0
2417964," 2211840",1,0,0
2418214," 2113536",1,0,0
2418464," 1825927",1,0,0
2418714," 2162688",1,0,0
2418964," 2162688",1,0,0
2419214," 2451020",1,0,0
2419464," 2523136",1,0,0
2419714," 2621440",1,0,0
2419964," 2648417",1,0,0
2420214," 2719744",1,0,0
2420464," 2555904",1,0,0
2420714," 2424832",1,0,0
2420964," 2796465",1,0,0
2421214," 2654208",1,0,0
2421464," 2621440",1,0,0
2421714," 2434570",1,0,0
2421964," 2015232",1,0,0
2422214," 2326528",1,0,0
2422464," 2686976",1,0,0
2422714," 2434570",1,0,0
2422964," 2326528",1,0,0
2423214," 2621440",1,0,0
2423464," 2441216",1,0,0
2423714," 2686976",1,0,0
2423964," 2401670",1,0,0
2424214," 2342912",1,0,0
2424464," 1556480",1,0,0
2424714," 1785856",1,0,0
2424964," 2352321",1,0,0
2425214," 2277376",1,0,0
2425464," 2686976",1,0,0
2425713," 2228224",1,0,0
2425964," 2763566",1,0,0
2426214," 2555904",1,0,0
2426464," 2916352",1,0,0
2426714," 2441216",1,0,0
2426964," 2056224",1,0,0
2427214," 2752512",1,0,0
2427464," 2785280",1,0,0
2427714," 2621440",1,0,0
2427963," 2681317",1,0,0
2428214," 2408448",1,0,0
2428464," 2703360",1,0,0
2428714," 2588672",1,0,0
2428964," 2549718",1,0,0
2429214," 2965504",1,0,0
2429464," 1769472",1,0,0
2429714," 1949696",1,0,0
2429964," 2072674",1,0,0
2430214," 1966080",1,0,0
2430464," 2048000",1,0,0
2430714," 2260992",1,0,0
2430964," 2681317",1,0,0
2431214," 2195456",1,0,0
2431464," 2342912",1,0,0
2431714," 2244608",1,0,0
2431964," 2146304",1,0,0
2432214," 1743678",1,0,0
2432464," 1638400",1,0,0
2432714," 2146304",1,0,0
2432964," 2375680",1,0,0
2433214," 2648417",1,0,0
2433464," 2326528",1,0,0
2433714," 2523136",1,0,0
2433964," 1677879",1,0,0
2434214," 2162688",1,0,0
2434464," 1785856",1,0,0
2434714," 1867776",1,0,0
2434964," 1294336",1,0,0
2435214," 2023325",1,0,0
2435464," 1736704",1,0,0
2435714," 1884160",1,0,0
2435964," 2588672",1,0,0
2436214," 1480481",1,0,0
2436464," 2441216",1,0,0
2436714," 2424832",1,0,0
2436964," 2326528",1,0,0
2437214," 2277376",1,0,0
2437464," 1540096",1,0,0
2437714," 1966080",1,0,0
2437964," 2506752",1,0,0
2438214," 2048000",1,0,0
2438464," 2097152",1,0,0
2438714," 2335871",1,0,0
2438964," 2244608",1,0,0
2439214," 2818048",1,0,0
2439464," 2686976",1,0,0
2439714," 3096576",1,0,0
2439964," 2080768",1,0,0
2440214," 2195456",1,0,0
2440464," 2244608",1,0,0
2440714," 2473984",1,0,0
2440964," 1966080",1,0,0
2441214," 2253622",1,0,0
2441464," 2703360",1,0,0
2441714," 2080768",1,0,0
2441965," 1294336",1,0,0
2442214," 2260992",1,0,0
2442464," 2244608",1,0,0
2442714," 1490944",1,0,0
2442964," 999424",1,0,0
2443214," 2113536",1,0,0
2443464," 2031616",1,0,0
2443714," 2812915",1,0,0
2443964," 2588672",1,0,0
2444215," 2408448",1,0,0
2444464," 2424832",1,0,0
2444714," 1966080",1,0,0
2444964," 1933312",1,0,0
2445214," 2539520",1,0,0
2445464," 884736",1,0,0
2445714," 1605632",1,0,0
2445964," 2039775",1,0,0
2446214," 1736704",1,0,0
2446464," 2228224",1,0,0
2446714," 2441216",1,0,0
2446964," 2113536",1,0,0
2447214," 2211840",1,0,0
2447464," 2293760",1,0,0
2447714," 2605056",1,0,0
2447964," 2080768",1,0,0
2448214," 2621440",1,0,0
2448464," 1973975",1,0,0
2448714," 1900544",1,0,0
2448964," 2097152",1,0,0
2449214," 2113536",1,0,0
2449464," 1654784",1,0,0
2449714," 1982464",1,0,0
2449964," 1851392",1,0,0
2450214," 2277376",1,0,0
2450464," 2375680",1,0,0
2450714," 2089124",1,0,0
2450964," 2523136",1,0,0
2451215," 2473984",1,0,0
2451464," 2342912",1,0,0
2451714," 2277376",1,0,0
2451964," 2736128",1,0,0
2452214," 2637824",1,0,0
2452464," 2637824",1,0,0
2452714," 2621440",1,0,0
2452964," 2490368",1,0,0
2453214," 2960963",1,0,0
2453465," 2637824",1,0,0
2453714," 2342912",1,0,0
2453964," 1736704",1,0,0
2454214," 1933312",1,0,0
2454464," 2637824",1,0,0
2454714," 2424832",1,0,0
2454964," 2408448",1,0,0
2455214," 2539520",1,0,0
2455464," 2408448",1,0,0
2455714," 1891726",1,0,0
2455964," 2277376",1,0,0
2456214," 2686976",1,0,0
2456464," 2080768",1,0,0
2456714," 2375680",1,0,0
2456964," 1458176",1,0,0
2457214," 2015232",1,0,0
2457464," 1998848",1,0,0
2457714," 2473984",1,0,0
2457964," 2654208",1,0,0
2458214," 2928064",1,0,0
2458464," 2539520",1,0,0
2458714," 2932736",1,0,0
2458964," 2605056",1,0,0
2459214," 2916352",1,0,0
2459464," 2293760",1,0,0
2459714," 2244608",1,0,0
2459964," 2785280",1,0,0
2460214," 2949120",1,0,0
2460464," 2850816",1,0,0
2460714," 2516819",1,0,0
2460964," 2736128",1,0,0
2461214," 2965504",1,0,0
2461464," 2588672",1,0,0
2461714," 2473984",1,0,0
2461964," 2523136",1,0,0
2462214," 1933312",1,0,0
2462464," 2752512",1,0,0
2462714," 2605056",1,0,0
2462964," 2566168",1,0,0
2463214," 2850816",1,0,0
2463464," 2260992",1,0,0
2463714," 2424832",1,0,0
2463964," 2850816",1,0,0
2464214," 3014656",1,0,0
2464464," 2801664",1,0,0
2464714," 2998272",1,0,0
2464964," 2818048",1,0,0
2465214," 2730666",1,0,0
2465464," 2277376",1,0,0
2465714," 2834432",1,0,0
2465964," 2670592",1,0,0
2466214," 2752512",1,0,0
2466464," 2785280",1,0,0
2466714," 2441216",1,0,0
2466964," 2621440",1,0,0
2467214," 1720320",1,0,0
2467464," 2736128",1,0,0
2467714," 2302971",1,0,0
2467964," 2424832",1,0,0
2468214," 2211840",1,0,0
2468464," 2555904",1,0,0
2468714," 2736128",1,0,0
2468964," 2244608",1,0,0
2469214," 2146304",1,0,0
2469464," 2048000",1,0,0
2469714," 2965504",1,0,0
2469964," 2048000",1,0,0
2470214," 1743678",1,0,0
2470464," 2621440",1,0,0
2470714," 2719744",1,0,0
2470964," 1835008",1,0,0
2471214," 2588672",1,0,0
2471464," 2588672",1,0,0
2471714," 1851392",1,0,0
2471964," 1884160",1,0,0
2472214," 2588672",1,0,0
2472464," 2171373",1,0,0
2472714," 2048000",1,0,0
2472964," 2342912",1,0,0
2473214," 1851392",1,0,0
2473464," 2310144",1,0,0
2473714," 2015232",1,0,0
2473964," 2211840",1,0,0
2474214," 2408448",1,0,0
2474464," 1884160",1,0,0
2474714," 1867776",1,0,0
2474964," 2220722",1,0,0
2475214," 1802240",1,0,0
2475464," 1523712",1,0,0
2475714," 2555904",1,0,0
2475964," 2162688",1,0,0
2476215," 2277376",1,0,0
2476464," 2310144",1,0,0
2476714," 2064384",1,0,0
2476964," 2359296",1,0,0
2477214," 1835008",1,0,0
2477464," 2122024",1,0,0
2477714," 2654208",1,0,0
2477964," 2605056",1,0,0
2478214," 2686976",1,0,0
2478464," 2146304",1,0,0
2478714," 2342912",1,0,0
2478964," 2293760",1,0,0
2479214," 2375680",1,0,0
2479464," 2195456",1,0,0
2479714," 2113536",1,0,0
2479964," 2031616",1,0,0
2480214," 2138473",1,0,0
2480464," 1654784",1,0,0
2480714," 2637824",1,0,0
2480964," 2260992",1,0,0
2481214," 1589248",1,0,0
2481464," 1605632",1,0,0
2481714," 2162688",1,0,0
2481964," 2293760",1,0,0
2482214," 2146304",1,0,0
2482464," 2385220",1,0,0
2482714," 2162688",1,0,0
2482964," 2359296",1,0,0
2483214," 2572288",1,0,0
2483464," 2359296",1,0,0
2483714," 2179072",1,0,0
2483964," 2375680",1,0,0
2484214," 2342912",1,0,0
2484464," 2359296",1,0,0
2484714," 2572288",1,0,0
2484964," 2451020",1,0,0
2485214," 2965504",1,0,0
2485464," 2818048",1,0,0
2485714," 2686976",1,0,0
2485964," 2490368",1,0,0
2486214," 2539520",1,0,0
2486464," 2359296",1,0,0
2486714," 2260992",1,0,0
2486964," 2097152",1,0,0
2487214," 2736128",1,0,0
2487464," 2483919",1,0,0
2487714," 2473984",1,0,0
2487964," 2260992",1,0,0
2488214," 1851392",1,0,0
2488464," 2244608",1,0,0
2488714," 1605632",1,0,0
2488964," 2457600",1,0,0
2489214," 1966080",1,0,0
2489464," 1441792",1,0,0
2489714," 2023325",1,0,0
2489964," 2490368",1,0,0
2490214," 2392064",1,0,0
2490464,2228224,1,0,0
2490714,2342912,1,0,0
2490964,2490368,1,0,0
2491214,2237172,1,0,0
2491464,2523136,1,0,0
2491714,2162688,1,0,0
2491964,2500369,1,0,0
2492214,2244608,1,0,0
2492464,2195456,1,0,0
2492714,2523136,1,0,0
2492964,2533269,1,0,0
2493214,2473984,1,0,0
2493464,2719744,1,0,0
2493714,2451020,1,0,0
2493964,2703360,1,0,0
2494214,2277376,1,0,0
2494464,2588672,1,0,0
2494714,2270072,1,0,0
2494964,2293760,1,0,0
2495214,2146304,1,0,0
2495464,2122024,1,0,0
2495714,1425408,1,0,0
2495964,2335871,1,0,0
2496214,2654208,1,0,0
2496464,1884160,1,0,0
2496714,2834432,1,0,0
2496964,1973975,1,0,0
2497214,2048000,1,0,0
2497464,1982464,1,0,0
2497714,2523136,1,0,0
2497964,2048000,1,0,0
2498214,2500369,1,0,0
2498464,2293760,1,0,0
2498714,2473984,1,0,0
2498964,2654208,1,0,0
2499214,2162688,1,0,0
2499464,2719744,1,0,0
2499714,2375680,1,0,0
2499964,2768896,1,0,0
2500214,2473984,1,0,0
2500464,2129920,1,0,0
2500714,2993863,1,0,0
2500964,2752512,1,0,0
2501214,2818048,1,0,0
2501464,2736128,1,0,0
2501714,2928064,1,0,0
2501964,2310144,1,0,0
2502214,2457600,1,0,0
2502464,2878714,1,0,0
2502714,2883584,1,0,0
2502964,2408448,1,0,0
2503214,2785280,1,0,0
2503464,3043212,1,0,0
2503714,2965504,1,0,0
2503965,3129344,1,0,0
2504214,2473984,1,0,0
2504464,2768896,1,0,0
2504714,2385220,1,0,0
2504964,2277376,1,0,0
2505214,2736128,1,0,0
2505464,2621440,1,0,0
2505714,2615518,1,0,0
2505964,2703360,1,0,0
2506214,2195456,1,0,0
2506464,2031616,1,0,0
2506714,2441216,1,0,0
2506964,2401670,1,0,0
2507214,2605056,1,0,0
2507464,2555904,1,0,0
2507714,2467469,1,0,0
2507964,2441216,1,0,0
2508214,2490368,1,0,0
2508464,2998272,1,0,0
2508714,2664867,1,0,0
2508964,2670592,1,0,0
2509214,2244608,1,0,0
2509464,2385220,1,0,0
2509714,2572288,1,0,0
2509964,2801664,1,0,0
2510214,2648417,1,0,0
2510464,2883584,1,0,0
2510714,2048000,1,0,0
2510964,2516819,1,0,0
2511214,2867200,1,0,0
2511464,2588672,1,0,0
2511714,2686976,1,0,0
2511964,2154923,1,0,0
2512214,2310144,1,0,0
2512464,2473984,1,0,0
2512714,2418120,1,0,0
2512964,2736128,1,0,0
2513214,2424832,1,0,0
2513464,2204273,1,0,0
2513714,2785280,1,0,0
2513964,2785280,1,0,0
2514214,2533269,1,0,0
2514464,2670592,1,0,0
2514714,2523136,1,0,0
2514964,2195456,1,0,0
2515214,2516819,1,0,0
2515464,2228224,1,0,0
2515714,2342912,1,0,0
2515964,2490368,1,0,0
2516214,2237172,1,0,0
2516464,2523136,1,0,0
2516714,2686976,1,0,0
2516964,3145728,1,0,0
2517214,2768896,1,0,0
2517464,1908176,1,0,0
2517714,2260992,1,0,0
2517965,2097152,1,0,0
2518214,2483919,1,0,0
2518464,2703360,1,0,0
2518714,2359296,1,0,0
2518964,2631967,1,0,0
2519214,2310144,1,0,0
2519464,2703360,1,0,0
2519714,3125461,1,0,0
2519964,2752512,1,0,0
2520215,2703360,1,0,0
2520464,2862265,1,0,0
2520714,3178496,1,0,0
2520964,2785280,1,0,0
2521214,2490368,1,0,0
2521464,2385220,1,0,0
2521714,3014656,1,0,0
2521964,2703360,1,0,0
2522214,2916352,1,0,0
2522465,2977413,1,0,0
2522714,2916352,1,0,0
2522964,2637824,1,0,0
2523214,2899968,1,0,0
2523464,2916352,1,0,0
2523714,2993863,1,0,0
2523964,2375680,1,0,0
2524214,2736128,1,0,0
2524464,2588672,1,0,0
2524714,3010313,1,0,0
2524964,2850816,1,0,0
2525214,2965504,1,0,0
2525464,3162112,1,0,0
2525714,2895164,1,0,0
2525964,2965504,1,0,0
2526214,3211264,1,0,0
2526464,2883584,1,0,0
2526714,2949120,1,0,0
2526964,2714216,1,0,0
2527214,2801664,1,0,0
2527464,2375680,1,0,0
2527714,2818048,1,0,0
2527964,2829365,1,0,0
2528214,2441216,1,0,0
2528464,2736128,1,0,0
2528714,2949120,1,0,0
2528964,3080192,1,0,0
2529214,3125461,1,0,0
2529464,3014656,1,0,0
2529714,3047424,1,0,0
2529964,2631967,1,0,0
2530214,2965504,1,0,0
2530464,2834432,1,0,0
2530714,2862265,1,0,0
2530964,2834432,1,0,0
2531214,2588672,1,0,0
2531464,3244032,1,0,0
2531714,3010313,1,0,0
2531964,3096576,1,0,0
2532214,2523136,1,0,0
2532464,2441216,1,0,0
2532714,2829365,1,0,0
2532964,2818048,1,0,0
2533214,3014656,1,0,0
2533464,2834432,1,0,0
2533714,2899968,1,0,0
2533964,2714216,1,0,0
2534214,3063808,1,0,0
2534464,2834432,1,0,0
2534714,2752512,1,0,0
2534964,2516819,1,0,0
2535214,2965504,1,0,0
2535464,2998272,1,0,0
2535714,3047424,1,0,0
2535965,2605056,1,0,0
2536214,2549718,1,0,0
2536464,2932736,1,0,0
2536714,2949120,1,0,0
2536964,2932736,1,0,0
2537214,2867200,1,0,0
2537464,2960963,1,0,0
2537714,3178496,1,0,0
2537964,2424832,1,0,0
2538215,3112960,1,0,0
2538464,2829365,1,0,0
2538714,2228224,1,0,0
2538964,2981888,1,0,0
2539214,2785280,1,0,0
2539464,2588672,1,0,0
2539714,2697767,1,0,0
2539964,2785280,1,0,0
2540214,2359296,1,0,0
2540464,2719744,1,0,0
2540714,2401670,1,0,0
2540964,2752512,1,0,0
2541214,2719744,1,0,0
2541464,3178496,1,0,0
2541714,2719744,1,0,0
2541964,3092562,1,0,0
2542214,3260416,1,0,0
2542464,3031040,1,0,0
2542714,2883584,1,0,0
2542964,2277376,1,0,0
2543214,2523136,1,0,0
2543464,3125461,1,0,0
2543714,2048000,1,0,0
2543964,2179072,1,0,0
2544214,2326528,1,0,0
2544464,2780016,1,0,0
2544714,2113536,1,0,0
2544964,2834432,1,0,0
2545214,3080192,1,0,0
2545464,2878714,1,0,0
2545714,2899968,1,0,0
2545964,2408448,1,0,0
2546214,2621440,1,0,0
2546464,2818048,1,0,0
2546714,2895164,1,0,0
2546964,2719744,1,0,0
2547214,3014656,1,0,0
2547464,2818048,1,0,0
2547714,2631967,1,0,0
2547964,2506752,1,0,0
2548214,2326528,1,0,0
2548464,2686976,1,0,0
2548714,2253622,1,0,0
2548964,2686976,1,0,0
2549214,2899968,1,0,0
2549464,2621440,1,0,0
2549714,2883584,1,0,0
2549964,2483919,1,0,0
2550214,2572288,1,0,0
2550464,2899968,1,0,0
2550714,2801664,1,0,0
2550964,2434570,1,0,0
2551214,2981888,1,0,0
2551464,2375680,1,0,0
2551714,2768896,1,0,0
2551964,3063808,1,0,0
2552214,2763566,1,0,0
2552465,3178496,1,0,0
2552714,2850816,1,0,0
2552964,2916352,1,0,0
2553214,3026763,1,0,0
2553464,2293760,1,0,0
2553714,2277376,1,0,0
2553964,2736128,1,0,0
2554214,2763566,1,0,0
2554464,2834432,1,0,0
2554714,2473984,1,0,0
2554964,2572288,1,0,0
2555214,2566168,1,0,0
2555464,1900544,1,0,0
2555714,1622016,1,0,0
2555964,1736704,1,0,0
2556214,2270072,1,0,0
2556464,2228224,1,0,0
2556714,1720320,1,0,0
2556964,2342912,1,0,0
2557215,2582618,1,0,0
2557464,2277376,1,0,0
2557714,2703360,1,0,0
2557964,2686976,1,0,0
2558215,2845815,1,0,0
2558464,3244032,1,0,0
2558714,2605056,1,0,0
2558964,3372208,1,0,0
2559214,3031040,1,0,0
2559465,2818048,1,0,0
2559714,2932736,1,0,0
2559964,2730666,1,0,0
2560214,2916352,1,0,0
2560464,2703360,1,0,0
2560715,2763566,1,0,0
2560964,3047424,1,0,0
2561214,3014656,1,0,0
2561464,2270072,1,0,0
2561714,2670592,1,0,0
2561965,2588672,1,0,0
2562214,3109012,1,0,0
2562464,3063808,1,0,0
2562714,2473984,1,0,0
2562964,2375680,1,0,0
2563215,2664867,1,0,0
2563464,2228224,1,0,0
2563714,2260992,1,0,0
2563964,2928064,1,0,0
2564215,2637824,1,0,0
2564464,2703360,1,0,0
2564714,2768896,1,0,0
2564964,2368771,1,0,0
2565214,2064384,1,0,0
2565465,2375680,1,0,0
2565714,2588672,1,0,0
2565964,1949696,1,0,0
2566214,2483919,1,0,0
2566464,2818048,1,0,0
2566715,2588672,1,0,0
2566964,2539520,1,0,0
2567214,2981888,1,0,0
2567464,2703360,1,0,0
2567715,2850816,1,0,0
2567964,2555904,1,0,0
2568214,2883584,1,0,0
2568464,2965504,1,0,0
2568714,2599068,1,0,0
2568964,2736128,1,0,0
2569215,2572288,1,0,0
2569464,2899968,1,0,0
2569714,2670592,1,0,0
2569964,3096576,1,0,0
2570214,2582618,1,0,0
2570464,2162688,1,0,0
2570715,2818048,1,0,0
2570964,2801664,1,0,0
2571214,2780016,1,0,0
2571464,2572288,1,0,0
2571714,2588672,1,0,0
2571964,2768896,1,0,0
2572215,2664867,1,0,0
2572464,2899968,1,0,0
2572714,2736128,1,0,0
2572965,2714216,1,0,0
2573215,2834432,1,0,0
2573464,2768896,1,0,0
2573714,2654208,1,0,0
2573964,2916352,1,0,0
2574215,2631967,1,0,0
2574464,2867200,1,0,0
2574714,2621440,1,0,0
2574964,2146304,1,0,0
2575214,2714216,1,0,0
2575464,2211840,1,0,0
2575714,2228224,1,0,0
2575965,1891726,1,0,0
2576214,2375680,1,0,0
2576464,1720320,1,0,0
2576714,1327104,1,0,0
2576964,2056224,1,0,0
2577214,2129920,1,0,0
2577465,2228224,1,0,0
2577714,2523136,1,0,0
2577964,2342912,1,0,0
2578214,2747116,1,0,0
2578464,2506752,1,0,0
2578714,2080768,1,0,0
2578964,2539520,1,0,0
2579214,2237172,1,0,0
2579464,2244608,1,0,0
2579714,2031616,1,0,0
2579964,2670592,1,0,0
2580215,2747116,1,0,0
2580464,2670592,1,0,0
2580714,2392064,1,0,0
2580964,2228224,1,0,0
2581215,1736704,1,0,0
2581464,2714216,1,0,0
2581714,2392064,1,0,0
2581964,2146304,1,0,0
2582215,1982464,1,0,0
2582464,2237172,1,0,0
2582714,2031616,1,0,0
2582964,2326528,1,0,0
2583214,2506752,1,0,0
2583465,2187823,1,0,0
2583715,1900544,1,0,0
2583964,1769472,1,0,0
2584214,1343488,1,0,0
2584464,1743678,1,0,0
2584715,2195456,1,0,0
2584964,2195456,1,0,0
2585214,2244608,1,0,0
2585464,2539520,1,0,0
2585714,2286522,1,0,0
2585965,1933312,1,0,0
2586214,2048000,1,0,0
2586464,1949696,1,0,0
2586714,2286522,1,0,0
2586964,1884160,1,0,0
2587215,2473984,1,0,0
2587464,2129920,1,0,0
2587714,2506752,1,0,0
2587964,2451020,1,0,0
2588215,2326528,1,0,0
2588465,2572288,1,0,0
2588714,2506752,1,0,0
2588964,2179072,1,0,0
2589215,1941076,1,0,0
2589465,2244608,1,0,0
2589714,2834432,1,0,0
2589965,2392064,1,0,0
2590215,3043212,1,0,0
2590464,2965504,1,0,0
2590714,2801664,1,0,0
2590965,2648417,1,0,0
2591214,2310144,1,0,0
2591464,2670592,1,0,0
2591714,2631967,1,0,0
2591965,2162688,1,0,0
2592214,2244608,1,0,0
2592464,2277376,1,0,0
2592715,2179072,1,0,0
2592965,1990425,1,0,0
2593214,1507328,1,0,0
2593464,1851392,1,0,0
2593715,2048000,1,0,0
2593964,2293760,1,0,0
2594214,1825927,1,0,0
2594465,2457600,1,0,0
2594715,2637824,1,0,0
2594964,2097152,1,0,0
2595214,2637824,1,0,0
2595465,2056224,1,0,0
2595714,2736128,1,0,0
2595964,2752512,1,0,0
2596214,2703360,1,0,0
2596464,2768896,1,0,0
2596714,2747116,1,0,0
2596964,2588672,1,0,0
2597214,2670592,1,0,0
2597464,2326528,1,0,0
2597715,2352321,1,0,0
2597964,2195456,1,0,0
2598214,2326528,1,0,0
2598465,2599068,1,0,0
2598714,2293760,1,0,0
2598964,2845815,1,0,0
2599215,2605056,1,0,0
2599464,2539520,1,0,0
2599714,2539520,1,0,0
2599965,2516819,1,0,0
2600215,2539520,1,0,0
2600464,2621440,1,0,0
2600715,2670592,1,0,0
2600964,2812915,1,0,0
2601215,2736128,1,0,0
2601465,2555904,1,0,0
2601714,3063808,1,0,0
2601965,3010313,1,0,0
2602215,2588672,1,0,0
2602464,2965504,1,0,0
2602714,2555904,1,0,0
2602964,2681317,1,0,0
2603215,2359296,1,0,0
2603464,2392064,1,0,0
2603714,2080768,1,0,0
2603964,2599068,1,0,0
2604215,2392064,1,0,0
2604464,2654208,1,0,0
2604714,2648417,1,0,0
2604965,2965504,1,0,0
2605214,2834432,1,0,0
2605464,1990425,1,0,0
2605715,2686976,1,0,0
2605965,2457600,1,0,0
2606214,2359296,1,0,0
2606464,2549718,1,0,0
2606715,2310144,1,0,0
2606964,2408448,1,0,0
2607214,2253622,1,0,0
2607464,3129344,1,0,0
2607715,2801664,1,0,0
2607964,2631967,1,0,0
2608214,2621440,1,0,0
2608465,3129344,1,0,0
2608715,2549718,1,0,0
2608964,2572288,1,0,0
2609214,3096576,1,0,0
2609464,2686976,1,0,0
2609715,2747116,1,0,0
2609964,2801664,1,0,0
2610214,3112960,1,0,0
2610465,2845815,1,0,0
2610714,2703360,1,0,0
2610964,2981888,1,0,0
2611214,2697767,1,0,0
2611465,2752512,1,0,0
2611714,2621440,1,0,0
2611964,2768896,1,0,0
2612215,2451020,1,0,0
2612465,2768896,1,0,0
2612714,2998272,1,0,0
2612964,2944514,1,0,0
2613215,2752512,1,0,0
2613464,3014656,1,0,0
2613714,2785280,1,0,0
2613964,2763566,1,0,0
2614215,2555904,1,0,0
2614465,2392064,1,0,0
2614714,2664867,1,0,0
2614964,2637824,1,0,0
2615215,2768896,1,0,0
2615464,2615518,1,0,0
2615714,2752512,1,0,0
2615964,2752512,1,0,0
2616214,2714216,1,0,0
2616465,2719744,1,0,0
2616714,2719744,1,0,0
2616964,2631967,1,0,0
2617214,2719744,1,0,0
2617465,2588672,1,0,0
2617714,2998272,1,0,0
2617964,2829365,1,0,0
2618214,2818048,1,0,0
2618465,2523136,1,0,0
2618714,2533269,1,0,0
2618964,3014656,1,0,0
2619214,2801664,1,0,0
2619465,3063808,1,0,0
2619714,2928064,1,0,0
2619964,2932736,1,0,0
2620214,2703360,1,0,0
2620465,2654208,1,0,0
2620714,2714216,1,0,0
2620964,2883584,1,0,0
2621214,2179072,1,0,0
2621465,2648417,1,0,0
2621714,2506752,1,0,0
2621964,2555904,1,0,0
2622215,2719744,1,0,0
2622464,2566168,1,0,0
2622714,2916352,1,0,0
2622964,3162112,1,0,0
2623215,2319421,1,0,0
2623464,2621440,1,0,0
2623714,2703360,1,0,0
2623964,2960963,1,0,0
2624215,2932736,1,0,0
2624464,2981888,1,0,0
2624714,2801664,1,0,0
2624964,2747116,1,0,0
2625215,2670592,1,0,0
2625464,2916352,1,0,0
2625715,2664867,1,0,0
2625965,2686976,1,0,0
2626214,2867200,1,0,0
2626464,2834432,1,0,0
2626715,2714216,1,0,0
2626964,2932736,1,0,0
2627214,2605056,1,0,0
2627464,2637824,1,0,0
2627715,2928064,1,0,0
2627964,2457600,1,0,0
2628214,2588672,1,0,0
2628465,2928064,1,0,0
2628714,2555904,1,0,0
2628964,2998272,1,0,0
2629215,2796465,1,0,0
2629465,2801664,1,0,0
2629714,2768896,1,0,0
2629964,2408448,1,0,0
2630214,3059662,1,0,0
2630464,2490368,1,0,0
2630714,2588672,1,0,0
2630964,2549718,1,0,0
2631214,2572288,1,0,0
2631464,2932736,1,0,0
2631714,2506752,1,0,0
2631964,2681317,1,0,0
2632214,2523136,1,0,0
2632464,2736128,1,0,0
2632714,2878714,1,0,0
2632964,2621440,1,0,0
2633214,2654208,1,0,0
2633464,2768896,1,0,0
2633714,2928064,1,0,0
2633964,2686976,1,0,0
2634214,2785280,1,0,0
2634464,2928064,1,0,0
2634714,2424832,1,0,0
2634964,2736128,1,0,0
2635214,3125461,1,0,0
2635464,2736128,1,0,0
2635714,2834432,1,0,0
2635964,2911614,1,0,0
2636214,2949120,1,0,0
2636464,3080192,1,0,0
2636714,2424832,1,0,0
2636964,2056224,1,0,0
2637214,2555904,1,0,0
2637464,2993863,1,0,0
2637714,2752512,1,0,0
2637964,2818048,1,0,0
2638214,2736128,1,0,0
2638464,2928064,1,0,0
2638714,2310144,1,0,0
2638964,2457600,1,0,0
2639214,2878714,1,0,0
2639464,2883584,1,0,0
2639714,2408448,1,0,0
2639964,2785280,1,0,0
2640214,3043212,1,0,0
2640464,2965504,1,0,0
2640714,3129344,1,0,0
2640964,2928064,1,0,0
2641214,2932736,1,0,0
2641464,2883584,1,0,0
2641714,2670592,1,0,0
2641964,3112915,1,0,0
2642214,2801664,1,0,0
2642464,2064384,1,0,0
2642714,2850816,1,0,0
2642964,2845815,1,0,0
2643214,2883584,1,0,0
2643464,2719744,1,0,0
2643714,2697767,1,0,0
2643964,2686976,1,0,0
2644214,2441216,1,0,0
2644464,2408448,1,0,0
2644715,2451020,1,0,0
2644964,2539520,1,0,0
2645214,2588672,1,0,0
2645464,2867200,1,0,0
2645714,2533269,1,0,0
2645964,2359296,1,0,0
2646214,2326528,1,0,0
2646464,2260992,1,0,0
2646714,2829365,1,0,0
2646964,2670592,1,0,0
2647214,2605056,1,0,0
2647464,3031040,1,0,0
2647714,2588672,1,0,0
2647964,2796465,1,0,0
2648214,2736128,1,0,0
2648464,2916352,1,0,0
2648714,2457600,1,0,0
2648964,2648417,1,0,0
2649214,2506752,1,0,0
2649464,2801664,1,0,0
2649714,2932736,1,0,0
2649964,2588672,1,0,0
2650214,2483919,1,0,0
2650464,2686976,1,0,0
2650714,2637824,1,0,0
2650964,2605056,1,0,0
2651214,2253622,1,0,0
2651464,2441216,1,0,0
2651714,2719744,1,0,0
2651964,2998272,1,0,0
2652214,2179072,1,0,0
2652464,2401670,1,0,0
2652714,2473984,1,0,0
2652964,2359296,1,0,0
2653214,2801664,1,0,0
2653464,2895164,1,0,0
2653714,3063808,1,0,0
2653964,2523136,1,0,0
2654215,2834432,1,0,0
2654464,2697767,1,0,0
2654714,2850816,1,0,0
2654964,3129344,1,0,0
2655214,2932736,1,0,0
2655464,2631967,1,0,0
2655714,2654208,1,0,0
2655964,2719744,1,0,0
2656214,2719744,1,0,0
2656464,2352321,1,0,0
2656714,2473984,1,0,0
2656964,2768896,1,0,0
2657214,2385220,1,0,0
2657464,2277376,1,0,0
2657714,2736128,1,0,0
2657964,2621440,1,0,0
2658214,2615518,1,0,0
2658464,2703360,1,0,0
2658714,2195456,1,0,0
2658964,2031616,1,0,0
2659214,2441216,1,0,0
2659464,2401670,1,0,0
2659714,2605056,1,0,0
2659964,2555904,1,0,0
2660214,2467469,1,0,0
2660464,2441216,1,0,0
2660714,2490368,1,0,0
2660965,2998272,1,0,0
2661214,2664867,1,0,0
2661464,2670592,1,0,0
2661714,2244608,1,0,0
2661964,2385220,1,0,0
2662214,2572288,1,0,0
2662464,2801664,1,0,0
2662714,2648417,1,0,0
2662964,2883584,1,0,0
2663214,2048000,1,0,0
2663464,2516819,1,0,0
2663714,2867200,1,0,0
2663964,2588672,1,0,0
2664214,2686976,1,0,0
2664464,2154923,1,0,0
2664714,2310144,1,0,0
2664964,2473984,1,0,0
2665214,2418120,1,0,0
2665464,2736128,1,0,0
2665715,2424832,1,0,0
2665964,2204273,1,0,0
2666214,2785280,1,0,0
2666464,2785280,1,0,0
2666714,2533269,1,0,0
2666964,2670592,1,0,0
2667214,2523136,1,0,0
2667464,2195456,1,0,0
2667714,2516819,1,0,0
2667964,2228224,1,0,0
2668214,2342912,1,0,0
2668464,2490368,1,0,0
2668714,2237172,1,0,0
2668964,2523136,1,0,0
2669214,2162688,1,0,0
2669464,2500369,1,0,0
2669714,2244608,1,0,0
2669964,2195456,1,0,0
2670214,2523136,1,0,0
2670464,2533269,1,0,0
2670714,2473984,1,0,0
2670964,2719744,1,0,0
2671214,2451020,1,0,0
2671464,2703360,1,0,0
2671714,2277376,1,0,0
2671964,2588672,1,0,0
2672214,2270072,1,0,0
2672464,2293760,1,0,0
2672714,2146304,1,0,0
2672964,2122024,1,0,0
2673214,1425408,1,0,0
2673464,2335871,1,0,0
2673714,2654208,1,0,0
2673964,1884160,1,0,0
2674214,2834432,1,0,0
2674464,1973975,1,0,0
2674714,2048000,1,0,0
2674964,1982464,1,0,0
2675214,2523136,1,0,0
2675464,2048000,1,0,0
2675714,2500369,1,0,0
2675964,2293760,1,0,0
2676214,2473984,1,0,0
2676464,2654208,1,0,0
2676714,2162688,1,0,0
2676964,2719744,1,0,0
2677214,2375680,1,0,0
2677464,2768896,1,0,0
2677714,2473984,1,0,0
2677964,2129920,1,0,0
2678214,2812915,1,0,0
2678464,2179072,1,0,0
2678714,2998272,1,0,0
2678964,2572288,1,0,0
2679214,2555904,1,0,0
2679464,2555904,1,0,0
2679714,2228224,1,0,0
2679964,2719744,1,0,0
2680214,2335871,1,0,0
2680464,2768896,1,0,0
2680714,2244608,1,0,0
2680964,2703360,1,0,0
2681214,2834432,1,0,0
2681464,2500369,1,0,0
2681714,2605056,1,0,0
2681964,3031040,1,0,0
2682214,3063808,1,0,0
2682464,2697767,1,0,0
2682714,2424832,1,0,0
2682964,2342912,1,0,0
2683214,2697767,1,0,0
2683464,3014656,1,0,0
2683714,2686976,1,0,0
2683964,2949120,1,0,0
2684214,3026763,1,0,0
2684464,2588672,1,0,0
2684714,2883584,1,0,0
2684964,2780016,1,0,0
2685214,2981888,1,0,0
2685464,2424832,1,0,0
2685714,2359296,1,0,0
2685964,2911614,1,0,0
2686214,2686976,1,0,0
2686464,2605056,1,0,0
2686714,2818048,1,0,0
2686964,2648417,1,0,0
2687214,2719744,1,0,0
2687464,2342912,1,0,0
2687714,2664867,1,0,0
2687964,2359296,1,0,0
2688214,2097152,1,0,0
2688464,2506752,1,0,0
2688714,2714216,1,0,0
2688964,1933312,1,0,0
2689214,1818624,1,0,0
2689464,2451020,1,0,0
2689714,2375680,1,0,0
2689964,2342912,1,0,0
2690214,2253622,1,0,0
2690464,2064384,1,0,0
2690714,2670592,1,0,0
2690965,2424832,1,0,0
2691214,2780016,1,0,0
2691464,2441216,1,0,0
2691714,2506752,1,0,0
2691964,2681317,1,0,0
2692214,2523136,1,0,0
2692464,2736128,1,0,0
2692714,2878714,1,0,0
2692964,2621440,1,0,0
2693214,2654208,1,0,0
2693464,2768896,1,0,0
2693714,2928064,1,0,0
2693964,2686976,1,0,0
2694214,2785280,1,0,0
2694464,2928064,1,0,0
2694714,2424832,1,0,0
2694964,2736128,1,0,0
2695214,3125461,1,0,0
2695464,2736128,1,0,0
2695714,2834432,1,0,0
2695964,2911614,1,0,0
2696214,2949120,1,0,0
2696464,3080192,1,0,0
2696714,2424832,1,0,0
2696964,2056224,1,0,0
2697214,2555904,1,0,0
2697464,2993863,1,0,0
2697714,2752512,1,0,0
2697964,2818048,1,0,0
2698214,2736128,1,0,0
2698464,2928064,1,0,0
2698714,2310144,1,0,0
2698964,2457600,1,0,0
2699214,2878714,1,0,0
2699464,2883584,1,0,0
2699714,2408448,1,0,0
2699964,2785280,1,0,0
2700214,1916928,1,0,0
2700464,2293760,1,0,0
2700714,2780016,1,0,0
2700964,2195456,1,0,0
2701214,2031616,1,0,0
2701464,2056224,1,0,0
2701714,2244608,1,0,0
2701964,2588672,1,0,0
2702214,2113536,1,0,0
2702464,2796465,1,0,0
2702714,2228224,1,0,0
2702964,2129920,1,0,0
2703214,2703360,1,0,0
2703464,3076112,1,0,0
2703714,2523136,1,0,0
2703964,2605056,1,0,0
2704214,2506752,1,0,0
2704464,2686976,1,0,0
2704714,2072674,1,0,0
2704964,2457600,1,0,0
2705214,2588672,1,0,0
2705464,2899968,1,0,0
2705714,2549718,1,0,0
2705964,2310144,1,0,0
2706214,2031616,1,0,0
2706464,2146304,1,0,0
2706714,2211840,1,0,0
2706964,1957526,1,0,0
2707214,2080768,1,0,0
2707464,2244608,1,0,0
2707714,2621440,1,0,0
2707964,2549718,1,0,0
2708214,2342912,1,0,0
2708464,2752512,1,0,0
2708714,2392064,1,0,0
2708964,2664867,1,0,0
2709214,2949120,1,0,0
2709464,2555904,1,0,0
2709714,2850816,1,0,0
2709964,1941076,1,0,0
2710214,2523136,1,0,0
2710464,2441216,1,0,0
2710714,3014656,1,0,0
2710964,3096576,1,0,0
2711214,2993863,1,0,0
2711464,2359296,1,0,0
2711714,2949120,1,0,0
2711964,2703360,1,0,0
2712214,2681317,1,0,0
2712464,2572288,1,0,0
2712714,2516819,1,0,0
2712964,2686976,1,0,0
2713214,2605056,1,0,0
2713464,2785280,1,0,0
2713714,2615518,1,0,0
2713964,2473984,1,0,0
2714214,3063808,1,0,0
2714464,2796465,1,0,0
2714714,2736128,1,0,0
2714964,2719744,1,0,0
2715214,2965504,1,0,0
2715464,2960963,1,0,0
2715714,2490368,1,0,0
2715964,2993863,1,0,0
2716214,2752512,1,0,0
2716464,2572288,1,0,0
2716714,2736128,1,0,0
2716964,2911614,1,0,0
2717214,3047424,1,0,0
2717464,2752512,1,0,0
2717714,2401670,1,0,0
2717964,2981888,1,0,0
2718214,2441216,1,0,0
2718464,2064384,1,0,0
2718714,2780016,1,0,0
2718964,2899968,1,0,0
2719215,2686976,1,0,0
2719464,2605056,1,0,0
2719714,2829365,1,0,0
2719964,2719744,1,0,0
2720214,2424832,1,0,0
2720464,2993863,1,0,0
2720714,2555904,1,0,0
2720964,2850816,1,0,0
2721214,2113536,1,0,0
2721464,2582618,1,0,0
2721714,2392064,1,0,0
2721964,2523136,1,0,0
2722214,2867200,1,0,0
2722464,2516819,1,0,0
2722714,2686976,1,0,0
2722964,2605056,1,0,0
2723214,2785280,1,0,0
2723464,2615518,1,0,0
2723714,2473984,1,0,0
2723965,3063808,1,0,0
2724214,2796465,1,0,0
2724464,2736128,1,0,0
2724714,2719744,1,0,0
2724964,2965504,1,0,0
2725214,2960963,1,0,0
2725464,2490368,1,0,0
2725714,2162688,1,0,0
2725964,2621440,1,0,0
2726214,2335871,1,0,0
2726464,2637824,1,0,0
2726714,2747116,1,0,0
2726964,2523136,1,0,0
2727214,3096576,1,0,0
2727464,2473984,1,0,0
2727714,2566168,1,0,0
2727964,2736128,1,0,0
2728214,2441216,1,0,0
2728464,2697767,1,0,0
2728714,2768896,1,0,0
2728964,2605056,1,0,0
2729214,2588672,1,0,0
2729464,2549718,1,0,0
2729714,2899968,1,0,0
2729964,3178496,1,0,0
2730214,2850816,1,0,0
2730464,2064384,1,0,0
2730714,2441216,1,0,0
2730964,2408448,1,0,0
2731214,2451020,1,0,0
2731464,2539520,1,0,0
2731714,2588672,1,0,0
2731964,2867200,1,0,0
2732214,2533269,1,0,0
2732464,2359296,1,0,0
2732714,2326528,1,0,0
2732964,2260992,1,0,0
2733214,2829365,1,0,0
2733464,2670592,1,0,0
2733714,2605056,1,0,0
2733964,3031040,1,0,0
2734214,2588672,1,0,0
2734464,2796465,1,0,0
2734714,2736128,1,0,0
2734964,2916352,1,0,0
2735215,2457600,1,0,0
2735464,2648417,1,0,0
2735714,2506752,1,0,0
2735964,2801664,1,0,0
2736214,2932736,1,0,0
2736464,2588672,1,0,0
2736714,2483919,1,0,0
2736964,2686976,1,0,0
2737214,2637824,1,0,0
2737464,2605056,1,0,0
2737714,2253622,1,0,0
2737964,2441216,1,0,0
2738214,2719744,1,0,0
2738464,2998272,1,0,0
2738714,2179072,1,0,0
2738964,2401670,1,0,0
2739214,2473984,1,0,0
2739464,2359296,1,0,0
2739714,2801664,1,0,0
2739964,2895164,1,0,0
2740214,3063808,1,0,0
2740464,2523136,1,0,0
2740714,2834432,1,0,0
2740964,2697767,1,0,0
2741214,2850816,1,0,0
2741464,3129344,1,0,0
2741714,2932736,1,0,0
2741964,2631967,1,0,0
2742215,2654208,1,0,0
2742464,2719744,1,0,0
2742714,2719744,1,0,0
2742964,2352321,1,0,0
2743214,2473984,1,0,0
2743464,2768896,1,0,0
2743714,2385220,1,0,0
2743964,2277376,1,0,0
2744214,2736128,1,0,0
2744464,2621440,1,0,0
2744714,2615518,1,0,0
2744964,2703360,1,0,0
2745214,2195456,1,0,0
2745464,2031616,1,0,0
2745714,2441216,1,0,0
2745964,2401670,1,0,0
2746214,2605056,1,0,0
2746464,2555904,1,0,0
2746714,2467469,1,0,0
2746964,2441216,1,0,0
2747214,2490368,1,0,0
2747464,2998272,1,0,0
2747714,2664867,1,0,0
2747964,2670592,1,0,0
2748214,2244608,1,0,0
2748464,2385220,1,0,0
2748714,2572288,1,0,0
2748964,2801664,1,0,0
2749214,2648417,1,0,0
2749464,2883584,1,0,0
2749714,2048000,1,0,0
2749964,2516819,1,0,0
2750214,2867200,1,0,0
2750464,2588672,1,0,0
2750714,2686976,1,0,0
2750964,2154923,1,0,0
2751214,2310144,1,0,0
2751464,2473984,1,0,0
2751715,2418120,1,0,0
2751964,2736128,1,0,0
2752214,2424832,1,0,0
2752464,2204273,1,0,0
2752714,2785280,1,0,0
2752964,2785280,1,0,0
2753214,2533269,1,0,0
2753464,2670592,1,0,0
2753714,2523136,1,0,0
2753964,2195456,1,0,0
2754214,2516819,1,0,0
2754464,2228224,1,0,0
2754714,2342912,1,0,0
2754964,2490368,1,0,0
2755214,2237172,1,0,0
2755464,2523136,1,0,0
2755714,2162688,1,0,0
2755964,2500369,1,0,0
2756214,2244608,1,0,0
2756464,2195456,1,0,0
2756714,2523136,1,0,0
2756964,2533269,1,0,0
2757214,2473984,1,0,0
2757464,2719744,1,0,0
2757714,2451020,1,0,0
2757964,2703360,1,0,0
2758214,2277376,1,0,0
2758464,2588672,1,0,0
2758714,2270072,1,0,0
2758964,2293760,1,0,0
2759214,2146304,1,0,0
2759464,2122024,1,0,0
2759714,1425408,1,0,0
2759964,2335871,1,0,0
2760214,2654208,1,0,0
2760464,1884160,1,0,0
2760714,2834432,1,0,0
2760964,1973975,1,0,0
2761214,2048000,1,0,0
2761464,1982464,1,0,0
2761714,2523136,1,0,0
2761964,2048000,1,0,0
2762214,2500369,1,0,0
2762464,2293760,1,0,0
2762714,2473984,1,0,0
2762964,2654208,1,0,0
2763214,2162688,1,0,0
2763464,2719744,1,0,0
2763714,2375680,1,0,0
2763964,2768896,1,0,0
2764214,2473984,1,0,0
2764464,2129920,1,0,0
2764714,2812915,1,0,0
2764964,2179072,1,0,0
2765214,2998272,1,0,0
2765464,2572288,1,0,0
2765714,2555904,1,0,0
2765964,2555904,1,0,0
2766214,2228224,1,0,0
2766464,2719744,1,0,0
2766714,2335871,1,0,0
2766964,1802240,1,0,0
2767214,2719744,1,0,0
2767464,2031616,1,0,0
2767714,2506752,1,0,0
2767964,2375680,1,0,0
2768214,2621440,1,0,0
2768464,2375680,1,0,0
2768714,1703936,1,0,0
2768964,2401670,1,0,0
2769214,2752512,1,0,0
2769464,2719744,1,0,0
2769714,3178496,1,0,0
2769964,2719744,1,0,0
2770214,3092562,1,0,0
2770464,3260416,1,0,0
2770714,3031040,1,0,0
2770964,2883584,1,0,0
2771214,2277376,1,0,0
2771464,2523136,1,0,0
2771714,3125461,1,0,0
2771964,2048000,1,0,0
2772214,2179072,1,0,0
2772464,2326528,1,0,0
2772714,2780016,1,0,0
2772964,2113536,1,0,0
2773214,2834432,1,0,0
2773464,3080192,1,0,0
2773714,2878714,1,0,0
2773964,2899968,1,0,0
2774214,2408448,1,0,0
2774464,2621440,1,0,0
2774714,2818048,1,0,0
2774964,2895164,1,0,0
2775214,2719744,1,0,0
2775464,3014656,1,0,0
2775714,2818048,1,0,0
2775964,2631967,1,0,0
2776214,2506752,1,0,0
2776464,2326528,1,0,0
2776714,2686976,1,0,0
2776964,2253622,1,0,0
2777214,2686976,1,0,0
2777464,2899968,1,0,0
2777714,2621440,1,0,0
2777964,2883584,1,0,0
2778214,2483919,1,0,0
2778464,2572288,1,0,0
2778714,2899968,1,0,0
2778964,2801664,1,0,0
2779214,2434570,1,0,0
2779464,2981888,1,0,0
2779714,2375680,1,0,0
2779964,2768896,1,0,0
2780214,3063808,1,0,0
2780464,2763566,1,0,0
2780714,3178496,1,0,0
2780964,2850816,1,0,0
2781214,2916352,1,0,0
2781464,3026763,1,0,0
2781714,2293760,1,0,0
2781964,2277376,1,0,0
2782214,2736128,1,0,0
2782464,2763566,1,0,0
2782714,2834432,1,0,0
2782964,2473984,1,0,0
2783214,2572288,1,0,0
2783464,2566168,1,0,0
2783714,1900544,1,0,0
2783964,1622016,1,0,0
2784214,1736704,1,0,0
2784464,2270072,1,0,0
2784714,2228224,1,0,0
2784964,1720320,1,0,0
2785214,2342912,1,0,0
2785464,2582618,1,0,0
2785714,2277376,1,0,0
2785964,2703360,1,0,0
2786214,2686976,1,0,0
2786464,2845815,1,0,0
2786714,3244032,1,0,0
2786964,2605056,1,0,0
2787214,3372208,1,0,0
2787464,3031040,1,0,0
2787714,2818048,1,0,0
2787964,2932736,1,0,0
2788214,2730666,1,0,0
2788464,2916352,1,0,0
2788714,2703360,1,0,0
2788964,2763566,1,0,0
2789214,3047424,1,0,0
2789464,3014656,1,0,0
2789714,2270072,1,0,0
2789964,2670592,1,0,0
2790214,2588672,1,0,0
2790464,3109012,1,0,0
2790714,3063808,1,0,0
2790964,2473984,1,0,0
2791214,2375680,1,0,0
2791464,2664867,1,0,0
2791714,2228224,1,0,0
2791964,2260992,1,0,0
2792214,2928064,1,0,0
2792464,2637824,1,0,0
2792714,2703360,1,0,0
2792964,2768896,1,0,0
2793214,2368771,1,0,0
2793464,2064384,1,0,0
2793714,2375680,1,0,0
2793965,2588672,1,0,0
2794214,1949696,1,0,0
2794464,2483919,1,0,0
2794714,2818048,1,0,0
2794964,2588672,1,0,0
2795214,2539520,1,0,0
2795464,2981888,1,0,0
2795714,2703360,1,0,0
2795964,2850816,1,0,0
2796215,2555904,1,0,0
2796464,2883584,1,0,0
2796714,2965504,1,0,0
2796964,2599068,1,0,0
2797214,2736128,1,0,0
2797464,2572288,1,0,0
2797714,2899968,1,0,0
2797964,2670592,1,0,0
2798214,3096576,1,0,0
2798464,2582618,1,0,0
2798714,2162688,1,0,0
2798964,2818048,1,0,0
2799214,2801664,1,0,0
2799464,2780016,1,0,0
2799714,2572288,1,0,0
2799964,2588672,1,0,0
2800214,2752512,1,0,0
2800464,3014656,1,0,0
2800714,2785280,1,0,0
2800964,2763566,1,0,0
2801214,2555904,1,0,0
2801464,2392064,1,0,0
2801714,2664867,1,0,0
2801964,2637824,1,0,0
2802214,2768896,1,0,0
2802464,2615518,1,0,0
2802714,2752512,1,0,0
2802964,2752512,1,0,0
2803215,2714216,1,0,0
2803464,2719744,1,0,0
2803714,2719744,1,0,0
2803964,2631967,1,0,0
2804214,2719744,1,0,0
2804464,2588672,1,0,0
2804714,2998272,1,0,0
2804964,2829365,1,0,0
2805214,2818048,1,0,0
2805464,2523136,1,0,0
2805714,2533269,1,0,0
2805964,3014656,1,0,0
2806214,2801664,1,0,0
2806464,3063808,1,0,0
2806714,2928064,1,0,0
2806964,2932736,1,0,0
2807214,2703360,1,0,0
2807464,2654208,1,0,0
2807714,2714216,1,0,0
2807964,2883584,1,0,0
2808214,2179072,1,0,0
2808464,2648417,1,0,0
2808714,2506752,1,0,0
2808964,2555904,1,0,0
2809214,2719744,1,0,0
2809464,2566168,1,0,0
2809714,2916352,1,0,0
2809964,3162112,1,0,0
2810214,2319421,1,0,0
2810464,2621440,1,0,0
2810714,2703360,1,0,0
2810964,2960963,1,0,0
2811214,2932736,1,0,0
2811464,2981888,1,0,0
2811714,2801664,1,0,0
2811964,2747116,1,0,0
2812214,2670592,1,0,0
2812464,2916352,1,0,0
2812714,2664867,1,0,0
2812964,2686976,1,0,0
2813214,2867200,1,0,0
2813464,2834432,1,0,0
2813714,2714216,1,0,0
2813964,2932736,1,0,0
2814215,2605056,1,0,0
2814464,2637824,1,0,0
2814714,2928064,1,0,0
2814964,2457600,1,0,0
2815214,2588672,1,0,0
2815464,2928064,1,0,0
2815714,2555904,1,0,0
2815964,2998272,1,0,0
2816214,2796465,1,0,0
2816464,2801664,1,0,0
2816714,2768896,1,0,0
2816964,2408448,1,0,0
2817214,2506752,1,0,0
2817464,2801664,1,0,0
2817714,2932736,1,0,0
2817964,2588672,1,0,0
2818214,2483919,1,0,0
2818464,2686976,1,0,0
2818714,2637824,1,0,0
2818964,2605056,1,0,0
2819214,2253622,1,0,0
2819464,2441216,1,0,0
2819714,2719744,1,0,0
2819964,2998272,1,0,0
2820214,2179072,1,0,0
2820464,2401670,1,0,0
2820714,2473984,1,0,0
2820964,2359296,1,0,0
2821214,2801664,1,0,0
2821464,2895164,1,0,0
2821714,3063808,1,0,0
2821964,2523136,1,0,0
2822214,2834432,1,0,0
2822464,2697767,1,0,0
2822714,2850816,1,0,0
2822964,3129344,1,0,0
2823214,2932736,1,0,0
2823464,2631967,1,0,0
2823714,2654208,1,0,0
2823964,2719744,1,0,0
2824214,2719744,1,0,0
2824464,2352321,1,0,0
2824714,2473984,1,0,0
2824964,2768896,1,0,0
2825214,2385220,1,0,0
2825464,2277376,1,0,0
2825714,2736128,1,0,0
2825963,2621440,1,0,0
2826214,2615518,1,0,0
2826464,2703360,1,0,0
2826714,2195456,1,0,0
2826964,2031616,1,0,0
2827214,2441216,1,0,0
2827464,2401670,1,0,0
2827714,2605056,1,0,0
2827964,2555904,1,0,0
2828214,2467469,1,0,0
2828464,2441216,1,0,0
2828714,2490368,1,0,0
2828964,2998272,1,0,0
2829214,2664867,1,0,0
2829464,2670592,1,0,0
2829714,2244608,1,0,0
2829964,2385220,1,0,0
2830214,2572288,1,0,0
2830464,2801664,1,0,0
2830715,2648417,1,0,0
2830964,2883584,1,0,0
2831214,2048000,1,0,0
2831464,2516819,1,0,0
2831714,2867200,1,0,0
2831964,2588672,1,0,0
2832214,2686976,1,0,0
2832464,2154923,1,0,0
2832714,2310144,1,0,0
2832964,2473984,1,0,0
2833214,2418120,1,0,0
2833464,2736128,1,0,0
2833714,2424832,1,0,0
2833964,2204273,1,0,0
2834214,2785280,1,0,0
2834464,2785280,1,0,0
2834714,2533269,1,0,0
2834964,2670592,1,0,0
2835214,2523136,1,0,0
2835464,2195456,1,0,0
2835714,2516819,1,0,0
2835964,2228224,1,0,0
2836214,2342912,1,0,0
2836464,2490368,1,0,0
2836714,2237172,1,0,0
2836964,2523136,1,0,0
2837214,2162688,1,0,0
2837464,2500369,1,0,0
2837714,2244608,1,0,0
2837964,2195456,1,0,0
2838214,2523136,1,0,0
2838464,2533269,1,0,0
2838714,2473984,1,0,0
2838964,2719744,1,0,0
2839214,2451020,1,0,0
2839464,2703360,1,0,0
2839714,2277376,1,0,0
2839964,2588672,1,0,0
2840214,2270072,1,0,0
2840464,2293760,1,0,0
2840714,2146304,1,0,0
2840964,2122024,1,0,0
2841214,1425408,1,0,0
2841464,2335871,1,0,0
2841714,2654208,1,0,0
2841964,1884160,1,0,0
2842214,2834432,1,0,0
2842464,1973975,1,0,0
2842714,2048000,1,0,0
2842964,1982464,1,0,0
2843214,2523136,1,0,0
2843464,2048000,1,0,0
2843714,2500369,1,0,0
2843964,2293760,1,0,0
2844214,2473984,1,0,0
2844464,2277376,1,0,0
2844714,2736128,1,0,0
2844964,2621440,1,0,0
2845214,2615518,1,0,0
2845464,2768896,1,0,0
2845714,2998272,1,0,0
2845964,2944514,1,0,0
2846214,2752512,1,0,0
2846464,3014656,1,0,0
2846714,2785280,1,0,0
2846964,2763566,1,0,0
2847214,2555904,1,0,0
2847464,2392064,1,0,0
2847714,2664867,1,0,0
2847964,2637824,1,0,0
2848214,2768896,1,0,0
2848464,2615518,1,0,0
2848714,2752512,1,0,0
2848964,2752512,1,0,0
2849214,2714216,1,0,0
2849464,2719744,1,0,0
2849714,2719744,1,0,0
2849964,2631967,1,0,0
2850214,2719744,1,0,0
2850464,2588672,1,0,0
2850714,2998272,1,0,0
2850964,2829365,1,0,0
2851214,2818048,1,0,0
2851464,2523136,1,0,0
2851714,2533269,1,0,0
2851964,3014656,1,0,0
2852214,2801664,1,0,0
2852464,3063808,1,0,0
2852714,2928064,1,0,0
2852964,2932736,1,0,0
2853214,2703360,1,0,0
2853464,2654208,1,0,0
2853714,2714216,1,0,0
2853964,2883584,1,0,0
2854214,2179072,1,0,0
2854464,2648417,1,0,0
2854714,2506752,1,0,0
2854964,2555904,1,0,0
2855214,2719744,1,0,0
2855464,2566168,1,0,0
2855714,2916352,1,0,0
2855964,3162112,1,0,0
2856215,2319421,1,0,0
2856464,2621440,1,0,0
2856714,2703360,1,0,0
2856964,2960963,1,0,0
2857214,2932736,1,0,0
2857464,2981888,1,0,0
2857714,2801664,1,0,0
2857964,2747116,1,0,0
2858214,2670592,1,0,0
2858464,2916352,1,0,0
2858714,2664867,1,0,0
2858964,2686976,1,0,0
2859214,2867200,1,0,0
2859464,2834432,1,0,0
2859714,2714216,1,0,0
2859964,2932736,1,0,0
2860214,2605056,1,0,0
2860464,2637824,1,0,0
2860714,2928064,1,0,0
2860964,2457600,1,0,0
2861214,2588672,1,0,0
2861464,2928064,1,0,0
2861714,2555904,1,0,0
2861964,2998272,1,0,0
2862214,2796465,1,0,0
2862464,2801664,1,0,0
2862714,2768896,1,0,0
2862964,2408448,1,0,0
2863214,3059662,1,0,0
2863464,2490368,1,0,0
2863714,2588672,1,0,0
2863964,2549718,1,0,0
2864214,2572288,1,0,0
2864464,2932736,1,0,0
2864714,2506752,1,0,0
2864964,2681317,1,0,0
2865214,2523136,1,0,0
2865464,2736128,1,0,0
2865714,2878714,1,0,0
2865964,2621440,1,0,0
2866214,2654208,1,0,0
2866464,2768896,1,0,0
2866714,2928064,1,0,0
2866964,2686976,1,0,0
2867214,2785280,1,0,0
2867464,2928064,1,0,0
2867714,2424832,1,0,0
2867964,2736128,1,0,0
2868214,3125461,1,0,0
2868464,2736128,1,0,0
2868714,2834432,1,0,0
2868964,2911614,1,0,0
2869214,2949120,1,0,0
2869464,3080192,1,0,0
2869714,2424832,1,0,0
2869964,2056224,1,0,0
2870214,2555904,1,0,0
2870464,2993863,1,0,0
2870714,2752512,1,0,0
2870964,2818048,1,0,0
2871214,2736128,1,0,0
2871464,2928064,1,0,0
2871714,2310144,1,0,0
2871964,2457600,1,0,0
2872214,2878714,1,0,0
2872464,2883584,1,0,0
2872714,2408448,1,0,0
2872964,2785280,1,0,0
2873214,3043212,1,0,0
2873464,2965504,1,0,0
2873714,3129344,1,0,0
2873964,2928064,1,0,0
2874214,2932736,1,0,0
2874464,2883584,1,0,0
2874714,2670592,1,0,0
2874964,2812915,1,0,0
2875214,2801664,1,0,0
2875464,2064384,1,0,0
2875714,2850816,1,0,0
2875964,2845815,1,0,0
2876214,2883584,1,0,0
2876464,2719744,1,0,0
2876714,2697767,1,0,0
2876964,2686976,1,0,0
2877214,2850816,1,0,0
2877464,2533269,1,0,0
2877715,2686976,1,0,0
2877964,2850816,1,0,0
2878214,2714216,1,0,0
2878464,2260992,1,0,0
2878714,2736128,1,0,0
2878964,2850816,1,0,0
2879214,2993863,1,0,0
2879464,2752512,1,0,0
2879714,2572288,1,0,0
2879964,2736128,1,0,0
2880214,2911614,1,0,0
2880464,3047424,1,0,0
2880714,2752512,1,0,0
2880964,2401670,1,0,0
2881214,2981888,1,0,0
2881464,2441216,1,0,0
2881714,2064384,1,0,0
2881964,2780016,1,0,0
2882214,2899968,1,0,0
2882464,2686976,1,0,0
2882714,2605056,1,0,0
2882964,2829365,1,0,0
2883214,2719744,1,0,0
2883464,2424832,1,0,0
2883714,2993863,1,0,0
2883964,2555904,1,0,0
2884214,2850816,1,0,0
2884464,2113536,1,0,0
2884714,2582618,1,0,0
2884964,2392064,1,0,0
2885214,2523136,1,0,0
2885464,2867200,1,0,0
2885714,2516819,1,0,0
2885964,2686976,1,0,0
2886214,2605056,1,0,0
2886464,2785280,1,0,0
2886714,2615518,1,0,0
2886964,2473984,1,0,0
2887214,3063808,1,0,0
2887464,2796465,1,0,0
2887714,2736128,1,0,0
2887964,2719744,1,0,0
2888214,2965504,1,0,0
2888464,2960963,1,0,0
2888714,2490368,1,0,0
2888964,2162688,1,0,0
2889214,2621440,1,0,0
2889464,2335871,1,0,0
2889714,2637824,1,0,0
2889964,2747116,1,0,0
2890214,2523136,1,0,0
2890464,3096576,1,0,0
2890714,2473984,1,0,0
2890964,2566168,1,0,0
2891214,2736128,1,0,0
2891464,2441216,1,0,0
2891714,2697767,1,0,0
2891964,2768896,1,0,0
2892214,2605056,1,0,0
2892464,2588672,1,0,0
2892714,2549718,1,0,0
2892964,2899968,1,0,0
2893214,3178496,1,0,0
2893464,2850816,1,0,0
2893714,2796465,1,0,0
2893964,2785280,1,0,0
2894214,2834432,1,0,0
2894464,2916352,1,0,0
2894714,2714216,1,0,0
2894964,2555904,1,0,0
2895214,2949120,1,0,0
2895464,2703360,1,0,0
2895714,2319421,1,0,0
2895964,2736128,1,0,0
2896214,2719744,1,0,0
2896464,3309568,1,0,0
2896714,2500369,1,0,0
2896964,2408448,1,0,0
2897214,2572288,1,0,0
2897464,2588672,1,0,0
2897714,2483919,1,0,0
2897964,2686976,1,0,0
2898214,2637824,1,0,0
2898464,2605056,1,0,0
2898714,2253622,1,0,0
2898964,2441216,1,0,0
2899214,2719744,1,0,0
2899464,2998272,1,0,0
2899714,2179072,1,0,0
2899964,2401670,1,0,0
2900214,2473984,1,0,0
2900464,2359296,1,0,0
2900714,2801664,1,0,0
2900964,2895164,1,0,0
2901214,3063808,1,0,0
2901464,2523136,1,0,0
2901714,2834432,1,0,0
2901964,2697767,1,0,0
2902214,2850816,1,0,0
2902464,3129344,1,0,0
2902714,2932736,1,0,0
2902964,2631967,1,0,0
2903214,2654208,1,0,0
2903464,2719744,1,0,0
2903714,2719744,1,0,0
2903964,2352321,1,0,0
2904214,2473984,1,0,0
2904464,2768896,1,0,0
2904714,2385220,1,0,0
2904964,2277376,1,0,0
2905214,2736128,1,0,0
2905464,2621440,1,0,0
2905714,2615518,1,0,0
2905964,2703360,1,0,0
2906214,2195456,1,0,0
2906464,2031616,1,0,0
2906714,2441216,1,0,0
2906964,2401670,1,0,0
2907214,2605056,1,0,0
2907464,2555904,1,0,0
2907714,2467469,1,0,0
2907964,2441216,1,0,0
2908214,2490368,1,0,0
2908464,2998272,1,0,0
2908714,2664867,1,0,0
2908964,2670592,1,0,0
2909214,2244608,1,0,0
2909465,2385220,1,0,0
2909714,2572288,1,0,0
2909964,2801664,1,0,0
2910214,2648417,1,0,0
2910464,2883584,1,0,0
2910714,2048000,1,0,0
2910964,2516819,1,0,0
2911214,2867200,1,0,0
2911464,2588672,1,0,0
2911714,2686976,1,0,0
2911964,2154923,1,0,0
2912214,2310144,1,0,0
2912464,2473984,1,0,0
2912714,2418120,1,0,0
2912964,2736128,1,0,0
2913214,2424832,1,0,0
2913464,2204273,1,0,0
2913714,2785280,1,0,0
2913964,2785280,1,0,0
2914214,2533269,1,0,0
2914464,2670592,1,0,0
2914714,2523136,1,0,0
2914964,2195456,1,0,0
2915214,2516819,1,0,0
2915464,2228224,1,0,0
2915714,2342912,1,0,0
2915964,2490368,1,0,0
2916214,2237172,1,0,0
2916464,2523136,1,0,0
2916715,2162688,1,0,0
2916964,2500369,1,0,0
2917214,2244608,1,0,0
2917464,2195456,1,0,0
2917714,2523136,1,0,0
2917964,2533269,1,0,0
2918214,2473984,1,0,0
2918464,2719744,1,0,0
2918714,2451020,1,0,0
2918964,2703360,1,0,0
2919214,2277376,1,0,0
2919464,2588672,1,0,0
2919714,2270072,1,0,0
2919964,2293760,1,0,0
2920214,2146304,1,0,0
2920464,2122024,1,0,0
2920714,1425408,1,0,0
2920964,2335871,1,0,0
2921214,2654208,1,0,0
2921464,1884160,1,0,0
2921714,2834432,1,0,0
2921964,1973975,1,0,0
2922214,2048000,1,0,0
2922464,1982464,1,0,0
2922714,2523136,1,0,0
2922964,2048000,1,0,0
2923214,2500369,1,0,0
2923464,2293760,1,0,0
2923714,2473984,1,0,0
2923964,2654208,1,0,0
2924214,2162688,1,0,0
2924464,2719744,1,0,0
2924714,2375680,1,0,0
2924964,2768896,1,0,0
2925214,2473984,1,0,0
2925464,2129920,1,0,0
2925714,2812915,1,0,0
2925964,2179072,1,0,0
2926215,2998272,1,0,0
2926464,2605056,1,0,0
2926714,2549718,1,0,0
2926964,2932736,1,0,0
2927214,2949120,1,0,0
2927464,2932736,1,0,0
2927714,2867200,1,0,0
2927964,2960963,1,0,0
2928214,3178496,1,0,0
2928464,2424832,1,0,0
2928714,3112960,1,0,0
2928964,2829365,1,0,0
2929214,2228224,1,0,0
2929464,2981888,1,0,0
2929714,2785280,1,0,0
2929964,2588672,1,0,0
2930214,2697767,1,0,0
2930464,2785280,1,0,0
2930714,2359296,1,0,0
2930964,2719744,1,0,0
2931214,2401670,1,0,0
2931464,2752512,1,0,0
2931714,2719744,1,0,0
2931964,3178496,1,0,0
2932214,2719744,1,0,0
2932464,3092562,1,0,0
2932714,3260416,1,0,0
2932964,3031040,1,0,0
2933214,2883584,1,0,0
2933464,2277376,1,0,0
2933714,2523136,1,0,0
2933964,3125461,1,0,0
2934214,2048000,1,0,0
2934464,2179072,1,0,0
2934715,2326528,1,0,0
2934965,2780016,1,0,0
2935214,2113536,1,0,0
2935464,2834432,1,0,0
2935714,3080192,1,0,0
2935964,2878714,1,0,0
2936214,2899968,1,0,0
2936464,2408448,1,0,0
2936714,2621440,1,0,0
2936964,2818048,1,0,0
2937214,2895164,1,0,0
2937464,2719744,1,0,0
2937714,3014656,1,0,0
2937964,2818048,1,0,0
2938214,2631967,1,0,0
2938464,2506752,1,0,0
2938714,2326528,1,0,0
2938964,2686976,1,0,0
2939214,2253622,1,0,0
2939465,2686976,1,0,0
2939714,2899968,1,0,0
2939964,2621440,1,0,0
2940214,2883584,1,0,0
2940464,2483919,1,0,0
2940714,2572288,1,0,0
2940964,2899968,1,0,0
2941214,2801664,1,0,0
2941464,2434570,1,0,0
2941714,2981888,1,0,0
2941964,2375680,1,0,0
2942214,2768896,1,0,0
2942464,3063808,1,0,0
2942714,2763566,1,0,0
2942964,3178496,1,0,0
2943214,2850816,1,0,0
2943464,2916352,1,0,0
2943714,3026763,1,0,0
2943964,2293760,1,0,0
2944214,2277376,1,0,0
2944464,2736128,1,0,0
2944714,2763566,1,0,0
2944964,2834432,1,0,0
2945214,2473984,1,0,0
2945464,2572288,1,0,0
2945714,2566168,1,0,0
2945964,1900544,1,0,0
2946214,1622016,1,0,0
2946464,1736704,1,0,0
2946714,2270072,1,0,0
2946964,2228224,1,0,0
2947214,1720320,1,0,0
2947464,2342912,1,0,0
2947714,2582618,1,0,0
2947964,2277376,1,0,0
2948214,2703360,1,0,0
2948464,2686976,1,0,0
2948714,2845815,1,0,0
2948964,3244032,1,0,0
2949214,2605056,1,0,0
2949464,3372208,1,0,0
2949714,3031040,1,0,0
2949964,2818048,1,0,0
2950214,2932736,1,0,0
2950464,2730666,1,0,0
2950714,2916352,1,0,0
2950964,2703360,1,0,0
2951214,2763566,1,0,0
2951464,3047424,1,0,0
2951714,1753088,1,0,0
2951964,2555904,1,0,0
2952214,1924626,1,0,0
2952464,2293760,1,0,0
2952714,1916928,1,0,0
2952964,2293760,1,0,0
2953214,2780016,1,0,0
2953464,2195456,1,0,0
2953714,2031616,1,0,0
2953964,2056224,1,0,0
2954214,2244608,1,0,0
2954464,2588672,1,0,0
2954714,2113536,1,0,0
2954964,2796465,1,0,0
2955214,2228224,1,0,0
2955464,2129920,1,0,0
2955714,2703360,1,0,0
2955965,3076112,1,0,0
2956214,2523136,1,0,0
2956464,2605056,1,0,0
2956714,2506752,1,0,0
2956964,2686976,1,0,0
2957214,2072674,1,0,0
2957464,2457600,1,0,0
2957714,2588672,1,0,0
2957964,2899968,1,0,0
2958215,2549718,1,0,0
2958464,2310144,1,0,0
2958714,2031616,1,0,0
2958964,2146304,1,0,0
2959214,2211840,1,0,0
2959464,1957526,1,0,0
2959714,2080768,1,0,0
2959964,2244608,1,0,0
2960214,2621440,1,0,0
2960464,2549718,1,0,0
2960714,2342912,1,0,0
2960964,2752512,1,0,0
2961214,2392064,1,0,0
2961464,2664867,1,0,0
2961714,2949120,1,0,0
2961964,2555904,1,0,0
2962214,2850816,1,0,0
2962464,1941076,1,0,0
2962714,2523136,1,0,0
2962964,2441216,1,0,0
2963214,3014656,1,0,0
2963464,3096576,1,0,0
2963714,2993863,1,0,0
2963964,2359296,1,0,0
2964214,2949120,1,0,0
2964464,2703360,1,0,0
2964714,2681317,1,0,0
2964964,2572288,1,0,0
2965214,2375680,1,0,0
2965465,2408448,1,0,0
2965714,2326528,1,0,0
2965964,2335871,1,0,0
2966214,2555904,1,0,0
2966464,2359296,1,0,0
2966714,2113536,1,0,0
2966964,2253622,1,0,0
2967214,1900544,1,0,0
2967464,2457600,1,0,0
2967714,2441216,1,0,0
2967964,2730666,1,0,0
2968214,2424832,1,0,0
2968464,1769472,1,0,0
2968714,2719744,1,0,0
2968964,2244608,1,0,0
2969214,1858827,1,0,0
2969464,2097152,1,0,0
2969714,2523136,1,0,0
2969964,2293760,1,0,0
2970214,2154923,1,0,0
2970464,1867776,1,0,0
2970714,2342912,1,0,0
2970964,2867200,1,0,0
2971214,2730666,1,0,0
2971464,1982464,1,0,0
2971714,1982464,1,0,0
2971964,2097152,1,0,0
2972214,2270072,1,0,0
2972464,2048000,1,0,0
2972714,1949696,1,0,0
2972964,2490368,1,0,0
2973214,2244608,1,0,0
2973464,1167935,1,0,0
2973714,1818624,1,0,0
2973964,2441216,1,0,0
2974214,1998848,1,0,0
2974464,1835008,1,0,0
2974714,2039775,1,0,0
2974964,2228224,1,0,0
2975214,2277376,1,0,0
2975464,2375680,1,0,0
2975714,2555904,1,0,0
2975964,2763566,1,0,0
2976214,1523712,1,0,0
2976464,2310144,1,0,0
2976714,2506752,1,0,0
2976964,2253622,1,0,0
2977214,2818048,1,0,0
2977464,2473984,1,0,0
2977714,2555904,1,0,0
2977964,2006875,1,0,0
2978214,2359296,1,0,0
2978464,2048000,1,0,0
2978714,2490368,1,0,0
2978964,2467469,1,0,0
2979214,2899968,1,0,0
2979464,3063808,1,0,0
2979714,2605056,1,0,0
2979964,2097152,1,0,0
2980214,2648417,1,0,0
2980464,3031040,1,0,0
2980714,2768896,1,0,0
2980964,2588672,1,0,0
2981214,2253622,1,0,0
2981464,2555904,1,0,0
2981714,2736128,1,0,0
2981964,2605056,1,0,0
2982214,2747116,1,0,0
2982464,2539520,1,0,0
2982714,2539520,1,0,0
2982964,2796465,1,0,0
2983214,2375680,1,0,0
2983464,2867200,1,0,0
2983714,2883584,1,0,0
2983964,2867200,1,0,0
2984214,2697767,1,0,0
2984464,3096576,1,0,0
2984714,2752512,1,0,0
2984964,3293184,1,0,0
2985214,2326528,1,0,0
2985464,2286522,1,0,0
2985714,2228224,1,0,0
2985964,2588672,1,0,0
2986214,2883584,1,0,0
2986464,2500369,1,0,0
2986714,1769472,1,0,0
2986964,2637824,1,0,0
2987214,2473984,1,0,0
2987464,2335871,1,0,0
2987714,2048000,1,0,0
2987964,1703936,1,0,0
2988214,2220722,1,0,0
2988464,1982464,1,0,0
2988714,2326528,1,0,0
2988964,2670592,1,0,0
2989214,2451020,1,0,0
2989464,2703360,1,0,0
2989714,2654208,1,0,0
2989964,2850816,1,0,0
2990214,3211264,1,0,0
2990464,1973975,1,0,0
2990714,2277376,1,0,0
2990964,2867200,1,0,0
2991214,2418120,1,0,0
2991464,1966080,1,0,0
2991714,1982464,1,0,0
2991964,1982464,1,0,0
2992214,2549718,1,0,0
2992464,2048000,1,0,0
2992714,2752512,1,0,0
2992964,2441216,1,0,0
2993214,1638400,1,0,0
2993465,2220722,1,0,0
2993714,3096576,1,0,0
2993964,3112960,1,0,0
2994214,2408448,1,0,0
2994464,2434570,1,0,0
2994714,2310144,1,0,0
2994964,1671168,1,0,0
2995214,2490368,1,0,0
2995464,3010313,1,0,0
2995714,2424832,1,0,0
2995964,2293760,1,0,0
2996214,2473984,1,0,0
2996464,2932736,1,0,0
2996714,2451020,1,0,0
2996964,2637824,1,0,0
2997214,1687552,1,0,0
2997464,2812915,1,0,0
2997714,1867776,1,0,0
2997964,2260992,1,0,0
2998214,2523136,1,0,0
2998464,2401670,1,0,0
2998714,2441216,1,0,0
2998964,1900544,1,0,0
2999214,2818048,1,0,0
2999464,2686976,1,0,0
2999714,2631967,1,0,0
2999964,2883584,1,0,0
3000214,2670592,1,0,0
3000464,2359296,1,0,0
3000714,2730666,1,0,0
3000964,2588672,1,0,0
3001214,2293760,1,0,0
3001464,2015232,1,0,0
3001714,1546281,1,0,0
3001964,2113536,1,0,0
3002214,2293760,1,0,0
3002464,2703360,1,0,0
3002714,2359296,1,0,0
3002964,2895164,1,0,0
3003214,2244608,1,0,0
3003464,1802240,1,0,0
3003714,1867776,1,0,0
3003964,1628530,1,0,0
3004214,1409024,1,0,0
3004464,1884160,1,0,0
3004714,2211840,1,0,0
3004964,2615518,1,0,0
3005214,1785856,1,0,0
3005464,2310144,1,0,0
3005714,2845815,1,0,0
3005964,2539520,1,0,0
3006214,2845815,1,0,0
3006464,2801664,1,0,0
3006714,3112960,1,0,0
3006964,2424832,1,0,0
3007214,1941076,1,0,0
3007464,2113536,1,0,0
3007714,2637824,1,0,0
3007964,2747116,1,0,0
3008214,3063808,1,0,0
3008464,2555904,1,0,0
3008714,2031616,1,0,0
3008964,1381783,1,0,0
3009214,2686976,1,0,0
3009464,2523136,1,0,0
3009714,2566168,1,0,0
3009964,2981888,1,0,0
3010214,2801664,1,0,0
3010464,2277376,1,0,0
3010714,2664867,1,0,0
3010964,2834432,1,0,0
3011214,2588672,1,0,0
3011464,2752512,1,0,0
3011714,2845815,1,0,0
3011964,2670592,1,0,0
3012215,2523136,1,0,0
3012464,2048000,1,0,0
3012714,2812915,1,0,0
3012964,2867200,1,0,0
3013214,2637824,1,0,0
3013464,2270072,1,0,0
3013714,2670592,1,0,0
3013964,2998272,1,0,0
3014214,2473984,1,0,0
3014464,2105574,1,0,0
3014714,2048000,1,0,0
3014964,2965504,1,0,0
3015214,2237172,1,0,0
3015464,2342912,1,0,0
3015714,2129920,1,0,0
3015964,1982464,1,0,0
3016214,2812915,1,0,0
3016464,2555904,1,0,0
3016714,2113536,1,0,0
3016965,2670592,1,0,0
3017214,2566168,1,0,0
3017464,2523136,1,0,0
3017714,2506752,1,0,0
3017964,1858827,1,0,0
3018214,2473984,1,0,0
3018464,2506752,1,0,0
3018714,2500369,1,0,0
3018964,2342912,1,0,0
3019214,2310144,1,0,0
3019464,2582618,1,0,0
3019714,2801664,1,0,0
3019964,3096576,1,0,0
3020214,2648417,1,0,0
3020464,2392064,1,0,0
3020714,2916352,1,0,0
3020964,2714216,1,0,0
3021214,2703360,1,0,0
3021464,2834432,1,0,0
3021714,2451020,1,0,0
3021964,2686976,1,0,0
3022214,3145728,1,0,0
3022464,2768896,1,0,0
3022714,1908176,1,0,0
3022964,2260992,1,0,0
3023214,2097152,1,0,0
3023464,2483919,1,0,0
3023714,2703360,1,0,0
3023964,2359296,1,0,0
3024214,2631967,1,0,0
3024464,2310144,1,0,0
3024714,2703360,1,0,0
3024964,3125461,1,0,0
3025214,2752512,1,0,0
3025464,2703360,1,0,0
3025714,2862265,1,0,0
3025964,3178496,1,0,0
3026214,2785280,1,0,0
3026464,2490368,1,0,0
3026714,2385220,1,0,0
3026964,3014656,1,0,0
3027214,2703360,1,0,0
3027464,2916352,1,0,0
3027714,2977413,1,0,0
3027964,2916352,1,0,0
3028214,2637824,1,0,0
3028464,2899968,1,0,0
3028714,2916352,1,0,0
3028964,2993863,1,0,0
3029214,2375680,1,0,0
3029464,2736128,1,0,0
3029714,2588672,1,0,0
3029964,3010313,1,0,0
3030214,2850816,1,0,0
3030464,2965504,1,0,0
3030714,3162112,1,0,0
3030965,2895164,1,0,0
3031214,2965504,1,0,0
3031464,3211264,1,0,0
3031714,2883584,1,0,0
3031964,2949120,1,0,0
3032214,2714216,1,0,0
3032464,2801664,1,0,0
3032714,2375680,1,0,0
3032964,2818048,1,0,0
3033214,2829365,1,0,0
3033464,2441216,1,0,0
3033714,2736128,1,0,0
3033964,2949120,1,0,0
3034214,3080192,1,0,0
3034464,3125461,1,0,0
3034714,3014656,1,0,0
3034964,3047424,1,0,0
3035214,2631967,1,0,0
3035464,2965504,1,0,0
3035714,2834432,1,0,0
3035964,2862265,1,0,0
3036214,2834432,1,0,0
3036464,2588672,1,0,0
3036714,3244032,1,0,0
3036964,3010313,1,0,0
3037214,3096576,1,0,0
3037464,2523136,1,0,0
3037714,2441216,1,0,0
3037964,2829365,1,0,0
3038214,2818048,1,0,0
3038464,3014656,1,0,0
3038714,2834432,1,0,0
3038964,2899968,1,0,0
3039214,2714216,1,0,0
3039464,3063808,1,0,0
3039714,2834432,1,0,0
3039964,2752512,1,0,0
3040215,2516819,1,0,0
3040464,2965504,1,0,0
3040714,2998272,1,0,0
3040964,3047424,1,0,0
3041214,2605056,1,0,0
3041464,2549718,1,0,0
3041714,2932736,1,0,0
3041964,2949120,1,0,0
3042215,2932736,1,0,0
3042464,2867200,1,0,0
3042714,2960963,1,0,0
3042964,3178496,1,0,0
3043214,2424832,1,0,0
3043464,3112960,1,0,0
3043714,2829365,1,0,0
3043964,2228224,1,0,0
3044214,2981888,1,0,0
3044464,2785280,1,0,0
3044714,2588672,1,0,0
3044964,2697767,1,0,0
3045214,2785280,1,0,0
3045464,2359296,1,0,0
3045714,2719744,1,0,0
3045964,2401670,1,0,0
3046214,2752512,1,0,0
3046464,2719744,1,0,0
3046714,3178496,1,0,0
3046964,2719744,1,0,0
3047214,3092562,1,0,0
3047464,3260416,1,0,0
3047714,3031040,1,0,0
3047964,2883584,1,0,0
3048214,2277376,1,0,0
3048464,2523136,1,0,0
3048714,3125461,1,0,0
3048964,2048000,1,0,0
3049214,2179072,1,0,0
3049465,2326528,1,0,0
3049714,2780016,1,0,0
3049964,2113536,1,0,0
3050214,2834432,1,0,0
3050464,3080192,1,0,0
3050714,2878714,1,0,0
3050964,2899968,1,0,0
3051214,2408448,1,0,0
3051464,2621440,1,0,0
3051714,2818048,1,0,0
3051964,2895164,1,0,0
3052214,2719744,1,0,0
3052464,3014656,1,0,0
3052714,2818048,1,0,0
3052964,2631967,1,0,0
3053214,2506752,1,0,0
3053464,2326528,1,0,0
3053714,2686976,1,0,0
3053964,2253622,1,0,0
3054214,2686976,1,0,0
3054464,2899968,1,0,0
3054714,2621440,1,0,0
3054964,2883584,1,0,0
3055214,2483919,1,0,0
3055464,2572288,1,0,0
3055714,2899968,1,0,0
3055964,2801664,1,0,0
3056214,2434570,1,0,0
3056464,2981888,1,0,0
3056714,2375680,1,0,0
3056964,2768896,1,0,0
3057214,3063808,1,0,0
3057464,2763566,1,0,0
3057714,3178496,1,0,0
3057964,2850816,1,0,0
3058214,2916352,1,0,0
3058464,3026763,1,0,0
3058714,2293760,1,0,0
3058964,2277376,1,0,0
3059214,2736128,1,0,0
3059464,2763566,1,0,0
3059714,2834432,1,0,0
3059964,2473984,1,0,0
3060214,2572288,1,0,0
3060464,2566168,1,0,0
3060714,1900544,1,0,0
3060964,1622016,1,0,0
3061214,1736704,1,0,0
3061464,2270072,1,0,0
3061714,2228224,1,0,0
3061964,1720320,1,0,0
3062214,2342912,1,0,0
3062464,2582618,1,0,0
3062714,2277376,1,0,0
3062964,2703360,1,0,0
3063214,2686976,1,0,0
3063464,2845815,1,0,0
3063714,3244032,1,0,0
3063964,2605056,1,0,0
3064214,3372208,1,0,0
3064464,3031040,1,0,0
3064714,2818048,1,0,0
3064964,2932736,1,0,0
3065214,2730666,1,0,0
3065464,2916352,1,0,0
3065714,2703360,1,0,0
3065964,2763566,1,0,0
3066214,3047424,1,0,0
3066464,3014656,1,0,0
3066714,2270072,1,0,0
3066964,2670592,1,0,0
3067214,2588672,1,0,0
3067464,3109012,1,0,0
3067714,3063808,1,0,0
3067964,2473984,1,0,0
3068214,2375680,1,0,0
3068464,2664867,1,0,0
3068714,2228224,1,0,0
3068964,2260992,1,0,0
3069214,2928064,1,0,0
3069464,2637824,1,0,0
3069714,2703360,1,0,0
3069964,2768896,1,0,0
3070214,2368771,1,0,0
3070464,2064384,1,0,0
3070714,2375680,1,0,0
3070964,2588672,1,0,0
3071214,1949696,1,0,0
3071464,2483919,1,0,0
3071714,2818048,1,0,0
3071964,2588672,1,0,0
3072214,2539520,1,0,0
3072464,2981888,1,0,0
3072714,2703360,1,0,0
3072964,2850816,1,0,0
3073214,2555904,1,0,0
3073464,2883584,1,0,0
3073714,2965504,1,0,0
3073964,2599068,1,0,0
3074214,2736128,1,0,0
3074464,2572288,1,0,0
3074714,2899968,1,0,0
3074964,2670592,1,0,0
3075214,3096576,1,0,0
3075464,2582618,1,0,0
3075714,2162688,1,0,0
3075964,2818048,1,0,0
3076214,2801664,1,0,0
3076464,2780016,1,0,0
3076714,2572288,1,0,0
3076964,2588672,1,0,0
3077214,2768896,1,0,0
3077464,2664867,1,0,0
3077714,2899968,1,0,0
3077964,2736128,1,0,0
3078214,2714216,1,0,0
3078464,2834432,1,0,0
3078714,2768896,1,0,0
3078964,2654208,1,0,0
3079214,2916352,1,0,0
3079464,2631967,1,0,0
3079714,2867200,1,0,0
3079964,2621440,1,0,0
3080214,2146304,1,0,0
3080464,2714216,1,0,0
3080714,2211840,1,0,0
3080964,2228224,1,0,0
3081214,1891726,1,0,0
3081464,2375680,1,0,0
3081714,1720320,1,0,0
3081964,1327104,1,0,0
3082214,2056224,1,0,0
3082464,2129920,1,0,0
3082714,2228224,1,0,0
3082964,2523136,1,0,0
3083214,2342912,1,0,0
3083464,2747116,1,0,0
3083714,2506752,1,0,0
3083964,2080768,1,0,0
3084214,2539520,1,0,0
3084464,2237172,1,0,0
3084714,2244608,1,0,0
3084964,2031616,1,0,0
3085214,2670592,1,0,0
3085464,2747116,1,0,0
3085714,2670592,1,0,0
3085964,2392064,1,0,0
3086214,2228224,1,0,0
3086464,1736704,1,0,0
3086714,2714216,1,0,0
3086964,2392064,1,0,0
3087214,2146304,1,0,0
3087464,1982464,1,0,0
3087714,2237172,1,0,0
3087964,2031616,1,0,0
3088214,2326528,1,0,0
3088464,2506752,1,0,0
3088714,2187823,1,0,0
3088964,1900544,1,0,0
3089214,1769472,1,0,0
3089464,1343488,1,0,0
3089714,1743678,1,0,0
3089964,2195456,1,0,0
3090215,2195456,1,0,0
3090464,2244608,1,0,0
3090714,2539520,1,0,0
3090964,2286522,1,0,0
3091214,1933312,1,0,0
3091464,2048000,1,0,0
3091714,1949696,1,0,0
3091964,2286522,1,0,0
3092214,1884160,1,0,0
3092464,2473984,1,0,0
3092714,2129920,1,0,0
3092964,2506752,1,0,0
3093214,2451020,1,0,0
3093464,2326528,1,0,0
3093714,2572288,1,0,0
3093964,2506752,1,0,0
3094214,2179072,1,0,0
3094464,1941076,1,0,0
3094715,2244608,1,0,0
3094964,2834432,1,0,0
3095214,2392064,1,0,0
3095464,3043212,1,0,0
3095714,2965504,1,0,0
3095964,2801664,1,0,0
3096214,2648417,1,0,0
3096464,2310144,1,0,0
3096714,2670592,1,0,0
3096964,2631967,1,0,0
3097214,2162688,1,0,0
3097464,2244608,1,0,0
3097714,3129344,1,0,0
3097964,2801664,1,0,0
3098214,2631967,1,0,0
3098464,2621440,1,0,0
3098714,3129344,1,0,0
3098964,2549718,1,0,0
3099214,2572288,1,0,0
3099464,3096576,1,0,0
3099714,2686976,1,0,0
3099964,2747116,1,0,0
3100214,2801664,1,0,0
3100464,3112960,1,0,0
3100714,2845815,1,0,0
3100964,2703360,1,0,0
3101214,2981888,1,0,0
3101464,2697767,1,0,0
3101714,2752512,1,0,0
3101964,2621440,1,0,0
3102214,2768896,1,0,0
3102464,2451020,1,0,0
3102714,2768896,1,0,0
3102964,2998272,1,0,0
3103214,2944514,1,0,0
3103464,2752512,1,0,0
3103714,3014656,1,0,0
3103964,2785280,1,0,0
3104214,2763566,1,0,0
3104464,2555904,1,0,0
3104714,2392064,1,0,0
3104964,2664867,1,0,0
3105214,2637824,1,0,0
3105464,2768896,1,0,0
3105714,2615518,1,0,0
3105964,2752512,1,0,0
3106214,2752512,1,0,0
3106464,2714216,1,0,0
3106714,2719744,1,0,0
3106964,2719744,1,0,0
3107214,2631967,1,0,0
3107464,2719744,1,0,0
3107714,2588672,1,0,0
3107964,2998272,1,0,0
3108214,2829365,1,0,0
3108464,2818048,1,0,0
3108714,2523136,1,0,0
3108964,2533269,1,0,0
3109214,3014656,1,0,0
3109464,2801664,1,0,0
3109714,3063808,1,0,0
3109964,2928064,1,0,0
3110214,2932736,1,0,0
3110464,2703360,1,0,0
3110714,2654208,1,0,0
3110964,2714216,1,0,0
3111215,2883584,1,0,0
3111464,2179072,1,0,0
3111714,2648417,1,0,0
3111964,2506752,1,0,0
3112214,2555904,1,0,0
3112464,2719744,1,0,0
3112714,2566168,1,0,0
3112964,2916352,1,0,0
3113214,3162112,1,0,0
3113464,2319421,1,0,0
3113714,2621440,1,0,0
3113964,2703360,1,0,0
3114214,2960963,1,0,0
3114464,2932736,1,0,0
3114714,2981888,1,0,0
3114964,2801664,1,0,0
3115214,2747116,1,0,0
3115464,2670592,1,0,0
3115714,2916352,1,0,0
3115965,2664867,1,0,0
3116214,2686976,1,0,0
3116464,2867200,1,0,0
3116714,2834432,1,0,0
3116964,2714216,1,0,0
3117214,2932736,1,0,0
3117464,2605056,1,0,0
3117714,2637824,1,0,0
3117964,2928064,1,0,0
3118214,2457600,1,0,0
3118464,2588672,1,0,0
3118714,2928064,1,0,0
3118964,2555904,1,0,0
3119214,2998272,1,0,0
3119464,2796465,1,0,0
3119714,2801664,1,0,0
3119964,2768896,1,0,0
3120214,2408448,1,0,0
3120464,3059662,1,0,0
3120715,2490368,1,0,0
3120964,2588672,1,0,0
3121214,2549718,1,0,0
3121464,2572288,1,0,0
3121714,2932736,1,0,0
3121964,2506752,1,0,0
3122214,2681317,1,0,0
3122464,2523136,1,0,0
3122714,2736128,1,0,0
3122964,2878714,1,0,0
3123214,2621440,1,0,0
3123464,2654208,1,0,0
3123714,2768896,1,0,0
3123964,2928064,1,0,0
3124214,2686976,1,0,0
3124464,2785280,1,0,0
3124714,2928064,1,0,0
3124964,2424832,1,0,0
3125214,2736128,1,0,0
3125464,3125461,1,0,0
3125714,2736128,1,0,0
3125964,2834432,1,0,0
3126214,2911614,1,0,0
3126464,2949120,1,0,0
3126714,3080192,1,0,0
3126964,2424832,1,0,0
3127214,2056224,1,0,0
3127464,2555904,1,0,0
3127714,2993863,1,0,0
3127964,2752512,1,0,0
3128214,2818048,1,0,0
3128464,2736128,1,0,0
3128714,2928064,1,0,0
3128964,2310144,1,0,0
3129214,2457600,1,0,0
3129464,2878714,1,0,0
3129714,2883584,1,0,0
3129964,2408448,1,0,0
3130214,2785280,1,0,0
3130464,3043212,1,0,0
3130714,2965504,1,0,0
3130964,3129344,1,0,0
3131214,2928064,1,0,0
3131464,2932736,1,0,0
3131715,2883584,1,0,0
3131964,2670592,1,0,0
3132214,2812915,1,0,0
3132464,2801664,1,0,0
3132714,2064384,1,0,0
3132964,2850816,1,0,0
3133214,2845815,1,0,0
3133464,2883584,1,0,0
3133714,2719744,1,0,0
3133964,2697767,1,0,0
3134214,2686976,1,0,0
3134464,2850816,1,0,0
3134714,2533269,1,0,0
3134964,2686976,1,0,0
3135214,2850816,1,0,0
3135464,2714216,1,0,0
3135714,2260992,1,0,0
3135964,2736128,1,0,0
3136214,2850816,1,0,0
3136464,2993863,1,0,0
3136714,2752512,1,0,0
3136964,2572288,1,0,0
3137214,2736128,1,0,0
3137464,2911614,1,0,0
3137714,3047424,1,0,0
3137964,2752512,1,0,0
3138214,2401670,1,0,0
3138464,2981888,1,0,0
3138714,2441216,1,0,0
3138964,2064384,1,0,0
3139214,2780016,1,0,0
3139464,2899968,1,0,0
3139714,2686976,1,0,0
3139964,2605056,1,0,0
3140214,2829365,1,0,0
3140464,2719744,1,0,0
3140715,2424832,1,0,0
3140964,2993863,1,0,0
3141214,2555904,1,0,0
3141464,2850816,1,0,0
3141714,2113536,1,0,0
3141964,2582618,1,0,0
3142214,2392064,1,0,0
3142464,2523136,1,0,0
3142714,2867200,1,0,0
3142964,2516819,1,0,0
3143214,2686976,1,0,0
3143464,2605056,1,0,0
3143714,2785280,1,0,0
3143964,2615518,1,0,0
3144214,2473984,1,0,0
3144464,3063808,1,0,0
3144714,2796465,1,0,0
3144964,2736128,1,0,0
3145214,2719744,1,0,0
3145464,2965504,1,0,0
3145714,2960963,1,0,0
3145964,2490368,1,0,0
3146214,2162688,1,0,0
3146464,2621440,1,0,0
3146714,2335871,1,0,0
3146964,2637824,1,0,0
3147214,2747116,1,0,0
3147464,2523136,1,0,0
3147714,3096576,1,0,0
3147964,2473984,1,0,0
3148214,2566168,1,0,0
3148464,2736128,1,0,0
3148714,2441216,1,0,0
3148964,2697767,1,0,0
3149214,2768896,1,0,0
3149464,2605056,1,0,0
3149714,2588672,1,0,0
3149964,2549718,1,0,0
3150214,2899968,1,0,0
3150464,3178496,1,0,0
3150714,2850816,1,0,0
3150964,2796465,1,0,0
3151214,2785280,1,0,0
3151464,2834432,1,0,0
3151714,2916352,1,0,0
3151964,2714216,1,0,0
3152214,2555904,1,0,0
3152464,2949120,1,0,0
3152714,2703360,1,0,0
3152964,2319421,1,0,0
3153214,2736128,1,0,0
3153464,2719744,1,0,0
3153714,3309568,1,0,0
3153964,2500369,1,0,0
3154214,2408448,1,0,0
3154464,2572288,1,0,0
3154714,2615518,1,0,0
3154964,2654208,1,0,0
3155214,2555904,1,0,0
3155464,2637824,1,0,0
3155714,2664867,1,0,0
3155964,2621440,1,0,0
3156214,2916352,1,0,0
3156464,2154923,1,0,0
3156715,3063808,1,0,0
3156964,2686976,1,0,0
3157214,2539520,1,0,0
3157464,2763566,1,0,0
3157714,2572288,1,0,0
3157964,2801664,1,0,0
3158214,2664867,1,0,0
3158464,2441216,1,0,0
3158714,2949120,1,0,0
3158964,2588672,1,0,0
3159214,2747116,1,0,0
3159464,2719744,1,0,0
3159714,2375680,1,0,0
3159964,2654208,1,0,0
3160214,2451020,1,0,0
3160464,2441216,1,0,0
3160714,2654208,1,0,0
3160964,2368771,1,0,0
3161215,2195456,1,0,0
3161464,2965504,1,0,0
3161714,2359296,1,0,0
3161964,2599068,1,0,0
3162214,2818048,1,0,0
3162464,2572288,1,0,0
3162714,2862265,1,0,0
3162964,2949120,1,0,0
3163214,2654208,1,0,0
3163464,2648417,1,0,0
3163714,2539520,1,0,0
3163964,1982464,1,0,0
3164214,2523136,1,0,0
3164464,2451020,1,0,0
3164714,2064384,1,0,0
3164964,3063808,1,0,0
3165214,2270072,1,0,0
3165464,2211840,1,0,0
3165714,2916352,1,0,0
3165963,2277376,1,0,0
3166214,1677879,1,0,0
3166464,1916928,1,0,0
3166714,2359296,1,0,0
3166964,1941076,1,0,0
3167214,1802240,1,0,0
3167464,2588672,1,0,0
3167714,2582618,1,0,0
3167964,2539520,1,0,0
3168214,2424832,1,0,0
3168464,2473984,1,0,0
3168714,2796465,1,0,0
3168964,2342912,1,0,0
3169214,2588672,1,0,0
3169464,2146304,1,0,0
3169714,2714216,1,0,0
3169964,2719744,1,0,0
3170214,2916352,1,0,0
3170464,2664867,1,0,0
3170714,2768896,1,0,0
3170964,2244608,1,0,0
3171214,2703360,1,0,0
3171464,2834432,1,0,0
3171714,2500369,1,0,0
3171964,2605056,1,0,0
3172214,3031040,1,0,0
3172464,3063808,1,0,0
3172714,2697767,1,0,0
3172964,2424832,1,0,0
3173214,2342912,1,0,0
3173464,2697767,1,0,0
3173714,3014656,1,0,0
3173964,2686976,1,0,0
3174214,2949120,1,0,0
3174464,3026763,1,0,0
3174714,2588672,1,0,0
3174964,2883584,1,0,0
3175214,2780016,1,0,0
3175464,2981888,1,0,0
3175714,2424832,1,0,0
3175964,2359296,1,0,0
3176214,2911614,1,0,0
3176464,2686976,1,0,0
3176714,2605056,1,0,0
3176964,2818048,1,0,0
3177214,2648417,1,0,0
3177464,2719744,1,0,0
3177715,2342912,1,0,0
3177964,2664867,1,0,0
3178214,2359296,1,0,0
3178464,2097152,1,0,0
3178714,2506752,1,0,0
3178964,2714216,1,0,0
3179214,1933312,1,0,0
3179464,1818624,1,0,0
3179714,2451020,1,0,0
3179964,2375680,1,0,0
3180214,2342912,1,0,0
3180464,2253622,1,0,0
3180714,2064384,1,0,0
3180964,2670592,1,0,0
3181214,2424832,1,0,0
3181464,2780016,1,0,0
3181714,2441216,1,0,0
3181964,2506752,1,0,0
3182214,2681317,1,0,0
3182464,2523136,1,0,0
3182714,2736128,1,0,0
3182964,2878714,1,0,0
3183214,2621440,1,0,0
3183464,2654208,1,0,0
3183714,2768896,1,0,0
3183964,2928064,1,0,0
3184214,2686976,1,0,0
3184464,2785280,1,0,0
3184714,2928064,1,0,0
3184964,2424832,1,0,0
3185214,2736128,1,0,0
3185464,3125461,1,0,0
3185714,2736128,1,0,0
3185964,2834432,1,0,0
3186214,2911614,1,0,0
3186464,2949120,1,0,0
3186714,3080192,1,0,0
3186964,2424832,1,0,0
3187215,2056224,1,0,0
3187464,2555904,1,0,0
3187714,2993863,1,0,0
3187964,2752512,1,0,0
3188214,2818048,1,0,0
3188464,2736128,1,0,0
3188714,2928064,1,0,0
3188964,2310144,1,0,0
3189214,2457600,1,0,0
3189464,2878714,1,0,0
3189714,2883584,1,0,0
3189964,2408448,1,0,0
3190214,2785280,1,0,0
3190464,3043212,1,0,0
3190714,2965504,1,0,0
3190964,3129344,1,0,0
3191214,2928064,1,0,0
3191464,2932736,1,0,0
3191714,2883584,1,0,0
3191964,2670592,1,0,0
3192214,2812915,1,0,0
3192464,2801664,1,0,0
3192714,2064384,1,0,0
3192964,2850816,1,0,0
3193214,2845815,1,0,0
3193464,2883584,1,0,0
3193714,2719744,1,0,0
3193964,2697767,1,0,0
3194215,2686976,1,0,0
3194464,2850816,1,0,0
3194714,2533269,1,0,0
3194964,2686976,1,0,0
3195214,2850816,1,0,0
3195464,2714216,1,0,0
3195714,2260992,1,0,0
3195964,2736128,1,0,0
3196214,2850816,1,0,0
3196464,2993863,1,0,0
3196714,2752512,1,0,0
3196964,2572288,1,0,0
3197214,2736128,1,0,0
3197464,2911614,1,0,0
3197714,3047424,1,0,0
3197964,2752512,1,0,0
3198214,2401670,1,0,0
3198464,2981888,1,0,0
3198714,2441216,1,0,0
3198964,2064384,1,0,0
3199214,2780016,1,0,0
3199464,2899968,1,0,0
3199714,2686976,1,0,0
3199964,2605056,1,0,0
3200214,2829365,1,0,0
3200464,2719744,1,0,0
3200714,2424832,1,0,0
3200964,2993863,1,0,0
3201214,2555904,1,0,0
3201464,2850816,1,0,0
3201714,2113536,1,0,0
3201964,2582618,1,0,0
3202214,2392064,1,0,0
3202464,2523136,1,0,0
3202714,2867200,1,0,0
3202964,2516819,1,0,0
3203214,2686976,1,0,0
3203464,2605056,1,0,0
3203714,2785280,1,0,0
3203964,2615518,1,0,0
3204214,2473984,1,0,0
3204464,3063808,1,0,0
3204714,2796465,1,0,0
3204964,2736128,1,0,0
3205214,2719744,1,0,0
3205464,2965504,1,0,0
3205714,2960963,1,0,0
3205964,2490368,1,0,0
3206214,2162688,1,0,0
3206464,2621440,1,0,0
3206714,2335871,1,0,0
3206964,2637824,1,0,0
3207214,2747116,1,0,0
3207464,2523136,1,0,0
3207714,3096576,1,0,0
3207964,2473984,1,0,0
3208214,2566168,1,0,0
3208464,2736128,1,0,0
3208714,2441216,1,0,0
3208964,2697767,1,0,0
3209214,2768896,1,0,0
3209464,2605056,1,0,0
3209714,2588672,1,0,0
3209964,2549718,1,0,0
3210214,2899968,1,0,0
3210464,3178496,1,0,0
3210713,2850816,1,0,0
3210964,2796465,1,0,0
3211214,2785280,1,0,0
3211464,2834432,1,0,0
3211714,2916352,1,0,0
3211964,2714216,1,0,0
3212214,2555904,1,0,0
3212464,2949120,1,0,0
3212714,2703360,1,0,0
3212964,2319421,1,0,0
3213214,2736128,1,0,0
3213464,2719744,1,0,0
3213714,3309568,1,0,0
3213964,2500369,1,0,0
3214214,2408448,1,0,0
3214464,2572288,1,0,0
3214714,2615518,1,0,0
3214964,2654208,1,0,0
3215215,2555904,1,0,0
3215464,2637824,1,0,0
3215714,2664867,1,0,0
3215964,2621440,1,0,0
3216214,2916352,1,0,0
3216464,2154923,1,0,0
3216714,3063808,1,0,0
3216964,2686976,1,0,0
3217214,2539520,1,0,0
3217464,2763566,1,0,0
3217714,2572288,1,0,0
3217964,2801664,1,0,0
3218214,2664867,1,0,0
3218464,2441216,1,0,0
3218714,2949120,1,0,0
3218964,2588672,1,0,0
3219214,2747116,1,0,0
3219464,2719744,1,0,0
3219715,2375680,1,0,0
3219964,2654208,1,0,0
3220214,2451020,1,0,0
3220464,2441216,1,0,0
3220714,2654208,1,0,0
3220964,2368771,1,0,0
3221214,2195456,1,0,0
3221464,2965504,1,0,0
3221715,2359296,1,0,0
3221964,2599068,1,0,0
3222214,2818048,1,0,0
3222464,2572288,1,0,0
3222714,2862265,1,0,0
3222964,2949120,1,0,0
3223214,2654208,1,0,0
3223464,2648417,1,0,0
3223714,2539520,1,0,0
3223963,1982464,1,0,0
3224214,2523136,1,0,0
3224464,2451020,1,0,0
3224714,2064384,1,0,0
3224964,3063808,1,0,0
3225214,2270072,1,0,0
3225464,2211840,1,0,0
3225714,2916352,1,0,0
3225964,2277376,1,0,0
3226214,1677879,1,0,0
3226464,1916928,1,0,0
3226714,2359296,1,0,0
3226964,1941076,1,0,0
3227214,1802240,1,0,0
3227464,2588672,1,0,0
3227714,2582618,1,0,0
3227964,2539520,1,0,0
3228214,2424832,1,0,0
3228464,2473984,1,0,0
3228714,2796465,1,0,0
3228964,2342912,1,0,0
3229214,2588672,1,0,0
3229464,2146304,1,0,0
3229714,2714216,1,0,0
3229964,2719744,1,0,0
3230214,2916352,1,0,0
3230464,2664867,1,0,0
3230714,2768896,1,0,0
3230964,2244608,1,0,0
3231214,2703360,1,0,0
3231464,2834432,1,0,0
3231714,2500369,1,0,0
3231964,2605056,1,0,0
3232214,3031040,1,0,0
3232464,3063808,1,0,0
3232714,2697767,1,0,0
3232964,2424832,1,0,0
3233214,2342912,1,0,0
3233464,2697767,1,0,0
3233714,3014656,1,0,0
3233964,2686976,1,0,0
3234214,2949120,1,0,0
3234464,3026763,1,0,0
3234714,2588672,1,0,0
3234964,2883584,1,0,0
3235214,2780016,1,0,0
3235464,2981888,1,0,0
3235714,2424832,1,0,0
3235964,2359296,1,0,0
3236214,2911614,1,0,0
3236464,2686976,1,0,0
3236714,2605056,1,0,0
3236964,2818048,1,0,0
3237214,2648417,1,0,0
3237464,2719744,1,0,0
3237714,2342912,1,0,0
3237964,2664867,1,0,0
3238214,2359296,1,0,0
3238464,2097152,1,0,0
3238714,2506752,1,0,0
3238964,2714216,1,0,0
3239214,1933312,1,0,0
3239464,1818624,1,0,0
3239714,2451020,1,0,0
3239964,2375680,1,0,0
3240214,2342912,1,0,0
3240464,2253622,1,0,0
3240714,2064384,1,0,0
3240964,2670592,1,0,0
3241214,2424832,1,0,0
3241464,2780016,1,0,0
3241714,2631967,1,0,0
3241964,1982464,1,0,0
3242214,2555904,1,0,0
3242464,2392064,1,0,0
3242714,2244608,1,0,0
3242964,2483919,1,0,0
3243214,2473984,1,0,0
3243464,2424832,1,0,0
3243714,2621440,1,0,0
3243964,2418120,1,0,0
3244214,2801664,1,0,0
3244464,2473984,1,0,0
3244714,2408448,1,0,0
3244964,2392064,1,0,0
3245214,2319421,1,0,0
3245464,2031616,1,0,0
3245714,1949696,1,0,0
3245964,2146304,1,0,0
3246214,2302971,1,0,0
3246464,1933312,1,0,0
3246714,2195456,1,0,0
3246964,1743678,1,0,0
3247214,2867200,1,0,0
3247464,2015232,1,0,0
3247714,2686976,1,0,0
3247964,2451020,1,0,0
3248214,2637824,1,0,0
3248464,2441216,1,0,0
3248714,2523136,1,0,0
3248964,2812915,1,0,0
3249214,2621440,1,0,0
3249464,2523136,1,0,0
3249714,2867200,1,0,0
3249964,2539520,1,0,0
3250214,2072674,1,0,0
3250464,2703360,1,0,0
3250714,1605632,1,0,0
3250964,2080768,1,0,0
3251214,2960963,1,0,0
3251464,3063808,1,0,0
3251714,2146304,1,0,0
3251964,2457600,1,0,0
3252215,2785280,1,0,0
3252464,2812915,1,0,0
3252714,2392064,1,0,0
3252964,3047424,1,0,0
3253214,2549718,1,0,0
3253464,1638400,1,0,0
3253714,2162688,1,0,0
3253964,2211840,1,0,0
3254214,2113536,1,0,0
3254464,1825927,1,0,0
3254714,2162688,1,0,0
3254964,2162688,1,0,0
3255214,2451020,1,0,0
3255464,2523136,1,0,0
3255714,2621440,1,0,0
3255964,2648417,1,0,0
3256214,2719744,1,0,0
3256464,2555904,1,0,0
3256714,2424832,1,0,0
3256964,2796465,1,0,0
3257214,2654208,1,0,0
3257464,2621440,1,0,0
3257714,2434570,1,0,0
3257964,2015232,1,0,0
3258214,2326528,1,0,0
3258464,2686976,1,0,0
3258714,2434570,1,0,0
3258964,2326528,1,0,0
3259214,2621440,1,0,0
3259464,2441216,1,0,0
3259714,2686976,1,0,0
3259964,2401670,1,0,0
3260214,2342912,1,0,0
3260464,1556480,1,0,0
3260714,1785856,1,0,0
3260964,2352321,1,0,0
3261214,2277376,1,0,0
3261464,2686976,1,0,0
3261714,2228224,1,0,0
3261964,2763566,1,0,0
3262214,2555904,1,0,0
3262464,2916352,1,0,0
3262714,2441216,1,0,0
3262964,2056224,1,0,0
3263214,2752512,1,0,0
3263464,2785280,1,0,0
3263714,2621440,1,0,0
3263964,2681317,1,0,0
3264214,2408448,1,0,0
3264464,2703360,1,0,0
3264714,2588672,1,0,0
3264964,2549718,1,0,0
3265214,2965504,1,0,0
3265464,1769472,1,0,0
3265714,1949696,1,0,0
3265965,2072674,1,0,0
3266214,1966080,1,0,0
3266464,2048000,1,0,0
3266714,2260992,1,0,0
3266964,2681317,1,0,0
3267214,2195456,1,0,0
3267464,2342912,1,0,0
3267714,2244608,1,0,0
3267964,2146304,1,0,0
3268214,1743678,1,0,0
3268464,1638400,1,0,0
3268714,2146304,1,0,0
3268964,2375680,1,0,0
3269214,2648417,1,0,0
3269464,2326528,1,0,0
3269714,2523136,1,0,0
3269964,1677879,1,0,0
3270214,2162688,1,0,0
3270464,1785856,1,0,0
3270714,1867776,1,0,0
3270964,1294336,1,0,0
3271214,2023325,1,0,0
3271464,1736704,1,0,0
3271714,1884160,1,0,0
3271964,2588672,1,0,0
3272214,1480481,1,0,0
3272464,2441216,1,0,0
3272714,2424832,1,0,0
3272964,2326528,1,0,0
3273215,2277376,1,0,0
3273464,1540096,1,0,0
3273714,1966080,1,0,0
3273964,2506752,1,0,0
3274214,2048000,1,0,0
3274464,2097152,1,0,0
3274714,2335871,1,0,0
3274964,2244608,1,0,0
3275214,2818048,1,0,0
3275464,2686976,1,0,0
3275714,3096576,1,0,0
3275964,2080768,1,0,0
3276214,2195456,1,0,0
3276464,2244608,1,0,0
3276714,2473984,1,0,0
3276964,1966080,1,0,0
3277214,2253622,1,0,0
3277464,2703360,1,0,0
3277714,2080768,1,0,0
3277964,1294336,1,0,0
3278214,2260992,1,0,0
3278464,2244608,1,0,0
3278714,1490944,1,0,0
3278964,999424,1,0,0
3279214,2113536,1,0,0
3279464,2031616,1,0,0
3279714,2812915,1,0,0
3279964,2588672,1,0,0
3280214,2408448,1,0,0
3280465,2424832,1,0,0
3280714,1966080,1,0,0
3280964,1933312,1,0,0
3281214,2539520,1,0,0
3281464,884736,1,0,0
3281714,1605632,1,0,0
3281964,2039775,1,0,0
3282214,1736704,1,0,0
3282464,2228224,1,0,0
3282714,2441216,1,0,0
3282964,2113536,1,0,0
3283214,2211840,1,0,0
3283464,2293760,1,0,0
3283714,2605056,1,0,0
3283964,2080768,1,0,0
3284214,2621440,1,0,0
3284464,1973975,1,0,0
3284714,1900544,1,0,0
3284964,2097152,1,0,0
3285214,2113536,1,0,0
3285464,1654784,1,0,0
3285714,1982464,1,0,0
3285964,1851392,1,0,0
3286214,2277376,1,0,0
3286464,2375680,1,0,0
3286714,2089124,1,0,0
3286964,2523136,1,0,0
3287214,2473984,1,0,0
3287464,2342912,1,0,0
3287714,2277376,1,0,0
3287964,2736128,1,0,0
3288214,2637824,1,0,0
3288464,2637824,1,0,0
3288714,2621440,1,0,0
3288964,2490368,1,0,0
3289214,2960963,1,0,0
3289464,2637824,1,0,0
3289714,2342912,1,0,0
3289964,1736704,1,0,0
3290214,1933312,1,0,0
3290464,2637824,1,0,0
3290714,2424832,1,0,0
3290964,2408448,1,0,0
3291214,2539520,1,0,0
3291464,2408448,1,0,0
3291714,1891726,1,0,0
3291964,2277376,1,0,0
3292214,2686976,1,0,0
3292464,2080768,1,0,0
3292714,2375680,1,0,0
3292964,1458176,1,0,0
3293214,2015232,1,0,0
3293464,1998848,1,0,0
3293714,2473984,1,0,0
3293964,2654208,1,0,0
3294214,2928064,1,0,0
3294464,2539520,1,0,0
3294714,2932736,1,0,0
3294964,2605056,1,0,0
3295214,2916352,1,0,0
3295464,2293760,1,0,0
3295714,2244608,1,0,0
3295964,2785280,1,0,0
3296214,2949120,1,0,0
3296464,2850816,1,0,0
3296714,2516819,1,0,0
3296964,2736128,1,0,0
3297214,2965504,1,0,0
3297464,2588672,1,0,0
3297714,2473984,1,0,0
3297964,2523136,1,0,0
3298214,1933312,1,0,0
3298464,2752512,1,0,0
3298714,2605056,1,0,0
3298964,2566168,1,0,0
3299214,2850816,1,0,0
3299464,2260992,1,0,0
3299714,2424832,1,0,0
3299964,2850816,1,0,0
3300214,3014656,1,0,0
3300464,2801664,1,0,0
3300714,2998272,1,0,0
3300964,2818048,1,0,0
3301214,2730666,1,0,0
3301464,2277376,1,0,0
3301714,2834432,1,0,0
3301964,2670592,1,0,0
3302214,2752512,1,0,0
3302464,2785280,1,0,0
3302714,2441216,1,0,0
3302964,2621440,1,0,0
3303214,1720320,1,0,0
3303464,2736128,1,0,0
3303714,2302971,1,0,0
3303964,2424832,1,0,0
3304214,2211840,1,0,0
3304464,2555904,1,0,0
3304714,2736128,1,0,0
3304964,2244608,1,0,0
3305214,2146304,1,0,0
3305464,2048000,1,0,0
3305714,2965504,1,0,0
3305964,2048000,1,0,0
3306214,1743678,1,0,0
3306464,2621440,1,0,0
3306714,2719744,1,0,0
3306964,1835008,1,0,0
3307214,2588672,1,0,0
3307464,2588672,1,0,0
3307714,1851392,1,0,0
3307964,1884160,1,0,0
3308214,2588672,1,0,0
3308465,2171373,1,0,0
3308714,2048000,1,0,0
3308964,2342912,1,0,0
3309214,1851392,1,0,0
3309464,2310144,1,0,0
3309714,2015232,1,0,0
3309964,2211840,1,0,0
3310214,2408448,1,0,0
3310464,1884160,1,0,0
3310714,1867776,1,0,0
3310964,2220722,1,0,0
3311214,1802240,1,0,0
3311464,1523712,1,0,0
3311714,2555904,1,0,0
3311964,2162688,1,0,0
3312214,2277376,1,0,0
3312464,2310144,1,0,0
3312714,2064384,1,0,0
3312964,2359296,1,0,0
3313214,1835008,1,0,0
3313464,2122024,1,0,0
3313714,2654208,1,0,0
3313964,2605056,1,0,0
3314214,2686976,1,0,0
3314464,2146304,1,0,0
3314714,2342912,1,0,0
3314964,2293760,1,0,0
3315214,2375680,1,0,0
3315464,2195456,1,0,0
3315714,2113536,1,0,0
3315964,2031616,1,0,0
3316214,2138473,1,0,0
3316464,1654784,1,0,0
3316714,2637824,1,0,0
3316964,2260992,1,0,0
3317214,1589248,1,0,0
3317464,1605632,1,0,0
3317714,2162688,1,0,0
3317964,2293760,1,0,0
3318214,2146304,1,0,0
3318464,2385220,1,0,0
3318714,2162688,1,0,0
3318964,2359296,1,0,0
3319214,2572288,1,0,0
3319464,2359296,1,0,0
3319714,2179072,1,0,0
3319964,2375680,1,0,0
3320214,2342912,1,0,0
3320464,2359296,1,0,0
3320714,2572288,1,0,0
3320964,2451020,1,0,0
3321214,2965504,1,0,0
3321464,2818048,1,0,0
3321714,2686976,1,0,0
3321964,2490368,1,0,0
3322214,2539520,1,0,0
3322464,2359296,1,0,0
3322714,2260992,1,0,0
3322964,2097152,1,0,0
3323214,2736128,1,0,0
3323464,2483919,1,0,0
3323714,2473984,1,0,0
3323964,2260992,1,0,0
3324214,1851392,1,0,0
3324464,2244608,1,0,0
3324714,1605632,1,0,0
3324964,2457600,1,0,0
3325214,1966080,1,0,0
3325464,1441792,1,0,0
3325713,2023325,1,0,0
3325964,2490368,1,0,0
3326214,2392064,1,0,0
3326464,2736128,1,0,0
3326714,2916352,1,0,0
3326964,2457600,1,0,0
3327214,2648417,1,0,0
3327464,2506752,1,0,0
3327714,2801664,1,0,0
3327964,2932736,1,0,0
3328214,2588672,1,0,0
3328464,2483919,1,0,0
3328714,2686976,1,0,0
3328964,2637824,1,0,0
3329214,2605056,1,0,0
3329464,2253622,1,0,0
3329714,2441216,1,0,0
3329964,2719744,1,0,0
3330214,2998272,1,0,0
3330464,2179072,1,0,0
3330714,2401670,1,0,0
3330964,2473984,1,0,0
3331214,2359296,1,0,0
3331464,2801664,1,0,0
3331714,2895164,1,0,0
3331964,3063808,1,0,0
3332214,2523136,1,0,0
3332464,2834432,1,0,0
3332714,2697767,1,0,0
3332964,2850816,1,0,0
3333214,3129344,1,0,0
3333464,2932736,1,0,0
3333714,2631967,1,0,0
3333964,2654208,1,0,0
3334214,2719744,1,0,0
3334464,2719744,1,0,0
3334714,2352321,1,0,0
3334964,2473984,1,0,0
3335215,3047424,1,0,0
3335464,2631967,1,0,0
3335714,2965504,1,0,0
3335964,2834432,1,0,0
3336214,2862265,1,0,0
3336464,2834432,1,0,0
3336714,2588672,1,0,0
3336964,3244032,1,0,0
3337214,3010313,1,0,0
3337463,3096576,1,0,0
3337714,2523136,1,0,0
3337964,2441216,1,0,0
3338214,2829365,1,0,0
3338464,2818048,1,0,0
3338714,3014656,1,0,0
3338964,2834432,1,0,0
3339214,2899968,1,0,0
3339464,2714216,1,0,0
3339714,3063808,1,0,0
3339964,2834432,1,0,0
3340214,2752512,1,0,0
3340464,2516819,1,0,0
3340714,2965504,1,0,0
3340964,2998272,1,0,0
3341214,3047424,1,0,0
3341464,2605056,1,0,0
3341714,2549718,1,0,0
3341964,2932736,1,0,0
3342214,2949120,1,0,0
3342464,2932736,1,0,0
3342714,2867200,1,0,0
3342964,2960963,1,0,0
3343214,3178496,1,0,0
3343464,2424832,1,0,0
3343714,3112960,1,0,0
3343964,2829365,1,0,0
3344214,2228224,1,0,0
3344464,2981888,1,0,0
3344714,2785280,1,0,0
3344964,2588672,1,0,0
3345214,2697767,1,0,0
3345464,2785280,1,0,0
3345714,2359296,1,0,0
3345964,2719744,1,0,0
3346214,2401670,1,0,0
3346464,2752512,1,0,0
3346714,2490368,1,0,0
3346964,2237172,1,0,0
3347214,2523136,1,0,0
3347464,2162688,1,0,0
3347714,2500369,1,0,0
3347964,2244608,1,0,0
3348214,2195456,1,0,0
3348464,2523136,1,0,0
3348714,2533269,1,0,0
3348964,2473984,1,0,0
3349214,2719744,1,0,0
3349464,2451020,1,0,0
3349714,2703360,1,0,0
3349964,2277376,1,0,0
3350214,2588672,1,0,0
3350464,2270072,1,0,0
3350714,2293760,1,0,0
3350964,2146304,1,0,0
3351214,2122024,1,0,0
3351464,1425408,1,0,0
3351715,2335871,1,0,0
3351964,2654208,1,0,0
3352214,1884160,1,0,0
3352464,2834432,1,0,0
3352714,1973975,1,0,0
3352964,2048000,1,0,0
3353214,1982464,1,0,0
3353464,2523136,1,0,0
3353714,2048000,1,0,0
3353964,2500369,1,0,0
3354214,2293760,1,0,0
3354464,2473984,1,0,0
3354714,2654208,1,0,0
3354964,2162688,1,0,0
3355214,2719744,1,0,0
3355464,2375680,1,0,0
3355714,2768896,1,0,0
3355964,2473984,1,0,0
3356214,2129920,1,0,0
3356463,2993863,1,0,0
3356714,2441216,1,0,0
3356964,2719744,1,0,0
3357214,2998272,1,0,0
3357464,2179072,1,0,0
3357714,2064384,1,0,0
3357964,2441216,1,0,0
3358214,2408448,1,0,0
3358464,2451020,1,0,0
3358714,2539520,1,0,0
3358964,2588672,1,0,0
3359214,2867200,1,0,0
3359464,2533269,1,0,0
3359714,2359296,1,0,0
3359964,2326528,1,0,0
3360214,2260992,1,0,0
3360464,2829365,1,0,0
3360714,2670592,1,0,0
3360964,2605056,1,0,0
3361215,3031040,1,0,0
3361464,2588672,1,0,0
3361714,2796465,1,0,0
3361964,2736128,1,0,0
3362214,2916352,1,0,0
3362464,2457600,1,0,0
3362714,2648417,1,0,0
3362964,2506752,1,0,0
3363214,2801664,1,0,0
3363464,2932736,1,0,0
3363714,2588672,1,0,0
3363964,2483919,1,0,0
3364214,2686976,1,0,0
3364464,2637824,1,0,0
3364714,2605056,1,0,0
3364964,2253622,1,0,0
3365214,2441216,1,0,0
3365464,2719744,1,0,0
3365714,2998272,1,0,0
3365964,2179072,1,0,0
3366214,2401670,1,0,0
3366464,2473984,1,0,0
3366714,2359296,1,0,0
3366964,2801664,1,0,0
3367214,2895164,1,0,0
3367464,3063808,1,0,0
3367714,2523136,1,0,0
3367964,2834432,1,0,0
3368214,2697767,1,0,0
3368464,2850816,1,0,0
3368714,3129344,1,0,0
3368964,2932736,1,0,0
3369214,2631967,1,0,0
3369464,2654208,1,0,0
3369714,2719744,1,0,0
3369964,2719744,1,0,0
3370214,2352321,1,0,0
3370464,2473984,1,0,0
3370714,2768896,1,0,0
3370964,2385220,1,0,0
3371214,2277376,1,0,0
3371464,2736128,1,0,0
3371714,2621440,1,0,0
3371964,2615518,1,0,0
3372214,2703360,1,0,0
3372464,2195456,1,0,0
3372714,2031616,1,0,0
3372964,2441216,1,0,0
3373214,2401670,1,0,0
3373464,2605056,1,0,0
3373714,2555904,1,0,0
3373964,2467469,1,0,0
3374214,2441216,1,0,0
3374464,2490368,1,0,0
3374714,2998272,1,0,0
3374964,2664867,1,0,0
3375214,2670592,1,0,0
3375464,2244608,1,0,0
3375714,2385220,1,0,0
3375964,2572288,1,0,0
3376214,2801664,1,0,0
3376464,2648417,1,0,0
3376714,2883584,1,0,0
3376964,2048000,1,0,0
3377214,2516819,1,0,0
3377464,2867200,1,0,0
3377714,2588672,1,0,0
3377964,2686976,1,0,0
3378214,2154923,1,0,0
3378464,2310144,1,0,0
3378714,2473984,1,0,0
3378964,2418120,1,0,0
3379214,2736128,1,0,0
3379464,2424832,1,0,0
3379714,2204273,1,0,0
3379964,2785280,1,0,0
3380214,2785280,1,0,0
3380464,2533269,1,0,0
3380714,2670592,1,0,0
3380964,2523136,1,0,0
3381214,2195456,1,0,0
3381464,2516819,1,0,0
3381714,2228224,1,0,0
3381964,2342912,1,0,0
3382214,2490368,1,0,0
3382464,2237172,1,0,0
3382714,2523136,1,0,0
3382964,2162688,1,0,0
3383214,2500369,1,0,0
3383464,2244608,1,0,0
3383714,2195456,1,0,0
3383964,2523136,1,0,0
3384214,2533269,1,0,0
3384464,2473984,1,0,0
3384714,2719744,1,0,0
3384964,2451020,1,0,0
3385214,2703360,1,0,0
3385464,2277376,1,0,0
3385714,2588672,1,0,0
3385964,2270072,1,0,0
3386214,2293760,1,0,0
3386464,2146304,1,0,0
3386714,2122024,1,0,0
3386964,1425408,1,0,0
3387214,2335871,1,0,0
3387464,2654208,1,0,0
3387714,1884160,1,0,0
3387964,2834432,1,0,0
3388214,1973975,1,0,0
3388464,2048000,1,0,0
3388714,1982464,1,0,0
3388964,2523136,1,0,0
3389214,2048000,1,0,0
3389464,2500369,1,0,0
3389714,2293760,1,0,0
3389964,2473984,1,0,0
3390214,2451020,1,0,0
3390464,2703360,1,0,0
3390714,2277376,1,0,0
3390964,2588672,1,0,0
3391214,2270072,1,0,0
3391464,2293760,1,0,0
3391714,2146304,1,0,0
3391964,2122024,1,0,0
3392214,1425408,1,0,0
3392464,2335871,1,0,0
3392714,2654208,1,0,0
3392964,1884160,1,0,0
3393214,2834432,1,0,0
3393464,1973975,1,0,0
3393714,2048000,1,0,0
3393964,1982464,1,0,0
3394214,2523136,1,0,0
3394464,2048000,1,0,0
3394714,2500369,1,0,0
3394964,2293760,1,0,0
3395214,2473984,1,0,0
3395464,2654208,1,0,0
3395714,2162688,1,0,0
3395964,2719744,1,0,0
3396215,2375680,1,0,0
3396464,2768896,1,0,0
3396714,2473984,1,0,0
3396964,2129920,1,0,0
3397214,2812915,1,0,0
3397464,2179072,1,0,0
3397714,2998272,1,0,0
3397964,2572288,1,0,0
3398214,2555904,1,0,0
3398464,2555904,1,0,0
3398714,2228224,1,0,0
3398964,2719744,1,0,0
3399214,2335871,1,0,0
3399464,2768896,1,0,0
3399714,2244608,1,0,0
3399964,2703360,1,0,0
3400214,2834432,1,0,0
3400464,2500369,1,0,0
3400713,2605056,1,0,0
3400964,3031040,1,0,0
3401214,3063808,1,0,0
3401464,2697767,1,0,0
3401714,2424832,1,0,0
3401964,2342912,1,0,0
3402214,2697767,1,0,0
3402464,3014656,1,0,0
3402714,2686976,1,0,0
3402964,2949120,1,0,0
3403214,3026763,1,0,0
3403464,2588672,1,0,0
3403714,2883584,1,0,0
3403964,2780016,1,0,0
3404214,2981888,1,0,0
3404464,2424832,1,0,0
3404714,2359296,1,0,0
3404964,2911614,1,0,0
3405214,2686976,1,0,0
3405464,2605056,1,0,0
3405714,2818048,1,0,0
3405964,2648417,1,0,0
3406214,2719744,1,0,0
3406464,2342912,1,0,0
3406714,2664867,1,0,0
3406964,2359296,1,0,0
3407214,2097152,1,0,0
3407464,2506752,1,0,0
3407714,2714216,1,0,0
3407964,1933312,1,0,0
3408214,1818624,1,0,0
3408464,2451020,1,0,0
3408714,2375680,1,0,0
3408964,2342912,1,0,0
3409214,2253622,1,0,0
3409464,2064384,1,0,0
3409714,2670592,1,0,0
3409964,2424832,1,0,0
3410214,2780016,1,0,0
3410464,2441216,1,0,0
3410714,2506752,1,0,0
3410964,2681317,1,0,0
3411214,2523136,1,0,0
3411464,2736128,1,0,0
3411714,2878714,1,0,0
3411964,2621440,1,0,0
3412214,2654208,1,0,0
3412464,2768896,1,0,0
3412714,2928064,1,0,0
3412964,2686976,1,0,0
3413214,2785280,1,0,0
3413464,2928064,1,0,0
3413714,2424832,1,0,0
3413964,2752512,1,0,0
3414214,2818048,1,0,0
3414464,2736128,1,0,0
3414714,2928064,1,0,0
3414964,2310144,1,0,0
3415214,2457600,1,0,0
3415464,2878714,1,0,0
3415714,2883584,1,0,0
3415964,2408448,1,0,0
3416214,2785280,1,0,0
3416464,3043212,1,0,0
3416714,2965504,1,0,0
3416964,3129344,1,0,0
3417214,2928064,1,0,0
3417464,2932736,1,0,0
3417714,2883584,1,0,0
3417964,2670592,1,0,0
3418214,2812915,1,0,0
3418464,2801664,1,0,0
3418714,2064384,1,0,0
3418964,2850816,1,0,0
3419214,2845815,1,0,0
3419464,2883584,1,0,0
3419714,2719744,1,0,0
3419964,2697767,1,0,0
3420214,2686976,1,0,0
3420464,2850816,1,0,0
3420714,2533269,1,0,0
3420964,2686976,1,0,0
3421214,2850816,1,0,0
3421464,2714216,1,0,0
3421714,2260992,1,0,0
3421964,2736128,1,0,0
3422214,2850816,1,0,0
3422464,2752512,1,0,0
3422714,2401670,1,0,0
3422964,2981888,1,0,0
3423214,2441216,1,0,0
3423464,2064384,1,0,0
3423714,2637824,1,0,0
3423964,2605056,1,0,0
3424214,2253622,1,0,0
3424464,2441216,1,0,0
3424715,2719744,1,0,0
3424964,2998272,1,0,0
3425214,2179072,1,0,0
3425464,2401670,1,0,0
3425714,2473984,1,0,0
3425964,2359296,1,0,0
3426214,2801664,1,0,0
3426464,2895164,1,0,0
3426714,3063808,1,0,0
3426964,2523136,1,0,0
3427214,2834432,1,0,0
3427464,2697767,1,0,0
3427714,2850816,1,0,0
3427964,3129344,1,0,0
3428214,2932736,1,0,0
3428464,2631967,1,0,0
3428714,2654208,1,0,0
3428964,2719744,1,0,0
3429215,2719744,1,0,0
3429464,2352321,1,0,0
3429714,2473984,1,0,0
3429964,2768896,1,0,0
3430214,2385220,1,0,0
3430464,2277376,1,0,0
3430714,2796465,1,0,0
3430964,2736128,1,0,0
3431214,2719744,1,0,0
3431464,2965504,1,0,0
3431714,2960963,1,0,0
3431964,2490368,1,0,0
3432214,2162688,1,0,0
3432464,2621440,1,0,0
3432714,2335871,1,0,0
3432964,2637824,1,0,0
3433214,2747116,1,0,0
3433464,2523136,1,0,0
3433714,3096576,1,0,0
3433964,2473984,1,0,0
3434214,2566168,1,0,0
3434464,2736128,1,0,0
3434714,2441216,1,0,0
3434964,2697767,1,0,0
3435214,2768896,1,0,0
3435464,2605056,1,0,0
3435714,2588672,1,0,0
3435964,2549718,1,0,0
3436214,2899968,1,0,0
3436464,3178496,1,0,0
3436714,2850816,1,0,0
3436964,2796465,1,0,0
3437214,2785280,1,0,0
3437464,2834432,1,0,0
3437714,2916352,1,0,0
3437964,2714216,1,0,0
3438214,2555904,1,0,0
3438464,2949120,1,0,0
3438714,2703360,1,0,0
3438964,2319421,1,0,0
3439214,2441216,1,0,0
3439464,1998848,1,0,0
3439714,1835008,1,0,0
3439964,2039775,1,0,0
3440214,2228224,1,0,0
3440464,2277376,1,0,0
3440714,2375680,1,0,0
3440964,2555904,1,0,0
3441214,2763566,1,0,0
3441464,1523712,1,0,0
3441714,2310144,1,0,0
3441964,2506752,1,0,0
3442214,2253622,1,0,0
3442464,2818048,1,0,0
3442714,2473984,1,0,0
3442964,2555904,1,0,0
3443214,2006875,1,0,0
3443465,2359296,1,0,0
3443714,2048000,1,0,0
3443964,2490368,1,0,0
3444214,2467469,1,0,0
3444464,2899968,1,0,0
3444714,3063808,1,0,0
3444964,2605056,1,0,0
3445214,2097152,1,0,0
3445464,2648417,1,0,0
3445714,3031040,1,0,0
3445964,2768896,1,0,0
3446214,2588672,1,0,0
3446464,2253622,1,0,0
3446714,2555904,1,0,0
3446964,2736128,1,0,0
3447214,2605056,1,0,0
3447464,2747116,1,0,0
3447713,2539520,1,0,0
3447964,2539520,1,0,0
3448214,2796465,1,0,0
3448464,2375680,1,0,0
3448714,2867200,1,0,0
3448964,2883584,1,0,0
3449214,2867200,1,0,0
3449464,2697767,1,0,0
3449714,3096576,1,0,0
3449964,2752512,1,0,0
3450214,3293184,1,0,0
3450464,2326528,1,0,0
3450714,2286522,1,0,0
3450964,2228224,1,0,0
3451214,2588672,1,0,0
3451464,2883584,1,0,0
3451714,2500369,1,0,0
3451964,1769472,1,0,0
3452214,2637824,1,0,0
3452464,2473984,1,0,0
3452714,2335871,1,0,0
3452964,2048000,1,0,0
3453214,1703936,1,0,0
3453464,2220722,1,0,0
3453714,1982464,1,0,0
3453964,2326528,1,0,0
3454214,2670592,1,0,0
3454464,2451020,1,0,0
3454714,2703360,1,0,0
3454964,2654208,1,0,0
3455214,2850816,1,0,0
3455464,3211264,1,0,0
3455714,1973975,1,0,0
3455964,2277376,1,0,0
3456214,2867200,1,0,0
3456464,2418120,1,0,0
3456714,1966080,1,0,0
3456964,1982464,1,0,0
3457214,1982464,1,0,0
3457464,2549718,1,0,0
3457714,2048000,1,0,0
3457964,2752512,1,0,0
3458214,2441216,1,0,0
3458464,1638400,1,0,0
3458714,2220722,1,0,0
3458964,3096576,1,0,0
3459214,3112960,1,0,0
3459464,2408448,1,0,0
3459714,3014656,1,0,0
3459964,2686976,1,0,0
3460214,2949120,1,0,0
3460464,3026763,1,0,0
3460714,2588672,1,0,0
3460964,2883584,1,0,0
3461214,2780016,1,0,0
3461464,2981888,1,0,0
3461714,2424832,1,0,0
3461964,2359296,1,0,0
3462214,2911614,1,0,0
3462464,2686976,1,0,0
3462714,2605056,1,0,0
3462964,2818048,1,0,0
3463214,2648417,1,0,0
3463464,2719744,1,0,0
3463714,2342912,1,0,0
3463964,2664867,1,0,0
3464214,2359296,1,0,0
3464464,2681317,1,0,0
3464714,2523136,1,0,0
3464964,2736128,1,0,0
3465214,2878714,1,0,0
3465464,2621440,1,0,0
3465714,2654208,1,0,0
3465964,2768896,1,0,0
3466214,2928064,1,0,0
3466464,2686976,1,0,0
3466714,2785280,1,0,0
3466964,2928064,1,0,0
3467214,2424832,1,0,0
3467464,2736128,1,0,0
3467714,3125461,1,0,0
3467964,2736128,1,0,0
3468214,2834432,1,0,0
3468464,2911614,1,0,0
3468714,2949120,1,0,0
3468964,3080192,1,0,0
3469214,2736128,1,0,0
3469464,3125461,1,0,0
3469714,2736128,1,0,0
3469964,2834432,1,0,0
3470214,2911614,1,0,0
3470464,2949120,1,0,0
3470714,3080192,1,0,0
3470964,2424832,1,0,0
3471214,2056224,1,0,0
3471464,2555904,1,0,0
3471714,2993863,1,0,0
3471964,2752512,1,0,0
3472214,2818048,1,0,0
3472464,2736128,1,0,0
3472714,2928064,1,0,0
3472964,2310144,1,0,0
3473214,2457600,1,0,0
3473464,2878714,1,0,0
3473714,2883584,1,0,0
3473964,2408448,1,0,0
3474215,2785280,1,0,0
3474464,3043212,1,0,0
3474714,2965504,1,0,0
3474964,3129344,1,0,0
3475214,2928064,1,0,0
3475464,2932736,1,0,0
3475714,2883584,1,0,0
3475964,2670592,1,0,0
3476214,2812915,1,0,0
3476465,2801664,1,0,0
3476714,2064384,1,0,0
3476964,2850816,1,0,0
3477214,2845815,1,0,0
3477464,2883584,1,0,0
3477714,2719744,1,0,0
3477964,2697767,1,0,0
3478214,2686976,1,0,0
3478464,2850816,1,0,0
3478714,2533269,1,0,0
3478964,2686976,1,0,0
3479214,2850816,1,0,0
3479464,2714216,1,0,0
3479714,2260992,1,0,0
3479964,2736128,1,0,0
3480214,2850816,1,0,0
3480464,2895164,1,0,0
3480714,2965504,1,0,0
3480964,3211264,1,0,0
3481214,2883584,1,0,0
3481464,2949120,1,0,0
3481714,2714216,1,0,0
3481964,2801664,1,0,0
3482214,2375680,1,0,0
3482464,2818048,1,0,0
3482714,2829365,1,0,0
3482964,2441216,1,0,0
3483214,2736128,1,0,0
3483464,2949120,1,0,0
3483714,3080192,1,0,0
3483964,3125461,1,0,0
3484214,3014656,1,0,0
3484464,3047424,1,0,0
3484714,2631967,1,0,0
3484964,2965504,1,0,0
3485214,2834432,1,0,0
3485465,2862265,1,0,0
3485714,2834432,1,0,0
3485964,2588672,1,0,0
3486214,3244032,1,0,0
3486464,3010313,1,0,0
3486714,3096576,1,0,0
3486964,2523136,1,0,0
3487214,2441216,1,0,0
3487464,2829365,1,0,0
3487714,2818048,1,0,0
3487964,3014656,1,0,0
3488214,2834432,1,0,0
3488464,2899968,1,0,0
3488714,2714216,1,0,0
3488964,3063808,1,0,0
3489214,2834432,1,0,0
3489464,2752512,1,0,0
3489714,2516819,1,0,0
3489964,2965504,1,0,0
3490214,2998272,1,0,0
3490464,3047424,1,0,0
3490714,2605056,1,0,0
3490964,2549718,1,0,0
3491214,2932736,1,0,0
3491464,2949120,1,0,0
3491714,2932736,1,0,0
3491964,2867200,1,0,0
3492214,2960963,1,0,0
3492464,3178496,1,0,0
3492714,2424832,1,0,0
3492964,3112960,1,0,0
3493214,2829365,1,0,0
3493464,2228224,1,0,0
3493714,2981888,1,0,0
3493964,2785280,1,0,0
3494214,2588672,1,0,0
3494464,2697767,1,0,0
3494714,2785280,1,0,0
3494964,2359296,1,0,0
3495214,2719744,1,0,0
3495464,2401670,1,0,0
3495714,2752512,1,0,0
3495964,2719744,1,0,0
3496214,3178496,1,0,0
3496464,2719744,1,0,0
3496714,3092562,1,0,0
3496964,3260416,1,0,0
3497214,3031040,1,0,0
3497464,2883584,1,0,0
3497714,2277376,1,0,0
3497964,2523136,1,0,0
3498214,3125461,1,0,0
3498464,2048000,1,0,0
3498714,2179072,1,0,0
3498964,2326528,1,0,0
3499214,2780016,1,0,0
3499464,2113536,1,0,0
3499714,2277376,1,0,0
3499963,2867200,1,0,0
3500214,2418120,1,0,0
3500464,1966080,1,0,0
3500714,1982464,1,0,0
3500964,1982464,1,0,0
3501214,2549718,1,0,0
3501464,2048000,1,0,0
3501714,2752512,1,0,0
3501964,2441216,1,0,0
3502215,1638400,1,0,0
3502464,2220722,1,0,0
3502714,3096576,1,0,0
3502964,3112960,1,0,0
3503214,2408448,1,0,0
3503464,2434570,1,0,0
3503714,2310144,1,0,0
3503964,1671168,1,0,0
3504214,2490368,1,0,0
3504464,3010313,1,0,0
3504714,2424832,1,0,0
3504964,2293760,1,0,0
3505214,2473984,1,0,0
3505464,2932736,1,0,0
3505714,2451020,1,0,0
3505964,2637824,1,0,0
3506214,1687552,1,0,0
3506464,2812915,1,0,0
3506714,1867776,1,0,0
3506964,2260992,1,0,0
3507214,2523136,1,0,0
3507464,2401670,1,0,0
3507714,2441216,1,0,0
3507964,1900544,1,0,0
3508214,2818048,1,0,0
3508464,2686976,1,0,0
3508714,2631967,1,0,0
3508964,2883584,1,0,0
3509214,2670592,1,0,0
3509464,2359296,1,0,0
3509714,2730666,1,0,0
3509964,2588672,1,0,0
3510214,2293760,1,0,0
3510464," 2260992",1,0,0
3510714," 2768896",1,0,0
3510964," 2244608",1,0,0
3511214," 2023325",1,0,0
3511464," 1720320",1,0,0
3511715," 2457600",1,0,0
3511964," 2260992",1,0,0
3512214," 2253622",1,0,0
3512464," 2818048",1,0,0
3512714," 2195456",1,0,0
3512964," 2654208",1,0,0
3513214," 2500369",1,0,0
3513464," 2719744",1,0,0
3513714," 2031616",1,0,0
3513964," 1753088",1,0,0
3514215," 2555904",1,0,0
3514464," 1924626",1,0,0
3514714," 2293760",1,0,0
3514964," 1916928",1,0,0
3515214," 2293760",1,0,0
3515464," 2780016",1,0,0
3515714," 2195456",1,0,0
3515964," 2031616",1,0,0
3516214," 2056224",1,0,0
3516464," 2244608",1,0,0
3516714," 2588672",1,0,0
3516964," 2113536",1,0,0
3517214," 2796465",1,0,0
3517464," 2228224",1,0,0
3517714," 2129920",1,0,0
3517964," 2703360",1,0,0
3518214," 3076112",1,0,0
3518464," 2523136",1,0,0
3518714," 2605056",1,0,0
3518964," 2506752",1,0,0
3519214," 2686976",1,0,0
3519464," 2072674",1,0,0
3519714," 2457600",1,0,0
3519964," 2588672",1,0,0
3520214," 2899968",1,0,0
3520464," 2549718",1,0,0
3520714," 2310144",1,0,0
3520964," 2031616",1,0,0
3521214," 2146304",1,0,0
3521464," 2211840",1,0,0
3521714," 1957526",1,0,0
3521964," 2080768",1,0,0
3522214," 2244608",1,0,0
3522464," 2621440",1,0,0
3522714," 2549718",1,0,0
3522964," 2342912",1,0,0
3523214," 2752512",1,0,0
3523464," 2392064",1,0,0
3523714," 2664867",1,0,0
3523964," 2949120",1,0,0
3524214," 2555904",1,0,0
3524464," 2850816",1,0,0
3524714," 1941076",1,0,0
3524964," 2523136",1,0,0
3525214," 2441216",1,0,0
3525464," 3014656",1,0,0
3525714," 3096576",1,0,0
3525964," 2993863",1,0,0
3526214," 2359296",1,0,0
3526464," 2949120",1,0,0
3526714," 2703360",1,0,0
3526964," 2681317",1,0,0
3527214," 2572288",1,0,0
3527464," 2375680",1,0,0
3527714," 2408448",1,0,0
3527964," 2326528",1,0,0
3528214," 2335871",1,0,0
3528464," 2555904",1,0,0
3528714," 2359296",1,0,0
3528964," 2113536",1,0,0
3529214," 2253622",1,0,0
3529464," 1900544",1,0,0
3529714," 2457600",1,0,0
3529964," 2441216",1,0,0
3530214," 2730666",1,0,0
3530464," 2424832",1,0,0
3530714," 1769472",1,0,0
3530964," 2719744",1,0,0
3531214," 2244608",1,0,0
3531464," 1858827",1,0,0
3531714," 2097152",1,0,0
3531964," 2523136",1,0,0
3532214," 2293760",1,0,0
3532464," 2154923",1,0,0
3532714," 1867776",1,0,0
3532964," 2342912",1,0,0
3533214," 2867200",1,0,0
3533464," 2730666",1,0,0
3533714," 1982464",1,0,0
3533964," 1982464",1,0,0
3534214," 2097152",1,0,0
3534464," 2270072",1,0,0
3534714," 2048000",1,0,0
3534964," 1949696",1,0,0
3535214," 2490368",1,0,0
3535464," 2244608",1,0,0
3535714," 1167935",1,0,0
3535964," 1818624",1,0,0
3536214," 2441216",1,0,0
3536464," 1998848",1,0,0
3536714," 1835008",1,0,0
3536964," 2039775",1,0,0
3537214," 2228224",1,0,0
3537464," 2277376",1,0,0
3537714," 2375680",1,0,0
3537964," 2555904",1,0,0
3538214," 2763566",1,0,0
3538464," 1523712",1,0,0
3538714," 2310144",1,0,0
3538964," 2506752",1,0,0
3539214," 2253622",1,0,0
3539464," 2818048",1,0,0
3539714," 2473984",1,0,0
3539964," 2555904",1,0,0
3540214," 2006875",1,0,0
3540464," 2359296",1,0,0
3540713," 2048000",1,0,0
3540964," 2490368",1,0,0
3541214," 2467469",1,0,0
3541464," 2899968",1,0,0
3541714," 3063808",1,0,0
3541964," 2605056",1,0,0
3542214," 2097152",1,0,0
3542464," 2648417",1,0,0
3542714," 3031040",1,0,0
3542964," 2768896",1,0,0
3543214," 2588672",1,0,0
3543464," 2253622",1,0,0
3543714," 2555904",1,0,0
3543964," 2736128",1,0,0
3544214," 2605056",1,0,0
3544464," 2747116",1,0,0
3544714," 2539520",1,0,0
3544964," 2539520",1,0,0
3545214," 2796465",1,0,0
3545464," 2375680",1,0,0
3545714," 2867200",1,0,0
3545964," 2883584",1,0,0
3546214," 2867200",1,0,0
3546464," 2697767",1,0,0
3546714," 3096576",1,0,0
3546964," 2752512",1,0,0
3547214," 3293184",1,0,0
3547464," 2326528",1,0,0
3547715," 2286522",1,0,0
3547964," 2228224",1,0,0
3548214," 2588672",1,0,0
3548464," 2883584",1,0,0
3548714," 2500369",1,0,0
3548964," 1769472",1,0,0
3549214," 2637824",1,0,0
3549464," 2473984",1,0,0
3549714," 2335871",1,0,0
3549964," 2048000",1,0,0
3550214," 1703936",1,0,0
3550464," 2220722",1,0,0
3550714," 1982464",1,0,0
3550964," 2326528",1,0,0
3551214," 2670592",1,0,0
3551464," 2451020",1,0,0
3551714," 2703360",1,0,0
3551964," 2654208",1,0,0
3552214," 2850816",1,0,0
3552464," 3211264",1,0,0
3552714," 1973975",1,0,0
3552964," 2277376",1,0,0
3553214," 2867200",1,0,0
3553464," 2418120",1,0,0
3553714," 1966080",1,0,0
3553964," 1982464",1,0,0
3554214," 1982464",1,0,0
3554464," 2549718",1,0,0
3554714," 2048000",1,0,0
3554964," 2752512",1,0,0
3555214," 2441216",1,0,0
3555464," 1638400",1,0,0
3555714," 2220722",1,0,0
3555964," 3096576",1,0,0
3556214," 3112960",1,0,0
3556464," 2408448",1,0,0
3556714," 2434570",1,0,0
3556964," 2310144",1,0,0
3557214," 1671168",1,0,0
3557464," 2490368",1,0,0
3557714," 3010313",1,0,0
3557964," 2424832",1,0,0
3558214," 2293760",1,0,0
3558464," 2473984",1,0,0
3558714," 2932736",1,0,0
3558964," 2451020",1,0,0
3559214," 2637824",1,0,0
3559464," 1687552",1,0,0
3559714," 2812915",1,0,0
3559964," 1867776",1,0,0
3560214," 2260992",1,0,0
3560464," 2523136",1,0,0
3560714," 2401670",1,0,0
3560964," 2441216",1,0,0
3561214," 1900544",1,0,0
3561464," 2818048",1,0,0
3561714," 2686976",1,0,0
3561964," 2631967",1,0,0
3562214," 2883584",1,0,0
3562464," 2670592",1,0,0
3562714," 2359296",1,0,0
3562964," 2730666",1,0,0
3563214," 2588672",1,0,0
3563464," 2293760",1,0,0
3563714," 2015232",1,0,0
3563964," 1546281",1,0,0
3564214," 2113536",1,0,0
3564464," 2293760",1,0,0
3564714," 2703360",1,0,0
3564964," 2359296",1,0,0
3565214," 2895164",1,0,0
3565464," 2244608",1,0,0
3565714," 1802240",1,0,0
3565964," 1867776",1,0,0
3566214," 1628530",1,0,0
3566464," 1409024",1,0,0
3566714," 1884160",1,0,0
3566964," 2211840",1,0,0
3567214," 2615518",1,0,0
3567464," 1785856",1,0,0
3567714," 2310144",1,0,0
3567964," 2845815",1,0,0
3568214," 2539520",1,0,0
3568464," 2845815",1,0,0
3568714," 2801664",1,0,0
3568964," 3112960",1,0,0
3569214," 2424832",1,0,0
3569464," 1941076",1,0,0
3569714," 2113536",1,0,0
3569964," 2637824",1,0,0
3570214," 2747116",1,0,0
3570464," 3063808",1,0,0
3570714," 2555904",1,0,0
3570964," 2031616",1,0,0
3571214," 1381783",1,0,0
3571464," 2686976",1,0,0
3571714," 2523136",1,0,0
3571964," 2566168",1,0,0
3572214," 2981888",1,0,0
3572464," 2801664",1,0,0
3572714," 2277376",1,0,0
3572964," 2664867",1,0,0
3573214," 2834432",1,0,0
3573464," 2588672",1,0,0
3573714," 2752512",1,0,0
3573964," 2845815",1,0,0
3574214," 2670592",1,0,0
3574464," 2523136",1,0,0
3574714," 2048000",1,0,0
3574964," 2812915",1,0,0
3575214," 2867200",1,0,0
3575464," 2637824",1,0,0
3575714," 2270072",1,0,0
3575964," 2670592",1,0,0
3576214," 2998272",1,0,0
3576464," 2473984",1,0,0
3576714," 2105574",1,0,0
3576964," 2048000",1,0,0
3577214," 2965504",1,0,0
3577464," 2237172",1,0,0
3577714," 2342912",1,0,0
3577964," 2129920",1,0,0
3578214," 1982464",1,0,0
3578464," 2812915",1,0,0
3578714," 2555904",1,0,0
3578964," 2113536",1,0,0
3579214," 2670592",1,0,0
3579464," 2566168",1,0,0
3579714," 2523136",1,0,0
3579964," 2506752",1,0,0
3580214," 1858827",1,0,0
3580464," 2473984",1,0,0
3580714," 2506752",1,0,0
3580964," 2500369",1,0,0
3581214," 2342912",1,0,0
3581464," 2310144",1,0,0
3581714," 2582618",1,0,0
3581964," 2801664",1,0,0
3582214," 3096576",1,0,0
3582464," 2648417",1,0,0
3582714," 2392064",1,0,0
3582965," 2916352",1,0,0
3583214," 2714216",1,0,0
3583464," 2703360",1,0,0
3583714," 2834432",1,0,0
3583964," 2451020",1,0,0
3584214," 2686976",1,0,0
3584464," 3145728",1,0,0
3584714," 2768896",1,0,0
3584964," 1908176",1,0,0
3585214," 2260992",1,0,0
3585464," 2097152",1,0,0
3585714," 2483919",1,0,0
3585964," 2703360",1,0,0
3586214," 2359296",1,0,0
3586464," 2631967",1,0,0
3586714," 2310144",1,0,0
3586964," 2703360",1,0,0
3587214," 3125461",1,0,0
3587464," 2752512",1,0,0
3587714," 2703360",1,0,0
3587964," 2862265",1,0,0
3588214," 3178496",1,0,0
3588464," 2785280",1,0,0
3588714," 2490368",1,0,0
3588964," 2385220",1,0,0
3589214," 3014656",1,0,0
3589465," 2703360",1,0,0
3589714," 2916352",1,0,0
3589964," 2977413",1,0,0
3590214," 2916352",1,0,0
3590464," 2637824",1,0,0
3590714," 2899968",1,0,0
3590964," 2916352",1,0,0
3591214," 2993863",1,0,0
3591464," 2375680",1,0,0
3591714," 2736128",1,0,0
3591963," 2588672",1,0,0
3592214," 3010313",1,0,0
3592464," 2850816",1,0,0
3592714," 2965504",1,0,0
3592964," 3162112",1,0,0
3593214," 2895164",1,0,0
3593464," 2965504",1,0,0
3593714," 3211264",1,0,0
3593964," 2883584",1,0,0
3594214," 2949120",1,0,0
3594464," 2714216",1,0,0
3594714," 2801664",1,0,0
3594964," 2375680",1,0,0
3595214," 2818048",1,0,0
3595464," 2829365",1,0,0
3595714," 2441216",1,0,0
3595964," 2736128",1,0,0
3596214," 2949120",1,0,0
3596464," 3080192",1,0,0
3596714," 3125461",1,0,0
3596964," 3014656",1,0,0
3597214," 3047424",1,0,0
3597464," 2631967",1,0,0
3597714," 2965504",1,0,0
3597964," 2834432",1,0,0
3598214," 2862265",1,0,0
3598464," 2834432",1,0,0
3598714," 2588672",1,0,0
3598964," 3244032",1,0,0
3599215," 3010313",1,0,0
3599464," 3096576",1,0,0
3599714," 2523136",1,0,0
3599964," 2441216",1,0,0
3600214," 2829365",1,0,0
3600464," 2818048",1,0,0
3600714," 3014656",1,0,0
3600964," 2834432",1,0,0
3601214," 2899968",1,0,0
3601464," 2714216",1,0,0
3601715," 3063808",1,0,0
3601964," 2834432",1,0,0
3602214," 2752512",1,0,0
3602464," 2516819",1,0,0
3602714," 2965504",1,0,0
3602964," 2998272",1,0,0
3603214," 3047424",1,0,0
3603464," 2605056",1,0,0
3603714," 2549718",1,0,0
3603964," 2932736",1,0,0
3604214," 2949120",1,0,0
3604464," 2932736",1,0,0
3604714," 2867200",1,0,0
3604964," 2960963",1,0,0
3605214," 3178496",1,0,0
3605464," 2424832",1,0,0
3605714," 3112960",1,0,0
3605964," 2829365",1,0,0
3606214," 2228224",1,0,0
3606464," 2981888",1,0,0
3606714," 2785280",1,0,0
3606964," 2588672",1,0,0
3607214," 2697767",1,0,0
3607464," 2785280",1,0,0
3607714," 2359296",1,0,0
3607964," 2719744",1,0,0
3608214," 2401670",1,0,0
3608464," 2752512",1,0,0
3608714," 2719744",1,0,0
3608964," 3178496",1,0,0
3609214," 2719744",1,0,0
3609464," 3092562",1,0,0
3609714," 3260416",1,0,0
3609964," 3031040",1,0,0
3610214," 2883584",1,0,0
3610464," 2277376",1,0,0
3610714," 2523136",1,0,0
3610964," 3125461",1,0,0
3611214," 2048000",1,0,0
3611465," 2179072",1,0,0
3611714," 2326528",1,0,0
3611964," 2780016",1,0,0
3612214," 2113536",1,0,0
3612464," 2834432",1,0,0
3612714," 3080192",1,0,0
3612964," 2878714",1,0,0
3613214," 2899968",1,0,0
3613464," 2408448",1,0,0
3613714," 2621440",1,0,0
3613964," 2818048",1,0,0
3614214," 2895164",1,0,0
3614464," 2719744",1,0,0
3614714," 3014656",1,0,0
3614964," 2818048",1,0,0
3615214," 2631967",1,0,0
3615464," 2506752",1,0,0
3615714," 2326528",1,0,0
3615964," 2686976",1,0,0
3616214," 2253622",1,0,0
3616464," 2686976",1,0,0
3616714," 2899968",1,0,0
3616964," 2621440",1,0,0
3617214," 2883584",1,0,0
3617464," 2483919",1,0,0
3617714," 2572288",1,0,0
3617964," 2899968",1,0,0
3618214," 2801664",1,0,0
3618464," 2434570",1,0,0
3618714," 2981888",1,0,0
3618964," 2375680",1,0,0
3619214," 2768896",1,0,0
3619464," 3063808",1,0,0
3619714," 2763566",1,0,0
3619964," 3178496",1,0,0
3620214," 2850816",1,0,0
3620464," 2916352",1,0,0
3620714," 3026763",1,0,0
3620964," 2293760",1,0,0
3621214," 2277376",1,0,0
3621464," 2736128",1,0,0
3621714," 2763566",1,0,0
3621964," 2834432",1,0,0
3622214," 2473984",1,0,0
3622464," 2572288",1,0,0
3622714," 2566168",1,0,0
3622964," 1900544",1,0,0
3623214," 1622016",1,0,0
3623464," 1736704",1,0,0
3623714," 2270072",1,0,0
3623964," 2228224",1,0,0
3624214," 1720320",1,0,0
3624464," 2342912",1,0,0
3624714," 2582618",1,0,0
3624964," 2277376",1,0,0
3625214," 2703360",1,0,0
3625464," 2686976",1,0,0
3625714," 2845815",1,0,0
3625964," 3244032",1,0,0
3626214," 2605056",1,0,0
3626464," 3372208",1,0,0
3626714," 3031040",1,0,0
3626964," 2818048",1,0,0
3627214," 2932736",1,0,0
3627464," 2730666",1,0,0
3627714," 2916352",1,0,0
3627964," 2703360",1,0,0
3628214," 2763566",1,0,0
3628464," 3047424",1,0,0
3628714," 3014656",1,0,0
3628964," 2270072",1,0,0
3629214," 2670592",1,0,0
3629464," 2588672",1,0,0
3629714," 3109012",1,0,0
3629964," 3063808",1,0,0
3630215," 2473984",1,0,0
3630464," 2375680",1,0,0
3630714," 2664867",1,0,0
3630964," 2228224",1,0,0
3631214," 2260992",1,0,0
3631464," 2928064",1,0,0
3631714," 2637824",1,0,0
3631964," 2703360",1,0,0
3632214," 2768896",1,0,0
3632464," 2368771",1,0,0
3632714," 2064384",1,0,0
3632964," 2375680",1,0,0
3633214," 2588672",1,0,0
3633464," 1949696",1,0,0
3633714," 2483919",1,0,0
3633964," 2818048",1,0,0
3634214," 2588672",1,0,0
3634464," 2539520",1,0,0
3634714," 2981888",1,0,0
3634964," 2703360",1,0,0
3635214," 2850816",1,0,0
3635464," 2555904",1,0,0
3635714," 2883584",1,0,0
3635964," 2965504",1,0,0
3636214," 2599068",1,0,0
3636464," 2736128",1,0,0
3636714," 2572288",1,0,0
3636964," 2899968",1,0,0
3637214," 2670592",1,0,0
3637465," 3096576",1,0,0
3637714," 2582618",1,0,0
3637964," 2162688",1,0,0
3638214," 2818048",1,0,0
3638464," 2801664",1,0,0
3638715," 2780016",1,0,0
3638964," 2572288",1,0,0
3639214," 2588672",1,0,0
3639464," 2768896",1,0,0
3639714," 2664867",1,0,0
3639965," 2899968",1,0,0
3640214," 2736128",1,0,0
3640464," 2714216",1,0,0
3640714," 2834432",1,0,0
3640965," 2768896",1,0,0
3641214," 2654208",1,0,0
3641464," 2916352",1,0,0
3641714," 2631967",1,0,0
3641964," 2867200",1,0,0
3642215," 2621440",1,0,0
3642464," 2146304",1,0,0
3642714," 2714216",1,0,0
3642964," 2211840",1,0,0
3643215," 2228224",1,0,0
3643464," 1891726",1,0,0
3643714," 2375680",1,0,0
3643964," 1720320",1,0,0
3644214," 1327104",1,0,0
3644465," 2056224",1,0,0
3644714," 2129920",1,0,0
3644964," 2228224",1,0,0
3645214," 2523136",1,0,0
3645464," 2342912",1,0,0
3645715," 2747116",1,0,0
3645964," 2506752",1,0,0
3646214," 2080768",1,0,0
3646464," 2539520",1,0,0
3646715," 2237172",1,0,0
3646964," 2244608",1,0,0
3647214," 2031616",1,0,0
3647464," 2670592",1,0,0
3647714," 2747116",1,0,0
3647965," 2670592",1,0,0
3648214," 2392064",1,0,0
3648464," 2228224",1,0,0
3648714," 1736704",1,0,0
3648965," 2714216",1,0,0
3649214," 2392064",1,0,0
3649464," 2146304",1,0,0
3649714," 1982464",1,0,0
3649964," 2237172",1,0,0
3650215," 2031616",1,0,0
3650464," 2326528",1,0,0
3650714," 2506752",1,0,0
3650964," 2187823",1,0,0
3651215," 1900544",1,0,0
3651465," 1769472",1,0,0
3651714," 1343488",1,0,0
3651964," 1743678",1,0,0
3652214," 2195456",1,0,0
3652465," 2195456",1,0,0
3652714," 2244608",1,0,0
3652964," 2539520",1,0,0
3653214," 2286522",1,0,0
3653464," 1933312",1,0,0
3653715," 2048000",1,0,0
3653964," 1949696",1,0,0
3654214," 2286522",1,0,0
3654464," 1884160",1,0,0
3654714," 2473984",1,0,0
3654965," 2129920",1,0,0
3655214," 2506752",1,0,0
3655464," 2451020",1,0,0
3655714," 2326528",1,0,0
3655964," 2572288",1,0,0
3656215," 2506752",1,0,0
3656464," 2179072",1,0,0
3656714," 1941076",1,0,0
3656964," 2244608",1,0,0
3657214," 2834432",1,0,0
3657465," 2392064",1,0,0
3657714," 3043212",1,0,0
3657964," 2965504",1,0,0
3658214," 2801664",1,0,0
3658465," 2648417",1,0,0
3658714," 2310144",1,0,0
3658964," 2670592",1,0,0
3659214," 2631967",1,0,0
3659465," 2162688",1,0,0
3659715," 2244608",1,0,0
3659964," 2277376",1,0,0
3660214," 2179072",1,0,0
3660464," 1990425",1,0,0
3660715," 1507328",1,0,0
3660964," 1851392",1,0,0
3661214," 2048000",1,0,0
3661464," 2293760",1,0,0
3661715," 1825927",1,0,0
3661964," 2457600",1,0,0
3662214," 2637824",1,0,0
3662464," 2097152",1,0,0
3662714," 2637824",1,0,0
3662965," 2056224",1,0,0
3663214," 2736128",1,0,0
3663464," 2752512",1,0,0
3663714," 2703360",1,0,0
3663964," 2768896",1,0,0
3664215," 2747116",1,0,0
3664464," 2588672",1,0,0
3664714," 2670592",1,0,0
3664964," 2326528",1,0,0
3665214," 2352321",1,0,0
3665465," 2195456",1,0,0
3665714," 2326528",1,0,0
3665964," 2599068",1,0,0
3666214," 2293760",1,0,0
3666464," 2845815",1,0,0
3666715," 2605056",1,0,0
3666964," 2539520",1,0,0
3667214," 2539520",1,0,0
3667464," 2516819",1,0,0
3667714," 2539520",1,0,0
3667965," 2621440",1,0,0
3668214," 2670592",1,0,0
3668464," 2812915",1,0,0
3668714," 2736128",1,0,0
3668964," 2555904",1,0,0
3669215," 3063808",1,0,0
3669464," 3010313",1,0,0
3669714," 2588672",1,0,0
3669964," 2965504",1,0,0
3670214," 2555904",1,0,0
3670465," 2681317",1,0,0
3670714," 2359296",1,0,0
3670964," 2392064",1,0,0
3671214," 2080768",1,0,0
3671464," 2599068",1,0,0
3671715," 2392064",1,0,0
3671964," 2654208",1,0,0
3672214," 2648417",1,0,0
3672464," 2965504",1,0,0
3672714," 2834432",1,0,0
3672964," 1990425",1,0,0
3673215," 2686976",1,0,0
3673464," 2457600",1,0,0
3673714," 2359296",1,0,0
3673964," 2549718",1,0,0
3674214," 2310144",1,0,0
3674465," 2408448",1,0,0
3674714," 2253622",1,0,0
3674964," 1458176",1,0,0
3675214," 1327104",1,0,0
3675464," 1513381",1,0,0
3675714," 2048000",1,0,0
3675965," 2523136",1,0,0
3676214," 2204273",1,0,0
3676464," 2654208",1,0,0
3676714," 2277376",1,0,0
3676964," 2326528",1,0,0
3677214," 2302971",1,0,0
3677464," 1998848",1,0,0
3677714," 1867776",1,0,0
3677964," 2056224",1,0,0
3678214," 2768896",1,0,0
3678464," 2686976",1,0,0
3678715," 2434570",1,0,0
3678964," 2670592",1,0,0
3679214," 2637824",1,0,0
3679464," 2588672",1,0,0
3679714," 2467469",1,0,0
3679965," 2473984",1,0,0
3680214," 1671168",1,0,0
3680464," 2228224",1,0,0
3680714," 1809477",1,0,0
3680965," 1851392",1,0,0
3681215," 2146304",1,0,0
3681464," 1694329",1,0,0
3681714," 2015232",1,0,0
3681964," 2326528",1,0,0
3682215," 2418120",1,0,0
3682464," 2129920",1,0,0
3682714," 2441216",1,0,0
3682964," 1835008",1,0,0
3683215," 1628530",1,0,0
3683464," 1327104",1,0,0
3683714," 1245184",1,0,0
3683964," 2113536",1,0,0
3684214," 2187823",1,0,0
3684465," 2260992",1,0,0
3684714," 2408448",1,0,0
3684964," 2187823",1,0,0
3685214," 1769472",1,0,0
3685464," 2195456",1,0,0
3685715," 2747116",1,0,0
3685964," 1736704",1,0,0
3686214," 1687552",1,0,0
3686464," 2539520",1,0,0
3686714," 2122024",1,0,0
3686964," 2342912",1,0,0
3687215," 2048000",1,0,0
3687464," 2056224",1,0,0
3687714," 1835008",1,0,0
3687964," 868352",1,0,0
3688214," 1851392",1,0,0
3688465," 1677879",1,0,0
3688714," 1163264",1,0,0
3688964," 1867776",1,0,0
3689214," 2039775",1,0,0
3689464," 2375680",1,0,0
3689715," 2818048",1,0,0
3689964," 2637824",1,0,0
3690214," 2408448",1,0,0
3690464," 2549718",1,0,0
3690714," 2932736",1,0,0
3690965," 3112960",1,0,0
3691214," 2129920",1,0,0
3691464," 2154923",1,0,0
3691714," 2539520",1,0,0
3691964," 2211840",1,0,0
3692215," 1884160",1,0,0
3692464," 2533269",1,0,0
3692714," 2457600",1,0,0
3692964," 2015232",1,0,0
3693215," 2064384",1,0,0
3693465," 2490368",1,0,0
3693714," 2401670",1,0,0
3693964," 2441216",1,0,0
3694214," 1916928",1,0,0
3694465," 2270072",1,0,0
3694714," 2392064",1,0,0
3694964," 1638400",1,0,0
3695214," 2457600",1,0,0
3695464," 2385220",1,0,0
3695715," 2506752",1,0,0
3695964," 2375680",1,0,0
3696214," 2473984",1,0,0
3696464," 1776578",1,0,0
3696715," 2916352",1,0,0
3696964," 2277376",1,0,0
3697214," 2146304",1,0,0
3697464," 1572864",1,0,0
3697714," 871839",1,0,0
3697965," 1359872",1,0,0
3698214," 1884160",1,0,0
3698464," 1851392",1,0,0
3698714," 1760128",1,0,0
3698965," 1245184",1,0,0
3699215," 2260992",1,0,0
3699464," 1851392",1,0,0
3699714," 2154923",1,0,0
3699964," 1245184",1,0,0
3700215," 2031616",1,0,0
3700464," 1261568",1,0,0
3700714," 2326528",1,0,0
3700964," 2418120",1,0,0
3701214," 2473984",1,0,0
3701465," 1622016",1,0,0
3701714," 2277376",1,0,0
3701964," 2582618",1,0,0
3702214," 2277376",1,0,0
3702465," 1376256",1,0,0
3702714," 1703936",1,0,0
3702964," 1941076",1,0,0
3703214," 2162688",1,0,0
3703465," 1622016",1,0,0
3703714," 1736704",1,0,0
3703964," 1414682",1,0,0
3704214," 1703936",1,0,0
3704464," 1589248",1,0,0
3704715," 1875277",1,0,0
3704964," 1998848",1,0,0
3705214," 2211840",1,0,0
3705464," 1900544",1,0,0
3705715," 1982464",1,0,0
3705965," 1496931",1,0,0
3706214," 1966080",1,0,0
3706464," 2572288",1,0,0
3706714," 2392064",1,0,0
3706965," 2171373",1,0,0
3707215," 1802240",1,0,0
3707464," 2867200",1,0,0
3707714," 2605056",1,0,0
3707964," 1998848",1,0,0
3708214," 2138473",1,0,0
3708464," 2195456",1,0,0
3708714," 2031616",1,0,0
3708964," 2105574",1,0,0
3709214," 2064384",1,0,0
3709464," 1507328",1,0,0
3709714," 1867776",1,0,0
3709964," 1776578",1,0,0
3710215," 1622016",1,0,0
3710464," 2342912",1,0,0
3710714," 2523136",1,0,0
3710964," 2747116",1,0,0
3711215," 2179072",1,0,0
3711465," 1802240",1,0,0
3711714," 2080768",1,0,0
3711964," 2385220",1,0,0
3712214," 2211840",1,0,0
3712464," 2359296",1,0,0
3712715," 2211840",1,0,0
3712964," 2302971",1,0,0
3713214," 2523136",1,0,0
3713464," 2490368",1,0,0
3713715," 2949120",1,0,0
3713964," 2310144",1,0,0
3714214," 1875277",1,0,0
3714464," 1966080",1,0,0
3714715," 1671168",1,0,0
3714964," 2260992",1,0,0
3715214," 1661429",1,0,0
3715464," 1900544",1,0,0
3715714," 1097728",1,0,0
3715965," 2064384",1,0,0
3716214," 2072674",1,0,0
3716464," 1687552",1,0,0
3716714," 1622016",1,0,0
3716964," 2352321",1,0,0
3717215," 1589248",1,0,0
3717464," 983040",1,0,0
3717714," 1523712",1,0,0
3717964," 1151485",1,0,0
3718214," 1622016",1,0,0
3718465," 2031616",1,0,0
3718714," 1638400",1,0,0
3718964," 2122024",1,0,0
3719214," 2539520",1,0,0
3719464," 1622016",1,0,0
3719714," 2097152",1,0,0
3719965," 2089124",1,0,0
3720214," 2048000",1,0,0
3720464," 2048000",1,0,0
3720714," 1769472",1,0,0
3720964," 1891726",1,0,0
3721215," 2260992",1,0,0
3721465," 1703936",1,0,0
3721714," 2228224",1,0,0
3721964," 2056224",1,0,0
3722214," 1966080",1,0,0
3722464," 2031616",1,0,0
3722715," 1900544",1,0,0
3722964," 1490944",1,0,0
3723214," 2220722",1,0,0
3723464," 1933312",1,0,0
3723715," 2244608",1,0,0
3723964," 1703936",1,0,0
3724214," 2023325",1,0,0
3724464," 2441216",1,0,0
3724714," 2490368",1,0,0
3724964," 1998848",1,0,0
3725214," 2457600",1,0,0
3725464,2588672,1,0,0
3725714,2883584,1,0,0
3725964,2780016,1,0,0
3726214,2981888,1,0,0
3726465,2424832,1,0,0
3726714,2359296,1,0,0
3726964,2911614,1,0,0
3727214,2686976,1,0,0
3727464,2605056,1,0,0
3727715,2818048,1,0,0
3727964,2648417,1,0,0
3728214,2719744,1,0,0
3728464,2342912,1,0,0
3728715,2664867,1,0,0
3728965,2359296,1,0,0
3729214,2097152,1,0,0
3729464,2506752,1,0,0
3729714,2714216,1,0,0
3729965,1933312,1,0,0
3730214,1818624,1,0,0
3730464,2451020,1,0,0
3730714,2375680,1,0,0
3730964,2342912,1,0,0
3731215,2253622,1,0,0
3731464,2064384,1,0,0
3731714,2670592,1,0,0
3731964,2424832,1,0,0
3732215,2780016,1,0,0
3732464,2064384,1,0,0
3732714,2850816,1,0,0
3732964,2845815,1,0,0
3733214,2883584,1,0,0
3733465,2719744,1,0,0
3733714,2697767,1,0,0
3733964,2686976,1,0,0
3734214,2850816,1,0,0
3734465,2533269,1,0,0
3734714,2686976,1,0,0
3734964,2850816,1,0,0
3735214,2714216,1,0,0
3735464,2260992,1,0,0
3735715,2736128,1,0,0
3735964,2850816,1,0,0
3736214,2993863,1,0,0
3736464,2752512,1,0,0
3736714,2572288,1,0,0
3736965,2736128,1,0,0
3737214,2911614,1,0,0
3737464,3047424,1,0,0
3737714,2752512,1,0,0
3737965,2401670,1,0,0
3738214,2981888,1,0,0
3738464,2441216,1,0,0
3738714,2064384,1,0,0
3738964,2780016,1,0,0
3739215,2899968,1,0,0
3739464,2686976,1,0,0
3739714,2605056,1,0,0
3739964,2829365,1,0,0
3740214,2719744,1,0,0
3740465,2424832,1,0,0
3740714,2993863,1,0,0
3740964,2555904,1,0,0
3741214,2850816,1,0,0
3741465,2113536,1,0,0
3741715,2582618,1,0,0
3741964,2392064,1,0,0
3742214,2523136,1,0,0
3742465,2867200,1,0,0
3742715,2516819,1,0,0
3742964,2686976,1,0,0
3743214,2605056,1,0,0
3743465,2785280,1,0,0
3743715,2615518,1,0,0
3743964,2473984,1,0,0
3744214,3063808,1,0,0
3744464,2796465,1,0,0
3744715,2736128,1,0,0
3744964,2719744,1,0,0
3745214,2965504,1,0,0
3745464,2960963,1,0,0
3745714,2490368,1,0,0
3745965,2162688,1,0,0
3746214,2621440,1,0,0
3746464,2335871,1,0,0
3746714,2637824,1,0,0
3746965,2747116,1,0,0
3747214,2523136,1,0,0
3747464,3096576,1,0,0
3747714,2473984,1,0,0
3747965,2566168,1,0,0
3748214,2736128,1,0,0
3748464,2441216,1,0,0
3748714,2697767,1,0,0
3748964,2768896,1,0,0
3749215,2605056,1,0,0
3749464,2588672,1,0,0
3749714,2549718,1,0,0
3749964,2899968,1,0,0
3750215,3178496,1,0,0
3750465,2850816,1,0,0
3750714,2796465,1,0,0
3750964,2785280,1,0,0
3751214,2834432,1,0,0
3751465,2916352,1,0,0
3751714,2714216,1,0,0
3751964,2555904,1,0,0
3752214,2949120,1,0,0
3752464,2703360,1,0,0
3752715,2319421,1,0,0
3752964,2736128,1,0,0
3753214,2719744,1,0,0
3753464,3309568,1,0,0
3753715,2500369,1,0,0
3753964,2408448,1,0,0
3754214,2572288,1,0,0
3754464,2615518,1,0,0
3754714,2654208,1,0,0
3754965,2555904,1,0,0
3755215,2637824,1,0,0
3755464,2664867,1,0,0
3755714,2621440,1,0,0
3755964,2916352,1,0,0
3756215,2154923,1,0,0
3756464,3063808,1,0,0
3756714,2686976,1,0,0
3756964,2539520,1,0,0
3757214,2763566,1,0,0
3757465,2572288,1,0,0
3757714,2801664,1,0,0
3757964,2664867,1,0,0
3758214,2441216,1,0,0
3758465,2949120,1,0,0
3758714,2588672,1,0,0
3758964,2747116,1,0,0
3759214,2719744,1,0,0
3759464,2375680,1,0,0
3759715,2654208,1,0,0
3759964,2451020,1,0,0
3760214,2441216,1,0,0
3760464,2654208,1,0,0
3760715,2368771,1,0,0
3760964,2195456,1,0,0
3761214,2965504,1,0,0
3761464,2359296,1,0,0
3761714,2599068,1,0,0
3761965,2818048,1,0,0
3762214,2572288,1,0,0
3762464,2862265,1,0,0
3762714,2949120,1,0,0
3762964,2654208,1,0,0
3763215,2648417,1,0,0
3763464,2539520,1,0,0
3763714,1982464,1,0,0
3763964,2523136,1,0,0
3764214,2451020,1,0,0
3764465,2064384,1,0,0
3764714,3063808,1,0,0
3764964,2270072,1,0,0
3765214,2211840,1,0,0
3765464,2916352,1,0,0
3765715,2277376,1,0,0
3765964,1677879,1,0,0
3766214,1916928,1,0,0
3766464,2359296,1,0,0
3766714,1941076,1,0,0
3766965,1802240,1,0,0
3767214,2588672,1,0,0
3767464,2582618,1,0,0
3767714,2539520,1,0,0
3767964,2424832,1,0,0
3768214,2473984,1,0,0
3768464,2796465,1,0,0
3768714,2342912,1,0,0
3768964,2588672,1,0,0
3769214,2146304,1,0,0
3769465,2714216,1,0,0
3769714,2719744,1,0,0
3769964,2916352,1,0,0
3770214,2664867,1,0,0
3770464,2768896,1,0,0
3770715,2244608,1,0,0
3770964,2703360,1,0,0
3771214,2834432,1,0,0
3771464,2500369,1,0,0
3771714,2605056,1,0,0
3771965,3031040,1,0,0
3772214,3063808,1,0,0
3772464,2899968,1,0,0
3772714,3178496,1,0,0
3772964,2850816,1,0,0
3773214,2796465,1,0,0
3773465,2785280,1,0,0
3773714,2834432,1,0,0
3773964,2916352,1,0,0
3774214,2714216,1,0,0
3774464,2555904,1,0,0
3774714,2949120,1,0,0
3774964,2703360,1,0,0
3775215,2319421,1,0,0
3775464,2736128,1,0,0
3775714,2719744,1,0,0
3775964,3309568,1,0,0
3776215,2500369,1,0,0
3776464,2408448,1,0,0
3776714,2572288,1,0,0
3776964,2615518,1,0,0
3777214,2654208,1,0,0
3777465,2555904,1,0,0
3777714,2637824,1,0,0
3777964,2664867,1,0,0
3778214,2621440,1,0,0
3778465,2916352,1,0,0
3778714,2154923,1,0,0
3778964,3063808,1,0,0
3779214,2686976,1,0,0
3779464,2539520,1,0,0
3779714,2763566,1,0,0
3779964,2572288,1,0,0
3780214,2801664,1,0,0
3780464,2664867,1,0,0
3780714,2441216,1,0,0
3780964,2949120,1,0,0
3781215,2588672,1,0,0
3781464,2747116,1,0,0
3781714,2719744,1,0,0
3781964,2375680,1,0,0
3782215,2654208,1,0,0
3782465,2451020,1,0,0
3782714,2441216,1,0,0
3782964,2654208,1,0,0
3783214,2368771,1,0,0
3783465,2195456,1,0,0
3783714,2965504,1,0,0
3783964,2359296,1,0,0
3784214,2599068,1,0,0
3784464,2818048,1,0,0
3784715,2572288,1,0,0
3784964,2862265,1,0,0
3785214,2949120,1,0,0
3785464,2654208,1,0,0
3785714,2648417,1,0,0
3785965,2539520,1,0,0
3786214,1982464,1,0,0
3786464,2523136,1,0,0
3786714,2451020,1,0,0
3786964,2064384,1,0,0
3787215,3063808,1,0,0
3787464,2270072,1,0,0
3787714,2211840,1,0,0
3787964,2916352,1,0,0
3788215,2277376,1,0,0
3788465,1677879,1,0,0
3788714,1916928,1,0,0
3788964,2359296,1,0,0
3789214,1941076,1,0,0
3789465,1802240,1,0,0
3789714,2588672,1,0,0
3789964,2582618,1,0,0
3790214,2539520,1,0,0
3790465,2424832,1,0,0
3790714,2473984,1,0,0
3790964,2796465,1,0,0
3791214,2342912,1,0,0
3791464,2588672,1,0,0
3791715,2146304,1,0,0
3791964,2714216,1,0,0
3792214,2719744,1,0,0
3792464,2916352,1,0,0
3792714,2664867,1,0,0
3792965,2768896,1,0,0
3793214,2244608,1,0,0
3793464,2703360,1,0,0
3793714,2834432,1,0,0
3793964,2500369,1,0,0
3794215,2605056,1,0,0
3794464,3031040,1,0,0
3794714,3063808,1,0,0
3794964,2697767,1,0,0
3795214,2424832,1,0,0
3795465,2342912,1,0,0
3795714,2697767,1,0,0
3795964,3014656,1,0,0
3796214,2686976,1,0,0
3796464,2949120,1,0,0
3796715,3026763,1,0,0
3796964,2588672,1,0,0
3797214,2883584,1,0,0
3797464,2780016,1,0,0
3797715,2981888,1,0,0
3797965,2424832,1,0,0
3798214,2359296,1,0,0
3798464,2911614,1,0,0
3798714,2686976,1,0,0
3798965,2605056,1,0,0
3799214,2818048,1,0,0
3799464,2648417,1,0,0
3799714,2719744,1,0,0
3799964,2342912,1,0,0
3800215,2664867,1,0,0
3800464,2359296,1,0,0
3800714,2097152,1,0,0
3800964,2506752,1,0,0
3801215,2714216,1,0,0
3801464,1933312,1,0,0
3801714,1818624,1,0,0
3801964,2451020,1,0,0
3802215,2375680,1,0,0
3802465,2342912,1,0,0
3802714,2253622,1,0,0
3802964,3047424,1,0,0
3803214,2631967,1,0,0
3803465,2965504,1,0,0
3803714,2834432,1,0,0
3803964,2862265,1,0,0
3804214,2834432,1,0,0
3804464,2588672,1,0,0
3804715,3244032,1,0,0
3804964,3010313,1,0,0
3805214,3096576,1,0,0
3805464,2523136,1,0,0
3805714,2441216,1,0,0
3805965,2829365,1,0,0
3806214,2818048,1,0,0
3806464,3014656,1,0,0
3806714,2834432,1,0,0
3806964,2899968,1,0,0
3807214,2714216,1,0,0
3807465,3063808,1,0,0
3807714,2834432,1,0,0
3807964,2752512,1,0,0
3808214,2516819,1,0,0
3808465,2965504,1,0,0
3808715,2998272,1,0,0
3808964,3047424,1,0,0
3809214,2605056,1,0,0
3809465,2549718,1,0,0
3809714,2932736,1,0,0
3809964,2949120,1,0,0
3810214,2932736,1,0,0
3810465,2867200,1,0,0
3810714,2960963,1,0,0
3810964,3178496,1,0,0
3811214,2424832,1,0,0
3811464,3112960,1,0,0
3811715,2829365,1,0,0
3811964,2228224,1,0,0
3812214,2981888,1,0,0
3812464,2785280,1,0,0
3812714,2588672,1,0,0
3812964,2697767,1,0,0
3813215,2785280,1,0,0
3813464,2359296,1,0,0
3813714,2719744,1,0,0
3813964,2401670,1,0,0
3814215,2752512,1,0,0
3814464,2719744,1,0,0
3814714,3178496,1,0,0
3814964,2719744,1,0,0
3815214,3092562,1,0,0
3815465,3260416,1,0,0
3815714,3031040,1,0,0
3815964,2883584,1,0,0
3816214,2277376,1,0,0
3816464,2523136,1,0,0
3816715,3125461,1,0,0
3816964,2048000,1,0,0
3817214,2179072,1,0,0
3817464,2326528,1,0,0
3817714,2780016,1,0,0
3817964,2113536,1,0,0
3818215,2834432,1,0,0
3818464,3080192,1,0,0
3818714,2878714,1,0,0
3818964,2899968,1,0,0
3819214,2408448,1,0,0
3819464,2621440,1,0,0
3819714,2818048,1,0,0
3819964,2895164,1,0,0
3820214,2719744,1,0,0
3820465,3014656,1,0,0
3820714,2818048,1,0,0
3820964,2631967,1,0,0
3821214,2506752,1,0,0
3821464,2326528,1,0,0
3821715,2686976,1,0,0
3821964,2253622,1,0,0
3822214,2686976,1,0,0
3822464,2899968,1,0,0
3822715,2621440,1,0,0
3822965,2883584,1,0,0
3823214,2483919,1,0,0
3823464,2572288,1,0,0
3823714,2899968,1,0,0
3823965,2801664,1,0,0
3824214,2434570,1,0,0
3824464,2981888,1,0,0
3824714,2375680,1,0,0
3824964,2768896,1,0,0
3825215,3063808,1,0,0
3825464,2763566,1,0,0
3825714,3178496,1,0,0
3825964,2850816,1,0,0
3826215,2916352,1,0,0
3826464,3026763,1,0,0
3826714,2293760,1,0,0
3826964,2277376,1,0,0
3827214,2736128,1,0,0
3827465,2763566,1,0,0
3827714,2834432,1,0,0
3827964,2473984,1,0,0
3828214,2572288,1,0,0
3828465,2566168,1,0,0
3828714,1900544,1,0,0
3828964,1622016,1,0,0
3829214,1736704,1,0,0
3829464,2270072,1,0,0
3829714,2228224,1,0,0
3829965,1720320,1,0,0
3830214,2342912,1,0,0
3830464,2582618,1,0,0
3830714,2277376,1,0,0
3830964,2703360,1,0,0
3831214,2686976,1,0,0
3831464,2845815,1,0,0
3831714,3244032,1,0,0
3831964,2605056,1,0,0
3832215,3372208,1,0,0
3832464,3031040,1,0,0
3832714,2818048,1,0,0
3832964,2932736,1,0,0
3833214,2730666,1,0,0
3833465,2916352,1,0,0
3833714,2703360,1,0,0
3833964,2763566,1,0,0
3834214,3047424,1,0,0
3834464,3014656,1,0,0
3834714,2270072,1,0,0
3834964,2670592,1,0,0
3835214,2588672,1,0,0
3835464,3109012,1,0,0
3835714,3063808,1,0,0
3835964,2473984,1,0,0
3836215,2375680,1,0,0
3836464,2664867,1,0,0
3836714,2228224,1,0,0
3836964,2260992,1,0,0
3837215,2928064,1,0,0
3837464,2637824,1,0,0
3837714,2703360,1,0,0
3837964,2768896,1,0,0
3838214,2368771,1,0,0
3838465,2064384,1,0,0
3838714,2375680,1,0,0
3838964,2588672,1,0,0
3839214,1949696,1,0,0
3839465,2483919,1,0,0
3839715,2818048,1,0,0
3839964,2588672,1,0,0
3840214,2539520,1,0,0
3840464,2981888,1,0,0
3840714,2703360,1,0,0
3840965,2850816,1,0,0
3841214,2555904,1,0,0
3841464,2883584,1,0,0
3841714,2965504,1,0,0
3841965,2599068,1,0,0
3842214,2736128,1,0,0
3842464,2572288,1,0,0
3842714,2899968,1,0,0
3842964,2670592,1,0,0
3843215,3096576,1,0,0
3843464,2582618,1,0,0
3843714,2162688,1,0,0
3843964,2818048,1,0,0
3844215,2801664,1,0,0
3844464,2780016,1,0,0
3844714,2572288,1,0,0
3844964,2588672,1,0,0
3845214,2752512,1,0,0
3845465,3014656,1,0,0
3845714,2785280,1,0,0
3845964,2763566,1,0,0
3846214,2555904,1,0,0
3846465,2392064,1,0,0
3846715,2664867,1,0,0
3846964,2637824,1,0,0
3847214,2768896,1,0,0
3847464,2615518,1,0,0
3847714,2752512,1,0,0
3847965,2752512,1,0,0
3848214,2714216,1,0,0
3848464,2719744,1,0,0
3848714,2719744,1,0,0
3848964,2631967,1,0,0
3849215,2719744,1,0,0
3849464,2588672,1,0,0
3849714,2998272,1,0,0
3849964,2829365,1,0,0
3850215,2818048,1,0,0
3850464,2523136,1,0,0
3850714,2533269,1,0,0
3850964,3014656,1,0,0
3851214,2801664,1,0,0
3851465,3063808,1,0,0
3851714,2928064,1,0,0
3851964,2932736,1,0,0
3852214,2703360,1,0,0
3852465,2654208,1,0,0
3852714,2714216,1,0,0
3852964,2883584,1,0,0
3853214,2179072,1,0,0
3853464,2648417,1,0,0
3853714,2506752,1,0,0
3853965,2555904,1,0,0
3854214,2719744,1,0,0
3854464,2566168,1,0,0
3854714,2916352,1,0,0
3854964,3162112,1,0,0
3855215,2319421,1,0,0
3855464,2621440,1,0,0
3855714,2703360,1,0,0
3855964,2960963,1,0,0
3856214,2932736,1,0,0
3856464,2981888,1,0,0
3856714,2801664,1,0,0
3856964,2747116,1,0,0
3857214,2670592,1,0,0
3857465,2916352,1,0,0
3857714,2664867,1,0,0
3857964,2686976,1,0,0
3858214,2867200,1,0,0
3858464,2834432,1,0,0
3858715,2714216,1,0,0
3858964,2932736,1,0,0
3859214,2605056,1,0,0
3859464,2637824,1,0,0
3859714,2928064,1,0,0
3859965,2457600,1,0,0
3860215,2588672,1,0,0
3860464,2928064,1,0,0
3860714,2555904,1,0,0
3860964,2998272,1,0,0
3861215,2796465,1,0,0
3861464,2801664,1,0,0
3861714,2768896,1,0,0
3861964,2408448,1,0,0
3862215,2506752,1,0,0
3862465,2801664,1,0,0
3862714,2932736,1,0,0
3862964,2588672,1,0,0
3863214,2483919,1,0,0
3863465,2686976,1,0,0
3863714,2637824,1,0,0
3863964,2605056,1,0,0
3864214,2253622,1,0,0
3864464,2441216,1,0,0
3864715,2719744,1,0,0
3864964,2998272,1,0,0
3865214,2179072,1,0,0
3865464,2401670,1,0,0
3865714,2473984,1,0,0
3865965,2359296,1,0,0
3866214,2801664,1,0,0
3866464,2895164,1,0,0
3866714,3063808,1,0,0
3866964,2523136,1,0,0
3867215,2834432,1,0,0
3867464,2697767,1,0,0
3867714,2850816,1,0,0
3867964,3129344,1,0,0
3868214,2932736,1,0,0
3868465,2631967,1,0,0
3868714,2654208,1,0,0
3868964,2719744,1,0,0
3869214,2719744,1,0,0
3869465,2352321,1,0,0
3869714,2473984,1,0,0
3869964,2768896,1,0,0
3870214,2385220,1,0,0
3870464,2277376,1,0,0
3870714,2736128,1,0,0
3870964,2621440,1,0,0
3871214,2615518,1,0,0
3871464,2703360,1,0,0
3871714,2195456,1,0,0
3871964,2031616,1,0,0
3872214,2441216,1,0,0
3872464,2401670,1,0,0
3872714,2605056,1,0,0
3872964,2555904,1,0,0
3873214,2467469,1,0,0
3873464,2441216,1,0,0
3873714,2490368,1,0,0
3873964,2998272,1,0,0
3874214,2664867,1,0,0
3874464,2670592,1,0,0
3874714,2244608,1,0,0
3874964,2385220,1,0,0
3875214,2572288,1,0,0
3875464,2801664,1,0,0
3875714,2648417,1,0,0
3875964,2883584,1,0,0
3876214,2048000,1,0,0
3876464,2516819,1,0,0
3876714,2867200,1,0,0
3876964,2588672,1,0,0
3877214,2686976,1,0,0
3877464,2154923,1,0,0
3877714,2310144,1,0,0
3877964,2473984,1,0,0
3878214,2418120,1,0,0
3878464,2736128,1,0,0
3878714,2424832,1,0,0
3878964,2204273,1,0,0
3879214,2785280,1,0,0
3879464,2785280,1,0,0
3879714,2533269,1,0,0
3879964,2670592,1,0,0
3880214,2523136,1,0,0
3880464,2195456,1,0,0
3880714,2516819,1,0,0
3880964,2228224,1,0,0
3881214,2342912,1,0,0
3881464,2490368,1,0,0
3881714,2237172,1,0,0
3881964,2523136,1,0,0
3882214,2162688,1,0,0
3882464,2500369,1,0,0
3882714,2244608,1,0,0
3882964,2195456,1,0,0
3883214,2523136,1,0,0
3883464,2533269,1,0,0
3883714,2473984,1,0,0
3883964,2719744,1,0,0
3884214,2451020,1,0,0
3884464,2703360,1,0,0
3884714,2277376,1,0,0
3884964,2588672,1,0,0
3885214,2270072,1,0,0
3885464,2293760,1,0,0
3885714,2146304,1,0,0
3885964,2122024,1,0,0
3886214,1425408,1,0,0
3886465,2335871,1,0,0
3886714,2654208,1,0,0
3886964,1884160,1,0,0
3887214,2834432,1,0,0
3887464,1973975,1,0,0
3887714,2048000,1,0,0
3887964,1982464,1,0,0
3888214,2523136,1,0,0
3888464,2048000,1,0,0
3888714,2500369,1,0,0
3888964,2293760,1,0,0
3889214,2473984,1,0,0
3889464,2277376,1,0,0
3889714,2736128,1,0,0
3889964,2621440,1,0,0
3890214,2615518,1,0,0
3890464,2768896,1,0,0
3890714,2998272,1,0,0
3890964,2944514,1,0,0
3891215,2752512,1,0,0
3891464,3014656,1,0,0
3891714,2785280,1,0,0
3891964,2763566,1,0,0
3892214,2555904,1,0,0
3892464,2392064,1,0,0
3892714,2664867,1,0,0
3892964,2637824,1,0,0
3893214,2768896,1,0,0
3893464,2615518,1,0,0
3893714,2752512,1,0,0
3893964,2752512,1,0,0
3894214,2714216,1,0,0
3894464,2719744,1,0,0
3894714,2719744,1,0,0
3894964,2631967,1,0,0
3895214,2719744,1,0,0
3895464,2588672,1,0,0
3895714,2998272,1,0,0
3895964,2829365,1,0,0
3896214,2818048,1,0,0
3896464,2523136,1,0,0
3896714,2533269,1,0,0
3896964,3014656,1,0,0
3897214,2801664,1,0,0
3897464,3063808,1,0,0
3897714,2928064,1,0,0
3897964,2932736,1,0,0
3898215,2703360,1,0,0
3898464,2654208,1,0,0
3898714,2714216,1,0,0
3898964,2883584,1,0,0
3899214,2179072,1,0,0
3899464,2648417,1,0,0
3899714,2506752,1,0,0
3899964,2555904,1,0,0
3900214,2719744,1,0,0
3900464,2566168,1,0,0
3900714,2916352,1,0,0
3900964,3162112,1,0,0
3901214,2319421,1,0,0
3901464,2621440,1,0,0
3901714,2703360,1,0,0
3901964,2960963,1,0,0
3902214,2932736,1,0,0
3902464,2981888,1,0,0
3902714,2801664,1,0,0
3902964,2747116,1,0,0
3903214,2670592,1,0,0
3903464,2916352,1,0,0
3903714,2664867,1,0,0
3903964,2686976,1,0,0
3904214,2867200,1,0,0
3904464,2834432,1,0,0
3904714,2714216,1,0,0
3904964,2932736,1,0,0
3905214,2605056,1,0,0
3905464,2637824,1,0,0
3905714,2928064,1,0,0
3905964,2457600,1,0,0
3906214,2588672,1,0,0
3906464,2928064,1,0,0
3906714,2555904,1,0,0
3906964,2998272,1,0,0
3907214,2796465,1,0,0
3907464,2801664,1,0,0
3907714,2768896,1,0,0
3907964,2408448,1,0,0
3908214,3059662,1,0,0
3908464,2490368,1,0,0
3908714,2588672,1,0,0
3908964,2549718,1,0,0
3909214,2572288,1,0,0
3909464,2932736,1,0,0
3909714,2506752,1,0,0
3909964,2681317,1,0,0
3910214,2523136,1,0,0
3910464,2736128,1,0,0
3910714,2878714,1,0,0
3910964,2621440,1,0,0
3911214,2654208,1,0,0
3911464,2768896,1,0,0
3911714,2928064,1,0,0
3911964,2686976,1,0,0
3912214,2785280,1,0,0
3912464,2928064,1,0,0
3912714,2424832,1,0,0
3912964,2736128,1,0,0
3913214,3125461,1,0,0
3913464,2736128,1,0,0
3913714,2834432,1,0,0
3913964,2911614,1,0,0
3914215,2949120,1,0,0
3914464,3080192,1,0,0
3914714,2424832,1,0,0
3914964,2056224,1,0,0
3915214,2555904,1,0,0
3915464,2993863,1,0,0
3915714,2752512,1,0,0
3915964,2818048,1,0,0
3916214,2736128,1,0,0
3916464,2928064,1,0,0
3916714,2310144,1,0,0
3916964,2457600,1,0,0
3917214,2878714,1,0,0
3917464,2883584,1,0,0
3917714,2408448,1,0,0
3917964,2785280,1,0,0
3918214,3043212,1,0,0
3918464,2965504,1,0,0
3918714,3129344,1,0,0
3918965,2928064,1,0,0
3919214,2932736,1,0,0
3919464,2883584,1,0,0
3919714,2670592,1,0,0
3919964,2812915,1,0,0
3920214,2801664,1,0,0
3920464,2064384,1,0,0
3920714,2850816,1,0,0
3920964,2845815,1,0,0
3921214,2883584,1,0,0
3921464,2719744,1,0,0
3921714,2697767,1,0,0
3921964,2686976,1,0,0
3922214,2850816,1,0,0
3922464,2533269,1,0,0
3922714,2686976,1,0,0
3922964,2850816,1,0,0
3923214,2714216,1,0,0
3923464,2260992,1,0,0
3923714,2736128,1,0,0
3923964,2850816,1,0,0
3924214,2993863,1,0,0
3924464,2752512,1,0,0
3924714,2572288,1,0,0
3924964,2736128,1,0,0
3925214,2911614,1,0,0
3925465,3047424,1,0,0
3925714,2752512,1,0,0
3925964,2401670,1,0,0
3926214,2981888,1,0,0
3926464,2441216,1,0,0
3926714,2064384,1,0,0
3926964,2780016,1,0,0
3927214,2899968,1,0,0
3927464,2686976,1,0,0
3927714,2605056,1,0,0
3927964,2829365,1,0,0
3928214,2719744,1,0,0
3928464,2424832,1,0,0
3928714,2993863,1,0,0
3928964,2555904,1,0,0
3929214,2850816,1,0,0
3929464,2113536,1,0,0
3929714,2582618,1,0,0
3929964,2392064,1,0,0
3930214,2523136,1,0,0
3930464,2867200,1,0,0
3930714,2516819,1,0,0
3930964,2686976,1,0,0
3931214,2605056,1,0,0
3931464,2785280,1,0,0
3931714,2615518,1,0,0
3931964,2473984,1,0,0
3932214,3063808,1,0,0
3932464,2796465,1,0,0
3932714,2736128,1,0,0
3932964,2719744,1,0,0
3933214,2965504,1,0,0
3933464,2960963,1,0,0
3933714,2490368,1,0,0
3933964,2162688,1,0,0
3934214,2621440,1,0,0
3934464,2335871,1,0,0
3934714,2637824,1,0,0
3934964,2747116,1,0,0
3935214,2523136,1,0,0
3935464,3096576,1,0,0
3935714,2473984,1,0,0
3935964,2566168,1,0,0
3936214,2736128,1,0,0
3936464,2441216,1,0,0
3936714,2697767,1,0,0
3936964,2768896,1,0,0
3937214,2605056,1,0,0
3937464,2588672,1,0,0
3937714,2549718,1,0,0
3937964,2899968,1,0,0
3938214,3178496,1,0,0
3938464,2850816,1,0,0
3938714,2796465,1,0,0
3938964,2785280,1,0,0
3939214,2834432,1,0,0
3939464,2916352,1,0,0
3939714,2714216,1,0,0
3939964,2555904,1,0,0
3940214,2949120,1,0,0
3940464,2703360,1,0,0
3940714,2319421,1,0,0
3940964,2736128,1,0,0
3941214,2719744,1,0,0
3941464,3309568,1,0,0
3941714,2500369,1,0,0
3941965,2408448,1,0,0
3942214,2572288,1,0,0
3942464,2588672,1,0,0
3942714,2483919,1,0,0
3942964,2686976,1,0,0
3943214,2637824,1,0,0
3943464,2605056,1,0,0
3943714,2253622,1,0,0
3943964,2441216,1,0,0
3944215,2719744,1,0,0
3944464,2998272,1,0,0
3944714,2179072,1,0,0
3944964,2401670,1,0,0
3945214,2473984,1,0,0
3945464,2359296,1,0,0
3945714,2801664,1,0,0
3945964,2895164,1,0,0
3946214,3063808,1,0,0
3946464,2523136,1,0,0
3946714,2834432,1,0,0
3946964,2697767,1,0,0
3947214,2850816,1,0,0
3947464,3129344,1,0,0
3947714,2932736,1,0,0
3947964,2631967,1,0,0
3948214,2654208,1,0,0
3948464,2719744,1,0,0
3948714,2719744,1,0,0
3948964,2352321,1,0,0
3949214,2473984,1,0,0
3949464,2768896,1,0,0
3949714,2385220,1,0,0
3949964,2277376,1,0,0
3950214,2736128,1,0,0
3950464,2621440,1,0,0
3950714,2615518,1,0,0
3950964,2703360,1,0,0
3951214,2195456,1,0,0
3951464,2031616,1,0,0
3951714,2441216,1,0,0
3951964,2401670,1,0,0
3952214,2605056,1,0,0
3952464,2555904,1,0,0
3952714,2467469,1,0,0
3952964,2441216,1,0,0
3953214,2490368,1,0,0
3953464,2998272,1,0,0
3953714,2664867,1,0,0
3953964,2670592,1,0,0
3954214,2244608,1,0,0
3954464,2385220,1,0,0
3954714,2572288,1,0,0
3954964,2801664,1,0,0
3955214,2648417,1,0,0
3955464,2883584,1,0,0
3955714,2048000,1,0,0
3955964,2516819,1,0,0
3956214,2867200,1,0,0
3956464,2588672,1,0,0
3956714,2686976,1,0,0
3956964,2154923,1,0,0
3957214,2310144,1,0,0
3957464,2473984,1,0,0
3957715,2418120,1,0,0
3957964,2736128,1,0,0
3958214,2424832,1,0,0
3958464,2204273,1,0,0
3958714,2785280,1,0,0
3958964,2785280,1,0,0
3959214,2533269,1,0,0
3959464,2670592,1,0,0
3959714,2523136,1,0,0
3959964,2195456,1,0,0
3960214,2516819,1,0,0
3960464,2228224,1,0,0
3960714,2342912,1,0,0
3960964,2490368,1,0,0
3961214,2237172,1,0,0
3961464,2523136,1,0,0
3961714,2162688,1,0,0
3961964,2500369,1,0,0
3962214,2244608,1,0,0
3962464,2195456,1,0,0
3962714,2523136,1,0,0
3962964,2533269,1,0,0
3963214,2473984,1,0,0
3963464,2719744,1,0,0
3963714,2451020,1,0,0
3963964,2703360,1,0,0
3964214,2277376,1,0,0
3964464,2588672,1,0,0
3964714,2270072,1,0,0
3964964,2293760,1,0,0
3965214,2146304,1,0,0
3965464,2122024,1,0,0
3965714,1425408,1,0,0
3965964,2335871,1,0,0
3966214,2654208,1,0,0
3966464,1884160,1,0,0
3966714,2834432,1,0,0
3966964,1973975,1,0,0
3967214,2048000,1,0,0
3967464,1982464,1,0,0
3967714,2523136,1,0,0
3967964,2048000,1,0,0
3968214,2500369,1,0,0
3968464,2293760,1,0,0
3968714,2473984,1,0,0
3968964,2654208,1,0,0
3969214,2162688,1,0,0
3969464,2719744,1,0,0
3969714,2375680,1,0,0
3969964,2768896,1,0,0
3970214,2473984,1,0,0
3970464,2129920,1,0,0
3970714,2812915,1,0,0
3970964,2179072,1,0,0
3971214,2998272,1,0,0
3971464,2605056,1,0,0
3971714,2549718,1,0,0
3971964,2932736,1,0,0
3972214,2949120,1,0,0
3972464,2932736,1,0,0
3972714,2867200,1,0,0
3972964,2960963,1,0,0
3973215,3178496,1,0,0
3973464,2424832,1,0,0
3973714,3112960,1,0,0
3973964,2829365,1,0,0
3974214,2228224,1,0,0
3974464,2981888,1,0,0
3974714,2785280,1,0,0
3974964,2588672,1,0,0
3975214,2697767,1,0,0
3975464,2785280,1,0,0
3975714,2359296,1,0,0
3975964,2719744,1,0,0
3976214,2401670,1,0,0
3976464,2752512,1,0,0
3976714,2719744,1,0,0
3976964,3178496,1,0,0
3977214,2719744,1,0,0
3977464,3092562,1,0,0
3977715,3260416,1,0,0
3977964,3031040,1,0,0
3978214,2883584,1,0,0
3978464,2277376,1,0,0
3978714,2523136,1,0,0
3978964,3125461,1,0,0
3979214,2048000,1,0,0
3979464,2179072,1,0,0
3979714,2326528,1,0,0
3979964,2780016,1,0,0
3980214,2113536,1,0,0
3980464,2834432,1,0,0
3980714,3080192,1,0,0
3980964,2878714,1,0,0
3981214,2899968,1,0,0
3981464,2408448,1,0,0
3981714,2621440,1,0,0
3981964,2818048,1,0,0
3982215,2895164,1,0,0
3982464,2719744,1,0,0
3982714,3014656,1,0,0
3982964,2818048,1,0,0
3983214,2631967,1,0,0
3983464,2506752,1,0,0
3983714,2326528,1,0,0
3983964,2686976,1,0,0
3984214,2253622,1,0,0
3984464,2686976,1,0,0
3984714,2899968,1,0,0
3984964,2621440,1,0,0
3985214,2883584,1,0,0
3985464,2483919,1,0,0
3985714,2572288,1,0,0
3985964,2899968,1,0,0
3986214,2801664,1,0,0
3986464,2434570,1,0,0
3986714,2981888,1,0,0
3986964,2375680,1,0,0
3987214,2768896,1,0,0
3987464,3063808,1,0,0
3987714,2763566,1,0,0
3987964,3178496,1,0,0
3988214,2850816,1,0,0
3988464,2916352,1,0,0
3988714,3026763,1,0,0
3988964,2293760,1,0,0
3989215,2277376,1,0,0
3989464,2736128,1,0,0
3989714,2763566,1,0,0
3989964,2834432,1,0,0
3990214,2473984,1,0,0
3990464,2572288,1,0,0
3990714,2566168,1,0,0
3990964,1900544,1,0,0
3991215,1622016,1,0,0
3991465,1736704,1,0,0
3991714,2270072,1,0,0
3991964,2228224,1,0,0
3992214,1720320,1,0,0
3992464,2342912,1,0,0
3992714,2582618,1,0,0
3992964,2277376,1,0,0
3993214,2703360,1,0,0
3993465,2686976,1,0,0
3993714,2845815,1,0,0
3993964,3244032,1,0,0
3994214,2605056,1,0,0
3994464,3372208,1,0,0
3994714,3031040,1,0,0
3994964,2818048,1,0,0
3995214,2932736,1,0,0
3995464,2730666,1,0,0
3995714,2916352,1,0,0
3995964,2703360,1,0,0
3996214,2763566,1,0,0
3996464,3047424,1,0,0
3996714,2752512,1,0,0
3996964,2572288,1,0,0
3997214,2736128,1,0,0
3997464,2911614,1,0,0
3997714,3047424,1,0,0
3997964,2752512,1,0,0
3998214,2401670,1,0,0
3998464,2981888,1,0,0
3998714,2441216,1,0,0
3998964,2064384,1,0,0
3999214,2780016,1,0,0
3999464,2899968,1,0,0
3999714,2686976,1,0,0
3999964,2605056,1,0,0
4000214,2829365,1,0,0
4000464,2719744,1,0,0
4000714,2424832,1,0,0
4000964,2993863,1,0,0
4001214,2555904,1,0,0
4001464,2850816,1,0,0
4001714,2113536,1,0,0
4001964,2582618,1,0,0
4002214,2392064,1,0,0
4002464,2523136,1,0,0
4002714,2867200,1,0,0
4002964,2516819,1,0,0
4003214,2686976,1,0,0
4003464,2605056,1,0,0
4003714,2785280,1,0,0
4003964,2615518,1,0,0
4004215,2473984,1,0,0
4004464,3063808,1,0,0
4004714,2796465,1,0,0
4004964,2736128,1,0,0
4005214,2719744,1,0,0
4005464,2965504,1,0,0
4005714,2960963,1,0,0
4005964,2490368,1,0,0
4006214,2162688,1,0,0
4006464,2621440,1,0,0
4006714,2335871,1,0,0
4006964,2637824,1,0,0
4007214,2747116,1,0,0
4007464,2523136,1,0,0
4007714,3096576,1,0,0
4007964,2473984,1,0,0
4008214,2566168,1,0,0
4008464,2736128,1,0,0
4008714,2441216,1,0,0
4008964,2697767,1,0,0
4009214,2768896,1,0,0
4009464,2605056,1,0,0
4009714,2588672,1,0,0
4009964,2549718,1,0,0
4010214,2899968,1,0,0
4010464,3178496,1,0,0
4010714,2850816,1,0,0
4010964,2796465,1,0,0
4011214,2785280,1,0,0
4011464,2834432,1,0,0
4011714,2916352,1,0,0
4011964,2714216,1,0,0
4012214,2555904,1,0,0
4012464,2949120,1,0,0
4012714,2703360,1,0,0
4012964,2319421,1,0,0
4013215,2736128,1,0,0
4013464,2719744,1,0,0
4013714,3309568,1,0,0
4013964,2500369,1,0,0
4014214,2408448,1,0,0
4014464,2572288,1,0,0
4014714,2615518,1,0,0
4014964,2654208,1,0,0
4015214,2555904,1,0,0
4015464,2637824,1,0,0
4015714,2664867,1,0,0
4015964,2621440,1,0,0
4016214,2916352,1,0,0
4016464,2154923,1,0,0
4016714,3063808,1,0,0
4016964,2686976,1,0,0
4017214,2539520,1,0,0
4017464,2763566,1,0,0
4017714,2572288,1,0,0
4017964,2801664,1,0,0
4018214,2664867,1,0,0
4018464,2441216,1,0,0
4018714,2949120,1,0,0
4018964,2588672,1,0,0
4019214,2747116,1,0,0
4019464,2719744,1,0,0
4019714,2375680,1,0,0
4019964,2654208,1,0,0
4020214,2451020,1,0,0
4020464,2441216,1,0,0
4020714,2654208,1,0,0
4020964,2368771,1,0,0
4021214,2195456,1,0,0
4021464,2965504,1,0,0
4021714,2359296,1,0,0
4021964,2599068,1,0,0
4022214,2818048,1,0,0
4022464,2572288,1,0,0
4022715,2862265,1,0,0
4022964,2949120,1,0,0
4023214,2654208,1,0,0
4023464,2648417,1,0,0
4023714,2539520,1,0,0
4023964,1982464,1,0,0
4024214,2523136,1,0,0
4024464,2451020,1,0,0
4024714,2064384,1,0,0
4024964,3063808,1,0,0
4025214,2270072,1,0,0
4025464,2211840,1,0,0
4025714,2916352,1,0,0
4025964,2277376,1,0,0
4026214,1677879,1,0,0
4026464,1916928,1,0,0
4026714,2359296,1,0,0
4026964,1941076,1,0,0
4027214,1802240,1,0,0
4027464,2588672,1,0,0
4027714,2582618,1,0,0
4027964,2539520,1,0,0
4028214,2424832,1,0,0
4028464,2473984,1,0,0
4028714,2796465,1,0,0
4028964,2342912,1,0,0
4029214,2588672,1,0,0
4029465,2146304,1,0,0
4029714,2714216,1,0,0
4029964,2719744,1,0,0
4030214,2916352,1,0,0
4030464,2664867,1,0,0
4030714,2768896,1,0,0
4030964,2244608,1,0,0
4031214,2703360,1,0,0
4031464,2834432,1,0,0
4031714,2500369,1,0,0
4031964,2605056,1,0,0
4032214,3031040,1,0,0
4032464,3063808,1,0,0
4032714,2697767,1,0,0
4032964,2424832,1,0,0
4033214,2342912,1,0,0
4033464,2697767,1,0,0
4033714,3014656,1,0,0
4033964,2686976,1,0,0
4034214,2949120,1,0,0
4034464,3026763,1,0,0
4034714,2588672,1,0,0
4034964,2883584,1,0,0
4035214,2780016,1,0,0
4035464,2981888,1,0,0
4035714,2424832,1,0,0
4035964,2359296,1,0,0
4036214,2911614,1,0,0
4036464,2686976,1,0,0
4036714,2605056,1,0,0
4036964,2818048,1,0,0
4037214,2648417,1,0,0
4037464,2719744,1,0,0
4037714,2342912,1,0,0
4037964,2664867,1,0,0
4038214,2359296,1,0,0
4038464,2097152,1,0,0
4038714,2506752,1,0,0
4038964,2714216,1,0,0
4039214,1933312,1,0,0
4039464,1818624,1,0,0
4039714,2451020,1,0,0
4039964,2375680,1,0,0
4040214,2342912,1,0,0
4040464,2253622,1,0,0
4040714,2064384,1,0,0
4040964,2670592,1,0,0
4041214,2424832,1,0,0
4041464,3063808,1,0,0
4041714,2523136,1,0,0
4041964,2834432,1,0,0
4042214,2697767,1,0,0
4042464,2850816,1,0,0
4042714,3129344,1,0,0
4042964,2932736,1,0,0
4043214,2631967,1,0,0
4043464,2654208,1,0,0
4043714,2719744,1,0,0
4043964,2719744,1,0,0
4044214,2352321,1,0,0
4044464,2473984,1,0,0
4044714,3047424,1,0,0
4044964,2631967,1,0,0
4045214,2965504,1,0,0
4045464,2834432,1,0,0
4045714,2862265,1,0,0
4045964,2834432,1,0,0
4046214,2588672,1,0,0
4046464,3244032,1,0,0
4046714,3010313,1,0,0
4046964,3096576,1,0,0
4047214,2523136,1,0,0
4047464,2441216,1,0,0
4047714,2829365,1,0,0
4047964,2818048,1,0,0
4048214,3014656,1,0,0
4048464,2834432,1,0,0
4048714,2899968,1,0,0
4048964,2714216,1,0,0
4049214,3063808,1,0,0
4049464,2834432,1,0,0
4049714,2752512,1,0,0
4049964,2516819,1,0,0
4050214,2965504,1,0,0
4050464,2998272,1,0,0
4050714,3047424,1,0,0
4050964,2605056,1,0,0
4051214,2549718,1,0,0
4051464,2932736,1,0,0
4051714,2949120,1,0,0
4051964,2932736,1,0,0
4052214,2867200,1,0,0
4052464,2960963,1,0,0
4052714,3178496,1,0,0
4052964,2424832,1,0,0
4053214,3112960,1,0,0
4053464,2829365,1,0,0
4053714,2228224,1,0,0
4053965,2981888,1,0,0
4054214,2785280,1,0,0
4054464,2588672,1,0,0
4054714,2697767,1,0,0
4054964,2785280,1,0,0
4055214,2359296,1,0,0
4055464,2719744,1,0,0
4055714,2401670,1,0,0
4055964,2752512,1,0,0
4056214,2490368,1,0,0
4056464,2237172,1,0,0
4056714,2523136,1,0,0
4056964,2162688,1,0,0
4057214,2500369,1,0,0
4057464,2244608,1,0,0
4057714,2195456,1,0,0
4057964,2523136,1,0,0
4058214,2533269,1,0,0
4058465,2473984,1,0,0
4058714,2719744,1,0,0
4058964,2451020,1,0,0
4059214,2703360,1,0,0
4059464,2277376,1,0,0
4059714,2588672,1,0,0
4059964,2270072,1,0,0
4060214,2293760,1,0,0
4060464,2146304,1,0,0
4060714,2122024,1,0,0
4060964,1425408,1,0,0
4061214,2335871,1,0,0
4061464,2654208,1,0,0
4061714,1884160,1,0,0
4061964,2834432,1,0,0
4062214,1973975,1,0,0
4062464,2048000,1,0,0
4062714,1982464,1,0,0
4062964,2523136,1,0,0
4063214,2048000,1,0,0
4063464,2500369,1,0,0
4063714,2293760,1,0,0
4063964,2473984,1,0,0
4064214,2654208,1,0,0
4064464,2162688,1,0,0
4064714,2719744,1,0,0
4064964,2375680,1,0,0
4065214,2768896,1,0,0
4065464,2473984,1,0,0
4065714,2129920,1,0,0
4065964,2993863,1,0,0
4066214,2441216,1,0,0
4066464,2719744,1,0,0
4066714,2998272,1,0,0
4066964,2179072,1,0,0
4067214,2064384,1,0,0
4067464,2441216,1,0,0
4067714,2408448,1,0,0
4067964,2451020,1,0,0
4068214,2539520,1,0,0
4068464,2588672,1,0,0
4068714,2867200,1,0,0
4068964,2533269,1,0,0
4069214,2359296,1,0,0
4069464,2326528,1,0,0
4069714,2260992,1,0,0
4069964,2829365,1,0,0
4070214,2670592,1,0,0
4070464,2605056,1,0,0
4070714,3031040,1,0,0
4070964,2588672,1,0,0
4071214,2796465,1,0,0
4071464,2736128,1,0,0
4071714,2916352,1,0,0
4071964,2457600,1,0,0
4072214,2648417,1,0,0
4072464,2506752,1,0,0
4072714,2801664,1,0,0
4072964,2932736,1,0,0
4073214,2588672,1,0,0
4073464,2483919,1,0,0
4073714,2686976,1,0,0
4073964,2637824,1,0,0
4074214,2605056,1,0,0
4074464,2253622,1,0,0
4074714,2441216,1,0,0
4074964,2719744,1,0,0
4075214,2998272,1,0,0
4075464,2179072,1,0,0
4075714,2401670,1,0,0
4075964,2473984,1,0,0
4076214,2359296,1,0,0
4076464,2801664,1,0,0
4076714,2895164,1,0,0
4076964,3063808,1,0,0
4077214,2523136,1,0,0
4077464,2834432,1,0,0
4077714,2697767,1,0,0
4077964,2850816,1,0,0
4078214,3129344,1,0,0
4078464,2932736,1,0,0
4078714,2631967,1,0,0
4078964,2654208,1,0,0
4079215,2719744,1,0,0
4079464,2719744,1,0,0
4079714,2352321,1,0,0
4079964,2473984,1,0,0
4080214,2768896,1,0,0
4080464,2385220,1,0,0
4080714,2277376,1,0,0
4080964,2736128,1,0,0
4081215,2621440,1,0,0
4081465,2615518,1,0,0
4081714,2703360,1,0,0
4081964,2195456,1,0,0
4082214,2031616,1,0,0
4082464,2441216,1,0,0
4082714,2401670,1,0,0
4082964,2605056,1,0,0
4083214,2555904,1,0,0
4083464,2467469,1,0,0
4083714,2441216,1,0,0
4083964,2490368,1,0,0
4084214,2998272,1,0,0
4084464,2664867,1,0,0
4084714,2670592,1,0,0
4084964,2244608,1,0,0
4085214,2385220,1,0,0
4085464,2572288,1,0,0
4085714,2801664,1,0,0
4085965,2648417,1,0,0
4086214,2883584,1,0,0
4086464,2048000,1,0,0
4086714,2516819,1,0,0
4086964,2867200,1,0,0
4087214,2588672,1,0,0
4087464,2686976,1,0,0
4087714,2154923,1,0,0
4087964,2310144,1,0,0
4088215,2473984,1,0,0
4088464,2418120,1,0,0
4088714,2736128,1,0,0
4088964,2424832,1,0,0
4089214,2204273,1,0,0
4089464,2785280,1,0,0
4089714,2785280,1,0,0
4089964,2533269,1,0,0
4090214,2670592,1,0,0
4090464,2523136,1,0,0
4090714,2195456,1,0,0
4090964,2516819,1,0,0
4091214,2228224,1,0,0
4091464,2342912,1,0,0
4091714,2490368,1,0,0
4091964,2237172,1,0,0
4092214,2523136,1,0,0
4092464,2162688,1,0,0
4092714,2500369,1,0,0
4092964,2244608,1,0,0
4093214,2195456,1,0,0
4093464,2523136,1,0,0
4093714,2533269,1,0,0
4093964,2473984,1,0,0
4094214,2719744,1,0,0
4094464,2451020,1,0,0
4094714,2703360,1,0,0
4094964,2277376,1,0,0
4095214,2588672,1,0,0
4095464,2270072,1,0,0
4095714,2293760,1,0,0
4095964,2146304,1,0,0
4096214,2122024,1,0,0
4096464,1425408,1,0,0
4096714,2335871,1,0,0
4096964,2654208,1,0,0
4097214,1884160,1,0,0
4097464,2834432,1,0,0
4097714,1973975,1,0,0
4097964,2048000,1,0,0
4098214,1982464,1,0,0
4098464,2523136,1,0,0
4098714,2048000,1,0,0
4098964,2500369,1,0,0
4099214,2293760,1,0,0
4099464,2473984,1,0,0
4099714,2451020,1,0,0
4099964,2703360,1,0,0
4100214,2277376,1,0,0
4100464,2588672,1,0,0
4100714,2270072,1,0,0
4100964,2293760,1,0,0
4101214,2146304,1,0,0
4101464,2122024,1,0,0
4101714,1425408,1,0,0
4101964,2335871,1,0,0
4102214,2654208,1,0,0
4102464,1884160,1,0,0
4102714,2834432,1,0,0
4102964,1973975,1,0,0
4103214,2048000,1,0,0
4103464,1982464,1,0,0
4103714,2523136,1,0,0
4103964,2048000,1,0,0
4104214,2500369,1,0,0
4104464,2293760,1,0,0
4104714,2473984,1,0,0
4104964,2654208,1,0,0
4105214,2162688,1,0,0
4105464,2719744,1,0,0
4105714,2375680,1,0,0
4105964,2768896,1,0,0
4106214,2473984,1,0,0
4106464,2129920,1,0,0
4106714,2812915,1,0,0
4106964,2179072,1,0,0
4107214,2998272,1,0,0
4107464,2572288,1,0,0
4107714,2555904,1,0,0
4107964,2555904,1,0,0
4108214,2228224,1,0,0
4108464,2719744,1,0,0
4108714,2335871,1,0,0
4108964,2768896,1,0,0
4109214,2244608,1,0,0
4109464,2703360,1,0,0
4109714,2834432,1,0,0
4109964,2500369,1,0,0
4110214,2605056,1,0,0
4110464,3031040,1,0,0
4110714,3063808,1,0,0
4110964,2697767,1,0,0
4111214,2424832,1,0,0
4111464,2342912,1,0,0
4111714,2697767,1,0,0
4111964,3014656,1,0,0
4112214,2686976,1,0,0
4112464,2949120,1,0,0
4112714,3026763,1,0,0
4112964,2588672,1,0,0
4113214,2883584,1,0,0
4113465,2780016,1,0,0
4113714,2981888,1,0,0
4113964,2424832,1,0,0
4114214,2359296,1,0,0
4114464,2911614,1,0,0
4114714,2686976,1,0,0
4114964,2605056,1,0,0
4115214,2818048,1,0,0
4115464,2648417,1,0,0
4115714,2211840,1,0,0
4115964,2686976,1,0,0
4116214,2424832,1,0,0
4116464,2883584,1,0,0
4116714,2818048,1,0,0
4116964,2277376,1,0,0
4117214,2457600,1,0,0
4117464,2048000,1,0,0
4117714,2434570,1,0,0
4117964,2539520,1,0,0
4118214,2375680,1,0,0
4118464,2310144,1,0,0
4118714,2359296,1,0,0
4118964,2850816,1,0,0
4119214,2621440,1,0,0
4119464,2752512,1,0,0
4119714,2293760,1,0,0
4119964,2310144,1,0,0
4120214,1908176,1,0,0
4120464,2555904,1,0,0
4120714,2162688,1,0,0
4120964,2457600,1,0,0
4121214,2686976,1,0,0
4121464,2752512,1,0,0
4121714,2637824,1,0,0
4121964,2965504,1,0,0
4122214,2588672,1,0,0
4122464,2179072,1,0,0
4122714,2237172,1,0,0
4122964,2031616,1,0,0
4123214,2736128,1,0,0
4123464,2408448,1,0,0
4123714,1736704,1,0,0
4123964,2228224,1,0,0
4124214,2179072,1,0,0
4124464,2654208,1,0,0
4124714,2342912,1,0,0
4124964,2457600,1,0,0
4125214,2056224,1,0,0
4125464,2818048,1,0,0
4125714,2703360,1,0,0
4125964,3063808,1,0,0
4126214,2572288,1,0,0
4126464,2441216,1,0,0
4126713,2862265,1,0,0
4126964,2277376,1,0,0
4127214,2392064,1,0,0
4127464,2211840,1,0,0
4127714,2719744,1,0,0
4127964,2319421,1,0,0
4128214,2473984,1,0,0
4128464,2473984,1,0,0
4128714,2171373,1,0,0
4128964,2506752,1,0,0
4129214,2277376,1,0,0
4129464,2359296,1,0,0
4129714,2286522,1,0,0
4129964,1884160,1,0,0
4130214,1638400,1,0,0
4130464,2533269,1,0,0
4130714,2260992,1,0,0
4130964,2768896,1,0,0
4131214,2244608,1,0,0
4131464,2023325,1,0,0
4131714,1720320,1,0,0
4131964,2457600,1,0,0
4132214,2260992,1,0,0
4132464,2253622,1,0,0
4132714,2818048,1,0,0
4132964,2195456,1,0,0
4133214,2654208,1,0,0
4133464,2500369,1,0,0
4133714,2719744,1,0,0
4133964,2031616,1,0,0
4134214,1753088,1,0,0
4134464,2555904,1,0,0
4134714,1924626,1,0,0
4134964,2293760,1,0,0
4135214,1916928,1,0,0
4135464,2293760,1,0,0
4135714,2780016,1,0,0
4135964,2195456,1,0,0
4136214,2031616,1,0,0
4136464,2056224,1,0,0
4136714,2244608,1,0,0
4136964,2588672,1,0,0
4137214,2113536,1,0,0
4137464,2796465,1,0,0
4137714,2228224,1,0,0
4137964,2129920,1,0,0
4138214,2703360,1,0,0
4138464,3076112,1,0,0
4138714,2523136,1,0,0
4138964,2605056,1,0,0
4139214,2506752,1,0,0
4139464,2686976,1,0,0
4139714,2072674,1,0,0
4139964,2457600,1,0,0
4140214,2588672,1,0,0
4140464,2899968,1,0,0
4140714,2549718,1,0,0
4140964,2310144,1,0,0
4141214,2031616,1,0,0
4141464,2146304,1,0,0
4141714,2211840,1,0,0
4141964,1957526,1,0,0
4142214,2080768,1,0,0
4142464,2244608,1,0,0
4142714,2621440,1,0,0
4142964,2549718,1,0,0
4143214,2342912,1,0,0
4143464,2752512,1,0,0
4143714,2392064,1,0,0
4143964,2664867,1,0,0
4144214,2949120,1,0,0
4144464,2555904,1,0,0
4144714,2850816,1,0,0
4144964,1941076,1,0,0
4145214,2523136,1,0,0
4145464,2441216,1,0,0
4145714,3014656,1,0,0
4145964,3096576,1,0,0
4146214,2993863,1,0,0
4146464,2359296,1,0,0
4146714,2949120,1,0,0
4146964,2703360,1,0,0
4147214,2681317,1,0,0
4147464,2572288,1,0,0
4147714,2375680,1,0,0
4147964,2408448,1,0,0
4148214,2326528,1,0,0
4148464,2335871,1,0,0
4148714,2555904,1,0,0
4148964,2359296,1,0,0
4149214,2113536,1,0,0
4149464,2253622,1,0,0
4149714,1900544,1,0,0
4149964,2457600,1,0,0
4150214,2441216,1,0,0
4150464,2730666,1,0,0
4150714,2424832,1,0,0
4150964,1769472,1,0,0
4151214,2631967,1,0,0
4151464,2719744,1,0,0
4151714,2588672,1,0,0
4151964,2998272,1,0,0
4152214,2829365,1,0,0
4152464,2818048,1,0,0
4152714,2523136,1,0,0
4152964,2533269,1,0,0
4153214,3014656,1,0,0
4153464,2801664,1,0,0
4153714,3063808,1,0,0
4153964,2928064,1,0,0
4154214,2932736,1,0,0
4154464,2703360,1,0,0
4154714,2654208,1,0,0
4154964,2714216,1,0,0
4155214,2883584,1,0,0
4155464,2179072,1,0,0
4155714,2648417,1,0,0
4155964,2506752,1,0,0
4156214,2555904,1,0,0
4156464,2719744,1,0,0
4156714,2566168,1,0,0
4156965,2916352,1,0,0
4157214,3162112,1,0,0
4157464,2319421,1,0,0
4157714,2621440,1,0,0
4157964,2703360,1,0,0
4158214,2960963,1,0,0
4158464,2932736,1,0,0
4158714,2981888,1,0,0
4158964,2801664,1,0,0
4159214,2747116,1,0,0
4159464,2670592,1,0,0
4159714,2916352,1,0,0
4159964,2664867,1,0,0
4160214,2686976,1,0,0
4160464,2867200,1,0,0
4160714,2834432,1,0,0
4160964,2714216,1,0,0
4161214,2932736,1,0,0
4161464,2605056,1,0,0
4161715,2637824,1,0,0
4161964,2928064,1,0,0
4162214,2457600,1,0,0
4162464,2588672,1,0,0
4162714,2928064,1,0,0
4162964,2555904,1,0,0
4163214,2998272,1,0,0
4163464,2796465,1,0,0
4163714,2801664,1,0,0
4163964,2768896,1,0,0
4164214,2408448,1,0,0
4164464,3059662,1,0,0
4164714,2490368,1,0,0
4164964,2588672,1,0,0
4165214,2549718,1,0,0
4165464,2572288,1,0,0
4165714,2932736,1,0,0
4165964,2506752,1,0,0
4166214,2681317,1,0,0
4166464,2523136,1,0,0
4166714,2736128,1,0,0
4166964,2878714,1,0,0
4167214,2621440,1,0,0
4167464,2654208,1,0,0
4167714,2768896,1,0,0
4167964,2928064,1,0,0
4168214,2686976,1,0,0
4168464,2785280,1,0,0
4168714,2928064,1,0,0
4168965,2424832,1,0,0
4169214,2736128,1,0,0
4169464,3125461,1,0,0
4169714,2736128,1,0,0
4169964,2834432,1,0,0
4170214,2911614,1,0,0
4170464,2949120,1,0,0
4170714,3080192,1,0,0
4170964,2424832,1,0,0
4171214,2056224,1,0,0
4171464,2555904,1,0,0
4171714,2993863,1,0,0
4171964,2752512,1,0,0
4172214,2818048,1,0,0
4172464,2736128,1,0,0
4172714,2928064,1,0,0
4172964,2310144,1,0,0
4173214,2457600,1,0,0
4173464,2878714,1,0,0
4173714,2883584,1,0,0
4173964,2408448,1,0,0
4174214,2785280,1,0,0
4174464,3043212,1,0,0
4174714,2965504,1,0,0
4174964,3129344,1,0,0
4175214,2928064,1,0,0
4175464,2932736,1,0,0
4175714,2883584,1,0,0
4175964,2670592,1,0,0
4176214,2812915,1,0,0
4176464,2801664,1,0,0
4176714,2064384,1,0,0
4176964,2850816,1,0,0
4177214,2845815,1,0,0
4177464,2883584,1,0,0
4177714,2719744,1,0,0
4177964,2697767,1,0,0
4178214,2686976,1,0,0
4178464,2850816,1,0,0
4178714,2533269,1,0,0
4178964,2686976,1,0,0
4179214,2850816,1,0,0
4179464,2714216,1,0,0
4179714,2260992,1,0,0
4179964,2736128,1,0,0
4180214,2850816,1,0,0
4180464,2993863,1,0,0
4180714,2752512,1,0,0
4180964,2572288,1,0,0
4181214,2736128,1,0,0
4181464,2911614,1,0,0
4181714,3047424,1,0,0
4181964,2752512,1,0,0
4182214,2401670,1,0,0
4182464,2981888,1,0,0
4182714,2441216,1,0,0
4182964,2064384,1,0,0
4183214,2780016,1,0,0
4183464,2899968,1,0,0
4183714,2686976,1,0,0
4183964,2605056,1,0,0
4184214,2829365,1,0,0
4184464,2719744,1,0,0
4184714,2424832,1,0,0
4184964,2993863,1,0,0
4185214,2555904,1,0,0
4185464,2850816,1,0,0
4185714,2113536,1,0,0
4185964,2582618,1,0,0
4186214,2392064,1,0,0
4186464,2523136,1,0,0
4186714,2867200,1,0,0
4186964,2516819,1,0,0
4187214,2686976,1,0,0
4187464,2605056,1,0,0
4187714,2785280,1,0,0
4187964,2615518,1,0,0
4188214,2473984,1,0,0
4188464,3063808,1,0,0
4188714,2796465,1,0,0
4188964,2736128,1,0,0
4189214,2719744,1,0,0
4189464,2965504,1,0,0
4189714,2960963,1,0,0
4189964,2490368,1,0,0
4190214,2162688,1,0,0
4190464,2621440,1,0,0
4190714,2335871,1,0,0
4190964,2637824,1,0,0
4191214,2747116,1,0,0
4191464,2523136,1,0,0
4191714,3096576,1,0,0
4191964,2473984,1,0,0
4192214,2566168,1,0,0
4192465,2736128,1,0,0
4192714,2441216,1,0,0
4192964,2834432,1,0,0
4193214,2899968,1,0,0
4193464,2714216,1,0,0
4193714,3063808,1,0,0
4193964,2834432,1,0,0
4194214,2752512,1,0,0
4194464,2516819,1,0,0
4194714,2965504,1,0,0
4194964,2998272,1,0,0
4195214,3047424,1,0,0
4195464,2605056,1,0,0
4195714,2549718,1,0,0
4195964,2932736,1,0,0
4196214,2949120,1,0,0
4196464,2932736,1,0,0
4196714,2867200,1,0,0
4196964,2960963,1,0,0
4197214,3178496,1,0,0
4197464,2424832,1,0,0
4197714,3112960,1,0,0
4197964,2829365,1,0,0
4198214,2228224,1,0,0
4198464,2981888,1,0,0
4198714,2785280,1,0,0
4198964,2588672,1,0,0
4199214,2697767,1,0,0
4199464,2785280,1,0,0
4199714,2359296,1,0,0
4199964,2719744,1,0,0
4200214,2401670,1,0,0
4200464,2752512,1,0,0
4200714,2490368,1,0,0
4200964,2237172,1,0,0
4201214,2523136,1,0,0
4201464,2162688,1,0,0
4201714,2500369,1,0,0
4201964,2244608,1,0,0
4202214,2195456,1,0,0
4202464,2523136,1,0,0
4202714,2533269,1,0,0
4202964,2473984,1,0,0
4203214,2719744,1,0,0
4203464,2451020,1,0,0
4203714,2703360,1,0,0
4203964,2277376,1,0,0
4204215,2588672,1,0,0
4204464,2270072,1,0,0
4204714,2293760,1,0,0
4204964,2146304,1,0,0
4205214,2122024,1,0,0
4205464,1425408,1,0,0
4205714,2335871,1,0,0
4205964,2654208,1,0,0
4206214,1884160,1,0,0
4206464,2834432,1,0,0
4206714,1973975,1,0,0
4206964,2048000,1,0,0
4207214,1982464,1,0,0
4207464,2523136,1,0,0
4207714,2048000,1,0,0
4207964,2500369,1,0,0
4208214,2293760,1,0,0
4208464,2473984,1,0,0
4208714,2654208,1,0,0
4208964,2162688,1,0,0
4209214,2719744,1,0,0
4209464,2375680,1,0,0
4209714,2768896,1,0,0
4209964,2473984,1,0,0
4210214,2129920,1,0,0
4210464,2993863,1,0,0
4210714,2441216,1,0,0
4210964,2719744,1,0,0
4211214,2998272,1,0,0
4211465,2179072,1,0,0
4211714,2064384,1,0,0
4211964,2441216,1,0,0
4212214,2408448,1,0,0
4212464,2451020,1,0,0
4212714,2539520,1,0,0
4212964,2588672,1,0,0
4213214,2867200,1,0,0
4213464,2533269,1,0,0
4213714,2359296,1,0,0
4213963,2326528,1,0,0
4214214,2260992,1,0,0
4214464,2829365,1,0,0
4214714,2670592,1,0,0
4214964,2605056,1,0,0
4215214,3031040,1,0,0
4215464,2588672,1,0,0
4215714,2796465,1,0,0
4215964,2736128,1,0,0
4216215,2916352,1,0,0
4216464,2457600,1,0,0
4216714,2648417,1,0,0
4216964,2506752,1,0,0
4217214,2801664,1,0,0
4217464,2932736,1,0,0
4217714,2588672,1,0,0
4217964,2483919,1,0,0
4218214,2686976,1,0,0
4218464,2637824,1,0,0
4218714,2605056,1,0,0
4218964,2253622,1,0,0
4219214,2441216,1,0,0
4219464,2719744,1,0,0
4219714,2998272,1,0,0
4219964,2179072,1,0,0
4220214,2401670,1,0,0
4220464,2473984,1,0,0
4220714,2359296,1,0,0
4220964,2801664,1,0,0
4221214,2895164,1,0,0
4221464,3063808,1,0,0
4221714,2523136,1,0,0
4221964,2834432,1,0,0
4222214,2697767,1,0,0
4222464,2850816,1,0,0
4222714,3129344,1,0,0
4222964,2932736,1,0,0
4223214,2631967,1,0,0
4223464,2654208,1,0,0
4223714,2719744,1,0,0
4223964,2719744,1,0,0
4224214,2352321,1,0,0
4224464,2473984,1,0,0
4224714,2768896,1,0,0
4224964,2385220,1,0,0
4225214,2277376,1,0,0
4225464,2736128,1,0,0
4225714,2621440,1,0,0
4225964,2615518,1,0,0
4226214,2703360,1,0,0
4226464,2195456,1,0,0
4226714,2031616,1,0,0
4226964,2441216,1,0,0
4227214,2401670,1,0,0
4227464,2605056,1,0,0
4227714,2555904,1,0,0
4227964,2467469,1,0,0
4228214,2441216,1,0,0
4228464,2490368,1,0,0
4228714,2998272,1,0,0
4228964,2664867,1,0,0
4229214,2670592,1,0,0
4229464,2244608,1,0,0
4229714,2385220,1,0,0
4229964,2572288,1,0,0
4230214,2801664,1,0,0
4230464,2648417,1,0,0
4230714,2883584,1,0,0
4230964,2048000,1,0,0
4231214,2516819,1,0,0
4231464,2867200,1,0,0
4231714,2588672,1,0,0
4231964,2686976,1,0,0
4232214,2154923,1,0,0
4232464,2834432,1,0,0
4232714,2911614,1,0,0
4232964,2949120,1,0,0
4233214,3080192,1,0,0
4233464,2424832,1,0,0
4233714,2056224,1,0,0
4233964,2555904,1,0,0
4234214,2993863,1,0,0
4234464,2752512,1,0,0
4234714,2818048,1,0,0
4234964,2736128,1,0,0
4235214,2928064,1,0,0
4235464,2310144,1,0,0
4235714,2457600,1,0,0
4235964,2878714,1,0,0
4236214,2883584,1,0,0
4236464,2408448,1,0,0
4236714,2785280,1,0,0
4236964,3043212,1,0,0
4237214,2965504,1,0,0
4237464,3129344,1,0,0
4237715,2928064,1,0,0
4237964,2932736,1,0,0
4238214,2883584,1,0,0
4238464,2670592,1,0,0
4238714,2812915,1,0,0
4238964,2801664,1,0,0
4239214,2064384,1,0,0
4239464,2850816,1,0,0
4239714,2845815,1,0,0
4239964,2883584,1,0,0
4240214,2719744,1,0,0
4240464,2697767,1,0,0
4240714,2686976,1,0,0
4240964,2850816,1,0,0
4241214,2533269,1,0,0
4241464,2686976,1,0,0
4241714,2850816,1,0,0
4241964,2714216,1,0,0
4242214,2260992,1,0,0
4242464,2736128,1,0,0
4242714,2850816,1,0,0
4242964,2993863,1,0,0
4243214,2752512,1,0,0
4243464,2572288,1,0,0
4243714,2736128,1,0,0
4243964,2911614,1,0,0
4244214,3047424,1,0,0
4244464,2752512,1,0,0
4244714,2401670,1,0,0
4244964,2981888,1,0,0
4245214,2441216,1,0,0
4245464,2064384,1,0,0
4245714,2637824,1,0,0
4245964,2605056,1,0,0
4246214,2253622,1,0,0
4246464,2441216,1,0,0
4246714,2719744,1,0,0
4246964,2998272,1,0,0
4247214,2179072,1,0,0
4247464,2401670,1,0,0
4247714,2473984,1,0,0
4247964,2359296,1,0,0
4248214,2801664,1,0,0
4248464,2895164,1,0,0
4248714,3063808,1,0,0
4248964,2523136,1,0,0
4249214,2834432,1,0,0
4249464,2697767,1,0,0
4249714,2850816,1,0,0
4249964,3129344,1,0,0
4250214,2932736,1,0,0
4250464,2631967,1,0,0
4250714,2654208,1,0,0
4250964,2719744,1,0,0
4251214,2719744,1,0,0
4251464,2352321,1,0,0
4251714,2473984,1,0,0
4251964,2768896,1,0,0
4252214,2385220,1,0,0
4252464,2277376,1,0,0
4252714,2736128,1,0,0
4252964,2621440,1,0,0
4253214,2615518,1,0,0
4253464,2703360,1,0,0
4253714,2862265,1,0,0
4253964,2949120,1,0,0
4254214,2654208,1,0,0
4254464,2648417,1,0,0
4254714,2539520,1,0,0
4254964,1982464,1,0,0
4255214,2523136,1,0,0
4255464,2451020,1,0,0
4255714,2064384,1,0,0
4255964,3063808,1,0,0
4256214,2270072,1,0,0
4256464,2211840,1,0,0
4256714,2916352,1,0,0
4256963,2277376,1,0,0
4257214,1677879,1,0,0
4257464,1916928,1,0,0
4257714,2359296,1,0,0
4257964,1941076,1,0,0
4258214,1802240,1,0,0
4258464,2588672,1,0,0
4258714,2582618,1,0,0
4258964,2539520,1,0,0
4259215,2424832,1,0,0
4259464,2473984,1,0,0
4259714,2796465,1,0,0
4259964,2342912,1,0,0
4260214,2588672,1,0,0
4260464,2146304,1,0,0
4260714,2714216,1,0,0
4260964,2719744,1,0,0
4261214,2916352,1,0,0
4261464,2664867,1,0,0
4261715,2768896,1,0,0
4261964,2244608,1,0,0
4262214,2703360,1,0,0
4262464,2834432,1,0,0
4262714,2500369,1,0,0
4262964,2605056,1,0,0
4263214,3031040,1,0,0
4263464,3063808,1,0,0
4263714,2697767,1,0,0
4263964,2424832,1,0,0
4264214,2342912,1,0,0
4264464,2697767,1,0,0
4264714,3014656,1,0,0
4264964,2686976,1,0,0
4265214,2949120,1,0,0
4265464,3026763,1,0,0
4265714,2588672,1,0,0
4265964,2883584,1,0,0
4266214,2780016,1,0,0
4266464,2981888,1,0,0
4266714,2424832,1,0,0
4266964,2359296,1,0,0
4267214,2911614,1,0,0
4267464,2686976,1,0,0
4267714,2605056,1,0,0
4267964,2818048,1,0,0
4268214,2648417,1,0,0
4268464,2719744,1,0,0
4268714,2342912,1,0,0
4268964,2664867,1,0,0
4269214,2359296,1,0,0
4269464,2097152,1,0,0
4269714,2506752,1,0,0
4269964,2714216,1,0,0
4270214,1933312,1,0,0
4270464,1818624,1,0,0
4270714,2451020,1,0,0
4270964,2375680,1,0,0
4271214,2342912,1,0,0
4271464,2253622,1,0,0
4271714,2064384,1,0,0
4271964,2670592,1,0,0
4272214,2424832,1,0,0
4272464,2780016,1,0,0
4272714,2441216,1,0,0
4272964,2506752,1,0,0
4273214,2681317,1,0,0
4273464,2523136,1,0,0
4273714,2736128,1,0,0
4273964,2878714,1,0,0
4274214,2621440,1,0,0
4274464,2654208,1,0,0
4274714,2768896,1,0,0
4274964,2928064,1,0,0
4275214,2686976,1,0,0
4275464,2785280,1,0,0
4275714,2928064,1,0,0
4275964,2424832,1,0,0
4276215,2736128,1,0,0
4276464,3125461,1,0,0
4276714,2736128,1,0,0
4276964,2834432,1,0,0
4277214,2911614,1,0,0
4277464,2949120,1,0,0
4277714,3080192,1,0,0
4277964,2424832,1,0,0
4278214,2056224,1,0,0
4278465,2555904,1,0,0
4278714,2993863,1,0,0
4278964,2752512,1,0,0
4279214,2818048,1,0,0
4279464,2736128,1,0,0
4279714,2928064,1,0,0
4279964,2310144,1,0,0
4280214,2457600,1,0,0
4280464,2878714,1,0,0
4280714,2883584,1,0,0
4280964,2408448,1,0,0
4281214,2785280,1,0,0
4281464,3043212,1,0,0
4281714,2965504,1,0,0
4281964,3129344,1,0,0
4282214,2928064,1,0,0
4282464,2932736,1,0,0
4282714,2883584,1,0,0
4282964,2670592,1,0,0
4283214,2812915,1,0,0
4283464,2801664,1,0,0
4283714,2064384,1,0,0
4283964,2850816,1,0,0
4284214,2845815,1,0,0
4284464,2883584,1,0,0
4284714,2719744,1,0,0